Manufacturer,Model,Engine size,Fuel type,Year of manufacture,Mileage,Price
Ford,Fiesta,1.0,Petrol,2002,127300,3074
Porsche,718 Cayman,4.0,Petrol,2016,57850,49704
Ford,Mondeo,1.6,Diesel,2014,39190,24072
Toyota,RAV4,1.8,Hybrid,1988,210814,1705
VW,Polo,1.0,Petrol,2006,127869,4101
Ford,Focus,1.4,Petrol,2018,33603,29204
Ford,Mondeo,1.8,Diesel,2010,86686,14350
Toyota,Prius,1.4,Hybrid,2015,30663,30297
VW,Polo,1.2,Petrol,2012,73470,9977
Ford,Focus,2.0,Diesel,1992,262514,1049
VW,Golf,2.0,Diesel,2014,83047,17173
BMW,Z4,2.0,Petrol,1990,293666,719
VW,Golf,1.2,Diesel,2007,92697,7792
Toyota,RAV4,2.2,Petrol,2007,79393,16026
Toyota,Yaris,1.4,Petrol,1998,97286,4046
VW,Golf,1.6,Diesel,1989,222390,933
Toyota,RAV4,2.4,Hybrid,2003,117425,11667
Toyota,Yaris,1.2,Petrol,1992,245990,720
Toyota,RAV4,2.0,Hybrid,2018,28381,52671
VW,Polo,1.2,Petrol,1998,155038,2118
VW,Golf,1.2,Hybrid,1987,121744,1890
Ford,Mondeo,1.6,Diesel,1996,77584,5667
Toyota,Prius,1.0,Hybrid,2003,115291,6512
Toyota,Prius,1.0,Hybrid,1990,238571,961
Porsche,911,2.6,Petrol,2009,66273,41963
Toyota,Prius,1.8,Hybrid,2017,31958,38961
Porsche,911,3.5,Petrol,2005,151556,19747
Toyota,Yaris,1.2,Petrol,2002,179097,2548
VW,Golf,2.0,Petrol,2020,18985,36387
Toyota,RAV4,1.8,Hybrid,2002,66990,13553
Ford,Focus,1.0,Hybrid,2010,85131,12472
Ford,Fiesta,1.0,Petrol,2001,144731,2503
VW,Polo,2.0,Diesel,2008,97001,8784
VW,Polo,1.6,Petrol,2016,52409,17257
Ford,Fiesta,1.4,Petrol,2010,112714,6936
VW,Passat,2.0,Diesel,1992,198540,1964
VW,Passat,1.8,Diesel,1989,213162,1340
BMW,Z4,2.2,Petrol,2005,133174,8511
VW,Polo,1.6,Petrol,2008,129588,5848
BMW,Z4,2.0,Petrol,1990,148586,2637
Ford,Focus,2.0,Petrol,1995,91173,5181
BMW,M5,4.0,Petrol,2017,22759,97758
VW,Polo,1.4,Petrol,1990,261526,522
VW,Passat,1.4,Diesel,1995,235594,1439
BMW,Z4,2.0,Petrol,1995,42759,7873
VW,Passat,1.8,Diesel,2005,103352,9633
VW,Passat,1.6,Petrol,2003,63372,10001
Toyota,Yaris,1.0,Petrol,2009,51787,9689
Ford,Fiesta,1.4,Petrol,2014,41495,14721
Toyota,Yaris,1.4,Petrol,2010,43111,12928
Ford,Fiesta,1.0,Diesel,2017,38370,16257
Toyota,RAV4,2.4,Petrol,2018,24588,49125
VW,Polo,1.0,Diesel,2000,207339,1480
Ford,Fiesta,1.0,Petrol,1990,182958,873
VW,Passat,1.6,Diesel,1994,114647,4008
VW,Polo,1.0,Petrol,1995,162993,1482
VW,Golf,1.2,Petrol,2002,139884,3713
Porsche,Cayenne,2.6,Diesel,2015,33693,54037
BMW,Z4,2.2,Petrol,2004,126777,8373
Ford,Fiesta,1.2,Petrol,2010,51553,9813
Toyota,Yaris,1.0,Petrol,2010,75821,8851
VW,Polo,1.4,Diesel,2010,45193,11881
VW,Polo,1.6,Petrol,1997,87723,3840
Ford,Focus,1.8,Petrol,1993,279656,863
VW,Golf,2.0,Hybrid,2018,25017,36957
Ford,Fiesta,1.2,Petrol,1996,111771,2543
Toyota,Prius,1.4,Hybrid,2016,43893,29946
Toyota,Yaris,1.0,Petrol,2007,118788,5306
Toyota,Prius,1.4,Hybrid,2016,43130,30085
VW,Passat,1.6,Diesel,1991,247911,1052
Ford,Focus,2.0,Petrol,1991,272161,854
VW,Passat,1.6,Diesel,1994,179361,2371
Ford,Fiesta,1.0,Petrol,2009,66424,7616
Ford,Mondeo,1.8,Diesel,1999,104544,6058
Toyota,Yaris,1.0,Hybrid,1999,80589,4937
Ford,Mondeo,1.4,Diesel,2000,128137,4771
Porsche,718 Cayman,2.0,Petrol,1992,169078,3074
VW,Passat,1.6,Petrol,2016,64344,23641
VW,Passat,1.6,Diesel,1993,176456,2274
Ford,Focus,1.4,Petrol,1985,179526,1105
Toyota,RAV4,1.8,Hybrid,1999,162425,5396
Porsche,718 Cayman,2.4,Petrol,2021,14070,69526
BMW,Z4,2.4,Petrol,1993,226492,1799
Ford,Fiesta,1.2,Petrol,1995,183332,1330
VW,Golf,2.0,Petrol,1990,118673,2543
Toyota,Prius,1.0,Hybrid,1993,333629,478
VW,Passat,1.8,Diesel,1991,155034,2526
Toyota,Yaris,1.2,Petrol,1990,200892,947
Ford,Focus,1.8,Petrol,2020,22371,40336
Ford,Mondeo,1.6,Diesel,2015,21834,28435
Ford,Focus,1.0,Petrol,1985,223615,633
Ford,Mondeo,1.6,Diesel,2007,100798,10008
BMW,Z4,2.4,Petrol,1997,103758,6532
Ford,Fiesta,1.2,Petrol,1997,156919,1901
Toyota,Yaris,1.0,Petrol,2008,42621,9591
VW,Passat,1.4,Diesel,2010,64359,15563
Ford,Focus,2.0,Petrol,2002,180048,4086
Ford,Mondeo,1.6,Hybrid,2005,142689,7247
VW,Passat,1.6,Diesel,2018,22122,36634
BMW,M5,4.4,Petrol,1987,226046,2956
Ford,Focus,1.4,Petrol,1987,236315,763
BMW,M5,4.4,Petrol,2008,109941,31711
Ford,Fiesta,1.0,Petrol,2009,61615,7859
Ford,Focus,1.8,Diesel,1989,297635,585
Toyota,Prius,1.8,Hybrid,1995,112413,5238
Ford,Fiesta,1.2,Petrol,2008,96911,6318
VW,Passat,1.6,Diesel,1990,223561,1229
VW,Passat,1.4,Diesel,2020,21413,39310
BMW,Z4,2.2,Petrol,2018,32319,40706
Toyota,RAV4,2.4,Petrol,2021,6829,66031
VW,Polo,1.6,Petrol,2010,108111,7878
Ford,Mondeo,1.6,Diesel,1998,137896,4132
Ford,Focus,1.6,Petrol,2013,66163,18269
VW,Passat,1.6,Diesel,2010,66410,16414
BMW,Z4,2.2,Petrol,2014,61332,26084
Toyota,RAV4,2.4,Petrol,2016,34379,40646
Porsche,911,3.5,Petrol,2003,107705,24378
VW,Golf,1.8,Diesel,2014,28530,23034
VW,Passat,1.6,Diesel,2015,57933,24207
BMW,Z4,2.4,Petrol,1997,146910,4671
Toyota,Prius,1.4,Hybrid,2001,152067,5040
BMW,M5,4.0,Petrol,2003,123913,19474
Toyota,RAV4,1.8,Hybrid,2005,119097,11398
VW,Golf,1.2,Diesel,2008,97150,8066
Ford,Focus,2.0,Petrol,2010,86405,14567
Toyota,Yaris,1.2,Hybrid,2001,85798,5959
VW,Golf,2.0,Diesel,2015,50628,22743
BMW,Z4,3.0,Petrol,2014,80934,26708
VW,Polo,1.0,Petrol,1998,97043,3036
Toyota,Yaris,1.0,Petrol,2001,58770,5438
VW,Passat,1.8,Petrol,2008,84855,12800
VW,Passat,1.6,Diesel,2014,50898,23677
Ford,Focus,1.6,Diesel,1998,152532,3704
Toyota,RAV4,1.8,Hybrid,2001,212899,3981
VW,Golf,1.6,Petrol,2001,140596,3988
Porsche,718 Cayman,2.4,Petrol,1988,256489,1183
BMW,X3,3.0,Petrol,2018,20441,53379
Toyota,Yaris,1.2,Petrol,1986,147185,1145
BMW,M5,4.4,Petrol,1997,172030,9255
Ford,Focus,1.8,Petrol,2005,149956,6094
VW,Passat,1.6,Diesel,2009,134426,9345
Toyota,RAV4,1.8,Hybrid,2010,91688,19491
Toyota,Prius,1.8,Hybrid,2005,41969,16500
VW,Passat,2.0,Petrol,2013,38210,25482
Toyota,Prius,1.0,Hybrid,2012,46972,19023
BMW,X3,2.0,Diesel,2018,27389,44018
VW,Polo,2.0,Petrol,1995,128234,2778
VW,Passat,1.4,Diesel,2008,112309,9705
VW,Polo,1.4,Petrol,1984,225099,489
Porsche,Cayenne,2.6,Diesel,2003,105361,15069
Ford,Focus,1.4,Petrol,2005,97979,8039
Ford,Mondeo,1.6,Petrol,2016,40104,26053
VW,Passat,2.0,Petrol,1993,158259,2822
Porsche,718 Cayman,4.0,Petrol,2018,20634,70913
BMW,Z4,2.0,Petrol,2010,98644,14728
Ford,Focus,2.0,Petrol,1991,176358,2025
Ford,Mondeo,1.8,Diesel,1998,69223,7267
BMW,X3,3.0,Petrol,2008,20860,27342
Toyota,RAV4,2.0,Petrol,2009,59936,19881
VW,Polo,1.4,Petrol,2012,58214,11916
Ford,Fiesta,1.4,Petrol,2020,33832,22982
VW,Golf,1.2,Diesel,2009,104436,8174
BMW,Z4,2.0,Petrol,1992,249377,1246
Porsche,Cayenne,2.6,Petrol,2003,143603,10667
Ford,Mondeo,1.8,Diesel,2007,115932,9481
Ford,Fiesta,1.4,Petrol,2016,61363,14854
VW,Polo,2.0,Petrol,2016,17810,23636
Toyota,RAV4,1.8,Hybrid,2021,8120,68163
VW,Polo,2.0,Petrol,1990,142888,1771
Toyota,Yaris,1.0,Petrol,2009,68094,8721
Ford,Mondeo,2.0,Diesel,2016,51724,28482
VW,Polo,1.0,Petrol,1998,224106,1062
Ford,Fiesta,1.0,Petrol,2009,83796,6768
Toyota,RAV4,2.2,Hybrid,2012,91325,24685
VW,Passat,2.0,Diesel,1997,173089,3416
Ford,Focus,2.0,Diesel,2013,75451,20153
Toyota,Prius,1.0,Hybrid,2006,103766,8671
Ford,Mondeo,1.6,Diesel,2014,82221,18224
VW,Passat,1.6,Diesel,1985,19000,4129
Toyota,RAV4,2.4,Hybrid,2012,94338,25232
Porsche,Cayenne,2.6,Diesel,2019,20147,76182
VW,Polo,1.2,Diesel,2018,37411,19649
Toyota,Yaris,1.2,Petrol,2004,179016,2914
Porsche,718 Cayman,2.0,Petrol,1999,206584,3542
Toyota,Prius,1.0,Hybrid,1996,87664,5001
Ford,Mondeo,1.8,Diesel,2016,29439,30886
Ford,Focus,1.0,Diesel,2006,120770,6429
Ford,Mondeo,1.6,Diesel,1998,246137,1614
Toyota,Prius,1.4,Hybrid,2012,72136,19139
Ford,Focus,2.0,Diesel,2001,147478,5272
BMW,Z4,2.4,Petrol,1997,149908,4558
BMW,M5,4.4,Petrol,1997,66783,20664
Ford,Mondeo,1.4,Diesel,2020,18929,37720
VW,Golf,1.4,Diesel,2013,53405,16365
VW,Golf,1.4,Diesel,2001,136439,4049
VW,Polo,1.2,Petrol,2001,110779,3670
VW,Golf,2.0,Petrol,1991,188856,1528
Toyota,Yaris,1.0,Hybrid,2013,12867,19025
Ford,Focus,2.0,Diesel,1994,162098,2930
Ford,Mondeo,1.6,Diesel,2013,79521,17370
Ford,Mondeo,1.8,Diesel,2011,97523,14195
VW,Golf,1.6,Petrol,1994,104541,3304
VW,Golf,1.6,Petrol,2016,57451,19835
Toyota,Yaris,1.2,Petrol,2003,104794,4947
Toyota,Yaris,1.0,Petrol,2002,227469,1517
VW,Passat,1.8,Diesel,2006,81107,12073
Ford,Fiesta,1.2,Petrol,2008,79566,7142
Toyota,Yaris,1.4,Petrol,2007,85068,8043
Toyota,RAV4,2.0,Hybrid,2000,123838,8299
Toyota,RAV4,2.2,Hybrid,2014,66511,33453
VW,Passat,1.6,Diesel,1999,207639,2584
BMW,X3,3.0,Diesel,1990,150375,3510
VW,Passat,1.4,Diesel,2013,70458,18256
Toyota,Prius,1.8,Hybrid,2016,44550,33820
VW,Passat,1.6,Petrol,2012,53390,19428
Porsche,Cayenne,2.6,Diesel,2015,46563,50028
Ford,Fiesta,1.0,Petrol,2002,184586,1916
Ford,Fiesta,1.2,Petrol,2004,160915,2933
Toyota,Yaris,1.0,Hybrid,2022,5179,36086
Toyota,Yaris,1.4,Hybrid,2003,181179,3468
VW,Polo,1.4,Petrol,2019,23181,23449
Toyota,Yaris,1.4,Hybrid,2016,66611,19942
VW,Golf,1.8,Hybrid,1999,105901,5810
Ford,Focus,1.4,Diesel,2014,24652,24721
Toyota,Yaris,1.0,Petrol,1995,255196,737
VW,Polo,1.0,Petrol,2014,24579,14089
Toyota,RAV4,1.8,Petrol,2021,21354,52908
VW,Golf,2.0,Petrol,1991,117615,2741
Ford,Focus,2.0,Petrol,1999,135077,4855
Toyota,RAV4,2.0,Hybrid,2006,94325,15441
Ford,Fiesta,1.4,Petrol,2010,96320,7831
VW,Golf,1.6,Petrol,1990,137231,1967
Toyota,RAV4,2.2,Hybrid,2015,35448,43415
Toyota,RAV4,2.0,Hybrid,1995,142544,5129
BMW,M5,4.0,Petrol,2012,46755,60859
VW,Polo,1.6,Petrol,2001,97700,4668
BMW,M5,5.0,Petrol,2016,42059,91415
VW,Polo,1.6,Petrol,2012,48576,13537
VW,Polo,1.4,Petrol,2006,76691,7067
Toyota,RAV4,1.8,Hybrid,2017,15473,50215
Ford,Focus,2.0,Petrol,2000,110549,6273
Ford,Fiesta,1.0,Petrol,1992,183342,994
Ford,Focus,1.4,Petrol,2012,94259,13169
Ford,Mondeo,1.4,Diesel,2018,42017,28904
VW,Golf,1.2,Petrol,1990,159547,1420
VW,Polo,1.4,Petrol,2000,73749,4833
Toyota,Yaris,1.0,Hybrid,2009,63292,10802
VW,Passat,1.4,Diesel,2013,71904,18080
Ford,Mondeo,1.4,Diesel,2006,159969,5504
Toyota,Yaris,1.2,Petrol,2013,75588,11861
Ford,Mondeo,1.4,Diesel,2018,18334,33119
VW,Polo,1.2,Petrol,1995,175506,1460
Toyota,Prius,1.8,Hybrid,1985,235671,949
VW,Polo,1.0,Petrol,1996,144412,1846
BMW,M5,4.4,Petrol,2008,79613,39453
BMW,M5,4.4,Petrol,2004,108396,24571
Porsche,Cayenne,3.0,Petrol,2013,68093,39031
Ford,Mondeo,1.6,Hybrid,2019,30152,40482
Porsche,911,3.0,Petrol,2015,44761,77091
Toyota,Yaris,1.0,Petrol,2012,52525,11780
Toyota,Yaris,1.0,Petrol,2005,145747,3754
Ford,Mondeo,1.8,Diesel,2016,16626,33172
Ford,Mondeo,1.4,Diesel,1998,155019,3364
Toyota,Prius,1.4,Hybrid,1996,188308,2658
Ford,Focus,2.0,Petrol,2001,72923,8773
VW,Golf,1.4,Diesel,2007,104718,7710
VW,Polo,2.0,Petrol,1992,258967,731
VW,Golf,1.2,Hybrid,2000,168963,3069
Ford,Focus,2.0,Diesel,1993,90439,4786
Toyota,Prius,1.4,Hybrid,1991,213652,1523
Toyota,RAV4,2.2,Hybrid,2012,100268,23140
VW,Golf,2.0,Petrol,2019,26479,32650
VW,Passat,1.4,Diesel,2009,109384,10605
Ford,Focus,2.0,Petrol,2014,39083,25884
VW,Passat,2.0,Petrol,2002,73945,9749
Ford,Fiesta,1.4,Petrol,2008,114007,6011
Toyota,Prius,1.8,Hybrid,2003,125903,8052
VW,Polo,1.4,Petrol,1998,126188,2884
Porsche,911,3.0,Petrol,1990,178957,5344
Ford,Mondeo,1.6,Diesel,1996,118258,4217
Toyota,Yaris,1.4,Hybrid,2004,100476,7076
Ford,Focus,1.0,Petrol,1985,288486,347
VW,Passat,2.0,Diesel,1997,50121,8564
Porsche,911,2.6,Petrol,2003,130068,17702
VW,Golf,1.8,Petrol,1992,135772,2412
VW,Golf,1.8,Petrol,2010,70562,12942
Ford,Focus,2.0,Diesel,2003,139651,6417
Ford,Focus,1.6,Petrol,2004,106068,7575
Porsche,718 Cayman,2.0,Petrol,2019,18978,54090
VW,Polo,1.6,Diesel,2000,85142,5015
Ford,Mondeo,1.6,Diesel,2012,64490,17978
Toyota,Yaris,1.0,Petrol,1993,121417,2045
Ford,Focus,1.0,Petrol,2018,19640,26712
Toyota,RAV4,2.2,Hybrid,2009,99740,19019
Toyota,Yaris,1.4,Petrol,2004,159279,3718
Ford,Focus,1.4,Petrol,1996,86718,4782
Porsche,718 Cayman,4.0,Petrol,1993,150186,5438
BMW,M5,4.4,Petrol,2019,20736,118474
VW,Polo,1.4,Petrol,1986,70039,1948
BMW,X3,3.0,Diesel,2017,30285,49606
Toyota,Yaris,1.2,Petrol,2016,38795,18326
Toyota,RAV4,2.4,Hybrid,1995,203197,3359
Toyota,RAV4,2.4,Petrol,2011,80839,21637
VW,Golf,1.4,Petrol,2002,174535,3010
VW,Passat,1.6,Petrol,1993,131899,3125
Ford,Focus,1.0,Petrol,2021,14063,33627
BMW,Z4,2.4,Petrol,1996,149048,4294
VW,Polo,1.0,Petrol,1990,145249,1229
Toyota,Prius,1.0,Hybrid,2007,61357,12446
Toyota,Yaris,1.2,Hybrid,1997,13000,7167
Ford,Fiesta,1.4,Petrol,1986,263206,384
Toyota,Yaris,1.4,Petrol,2010,52847,12174
VW,Passat,1.6,Diesel,2009,100782,12083
VW,Polo,1.0,Petrol,1999,193458,1491
Toyota,Yaris,1.2,Petrol,1997,174912,1892
Ford,Mondeo,2.0,Hybrid,1998,169431,4074
Toyota,Prius,1.0,Hybrid,1993,269373,882
BMW,X3,2.0,Diesel,2009,129764,11999
Toyota,Prius,1.0,Hybrid,1998,104481,5060
Ford,Mondeo,2.0,Diesel,2008,105468,11556
BMW,M5,4.0,Petrol,2000,153596,12574
Ford,Fiesta,1.4,Petrol,1993,84644,2739
VW,Golf,1.6,Petrol,2001,205054,2309
VW,Polo,1.0,Petrol,1993,159497,1335
Ford,Focus,1.8,Petrol,2002,166994,4332
VW,Polo,1.4,Petrol,1997,143465,2352
Ford,Mondeo,1.6,Diesel,2015,59927,22621
Porsche,718 Cayman,4.0,Petrol,2005,132662,13935
Ford,Fiesta,1.4,Petrol,2014,54142,13615
Ford,Fiesta,1.0,Petrol,2001,92561,3732
Ford,Mondeo,1.6,Petrol,2010,80723,13432
Toyota,Yaris,1.2,Petrol,1985,73419,1861
Ford,Focus,1.6,Petrol,1995,84529,4856
Ford,Focus,1.6,Diesel,2022,5750,49870
Toyota,RAV4,2.4,Hybrid,2008,144529,13154
Toyota,RAV4,1.8,Hybrid,2014,45184,34655
VW,Polo,1.0,Petrol,1992,214329,777
Toyota,Prius,1.8,Hybrid,1997,188455,3218
VW,Polo,1.4,Petrol,1994,182166,1394
Toyota,RAV4,2.2,Hybrid,2018,39082,51898
VW,Passat,1.8,Diesel,2001,171268,4296
BMW,M5,4.4,Petrol,2011,78714,48487
VW,Passat,2.0,Diesel,2011,73733,18680
Ford,Mondeo,1.8,Diesel,1997,242305,1659
Ford,Mondeo,1.8,Diesel,2001,166344,4239
Toyota,Yaris,1.2,Hybrid,1990,97463,2633
Ford,Mondeo,1.4,Diesel,2013,50433,19668
Ford,Mondeo,1.4,Diesel,2018,24229,32057
BMW,Z4,2.2,Petrol,2009,74444,17133
Toyota,RAV4,2.2,Hybrid,2016,45462,43702
Ford,Mondeo,1.4,Diesel,2006,89524,9500
VW,Passat,1.6,Petrol,1991,16000,5963
Ford,Mondeo,2.0,Diesel,2022,1487,56459
VW,Golf,1.4,Petrol,2011,87947,10825
Ford,Mondeo,1.6,Diesel,2016,40113,27354
VW,Golf,1.4,Diesel,2000,76717,5902
VW,Passat,1.4,Petrol,1991,269218,769
Toyota,Prius,1.0,Hybrid,2015,48540,23011
Toyota,Prius,1.4,Hybrid,2013,88811,18232
Toyota,Yaris,1.0,Petrol,2002,84781,4880
Toyota,RAV4,2.2,Hybrid,1989,272683,1142
Ford,Mondeo,1.6,Diesel,2018,46461,30075
Toyota,RAV4,1.8,Hybrid,2014,53321,32948
Ford,Mondeo,1.6,Petrol,1994,264924,989
Porsche,Cayenne,4.0,Petrol,2000,145140,10699
Toyota,Prius,1.8,Hybrid,2007,132296,9998
VW,Golf,1.2,Diesel,1997,144909,2682
Ford,Fiesta,1.0,Diesel,1986,138224,1019
Porsche,718 Cayman,4.0,Petrol,1988,219671,2140
VW,Passat,1.4,Diesel,1989,371762,264
VW,Passat,1.4,Diesel,1990,74327,3838
VW,Golf,1.6,Petrol,1989,205047,1037
Ford,Mondeo,1.6,Diesel,2022,7454,48982
VW,Golf,2.0,Diesel,2016,11234,30509
VW,Polo,1.6,Petrol,2010,97296,8531
VW,Golf,2.0,Petrol,2017,44227,25745
VW,Passat,1.4,Diesel,1985,267541,549
BMW,Z4,2.2,Petrol,1997,250431,1806
Ford,Fiesta,1.2,Petrol,1989,149015,1190
Toyota,RAV4,2.0,Hybrid,2004,138340,9666
Toyota,Yaris,1.2,Hybrid,1987,133425,1640
Toyota,Prius,1.0,Hybrid,2001,143411,4571
VW,Polo,1.4,Petrol,2016,40742,17342
BMW,M5,5.0,Petrol,1999,82222,22668
VW,Golf,1.4,Petrol,2012,49674,14925
VW,Polo,1.6,Petrol,2012,66103,12102
VW,Golf,1.6,Petrol,1999,91360,5075
VW,Polo,2.0,Petrol,1990,215167,954
BMW,M5,4.0,Petrol,2006,30902,44836
Porsche,911,3.0,Petrol,2014,65307,63310
Toyota,Prius,1.8,Hybrid,2018,19017,44797
Toyota,Yaris,1.4,Hybrid,2007,143360,6209
BMW,Z4,2.4,Petrol,2021,4915,60317
BMW,Z4,3.0,Petrol,1993,260043,1477
Ford,Focus,1.4,Petrol,2015,36919,23449
VW,Polo,1.4,Petrol,2001,105306,4129
Toyota,Prius,1.8,Hybrid,1992,231649,1569
Ford,Focus,1.6,Petrol,1994,74472,4869
Toyota,Yaris,1.2,Petrol,2012,102514,9168
VW,Polo,1.0,Petrol,1997,134735,2132
Ford,Focus,1.6,Petrol,1992,175881,1944
Porsche,Cayenne,3.0,Petrol,2006,126718,16004
Toyota,Prius,1.8,Hybrid,2008,86326,15075
Ford,Fiesta,1.4,Petrol,1992,245794,673
VW,Passat,1.6,Diesel,1988,210194,1213
BMW,M5,4.0,Petrol,1984,89953,7064
Ford,Fiesta,1.0,Petrol,2006,113610,4460
VW,Passat,2.0,Diesel,2003,106761,8665
Ford,Fiesta,1.4,Petrol,1992,280925,485
Ford,Fiesta,1.2,Petrol,2018,29268,19119
Ford,Mondeo,1.8,Diesel,2014,21377,28286
Ford,Focus,1.4,Petrol,2010,67366,13881
Toyota,Yaris,1.4,Hybrid,2018,26795,29102
BMW,Z4,2.4,Petrol,2018,15028,46830
Ford,Focus,1.4,Petrol,1995,144557,2883
VW,Passat,1.6,Diesel,2011,53818,19033
Ford,Fiesta,1.0,Petrol,2005,165149,2762
BMW,M5,4.4,Petrol,1995,157046,9184
Ford,Mondeo,1.8,Diesel,2002,48312,10853
Porsche,911,2.2,Petrol,1998,172529,8241
VW,Polo,1.2,Petrol,2018,33619,19135
VW,Passat,2.0,Diesel,2001,210531,3218
Porsche,911,2.2,Petrol,1995,170716,6851
Ford,Focus,1.0,Petrol,2005,102319,6582
Ford,Focus,1.6,Petrol,1992,83482,4005
BMW,Z4,2.0,Petrol,2003,184605,4636
Toyota,Yaris,1.2,Hybrid,2011,68974,13024
Toyota,Yaris,1.2,Hybrid,2007,87731,8770
Toyota,Prius,1.4,Hybrid,2003,91908,9156
VW,Polo,1.2,Petrol,2009,115991,6014
VW,Passat,2.0,Diesel,2003,99554,9137
VW,Golf,2.0,Petrol,1993,210355,1445
VW,Golf,2.0,Diesel,1994,64859,5119
BMW,X3,2.0,Petrol,2014,53491,27457
Ford,Fiesta,1.4,Petrol,2020,16418,25347
Toyota,Prius,1.8,Hybrid,1995,98303,5816
Ford,Fiesta,1.2,Petrol,2003,144351,3143
VW,Polo,1.4,Petrol,1991,130465,1749
Ford,Focus,1.6,Petrol,1992,289432,694
Porsche,911,2.6,Petrol,2006,129563,21707
Ford,Mondeo,1.6,Petrol,1999,87358,6159
Toyota,Prius,1.4,Hybrid,1992,187590,2049
VW,Polo,1.2,Petrol,2002,90194,4561
Toyota,Yaris,1.4,Petrol,2003,23923,9067
Toyota,Prius,1.8,Hybrid,1988,206162,1512
Porsche,718 Cayman,4.0,Petrol,2013,40361,45357
Toyota,RAV4,1.8,Hybrid,2011,113594,17732
VW,Golf,1.8,Hybrid,1993,206465,1702
Porsche,718 Cayman,2.4,Petrol,2016,26038,46644
Toyota,Yaris,1.0,Petrol,1986,341124,178
Ford,Mondeo,1.4,Diesel,1996,147377,3134
Toyota,Yaris,1.2,Petrol,2005,69909,7229
Ford,Focus,1.6,Diesel,2006,83961,10659
VW,Golf,1.8,Hybrid,2016,27600,30239
Toyota,RAV4,1.8,Hybrid,2014,63889,30785
Toyota,RAV4,1.8,Hybrid,1992,189028,2697
Toyota,RAV4,2.0,Hybrid,1990,120842,4361
VW,Golf,1.4,Hybrid,2003,166709,4126
BMW,X3,2.0,Diesel,2013,49046,27731
Toyota,Prius,1.4,Hybrid,1998,229464,2106
Porsche,718 Cayman,2.0,Petrol,2014,91341,24511
VW,Polo,1.4,Petrol,1995,127882,2330
BMW,M5,4.4,Petrol,1994,179812,7091
Ford,Fiesta,1.2,Petrol,2008,43714,9014
Porsche,Cayenne,3.5,Diesel,1998,83442,14668
VW,Passat,1.6,Diesel,2002,135733,5800
VW,Golf,1.4,Petrol,2018,13954,27379
VW,Polo,1.2,Petrol,1994,243498,746
BMW,X3,2.0,Diesel,2016,47735,34147
Porsche,718 Cayman,4.0,Petrol,1995,154629,5991
VW,Golf,1.6,Diesel,1998,161333,2893
Ford,Fiesta,1.2,Petrol,1998,156867,2033
Toyota,RAV4,2.0,Hybrid,2022,9373,76303
VW,Passat,1.4,Diesel,2002,115000,6374
VW,Golf,1.8,Hybrid,2013,56706,20768
Ford,Mondeo,1.6,Diesel,1993,138312,2951
Toyota,Yaris,1.2,Petrol,2020,20558,26565
Porsche,Cayenne,2.6,Diesel,2001,71217,16789
Toyota,RAV4,2.0,Hybrid,2018,27542,52923
Ford,Mondeo,1.8,Diesel,2012,39923,22247
Porsche,718 Cayman,2.4,Petrol,1998,252380,2395
Toyota,RAV4,2.0,Hybrid,1993,113342,5640
Ford,Focus,1.4,Petrol,1993,106066,3403
Toyota,RAV4,2.2,Hybrid,2014,39814,39577
Toyota,RAV4,2.4,Hybrid,2002,178115,6664
Toyota,Prius,1.8,Hybrid,1989,234308,1254
Toyota,Prius,1.8,Hybrid,2014,51034,28437
Toyota,RAV4,2.0,Petrol,2003,148838,6923
Toyota,RAV4,2.0,Hybrid,2010,116749,17071
VW,Passat,1.4,Petrol,1991,318300,482
Ford,Focus,2.0,Diesel,2005,70202,12248
Toyota,RAV4,2.4,Hybrid,2010,52925,29212
VW,Passat,2.0,Diesel,1998,112170,5962
Ford,Fiesta,1.2,Petrol,2003,203556,1901
Ford,Mondeo,1.8,Diesel,2009,32884,18987
VW,Golf,1.2,Petrol,2005,113136,5586
VW,Golf,1.4,Petrol,1985,269090,414
Toyota,RAV4,2.0,Petrol,2015,31102,35379
Toyota,Yaris,1.4,Hybrid,2021,10276,38901
Ford,Mondeo,1.8,Diesel,2013,5000,28875
Ford,Focus,1.0,Petrol,2018,26840,25660
Toyota,RAV4,2.2,Hybrid,2007,69206,20606
VW,Polo,1.6,Petrol,2014,63006,14112
VW,Polo,1.4,Petrol,2016,45610,16837
Toyota,Yaris,1.0,Hybrid,2000,86902,5050
VW,Passat,2.0,Petrol,2001,78868,8819
BMW,Z4,2.4,Petrol,2017,57884,34025
Ford,Mondeo,1.4,Diesel,1993,196763,1688
VW,Golf,1.6,Hybrid,2003,110332,6919
VW,Golf,1.4,Diesel,1991,289646,534
VW,Polo,1.6,Petrol,2011,72003,10885
VW,Passat,1.8,Petrol,2018,42360,32909
Ford,Mondeo,1.8,Diesel,2015,50432,25483
Toyota,RAV4,1.8,Petrol,2003,171088,5458
VW,Golf,1.8,Petrol,2015,40271,21892
Toyota,Yaris,1.0,Hybrid,2013,69437,13543
Toyota,RAV4,2.2,Hybrid,2015,28056,45312
VW,Passat,2.0,Diesel,1985,287515,544
BMW,X3,2.4,Diesel,2001,144238,6871
Toyota,RAV4,2.4,Hybrid,1993,140537,4997
Ford,Focus,1.0,Petrol,2013,55408,15484
Toyota,Yaris,1.4,Petrol,2002,149944,3514
VW,Golf,1.8,Petrol,2021,6373,39459
Toyota,RAV4,2.4,Hybrid,2007,112049,15867
Toyota,Prius,1.8,Hybrid,2005,64815,14287
Toyota,RAV4,1.8,Hybrid,2007,46955,21497
Ford,Focus,1.0,Petrol,2006,102666,7017
VW,Polo,1.4,Diesel,2014,62309,13923
Toyota,RAV4,1.8,Hybrid,1993,196835,2693
VW,Golf,1.2,Petrol,2017,33865,21213
Porsche,911,2.2,Petrol,2018,22199,91965
Toyota,Yaris,1.4,Hybrid,2001,109136,5434
Porsche,Cayenne,4.0,Petrol,2002,90474,18556
Toyota,RAV4,2.0,Hybrid,2018,20952,54914
Ford,Mondeo,1.4,Diesel,1996,103176,4418
VW,Polo,1.2,Petrol,2001,127723,3223
Toyota,Yaris,1.0,Hybrid,2005,74649,7671
Ford,Mondeo,2.0,Diesel,2019,34940,38517
Toyota,Prius,1.4,Hybrid,1993,196617,2024
VW,Golf,1.4,Petrol,2002,127387,4427
Ford,Focus,1.0,Petrol,2011,85335,11093
Ford,Focus,1.4,Petrol,2003,88544,7528
Toyota,Prius,1.0,Hybrid,1992,176604,1903
Toyota,RAV4,1.8,Hybrid,2009,68833,21350
VW,Golf,1.2,Petrol,2010,99925,8602
BMW,Z4,2.4,Petrol,2004,68708,13326
Toyota,RAV4,2.0,Hybrid,2004,129322,10382
Toyota,Yaris,1.4,Hybrid,2017,36461,25744
Toyota,Yaris,1.2,Petrol,2009,72738,9261
VW,Polo,1.4,Petrol,1993,217495,955
Toyota,RAV4,2.2,Hybrid,2016,28810,48228
VW,Golf,1.4,Petrol,1992,253413,764
VW,Passat,1.6,Diesel,1989,341741,378
Ford,Focus,1.6,Petrol,1999,155679,3674
Ford,Mondeo,1.8,Diesel,2019,30787,37433
BMW,M5,5.0,Petrol,1996,140252,12001
Ford,Focus,1.0,Diesel,2012,36355,17093
Ford,Fiesta,1.0,Petrol,1986,331165,170
Toyota,Yaris,1.4,Petrol,2017,30382,22227
Porsche,718 Cayman,2.4,Petrol,1995,137976,5312
VW,Passat,1.4,Diesel,2001,101907,6576
Toyota,Prius,1.8,Hybrid,1991,173990,2443
Ford,Fiesta,1.0,Petrol,2004,138953,3203
VW,Passat,2.0,Diesel,2007,163156,7234
Ford,Focus,1.6,Petrol,2018,45204,29130
VW,Passat,2.0,Diesel,2022,7782,57759
VW,Golf,1.6,Petrol,2011,69205,13162
Toyota,Prius,1.0,Hybrid,2006,51828,12372
VW,Golf,2.0,Petrol,2000,92303,6024
VW,Golf,1.6,Petrol,2005,145351,5011
Ford,Fiesta,1.2,Petrol,2004,138699,3516
Toyota,Prius,1.8,Hybrid,2006,42787,17550
Porsche,718 Cayman,2.4,Petrol,2001,136494,8020
Toyota,Yaris,1.0,Hybrid,2019,28087,26099
VW,Polo,1.2,Petrol,2007,63991,7614
Toyota,Prius,1.4,Hybrid,2006,107304,9994
Toyota,Prius,1.4,Hybrid,2019,32176,39212
VW,Golf,1.4,Petrol,2007,103965,7384
VW,Golf,2.0,Petrol,1991,264040,774
Ford,Fiesta,1.4,Petrol,1998,117616,3002
Toyota,Yaris,1.2,Hybrid,2007,100478,8002
Toyota,Prius,1.4,Hybrid,2016,52086,28468
VW,Golf,1.6,Petrol,1992,152855,1981
Ford,Focus,1.8,Petrol,2010,31473,19668
Toyota,RAV4,2.2,Petrol,2005,101278,12003
Ford,Focus,1.6,Hybrid,2016,27516,33957
VW,Golf,2.0,Diesel,2018,28407,31722
Ford,Mondeo,1.8,Diesel,2001,187542,3537
VW,Polo,2.0,Petrol,1988,160189,1345
Toyota,Yaris,1.4,Hybrid,2014,47951,19664
Toyota,Prius,1.8,Hybrid,1995,259370,1485
Ford,Fiesta,1.2,Petrol,2006,150801,3643
VW,Polo,1.2,Petrol,2008,97682,6448
VW,Passat,2.0,Diesel,2012,99767,16624
Porsche,Cayenne,3.5,Petrol,1987,317546,888
Ford,Mondeo,1.6,Petrol,2003,71971,8941
Toyota,RAV4,2.0,Hybrid,2000,115704,8835
Ford,Focus,1.6,Petrol,2007,91299,10304
VW,Polo,1.0,Petrol,2015,27980,14774
Ford,Mondeo,2.0,Petrol,2004,137798,6570
Ford,Mondeo,1.8,Diesel,2014,38215,25681
Toyota,Prius,1.4,Hybrid,1994,266923,1142
VW,Polo,1.0,Petrol,2008,46493,8303
Toyota,Prius,1.0,Hybrid,2003,122382,6167
VW,Polo,1.6,Petrol,2004,172952,3141
BMW,Z4,2.2,Petrol,1994,79111,6105
Toyota,RAV4,1.8,Hybrid,1994,203902,2705
Ford,Focus,1.0,Petrol,2018,34297,24582
Porsche,911,3.0,Petrol,2007,160305,19433
Toyota,Yaris,1.0,Hybrid,1996,35867,5384
Ford,Fiesta,1.2,Diesel,2011,86587,8723
Porsche,Cayenne,3.0,Diesel,2018,14658,78873
Ford,Focus,1.4,Petrol,2020,31287,33821
VW,Polo,1.2,Petrol,1998,178757,1735
Toyota,Yaris,1.4,Petrol,1994,53883,4162
Ford,Mondeo,1.6,Diesel,2018,10870,36852
Toyota,Prius,1.4,Hybrid,2005,82356,11191
VW,Polo,1.6,Petrol,1998,120898,3212
BMW,Z4,2.0,Petrol,1991,241081,1258
Ford,Fiesta,1.4,Petrol,1988,289688,342
Porsche,718 Cayman,2.4,Petrol,1997,246989,2355
BMW,X3,2.0,Petrol,1985,142992,2076
VW,Passat,1.8,Diesel,2011,64697,18821
BMW,M5,4.4,Petrol,1998,161830,10780
Ford,Focus,1.4,Petrol,2018,28024,30158
BMW,Z4,3.0,Petrol,1996,156682,4509
Ford,Fiesta,1.0,Petrol,2009,93538,6317
Toyota,Yaris,1.0,Petrol,2019,14288,23473
Ford,Focus,2.0,Petrol,2006,81822,11520
Toyota,RAV4,2.0,Hybrid,1986,215481,1508
BMW,Z4,2.2,Petrol,2019,28754,44415
VW,Passat,1.4,Diesel,2004,80705,9344
VW,Golf,2.0,Diesel,2009,60524,14316
VW,Passat,1.4,Diesel,2002,113879,6429
Ford,Mondeo,1.6,Diesel,2012,85455,15593
VW,Golf,1.2,Petrol,2019,5596,28309
Ford,Mondeo,1.8,Hybrid,2015,55395,28228
Toyota,Yaris,1.2,Petrol,2000,136312,3178
Ford,Mondeo,1.8,Petrol,1999,108377,5607
BMW,M5,5.0,Petrol,2011,76754,52387
VW,Passat,1.6,Diesel,1995,206056,2007
Toyota,RAV4,2.0,Hybrid,2000,148540,6818
Ford,Fiesta,1.2,Petrol,2018,23754,19725
Porsche,Cayenne,3.0,Petrol,1995,222539,3410
VW,Golf,1.2,Diesel,2014,39321,17658
VW,Polo,1.2,Petrol,2003,138515,3381
Toyota,RAV4,2.0,Hybrid,2012,59725,29179
Toyota,RAV4,1.8,Hybrid,2008,102206,15805
Ford,Focus,2.0,Diesel,2010,83311,15630
Ford,Focus,1.4,Petrol,2018,41355,27892
Ford,Fiesta,1.2,Diesel,2021,17474,26189
Toyota,RAV4,2.2,Hybrid,1992,199804,2713
VW,Polo,2.0,Petrol,2021,13577,33748
Ford,Fiesta,1.0,Petrol,2016,32446,14997
Toyota,RAV4,2.0,Hybrid,1997,130656,6443
Ford,Focus,1.4,Petrol,1994,118545,3311
Toyota,RAV4,1.8,Hybrid,2011,139810,14453
Toyota,Prius,1.0,Hybrid,2006,84312,9973
VW,Passat,1.6,Diesel,2002,83318,8585
Toyota,Yaris,1.4,Petrol,1986,183150,914
Ford,Focus,1.0,Petrol,2007,84337,8556
Porsche,Cayenne,3.0,Petrol,2002,114802,13435
Toyota,RAV4,2.2,Hybrid,2009,67314,23843
BMW,M5,5.0,Petrol,2000,122612,18006
VW,Golf,1.4,Petrol,1991,206254,1097
Toyota,RAV4,2.4,Hybrid,2018,26632,58275
Porsche,718 Cayman,4.0,Petrol,1991,248160,2016
Ford,Mondeo,1.4,Petrol,1996,130905,3406
VW,Golf,1.2,Petrol,2004,98438,5829
Toyota,RAV4,2.2,Hybrid,2005,93525,15238
Toyota,Yaris,1.4,Hybrid,1992,116353,2824
Ford,Fiesta,1.2,Petrol,1996,109619,2585
VW,Polo,1.6,Petrol,2001,129115,3681
Toyota,RAV4,2.0,Hybrid,2017,43027,45206
VW,Passat,2.0,Diesel,2015,48864,28657
Ford,Mondeo,1.8,Diesel,2012,81668,16982
Toyota,Prius,1.4,Hybrid,2018,29828,37183
VW,Golf,1.8,Petrol,1991,257172,783
Toyota,RAV4,1.8,Petrol,2014,51097,27842
Toyota,Yaris,1.4,Petrol,2017,32667,21935
VW,Golf,1.8,Petrol,1993,261776,857
VW,Polo,1.4,Petrol,1987,219722,627
Toyota,RAV4,2.2,Petrol,2020,20840,54875
BMW,Z4,2.4,Petrol,1997,190184,3243
BMW,M5,4.0,Petrol,2017,34125,91619
Ford,Focus,2.0,Petrol,1988,261729,771
Toyota,Yaris,1.2,Hybrid,2016,36087,22347
Ford,Mondeo,1.4,Diesel,2002,161406,4165
Toyota,Prius,1.4,Hybrid,1991,162940,2365
Ford,Focus,1.8,Petrol,1991,336739,437
Ford,Focus,1.4,Petrol,2009,103983,10044
Ford,Fiesta,1.0,Petrol,2018,38404,16547
VW,Passat,1.4,Diesel,1993,120931,3343
Toyota,Yaris,1.0,Hybrid,2002,148230,3614
VW,Passat,1.8,Diesel,2006,107503,9985
VW,Passat,2.0,Diesel,2004,124610,8086
Porsche,Cayenne,3.0,Petrol,2010,79557,29571
BMW,M5,4.4,Petrol,2002,105680,21943
VW,Passat,1.6,Diesel,1991,95548,3780
Toyota,Yaris,1.4,Hybrid,1987,288484,449
Ford,Mondeo,1.6,Diesel,1995,118507,3938
Toyota,Yaris,1.0,Hybrid,1996,93423,3692
BMW,X3,3.0,Diesel,2007,88368,17529
Porsche,Cayenne,3.0,Petrol,2003,140899,11711
BMW,X3,2.0,Diesel,1995,36797,8995
VW,Passat,2.0,Petrol,2000,129208,5690
VW,Passat,1.8,Diesel,2015,72434,23341
Toyota,Yaris,1.4,Hybrid,2018,34625,27818
Toyota,Yaris,1.2,Petrol,2008,97903,7263
Toyota,Yaris,1.2,Petrol,1997,270963,797
Ford,Mondeo,1.6,Diesel,2013,76733,17705
VW,Golf,1.2,Petrol,2001,166693,2786
Ford,Focus,2.0,Petrol,1995,112716,4422
Ford,Fiesta,1.2,Hybrid,1987,276979,400
VW,Golf,1.8,Petrol,2003,101937,6509
VW,Polo,1.0,Petrol,2013,43886,11774
VW,Polo,1.2,Petrol,2013,73855,10637
Ford,Focus,1.6,Petrol,2017,57873,25173
Ford,Focus,1.6,Diesel,2001,121698,5785
VW,Polo,1.2,Petrol,2009,81883,7711
VW,Passat,1.4,Diesel,2000,171496,3538
Ford,Focus,1.0,Petrol,1987,132547,1573
VW,Passat,1.4,Petrol,2017,24430,30141
BMW,X3,2.4,Diesel,2006,98950,13593
VW,Passat,1.4,Diesel,2009,132842,8852
VW,Polo,1.4,Petrol,1986,260477,404
VW,Passat,1.6,Diesel,1991,235666,1177
Toyota,RAV4,2.2,Hybrid,2011,82763,24530
Ford,Focus,1.4,Diesel,2016,39673,25891
Ford,Fiesta,1.0,Petrol,1992,47774,2762
BMW,Z4,2.0,Petrol,2014,58147,25387
Ford,Mondeo,2.0,Diesel,2003,154479,5636
VW,Polo,1.4,Petrol,2013,46322,13725
VW,Golf,1.8,Diesel,1996,196032,1995
Porsche,Cayenne,3.0,Petrol,2013,39488,46753
Toyota,Yaris,1.0,Petrol,2006,96885,5845
Toyota,Yaris,1.4,Hybrid,2019,20700,32186
Ford,Mondeo,1.4,Hybrid,2001,145462,5077
VW,Polo,1.0,Petrol,2018,38340,16989
VW,Golf,1.4,Petrol,2008,116255,7198
BMW,Z4,2.0,Petrol,2003,93076,9615
Toyota,Prius,1.4,Hybrid,2010,74177,16520
Toyota,RAV4,1.8,Hybrid,1995,149567,4596
VW,Passat,1.6,Petrol,1990,117398,2863
VW,Golf,1.6,Petrol,2002,117653,5103
VW,Polo,1.0,Petrol,2020,22940,21213
VW,Passat,1.8,Diesel,2011,37534,22303
Toyota,RAV4,1.8,Hybrid,2011,94925,20356
Toyota,Yaris,1.0,Hybrid,1992,174037,1496
VW,Passat,1.8,Petrol,2003,184533,4174
Ford,Fiesta,1.4,Petrol,2013,32544,14520
BMW,Z4,2.2,Petrol,2014,59274,26434
Toyota,RAV4,2.0,Hybrid,2001,202340,4610
VW,Passat,1.8,Diesel,1992,129841,3309
VW,Passat,1.8,Petrol,2005,80034,10836
Ford,Focus,2.0,Petrol,1996,192045,2469
Ford,Mondeo,2.0,Diesel,2019,36447,38177
Toyota,RAV4,2.4,Hybrid,1998,134946,7292
Toyota,Yaris,1.0,Petrol,2010,58886,9901
VW,Passat,1.6,Diesel,2000,127543,5414
Ford,Fiesta,1.0,Petrol,2004,157340,2758
Toyota,Yaris,1.0,Petrol,1991,169299,1214
Toyota,Yaris,1.4,Hybrid,1987,205406,966
VW,Golf,1.6,Petrol,2003,76484,7351
Ford,Fiesta,1.4,Petrol,2012,75934,10326
VW,Polo,2.0,Diesel,2000,127046,4109
Toyota,Prius,1.8,Hybrid,2017,39115,37356
VW,Passat,1.6,Diesel,2015,18626,30577
Toyota,Prius,1.4,Hybrid,1991,231525,1296
Ford,Focus,1.8,Petrol,1996,112992,4475
Ford,Fiesta,1.2,Petrol,2002,170034,2377
Ford,Mondeo,1.6,Diesel,2016,27842,29387
Ford,Fiesta,1.2,Hybrid,2015,39606,17681
Toyota,RAV4,2.4,Petrol,1996,284839,1414
Toyota,RAV4,1.8,Hybrid,2017,30794,46103
Toyota,Prius,1.0,Hybrid,2013,81281,16243
VW,Polo,1.2,Petrol,1991,163174,1241
Ford,Mondeo,2.0,Diesel,1991,212984,1530
BMW,M5,4.0,Petrol,2007,97405,31027
Ford,Fiesta,1.0,Petrol,1997,215739,1043
Toyota,Yaris,1.2,Hybrid,2003,85571,6820
Ford,Fiesta,1.2,Petrol,2001,185312,1951
Ford,Fiesta,1.4,Petrol,1991,287138,428
Porsche,718 Cayman,2.4,Petrol,2004,135042,9909
Toyota,Yaris,1.2,Hybrid,2015,56205,18479
VW,Passat,1.6,Petrol,2008,82771,12244
BMW,M5,5.0,Petrol,2017,39154,99436
VW,Golf,2.0,Petrol,2005,109364,7420
Ford,Focus,1.6,Petrol,1989,226513,1019
BMW,M5,5.0,Petrol,2014,58820,72066
VW,Golf,2.0,Hybrid,1994,158502,2898
Ford,Fiesta,1.0,Petrol,2008,67377,7080
Toyota,Yaris,1.0,Hybrid,2017,38436,21505
Ford,Mondeo,1.8,Diesel,1998,164481,3525
BMW,X3,2.4,Petrol,2012,90750,20490
Ford,Mondeo,1.4,Petrol,2012,53155,17227
Ford,Focus,1.8,Diesel,1993,176575,2301
VW,Polo,1.0,Petrol,1993,84410,2380
Ford,Mondeo,1.4,Diesel,1998,169919,2970
VW,Passat,2.0,Diesel,2015,45664,29228
VW,Polo,1.4,Petrol,2017,58793,16569
VW,Polo,1.2,Petrol,2013,42711,12990
Ford,Focus,1.6,Diesel,2004,93927,8692
Ford,Mondeo,2.0,Diesel,2016,54653,27962
Ford,Focus,1.8,Diesel,2016,58749,26080
Toyota,Prius,1.4,Hybrid,1990,274599,814
Ford,Mondeo,1.8,Diesel,2005,170050,5365
VW,Polo,2.0,Petrol,2010,71872,11395
VW,Polo,2.0,Diesel,2012,89417,12110
Ford,Mondeo,2.0,Diesel,2017,49974,30780
Toyota,RAV4,1.8,Hybrid,2015,49497,36072
Toyota,Prius,1.0,Hybrid,1988,108794,2516
Toyota,Prius,1.4,Hybrid,1985,157337,1661
VW,Golf,1.6,Diesel,2013,56754,17127
Porsche,718 Cayman,2.0,Petrol,1998,143853,5650
VW,Golf,1.6,Petrol,2013,71517,14808
Ford,Fiesta,1.0,Petrol,1992,268571,460
VW,Golf,2.0,Petrol,1995,170237,2340
Toyota,Yaris,1.2,Petrol,2011,95160,9049
Toyota,Prius,1.8,Hybrid,1990,133913,3178
VW,Passat,1.8,Diesel,2011,80451,16926
VW,Polo,1.0,Petrol,1995,168060,1420
Toyota,RAV4,1.8,Petrol,2015,65337,27163
Ford,Mondeo,1.8,Diesel,1991,182712,1893
Toyota,Yaris,1.2,Hybrid,1997,136584,3116
Toyota,Prius,1.8,Hybrid,2010,49300,22017
Ford,Fiesta,1.2,Petrol,1999,184669,1717
VW,Passat,1.8,Petrol,2004,100008,8796
Toyota,Prius,1.0,Hybrid,2010,96245,11961
Ford,Mondeo,2.0,Diesel,1995,262644,1268
Toyota,RAV4,2.4,Hybrid,2015,52330,40922
Toyota,RAV4,2.4,Hybrid,2020,19435,69312
Toyota,Yaris,1.2,Hybrid,2016,63664,18824
Ford,Fiesta,1.4,Petrol,2012,61988,11331
VW,Polo,1.2,Petrol,2010,33527,11231
Ford,Focus,1.6,Diesel,2013,17129,25771
VW,Golf,2.0,Diesel,1990,201008,1349
Toyota,Prius,1.8,Hybrid,2004,121307,8919
VW,Passat,1.6,Petrol,2006,151140,6368
VW,Golf,2.0,Petrol,2015,66206,19598
Ford,Mondeo,1.8,Diesel,2000,140343,4911
Toyota,Yaris,1.2,Hybrid,2017,37430,23698
VW,Golf,1.4,Diesel,1996,126814,3130
Ford,Focus,2.0,Petrol,2012,115289,13471
Toyota,Prius,1.8,Hybrid,1994,132870,4184
VW,Polo,2.0,Petrol,2012,92366,11293
VW,Polo,1.0,Diesel,2007,68019,7107
Toyota,Yaris,1.2,Petrol,1986,256473,438
BMW,Z4,2.4,Petrol,2016,33380,36980
Porsche,911,3.5,Petrol,2014,52773,74126
BMW,M5,4.4,Petrol,2010,78948,45287
Toyota,RAV4,2.4,Hybrid,2003,119563,11477
VW,Polo,1.4,Petrol,1992,160404,1467
Toyota,Yaris,1.2,Petrol,1999,157966,2493
VW,Golf,1.6,Petrol,2018,27157,27215
BMW,Z4,2.0,Petrol,2011,79703,18006
VW,Polo,1.4,Petrol,1998,167104,2069
Toyota,Yaris,1.2,Hybrid,2016,47924,20806
Ford,Focus,1.4,Diesel,2007,101073,9429
BMW,X3,3.0,Diesel,2016,25018,47818
BMW,X3,2.4,Diesel,1988,275595,902
Ford,Mondeo,1.6,Petrol,2003,156535,4720
Toyota,Yaris,1.4,Hybrid,2006,126743,6628
VW,Passat,2.0,Diesel,2006,100052,11120
VW,Passat,2.0,Petrol,1987,236388,954
Toyota,Prius,1.8,Hybrid,2007,121012,10918
Ford,Focus,2.0,Diesel,2000,206817,2972
Toyota,Prius,1.4,Hybrid,1992,142260,2996
BMW,Z4,2.0,Petrol,2014,37663,28810
Ford,Focus,1.0,Petrol,1991,168148,1535
Toyota,RAV4,1.8,Hybrid,2015,22825,42212
Toyota,RAV4,2.4,Hybrid,2005,114858,13594
Toyota,Prius,1.0,Hybrid,1993,89971,4028
VW,Golf,1.6,Petrol,1986,311658,316
Ford,Mondeo,1.4,Diesel,2004,148376,5299
Toyota,Yaris,1.2,Hybrid,2009,68155,11460
Toyota,Yaris,1.2,Petrol,2010,82934,9232
Toyota,Prius,1.8,Hybrid,2005,88808,12128
VW,Golf,1.4,Petrol,2016,37644,20964
VW,Polo,1.2,Petrol,2014,71010,11591
Toyota,Prius,1.8,Hybrid,2004,91064,11165
Ford,Mondeo,1.8,Diesel,1987,248446,805
Ford,Mondeo,2.0,Petrol,2015,48270,25928
Toyota,Yaris,1.4,Hybrid,2016,32161,24697
VW,Polo,2.0,Petrol,2015,68047,16315
BMW,M5,4.0,Petrol,1994,273292,2905
Toyota,RAV4,2.4,Hybrid,1999,167406,5976
Ford,Fiesta,1.2,Hybrid,2011,63482,11663
Ford,Fiesta,1.2,Diesel,2020,18077,24419
Ford,Focus,1.0,Petrol,2018,33714,24665
Ford,Fiesta,1.4,Petrol,2013,56754,12528
Ford,Mondeo,2.0,Petrol,1999,116570,5556
Ford,Mondeo,2.0,Petrol,2002,150200,5201
VW,Polo,1.2,Petrol,2011,55596,10495
Ford,Mondeo,1.8,Diesel,2002,148691,5245
Ford,Focus,1.8,Petrol,1993,387874,304
Toyota,Yaris,1.0,Petrol,2004,133498,3874
Toyota,Prius,1.0,Hybrid,2019,18083,35874
Toyota,Prius,1.8,Hybrid,1994,219451,2003
Toyota,Yaris,1.4,Hybrid,2020,8085,36811
Ford,Fiesta,1.0,Hybrid,2014,55390,13700
VW,Golf,1.4,Diesel,2016,35985,22229
Toyota,Prius,1.4,Hybrid,2013,39929,25111
VW,Golf,1.2,Petrol,2007,81447,8033
BMW,Z4,2.2,Petrol,2014,49329,28150
BMW,Z4,2.2,Petrol,2013,28964,29736
Ford,Focus,1.4,Petrol,2017,61651,22981
Toyota,Prius,1.8,Hybrid,2012,35178,27398
VW,Polo,1.4,Petrol,2005,136183,4251
Porsche,Cayenne,3.0,Petrol,2015,45607,51481
Toyota,Prius,1.0,Hybrid,2016,32437,27092
Toyota,Prius,1.4,Hybrid,2010,102038,13567
Toyota,Prius,1.0,Hybrid,2020,9787,40087
Toyota,RAV4,2.0,Hybrid,1994,144450,4725
Ford,Mondeo,1.6,Hybrid,2007,106403,10975
BMW,X3,2.0,Diesel,2006,95802,12696
VW,Passat,1.6,Diesel,1994,123733,3738
Toyota,RAV4,2.2,Petrol,1989,145022,2945
Toyota,Prius,1.4,Hybrid,2017,34908,33775
Ford,Mondeo,1.6,Diesel,2017,70518,24108
Porsche,718 Cayman,4.0,Petrol,1999,193219,5634
Toyota,RAV4,1.8,Hybrid,2006,131000,11107
Ford,Fiesta,1.4,Petrol,2013,59591,12302
BMW,M5,4.0,Petrol,2011,66966,50043
VW,Passat,1.8,Diesel,2006,137849,7897
Ford,Fiesta,1.2,Petrol,2000,114598,3250
VW,Passat,2.0,Diesel,2018,30929,38967
VW,Golf,1.4,Diesel,2016,32129,22735
Ford,Fiesta,1.2,Petrol,2000,83148,4087
Ford,Fiesta,1.0,Petrol,2012,82847,8321
Porsche,Cayenne,4.0,Petrol,1999,217039,5402
VW,Golf,1.6,Hybrid,1991,231937,1117
Toyota,RAV4,1.8,Petrol,1991,71702,5257
VW,Polo,1.4,Petrol,2010,31962,12242
VW,Golf,1.2,Diesel,2003,32559,8826
VW,Polo,1.6,Diesel,1996,259256,894
Ford,Mondeo,1.4,Diesel,2009,9700,19035
VW,Passat,2.0,Diesel,2005,87586,11378
Ford,Fiesta,1.2,Petrol,1998,155188,2061
Toyota,RAV4,2.2,Hybrid,2018,40276,51529
BMW,X3,3.0,Diesel,2007,160639,10016
VW,Passat,1.6,Diesel,2002,149336,5197
BMW,Z4,2.0,Petrol,1993,183921,2394
Toyota,RAV4,2.2,Hybrid,1991,199870,2537
Ford,Fiesta,1.0,Petrol,1998,88889,3136
Ford,Mondeo,1.4,Diesel,2021,7810,42784
Ford,Fiesta,1.0,Diesel,2013,80887,9468
Toyota,Prius,1.4,Hybrid,1990,28105,5806
Ford,Focus,2.0,Petrol,1997,213524,2183
Porsche,718 Cayman,2.0,Petrol,2021,17045,62459
Toyota,Prius,1.8,Hybrid,1995,104560,5555
Ford,Focus,1.4,Diesel,1985,296935,398
Ford,Focus,1.6,Petrol,2000,52712,8374
Toyota,Prius,1.0,Hybrid,2001,105569,6131
VW,Passat,1.4,Diesel,2006,101162,9228
BMW,Z4,2.4,Petrol,2013,43663,28479
Ford,Focus,1.0,Diesel,2000,114588,4518
Ford,Focus,2.0,Diesel,2011,92931,15609
Ford,Fiesta,1.2,Petrol,2001,167313,2276
Porsche,Cayenne,3.5,Petrol,1992,134759,6380
Ford,Mondeo,1.6,Diesel,2018,39007,31463
Porsche,Cayenne,3.0,Petrol,1991,262591,1808
Ford,Fiesta,1.0,Petrol,2006,99846,4941
VW,Polo,1.4,Petrol,1992,148145,1623
VW,Polo,2.0,Diesel,2001,160958,3339
BMW,Z4,2.0,Petrol,1991,292606,777
Ford,Focus,1.4,Petrol,1997,183699,2374
VW,Polo,2.0,Petrol,1997,210040,1594
Ford,Focus,2.0,Petrol,2008,88876,12528
VW,Golf,1.8,Petrol,1993,114583,3041
Ford,Focus,2.0,Petrol,1995,197633,2199
Ford,Fiesta,1.4,Petrol,2008,106701,6350
Toyota,RAV4,2.4,Hybrid,2011,62917,29289
VW,Polo,2.0,Petrol,1995,186684,1713
Ford,Focus,1.4,Petrol,2016,30186,26069
Ford,Mondeo,2.0,Diesel,2016,61228,26808
VW,Golf,1.8,Petrol,2011,78775,13084
Ford,Mondeo,1.4,Diesel,2014,54353,20513
VW,Polo,1.6,Petrol,2004,178764,2989
Toyota,RAV4,2.2,Hybrid,2003,158353,8057
VW,Polo,1.0,Petrol,2012,77055,8889
Ford,Fiesta,1.0,Petrol,2016,16421,16407
Toyota,RAV4,2.4,Hybrid,2022,10162,83241
Ford,Fiesta,1.2,Diesel,2015,49944,14526
Ford,Focus,1.0,Petrol,1993,225216,1064
Toyota,Yaris,1.2,Petrol,2010,63891,10499
Toyota,Prius,1.0,Hybrid,1998,226061,1836
VW,Polo,1.0,Petrol,1998,139142,2200
Toyota,Yaris,1.4,Hybrid,2013,46792,18528
Toyota,Prius,1.4,Hybrid,2019,17850,42501
Toyota,Yaris,1.4,Petrol,1995,163275,1973
VW,Golf,1.8,Petrol,2006,115534,7182
Ford,Mondeo,2.0,Diesel,1996,198233,2433
BMW,X3,2.4,Diesel,2010,80183,20277
VW,Passat,2.0,Diesel,2015,39001,30428
VW,Golf,2.0,Diesel,1986,252426,648
Ford,Fiesta,1.4,Petrol,2017,53775,16668
BMW,M5,4.4,Petrol,1997,179875,8656
VW,Passat,1.4,Petrol,2019,32159,32955
Toyota,RAV4,2.2,Hybrid,1996,175758,4364
VW,Passat,1.4,Diesel,1996,146496,3335
VW,Polo,1.6,Petrol,2011,100733,8894
VW,Passat,1.8,Diesel,1997,158711,3656
Toyota,RAV4,1.8,Hybrid,2019,28643,53333
Ford,Mondeo,2.0,Petrol,2004,62499,11377
Ford,Focus,1.0,Petrol,2017,36279,22730
Ford,Mondeo,2.0,Petrol,2002,241288,2347
BMW,Z4,2.4,Petrol,1998,69241,8901
Toyota,RAV4,2.4,Hybrid,1994,179147,3875
Porsche,718 Cayman,4.0,Petrol,1991,155947,4539
VW,Polo,1.6,Petrol,1997,207904,1453
Ford,Focus,1.0,Petrol,2009,57080,11734
VW,Passat,2.0,Diesel,2001,137020,6004
Toyota,Yaris,1.0,Petrol,2002,139139,3241
Toyota,RAV4,2.2,Hybrid,2001,221229,4085
VW,Golf,1.8,Petrol,2020,17736,34756
BMW,X3,2.4,Diesel,1989,192721,2051
Toyota,Yaris,1.4,Hybrid,1996,166963,2454
Ford,Fiesta,1.4,Petrol,1993,160888,1521
Porsche,Cayenne,4.0,Diesel,1997,171100,7416
Ford,Focus,1.4,Petrol,1984,238276,613
Porsche,911,3.5,Petrol,1999,125197,16341
VW,Golf,1.2,Petrol,1988,178696,1057
VW,Golf,1.6,Petrol,2005,155998,4592
Ford,Mondeo,1.4,Diesel,2012,84523,14681
Toyota,Prius,1.4,Hybrid,2014,62412,23323
VW,Polo,1.0,Petrol,2000,88993,3675
Toyota,RAV4,2.0,Hybrid,2001,150156,7193
Toyota,Yaris,1.0,Hybrid,1990,234260,769
Toyota,Prius,1.8,Hybrid,1992,227660,1627
Porsche,718 Cayman,2.0,Petrol,1992,139701,3916
BMW,X3,3.0,Petrol,2013,61339,29919
VW,Passat,1.8,Diesel,2018,17733,39806
Toyota,Yaris,1.4,Hybrid,2005,138391,5655
Toyota,RAV4,2.2,Hybrid,2007,106025,15892
Porsche,911,3.5,Petrol,1998,115294,16497
VW,Polo,1.4,Petrol,1993,162457,1541
Toyota,Yaris,1.4,Petrol,2020,20684,28673
Porsche,718 Cayman,2.0,Petrol,1989,126706,3553
VW,Polo,1.4,Petrol,2005,92815,5906
Toyota,Yaris,1.0,Petrol,2001,139636,3020
BMW,M5,4.0,Petrol,1992,174163,6209
VW,Polo,2.0,Petrol,2001,151349,3443
Toyota,Yaris,1.4,Hybrid,2018,30227,28537
Ford,Mondeo,1.6,Diesel,2019,20922,37313
Toyota,RAV4,1.8,Petrol,2014,68816,24833
Porsche,Cayenne,3.0,Petrol,2008,60300,29432
Toyota,Prius,1.0,Hybrid,1986,388340,176
BMW,Z4,2.4,Petrol,1991,83097,5078
VW,Polo,1.0,Petrol,2005,136287,3590
VW,Golf,1.2,Petrol,1994,145780,2077
Ford,Mondeo,1.4,Diesel,1998,164874,3099
VW,Passat,2.0,Petrol,2019,20255,42130
VW,Passat,1.8,Petrol,2019,23657,39221
Ford,Fiesta,1.4,Petrol,2004,146751,3559
Ford,Fiesta,1.2,Petrol,2011,67353,9474
VW,Passat,1.4,Diesel,1994,182511,2158
VW,Passat,2.0,Diesel,1996,13500,9903
Toyota,Prius,1.8,Hybrid,2010,56636,21024
VW,Polo,1.0,Petrol,2004,107726,4187
Toyota,Yaris,1.2,Petrol,2017,15412,22368
Porsche,718 Cayman,2.0,Petrol,2019,31715,50347
Toyota,RAV4,1.8,Hybrid,2015,61112,33508
BMW,X3,2.0,Petrol,2005,34663,16898
Ford,Fiesta,1.0,Petrol,2012,63373,9490
BMW,Z4,3.0,Petrol,1994,295037,1136
Toyota,Yaris,1.2,Petrol,2003,127585,4159
VW,Polo,2.0,Petrol,2020,14249,31458
VW,Golf,1.4,Petrol,1990,224581,871
Ford,Mondeo,2.0,Diesel,1993,185821,2220
VW,Golf,1.6,Petrol,2015,80728,15891
Ford,Focus,1.4,Diesel,1997,181389,2543
VW,Polo,1.2,Petrol,2007,100290,5918
Toyota,Yaris,1.4,Petrol,1990,303977,395
BMW,X3,3.0,Diesel,1995,232268,2404
Toyota,RAV4,2.2,Hybrid,2012,78012,27096
Toyota,Yaris,1.2,Petrol,1993,85654,2916
Porsche,Cayenne,3.5,Petrol,2000,72180,17243
VW,Passat,1.6,Diesel,2003,78657,9478
Ford,Focus,1.6,Petrol,2005,43353,12383
Toyota,RAV4,2.2,Hybrid,2001,59243,14744
VW,Golf,2.0,Diesel,1995,245433,1261
Toyota,Prius,1.4,Hybrid,1993,197980,2000
VW,Passat,2.0,Diesel,2002,95560,8800
VW,Polo,1.6,Petrol,2006,126060,5262
Ford,Fiesta,1.4,Petrol,2006,141261,4252
Toyota,Yaris,1.2,Petrol,2017,45686,18790
Porsche,Cayenne,4.0,Petrol,2005,133469,16395
Ford,Mondeo,1.6,Diesel,2009,108995,10762
Porsche,Cayenne,2.6,Petrol,2005,151457,11434
VW,Golf,1.8,Petrol,2017,48884,23735
Ford,Focus,1.8,Diesel,2017,39360,31440
Ford,Mondeo,2.0,Diesel,2006,125400,8692
BMW,Z4,2.4,Petrol,2013,66176,24692
VW,Golf,1.8,Petrol,2010,58167,14037
Ford,Fiesta,1.2,Petrol,1992,133484,1647
Toyota,Yaris,1.0,Hybrid,2003,147742,3879
Toyota,Yaris,1.2,Hybrid,2014,39516,19163
VW,Passat,1.6,Diesel,1995,207865,1975
Toyota,Prius,1.0,Hybrid,2007,152689,6323
VW,Passat,1.8,Diesel,1999,229552,2251
Toyota,RAV4,2.4,Hybrid,1991,294964,1104
Ford,Focus,2.0,Diesel,2008,174141,6733
VW,Golf,1.6,Diesel,2006,118039,6975
Ford,Fiesta,1.2,Petrol,2000,141829,2626
BMW,Z4,2.4,Petrol,1998,184507,3641
Ford,Fiesta,1.2,Petrol,2014,66436,11642
Ford,Mondeo,2.0,Diesel,2019,24918,40799
VW,Golf,1.4,Petrol,2004,117702,5452
BMW,X3,2.4,Diesel,1986,277340,777
Ford,Mondeo,1.8,Diesel,1995,190931,2302
Porsche,911,2.6,Petrol,2001,165822,11580
VW,Golf,1.6,Petrol,1992,190506,1440
VW,Passat,1.4,Diesel,2018,36967,31473
BMW,Z4,2.4,Petrol,2008,56202,18875
VW,Polo,2.0,Petrol,2019,11830,29811
Ford,Fiesta,1.2,Petrol,1986,174683,786
Toyota,Yaris,1.2,Hybrid,2017,54859,21296
Ford,Fiesta,1.2,Petrol,2021,19592,24655
Ford,Focus,1.4,Petrol,2019,31550,31591
Toyota,Prius,1.8,Hybrid,1986,202293,1369
Ford,Fiesta,1.0,Petrol,1994,81787,2525
VW,Passat,2.0,Diesel,2001,129028,6396
Toyota,Yaris,1.2,Hybrid,2019,28673,28494
BMW,M5,5.0,Petrol,1998,205490,7888
Toyota,Prius,1.8,Hybrid,2017,36689,37898
Ford,Mondeo,1.4,Diesel,2012,79905,15160
BMW,X3,2.4,Petrol,2019,12444,53292
VW,Polo,2.0,Petrol,1995,140682,2516
BMW,Z4,3.0,Petrol,2018,26947,49022
Toyota,RAV4,2.4,Hybrid,1987,178645,2440
Ford,Focus,1.6,Hybrid,1994,207614,2022
Ford,Fiesta,1.0,Petrol,2000,240365,1019
Ford,Fiesta,1.0,Petrol,2001,155581,2291
Ford,Fiesta,1.2,Petrol,2017,40531,16743
VW,Polo,1.2,Petrol,2006,131122,4379
Ford,Focus,2.0,Petrol,1996,215631,2004
Toyota,Prius,1.8,Hybrid,1991,234212,1434
Ford,Mondeo,1.8,Diesel,1998,191733,2792
VW,Polo,1.2,Petrol,2021,13434,26161
Toyota,Yaris,1.4,Petrol,2005,84632,7061
Toyota,RAV4,1.8,Petrol,2013,71342,22843
VW,Passat,1.4,Diesel,2018,40027,30905
Toyota,RAV4,1.8,Hybrid,2000,35676,14427
Ford,Fiesta,1.4,Petrol,2013,52635,12859
Ford,Focus,1.0,Petrol,1999,217676,1699
VW,Passat,2.0,Diesel,2004,130619,7715
Ford,Fiesta,1.2,Petrol,2013,65161,10983
VW,Golf,2.0,Diesel,1992,76298,4150
VW,Polo,1.0,Petrol,1997,158308,1760
VW,Polo,1.2,Petrol,2012,36804,12589
VW,Golf,1.4,Petrol,1996,145350,2572
Ford,Mondeo,1.4,Hybrid,2003,141368,5997
Ford,Fiesta,1.2,Petrol,2021,17781,24900
Toyota,Yaris,1.4,Hybrid,1989,171773,1478
VW,Polo,2.0,Petrol,1997,214365,1533
Toyota,RAV4,1.8,Hybrid,2017,33916,45276
Ford,Mondeo,2.0,Diesel,2014,46986,25671
Toyota,Yaris,1.2,Hybrid,1990,147192,1794
BMW,X3,2.0,Diesel,2010,46512,23062
Toyota,Yaris,1.4,Petrol,1990,158084,1476
Toyota,RAV4,1.8,Hybrid,2013,23214,36863
Toyota,Yaris,1.4,Petrol,2003,142566,3988
Toyota,RAV4,2.0,Hybrid,2020,34532,58082
VW,Polo,1.6,Petrol,2002,93297,5151
VW,Polo,2.0,Petrol,1999,131279,3541
VW,Golf,2.0,Hybrid,2004,166211,5294
VW,Polo,2.0,Petrol,1988,265801,525
BMW,M5,4.4,Petrol,2012,78292,51981
Toyota,Prius,1.8,Hybrid,1991,147252,3052
Toyota,RAV4,2.0,Hybrid,1989,263669,1185
Toyota,Yaris,1.2,Hybrid,1998,133289,3419
Toyota,RAV4,1.8,Hybrid,1997,91023,8232
VW,Polo,2.0,Petrol,2006,52480,9901
BMW,Z4,2.0,Petrol,2022,9552,57460
Ford,Mondeo,1.4,Diesel,2002,152196,4495
VW,Polo,1.0,Petrol,2001,75518,4314
Toyota,RAV4,1.8,Hybrid,2011,46292,28181
Ford,Focus,2.0,Diesel,1993,224907,1585
Toyota,Yaris,1.2,Hybrid,2010,37574,14848
Ford,Fiesta,1.4,Diesel,1994,143966,1962
VW,Polo,1.6,Diesel,2010,40807,13043
VW,Passat,1.6,Diesel,2006,129468,7956
BMW,Z4,2.4,Petrol,2019,22543,48043
VW,Passat,1.8,Diesel,1994,176419,2579
BMW,M5,4.4,Petrol,2012,77277,52343
VW,Golf,1.8,Petrol,1994,189798,1756
VW,Golf,1.8,Hybrid,2013,10308,27214
Toyota,Yaris,1.4,Petrol,2018,23959,24642
VW,Golf,1.6,Diesel,1998,77547,5491
Toyota,RAV4,2.2,Hybrid,1999,89980,10476
Toyota,Prius,1.8,Hybrid,2003,105333,9415
BMW,M5,4.0,Petrol,2012,121977,36019
Toyota,Prius,1.4,Hybrid,1999,235308,2135
VW,Polo,1.0,Petrol,2010,81108,7565
Toyota,Yaris,1.4,Petrol,2019,18537,27142
Toyota,RAV4,2.2,Hybrid,1995,178569,3985
Toyota,Yaris,1.0,Petrol,2021,10853,27315
BMW,Z4,2.0,Petrol,1995,235138,1734
VW,Golf,2.0,Petrol,2017,31163,27819
Toyota,RAV4,2.2,Hybrid,1995,141916,5406
Toyota,Prius,1.4,Hybrid,1984,319446,356
Toyota,Yaris,1.0,Petrol,2011,60311,10487
Ford,Mondeo,1.4,Diesel,1989,188138,1394
BMW,M5,5.0,Petrol,1998,190572,8992
VW,Passat,1.8,Diesel,2006,95624,10894
VW,Polo,2.0,Petrol,1993,307772,493
VW,Polo,1.2,Petrol,2008,103123,6196
Porsche,911,3.5,Petrol,1993,202146,5762
VW,Polo,1.6,Petrol,2016,47204,17824
Porsche,911,3.0,Petrol,1993,44791,17781
Toyota,Yaris,1.2,Hybrid,2002,139795,4239
VW,Passat,2.0,Petrol,1996,120082,4678
BMW,M5,4.0,Petrol,2012,43043,62254
VW,Golf,1.6,Petrol,2018,30282,26733
VW,Passat,1.8,Diesel,2000,143309,5066
Ford,Fiesta,1.4,Petrol,1987,216526,629
BMW,Z4,3.0,Petrol,2003,111679,10270
VW,Golf,2.0,Petrol,1990,126347,2397
BMW,M5,4.4,Petrol,2005,92852,29430
Ford,Focus,1.8,Petrol,2005,104129,8713
VW,Polo,1.0,Diesel,2010,88166,7560
VW,Golf,1.2,Petrol,1998,202440,1675
Ford,Focus,1.8,Petrol,1990,127906,2674
Toyota,Yaris,1.2,Hybrid,2009,122609,7740
Ford,Mondeo,1.4,Diesel,2009,109403,10036
VW,Passat,1.6,Diesel,1995,202740,2067
Ford,Focus,1.6,Hybrid,2014,46758,26520
Toyota,Prius,1.0,Hybrid,2007,174374,5273
Toyota,RAV4,2.0,Hybrid,2000,201150,4358
VW,Passat,1.8,Diesel,2007,116964,9938
Toyota,Yaris,1.2,Hybrid,2014,19626,21478
Toyota,Prius,1.0,Hybrid,2016,54508,23695
Porsche,718 Cayman,2.0,Petrol,1997,139400,5478
Toyota,RAV4,2.4,Petrol,1999,229164,2896
VW,Polo,2.0,Petrol,2014,30481,19268
Ford,Fiesta,1.2,Petrol,2004,112874,4299
BMW,Z4,2.2,Petrol,2007,133258,9719
Toyota,Yaris,1.0,Hybrid,1993,162881,1757
Ford,Focus,1.4,Petrol,2011,110423,10939
Toyota,Yaris,1.2,Petrol,1997,205741,1447
VW,Golf,2.0,Diesel,2008,149242,6961
Ford,Focus,1.4,Petrol,2017,28967,28062
Porsche,911,3.0,Petrol,1996,143278,10732
Ford,Focus,1.8,Diesel,1992,155065,2579
VW,Golf,1.8,Petrol,1994,161828,2229
VW,Polo,1.0,Petrol,2008,123093,4864
Ford,Fiesta,1.2,Petrol,2016,56083,14227
Toyota,RAV4,2.0,Hybrid,1988,180534,2343
Ford,Mondeo,1.6,Diesel,2010,48789,17392
Ford,Fiesta,1.2,Petrol,1994,96262,2496
Ford,Fiesta,1.0,Petrol,2011,69279,8539
Ford,Fiesta,1.0,Petrol,2013,91181,8388
Toyota,Yaris,1.4,Petrol,2013,25267,17527
BMW,M5,4.4,Petrol,1996,188810,7497
Ford,Focus,1.6,Petrol,2006,100628,9010
Toyota,Prius,1.8,Hybrid,2018,19251,44740
VW,Passat,2.0,Diesel,2010,84987,16172
Ford,Fiesta,1.2,Petrol,2012,91749,8561
Ford,Focus,1.6,Petrol,1996,131625,3653
VW,Golf,1.2,Diesel,1992,127081,2215
Toyota,Prius,1.8,Hybrid,1993,164207,3031
Ford,Fiesta,1.0,Petrol,2012,76573,8689
Toyota,RAV4,1.8,Hybrid,2015,44489,37201
VW,Golf,2.0,Petrol,2007,75629,10793
VW,Polo,1.2,Petrol,2008,61281,8284
Ford,Fiesta,1.4,Petrol,1991,145801,1507
Ford,Focus,1.0,Petrol,2007,59342,10121
VW,Golf,1.8,Petrol,2018,26479,28977
BMW,X3,2.4,Diesel,2003,111470,10143
Ford,Mondeo,1.6,Hybrid,2018,21913,39675
VW,Golf,1.8,Petrol,2014,63259,17733
Toyota,Yaris,1.4,Hybrid,1989,247113,756
BMW,M5,4.4,Petrol,2019,22319,117441
VW,Passat,1.8,Diesel,2008,92709,12712
Ford,Mondeo,1.4,Diesel,2005,152304,5485
Toyota,Prius,1.4,Hybrid,2005,149848,6701
Toyota,Yaris,1.4,Petrol,2003,131933,4341
Porsche,911,2.2,Petrol,2016,33681,75392
VW,Golf,1.8,Hybrid,2007,75786,12274
BMW,X3,3.0,Diesel,1987,185456,2138
VW,Passat,1.8,Diesel,2004,71425,11287
Porsche,911,3.5,Petrol,2005,110347,27310
Toyota,RAV4,2.0,Hybrid,1998,159059,5472
Ford,Fiesta,1.4,Petrol,1997,127330,2606
VW,Golf,1.8,Diesel,2000,175853,3102
BMW,X3,2.0,Diesel,2019,29573,46470
Toyota,Prius,1.0,Hybrid,1988,301316,467
Toyota,RAV4,2.0,Hybrid,2017,58239,41113
BMW,X3,3.0,Diesel,2015,27962,43995
VW,Golf,2.0,Petrol,2009,122592,8760
Toyota,RAV4,1.8,Hybrid,2008,63181,20731
VW,Golf,1.6,Hybrid,2002,125879,5747
BMW,Z4,3.0,Petrol,2006,81336,15625
VW,Passat,1.4,Diesel,1994,197635,1892
Ford,Mondeo,2.0,Diesel,2002,83580,9069
VW,Passat,1.4,Diesel,2009,130295,9031
Toyota,RAV4,1.8,Hybrid,1997,156763,4950
Toyota,Yaris,1.4,Hybrid,2009,56228,13377
Ford,Mondeo,2.0,Diesel,2007,221849,4105
Ford,Fiesta,1.0,Petrol,2017,51622,14279
VW,Polo,1.0,Petrol,2011,44597,10259
VW,Golf,1.8,Petrol,2017,35478,25737
VW,Polo,1.0,Petrol,2015,48959,13040
Ford,Mondeo,1.8,Diesel,2009,70754,14977
Porsche,Cayenne,3.5,Petrol,2015,54929,52468
Toyota,Prius,1.8,Hybrid,2011,75460,19850
Toyota,Yaris,1.2,Hybrid,1991,254620,746
Toyota,RAV4,2.0,Petrol,2001,100705,8802
VW,Passat,1.4,Diesel,2011,90765,13885
VW,Passat,2.0,Diesel,2017,43333,33874
VW,Polo,2.0,Petrol,2000,42942,7039
Toyota,Yaris,1.0,Petrol,2004,70117,6165
Toyota,Yaris,1.0,Hybrid,2002,142066,3799
Ford,Fiesta,1.2,Petrol,2001,104081,3759
Porsche,911,2.6,Petrol,2004,158481,15038
Toyota,RAV4,1.8,Hybrid,2011,96750,20089
Ford,Focus,1.4,Petrol,2005,92660,8353
Porsche,Cayenne,3.0,Petrol,2000,151420,8803
BMW,Z4,2.0,Petrol,1999,155053,4558
VW,Golf,1.8,Petrol,1994,192087,1721
VW,Golf,1.8,Petrol,1993,147656,2343
Toyota,Yaris,1.0,Petrol,2007,65660,7756
Porsche,718 Cayman,2.0,Petrol,2007,136747,10900
Toyota,RAV4,2.2,Hybrid,2010,80638,23288
BMW,X3,2.0,Diesel,1999,119256,6684
VW,Golf,1.4,Diesel,1998,117687,3838
Toyota,Prius,1.8,Hybrid,2003,112871,8899
BMW,M5,5.0,Petrol,1992,231407,4189
VW,Polo,2.0,Petrol,2008,87604,8947
VW,Polo,1.6,Petrol,2001,70754,5635
VW,Passat,2.0,Diesel,1992,152804,2899
VW,Polo,1.0,Diesel,2011,68134,9272
Ford,Focus,2.0,Diesel,1990,219904,1357
VW,Polo,1.0,Petrol,2003,77923,4849
VW,Golf,1.6,Petrol,1989,234742,794
VW,Golf,1.2,Diesel,2007,76877,8704
Ford,Mondeo,1.6,Diesel,2015,47409,24480
Toyota,Yaris,1.4,Hybrid,2019,18085,32651
VW,Golf,1.4,Petrol,1999,132961,3469
Ford,Focus,1.4,Diesel,2013,32357,22131
VW,Polo,1.4,Petrol,2003,137170,3691
Porsche,718 Cayman,2.4,Petrol,2017,47014,44054
Toyota,RAV4,2.2,Hybrid,2005,99437,14599
BMW,X3,2.0,Diesel,2009,56175,20309
VW,Passat,1.4,Diesel,2011,57017,17445
VW,Passat,1.4,Petrol,2007,89859,10194
Ford,Mondeo,1.8,Diesel,2007,121647,9074
Ford,Mondeo,1.8,Diesel,2014,53000,23459
Toyota,Yaris,1.0,Petrol,2008,113710,5896
BMW,M5,5.0,Petrol,1998,53645,25633
Ford,Fiesta,1.0,Petrol,2018,33331,17049
Ford,Focus,1.6,Petrol,2001,177682,3489
Ford,Mondeo,2.0,Hybrid,2014,55196,27871
Ford,Fiesta,1.2,Petrol,2006,101268,5356
Ford,Fiesta,1.0,Petrol,1998,250937,809
Ford,Focus,1.8,Diesel,2003,164699,4957
Toyota,Yaris,1.2,Hybrid,1984,183547,886
Ford,Mondeo,1.4,Diesel,2012,51901,18232
Ford,Mondeo,2.0,Diesel,1988,186368,1583
Ford,Mondeo,1.4,Diesel,2000,162705,3606
VW,Golf,1.8,Petrol,2002,159277,3881
Porsche,718 Cayman,2.4,Petrol,1993,115028,5560
Toyota,RAV4,2.2,Hybrid,2014,50566,37060
Toyota,RAV4,2.4,Hybrid,1989,209073,2137
BMW,X3,2.4,Diesel,1993,187936,2792
Ford,Focus,1.0,Diesel,1993,183182,1621
BMW,Z4,3.0,Petrol,2001,149596,6670
Ford,Focus,1.4,Petrol,2001,120282,5210
BMW,M5,4.0,Petrol,1997,131948,12258
Toyota,RAV4,1.8,Hybrid,2013,80517,25751
BMW,Z4,3.0,Petrol,1990,232575,1558
Ford,Fiesta,1.0,Petrol,2010,40304,9597
Toyota,Yaris,1.4,Petrol,2001,100957,4811
Ford,Focus,1.8,Hybrid,1990,177356,2139
BMW,M5,5.0,Petrol,2012,40682,70600
VW,Passat,2.0,Diesel,2002,54864,11601
VW,Polo,2.0,Petrol,2015,5821,23560
Porsche,Cayenne,3.5,Petrol,2011,54382,40326
VW,Passat,1.6,Petrol,1996,184657,2465
BMW,Z4,2.4,Petrol,1993,166520,3042
Ford,Fiesta,1.4,Petrol,1992,119013,1991
VW,Polo,1.6,Petrol,1995,188161,1512
Ford,Fiesta,1.0,Petrol,1996,143015,1819
Ford,Mondeo,1.6,Petrol,2008,129629,8185
Ford,Fiesta,1.2,Petrol,2000,110103,3362
VW,Polo,1.0,Petrol,2013,67282,10147
VW,Polo,1.0,Petrol,1997,214991,1078
Ford,Focus,1.8,Diesel,1998,177695,3181
Porsche,Cayenne,3.5,Petrol,1993,15000,15296
Porsche,911,2.6,Petrol,2005,100825,25261
BMW,M5,4.4,Petrol,2017,25352,101052
VW,Passat,1.8,Diesel,1993,173131,2481
VW,Golf,2.0,Petrol,1991,111586,2869
BMW,X3,2.4,Diesel,2010,65455,22395
Porsche,718 Cayman,2.4,Petrol,2022,4624,78086
VW,Polo,2.0,Petrol,2001,205478,2167
VW,Passat,2.0,Diesel,2002,128623,6859
Ford,Fiesta,1.2,Petrol,2012,73872,9695
Toyota,RAV4,2.0,Petrol,2010,85720,17860
VW,Polo,1.2,Petrol,2004,156636,3119
Ford,Mondeo,1.4,Petrol,2004,71373,8976
VW,Polo,1.6,Petrol,2018,25563,23140
Ford,Focus,2.0,Petrol,2016,63834,25333
Ford,Fiesta,1.0,Petrol,2014,38245,12686
VW,Passat,1.6,Diesel,1995,136356,3619
Porsche,911,3.5,Petrol,2001,171925,12761
VW,Golf,1.6,Diesel,2006,94297,8321
Ford,Mondeo,2.0,Diesel,2002,50641,11276
Toyota,Prius,1.8,Hybrid,1997,147331,4550
Ford,Fiesta,1.4,Petrol,2008,25238,10848
Toyota,Yaris,1.2,Hybrid,1988,218765,848
VW,Passat,1.6,Diesel,2005,24637,15184
Ford,Mondeo,1.8,Diesel,2020,13598,44021
VW,Golf,1.2,Petrol,1989,121692,1801
Toyota,Prius,1.8,Hybrid,2002,125567,7552
Toyota,Yaris,1.4,Petrol,1995,107183,3080
VW,Polo,1.6,Petrol,1994,190675,1384
VW,Polo,1.4,Petrol,1995,233428,945
Ford,Fiesta,1.2,Petrol,2007,89054,6253
VW,Passat,1.4,Diesel,1996,155489,3098
VW,Golf,2.0,Petrol,1991,193710,1464
Porsche,911,3.5,Petrol,2002,210972,9708
Toyota,RAV4,2.2,Hybrid,2020,24724,64441
BMW,M5,4.4,Petrol,2018,35856,101678
Ford,Focus,1.0,Petrol,2009,115897,7763
VW,Polo,1.2,Petrol,1990,75272,2273
VW,Polo,1.2,Petrol,1986,294369,272
VW,Passat,2.0,Diesel,1995,194875,2477
Ford,Focus,2.0,Petrol,1995,92604,5128
BMW,M5,5.0,Petrol,1986,191340,4013
BMW,M5,4.4,Petrol,1996,183475,7851
VW,Polo,2.0,Petrol,2012,7746,19099
VW,Polo,2.0,Petrol,1990,30415,3891
Toyota,Yaris,1.0,Hybrid,2004,124964,4971
Ford,Fiesta,1.2,Petrol,2009,72473,8013
Toyota,Yaris,1.4,Petrol,2020,16461,29343
Ford,Focus,1.8,Diesel,2000,66688,8523
Ford,Mondeo,1.4,Hybrid,2012,94408,15642
VW,Golf,1.8,Diesel,1998,228512,1706
VW,Polo,2.0,Diesel,2014,66168,16226
Porsche,Cayenne,3.5,Petrol,1993,224583,3164
Ford,Mondeo,1.8,Diesel,2018,35380,34096
VW,Passat,1.6,Diesel,2008,77823,13304
Toyota,Yaris,1.2,Petrol,2004,9500,9702
BMW,M5,4.4,Petrol,1989,129419,7694
Ford,Mondeo,2.0,Diesel,1986,301347,483
Ford,Mondeo,1.6,Hybrid,2015,4000,35733
Toyota,RAV4,1.8,Hybrid,2010,101693,18128
VW,Passat,1.6,Diesel,2012,55111,20179
Ford,Mondeo,2.0,Diesel,1992,108781,3880
VW,Polo,1.6,Petrol,2012,74361,11451
Ford,Fiesta,1.2,Petrol,2018,46300,17282
VW,Polo,1.4,Petrol,1992,190443,1135
Ford,Focus,2.0,Petrol,1992,231833,1326
Ford,Fiesta,1.0,Petrol,2011,69191,8544
BMW,X3,2.4,Petrol,2018,48704,40463
Toyota,Yaris,1.4,Petrol,2001,122935,4076
Toyota,Prius,1.4,Hybrid,2012,93979,16438
Ford,Mondeo,1.8,Diesel,1993,198686,1882
Ford,Fiesta,1.0,Petrol,2004,132786,3364
Ford,Mondeo,2.0,Diesel,1995,211208,2029
Ford,Focus,1.6,Hybrid,2011,81924,17245
BMW,Z4,2.4,Petrol,2017,39484,38131
VW,Passat,1.6,Diesel,2010,72515,15759
BMW,M5,5.0,Petrol,2017,33166,103008
Ford,Fiesta,1.0,Petrol,1998,101656,2860
VW,Golf,1.4,Hybrid,1997,111578,4298
BMW,Z4,3.0,Petrol,2000,127130,7468
Porsche,718 Cayman,2.0,Petrol,2014,30577,36313
VW,Passat,1.8,Diesel,1995,196182,2323
Porsche,911,3.0,Petrol,2011,75374,48458
Ford,Focus,2.0,Petrol,2006,148469,6951
Toyota,RAV4,2.4,Petrol,1988,199255,1817
Ford,Mondeo,1.6,Diesel,1997,211247,2073
Toyota,Prius,1.8,Hybrid,1986,154940,2053
Toyota,RAV4,2.4,Hybrid,1993,156430,4390
Toyota,Prius,1.0,Hybrid,1998,237489,1655
VW,Passat,1.4,Petrol,1993,226687,1301
Ford,Mondeo,2.0,Diesel,2006,50192,14764
VW,Golf,1.8,Petrol,2002,220298,2284
Ford,Mondeo,2.0,Diesel,2000,188760,3451
Ford,Fiesta,1.4,Petrol,2011,91093,8691
Toyota,RAV4,2.4,Hybrid,2016,41851,46658
Ford,Mondeo,1.8,Diesel,1997,203808,2349
Toyota,RAV4,1.8,Hybrid,1995,215603,2605
Toyota,Prius,1.4,Hybrid,2003,161999,5305
VW,Passat,1.6,Diesel,1998,98005,5922
VW,Polo,1.6,Diesel,2001,133863,3723
VW,Golf,1.8,Petrol,2009,42108,14513
Ford,Fiesta,1.2,Petrol,2016,57344,14113
Ford,Fiesta,1.2,Diesel,1996,265299,713
VW,Passat,1.8,Diesel,1985,147130,1807
BMW,Z4,2.4,Petrol,2005,98786,11548
VW,Passat,1.4,Diesel,1991,186708,1704
BMW,Z4,3.0,Petrol,2019,16354,55568
VW,Golf,1.6,Diesel,2017,49707,23377
BMW,X3,2.4,Petrol,2003,95436,10873
Ford,Fiesta,1.0,Petrol,2015,51060,12541
Toyota,Prius,1.4,Hybrid,2019,31586,39346
Ford,Focus,2.0,Petrol,2013,53995,22095
Ford,Mondeo,2.0,Diesel,2014,52369,24826
Toyota,Prius,1.4,Hybrid,2002,164524,4859
Toyota,Yaris,1.4,Petrol,1998,60153,5221
Ford,Fiesta,1.2,Petrol,2005,129003,4059
Ford,Fiesta,1.4,Petrol,1999,80689,4201
VW,Golf,1.4,Petrol,2015,33923,20046
Toyota,Prius,1.0,Hybrid,2018,48010,28198
Ford,Focus,1.8,Petrol,2018,20244,35719
Toyota,Prius,1.8,Hybrid,2010,112787,14200
VW,Passat,1.4,Diesel,2017,19171,32584
Toyota,RAV4,2.4,Hybrid,1997,120932,7613
Toyota,RAV4,2.4,Hybrid,1986,175805,2339
VW,Passat,1.4,Petrol,1993,245515,1095
VW,Polo,1.4,Petrol,2021,19166,27395
VW,Passat,2.0,Diesel,1993,140922,3414
VW,Golf,1.4,Diesel,1994,180359,1764
Toyota,RAV4,2.0,Hybrid,2009,81919,20589
VW,Passat,1.4,Diesel,2000,160639,3876
Ford,Fiesta,1.2,Petrol,2012,39796,12050
BMW,M5,4.0,Petrol,2018,26070,102575
Toyota,Prius,1.0,Hybrid,2017,58151,24748
Ford,Mondeo,1.4,Diesel,2009,66272,13608
Toyota,RAV4,2.0,Hybrid,2006,78772,17227
Toyota,Yaris,1.2,Petrol,2016,54395,16651
VW,Golf,1.6,Diesel,2004,139257,5170
VW,Golf,1.2,Petrol,1987,321290,266
VW,Polo,1.0,Petrol,1998,132947,2312
Ford,Fiesta,1.2,Petrol,1994,282453,505
BMW,X3,3.0,Diesel,2017,44787,45521
Porsche,Cayenne,3.0,Petrol,1991,260451,1844
Toyota,Yaris,1.4,Petrol,2007,82643,8180
BMW,M5,5.0,Petrol,2013,48360,72017
Ford,Fiesta,1.2,Petrol,2018,33969,18606
Toyota,RAV4,2.2,Hybrid,2016,42163,44587
VW,Golf,1.4,Diesel,2013,53366,16369
Porsche,911,2.2,Petrol,1997,197573,6209
Toyota,Prius,1.4,Hybrid,2004,138453,6874
VW,Polo,1.6,Petrol,2001,180293,2415
VW,Passat,1.4,Diesel,2015,68327,21158
Toyota,RAV4,2.2,Petrol,2014,63014,28524
Porsche,911,3.5,Petrol,2003,61804,33605
Ford,Focus,2.0,Petrol,2020,18372,43465
VW,Passat,1.8,Diesel,2000,231709,2360
VW,Golf,1.8,Petrol,2008,112763,8381
Ford,Mondeo,1.8,Diesel,1998,203586,2516
VW,Polo,1.0,Petrol,2006,59193,6708
Toyota,RAV4,2.2,Hybrid,1986,224321,1461
VW,Polo,1.2,Petrol,2003,125432,3749
Porsche,718 Cayman,2.0,Petrol,2013,59736,28428
Toyota,Prius,1.8,Hybrid,2004,102188,10301
Toyota,RAV4,2.2,Hybrid,2003,133730,9839
Ford,Fiesta,1.4,Petrol,1996,124812,2486
VW,Golf,1.6,Petrol,1992,152057,1994
Ford,Mondeo,1.8,Diesel,2016,50842,27170
Ford,Mondeo,1.4,Diesel,2005,163445,5001
Toyota,Yaris,1.4,Petrol,2008,98372,7818
Toyota,RAV4,2.4,Hybrid,2007,111553,15926
Toyota,Prius,1.4,Hybrid,1998,118214,5399
Ford,Fiesta,1.0,Petrol,1996,142155,1831
Toyota,RAV4,2.4,Hybrid,2021,14878,75945
Porsche,718 Cayman,2.0,Petrol,2007,67676,18092
VW,Golf,1.6,Petrol,2009,78923,10785
Toyota,Yaris,1.0,Hybrid,2001,105966,4702
VW,Golf,1.2,Petrol,2003,188493,2642
Ford,Fiesta,1.4,Petrol,1988,167103,1035
Toyota,Yaris,1.4,Hybrid,1986,221685,781
Ford,Mondeo,1.4,Hybrid,2021,19712,45883
VW,Golf,2.0,Petrol,1989,275622,607
VW,Passat,1.6,Diesel,1993,258679,1088
Ford,Focus,1.0,Petrol,2020,19485,30548
VW,Golf,2.0,Petrol,2020,19101,36364
Ford,Focus,1.4,Petrol,2004,114381,6657
BMW,X3,2.4,Diesel,2022,5063,71030
Ford,Focus,1.8,Diesel,2009,97704,12521
Porsche,718 Cayman,2.4,Petrol,2003,131527,9532
VW,Golf,1.2,Diesel,2004,110949,5579
Ford,Focus,2.0,Petrol,2002,122461,6546
BMW,Z4,3.0,Petrol,2010,101129,17713
Ford,Focus,1.0,Petrol,2006,133622,5538
VW,Passat,1.4,Diesel,2012,38599,20893
VW,Polo,1.4,Petrol,1997,169968,1889
Ford,Focus,1.0,Diesel,1996,202325,1675
VW,Passat,1.4,Diesel,2007,88464,10810
Ford,Fiesta,1.0,Petrol,1999,164726,1858
Ford,Mondeo,1.8,Petrol,2008,95401,11240
BMW,M5,5.0,Petrol,2018,24740,115545
Ford,Fiesta,1.4,Petrol,2016,48685,16098
Toyota,Yaris,1.2,Hybrid,1988,178872,1205
Ford,Mondeo,1.8,Petrol,1987,158182,1699
Porsche,718 Cayman,2.0,Petrol,2010,76670,20799
BMW,M5,4.0,Petrol,2002,119787,18807
VW,Golf,2.0,Diesel,1998,85221,5821
Ford,Fiesta,1.2,Petrol,2016,55959,14238
BMW,Z4,2.4,Petrol,2001,171903,4955
Ford,Fiesta,1.2,Petrol,2002,166014,2459
Ford,Focus,1.0,Diesel,2013,93949,12520
Porsche,Cayenne,2.6,Petrol,2008,67439,26149
VW,Passat,1.8,Diesel,2019,12727,43711
Toyota,Yaris,1.0,Hybrid,2006,99215,6897
Toyota,Prius,1.0,Hybrid,2006,92309,9425
BMW,X3,3.0,Diesel,2016,78661,34177
Ford,Mondeo,1.4,Diesel,2012,67863,16447
VW,Golf,1.4,Diesel,2007,53511,10962
Ford,Focus,1.0,Diesel,1999,118502,4102
VW,Polo,1.4,Petrol,1987,316328,254
VW,Polo,1.4,Petrol,2000,131015,3173
VW,Golf,1.8,Diesel,2013,79698,15599
VW,Golf,1.2,Petrol,2003,123198,4527
Toyota,Yaris,1.4,Petrol,2012,116826,8895
Porsche,911,3.0,Petrol,2009,59076,47240
Ford,Focus,1.8,Petrol,2011,79129,15539
Ford,Mondeo,2.0,Petrol,2018,35763,34151
Toyota,Prius,1.0,Hybrid,2015,44656,23567
VW,Passat,2.0,Petrol,2005,122133,8391
BMW,Z4,2.0,Petrol,1997,96019,6310
VW,Passat,1.8,Diesel,1986,174542,1537
Ford,Fiesta,1.4,Petrol,2018,20231,21726
BMW,Z4,2.0,Petrol,1989,100634,3579
VW,Passat,1.4,Petrol,1995,195228,1967
VW,Polo,2.0,Petrol,1991,221003,968
Ford,Focus,2.0,Petrol,2007,92700,11405
BMW,X3,2.4,Diesel,2008,50975,21507
VW,Polo,1.2,Petrol,2003,143978,3236
VW,Golf,1.6,Petrol,1996,170890,2225
VW,Passat,1.4,Diesel,2007,108446,9347
Toyota,Prius,1.8,Hybrid,2009,63768,18782
VW,Golf,1.6,Petrol,2015,58040,18486
VW,Polo,1.6,Petrol,2007,107625,6473
VW,Passat,1.8,Petrol,2005,127673,7625
Toyota,RAV4,2.0,Hybrid,1998,170237,4983
BMW,Z4,2.2,Petrol,1996,131881,4719
VW,Passat,1.8,Diesel,2007,146611,7866
Toyota,Yaris,1.0,Petrol,1993,123348,2014
Ford,Fiesta,1.0,Petrol,2011,89621,7423
Toyota,Prius,1.0,Hybrid,1993,141139,2731
VW,Polo,1.0,Petrol,1993,222606,771
Ford,Mondeo,1.6,Petrol,2007,82309,10877
BMW,Z4,2.4,Petrol,2022,6668,63896
VW,Golf,1.8,Petrol,1998,143241,3390
Toyota,Yaris,1.0,Hybrid,2012,54872,13928
Toyota,Yaris,1.2,Hybrid,2014,32583,19962
VW,Polo,2.0,Petrol,1992,202095,1225
Toyota,Prius,1.8,Hybrid,2004,137432,7859
BMW,M5,4.4,Petrol,1999,161878,11519
VW,Polo,2.0,Petrol,2002,130406,4355
VW,Golf,1.2,Diesel,1996,83474,3994
Ford,Fiesta,1.0,Petrol,1993,205996,872
Toyota,Prius,1.8,Hybrid,2005,95779,11538
VW,Passat,1.4,Diesel,2013,57648,19853
BMW,Z4,2.2,Petrol,2011,72398,19849
Toyota,Prius,1.8,Hybrid,2000,107862,7565
Toyota,Prius,1.0,Hybrid,2000,140491,4378
Porsche,911,3.5,Petrol,1996,108289,15220
Ford,Focus,1.4,Diesel,2002,91234,7255
Ford,Mondeo,1.6,Diesel,2004,162124,5057
Toyota,RAV4,2.0,Hybrid,2010,32617,30155
Ford,Fiesta,1.2,Petrol,2015,34439,15192
Porsche,Cayenne,4.0,Petrol,2009,108834,25878
BMW,X3,3.0,Petrol,1994,145804,4530
Toyota,Prius,1.4,Hybrid,2012,72508,19091
Toyota,Yaris,1.2,Petrol,2010,61336,10676
BMW,Z4,2.0,Petrol,2002,73672,10297
VW,Golf,2.0,Diesel,1999,172024,3160
Toyota,Prius,1.8,Hybrid,1985,80054,3398
Ford,Focus,1.8,Diesel,2008,59936,15183
Ford,Focus,2.0,Diesel,2005,120861,8500
Ford,Focus,1.8,Petrol,2010,66900,15788
VW,Passat,1.8,Diesel,1998,15237,10635
VW,Golf,1.2,Petrol,2021,10315,31563
Ford,Fiesta,1.0,Petrol,2012,50290,10317
VW,Passat,1.4,Diesel,1997,190173,2467
Ford,Focus,1.0,Petrol,2013,44697,16552
Ford,Focus,1.4,Petrol,1996,313731,672
Ford,Fiesta,1.0,Petrol,1999,241136,947
VW,Polo,1.2,Petrol,2001,77072,4676
Toyota,Yaris,1.0,Hybrid,1999,59061,5700
Porsche,911,3.0,Petrol,1995,76785,16517
Ford,Mondeo,1.4,Diesel,2019,36154,31996
Porsche,Cayenne,4.0,Petrol,2022,5962,118543
Toyota,RAV4,2.4,Hybrid,2002,101554,12292
Toyota,Prius,1.0,Hybrid,2014,49400,21412
VW,Polo,1.4,Petrol,2014,79849,11789
BMW,M5,5.0,Petrol,1989,208522,4214
VW,Polo,1.4,Petrol,1997,158028,2088
Toyota,RAV4,1.8,Hybrid,1996,190694,3470
Porsche,718 Cayman,2.0,Petrol,2003,143320,7919
Ford,Fiesta,1.2,Petrol,1993,287183,452
BMW,M5,5.0,Petrol,2003,138777,19366
Toyota,Yaris,1.2,Petrol,2004,112404,4996
Porsche,718 Cayman,2.4,Petrol,2005,94370,14419
VW,Golf,1.6,Diesel,1996,279453,878
VW,Polo,1.4,Petrol,2016,45283,16871
BMW,M5,5.0,Petrol,1989,170270,5875
Toyota,RAV4,2.4,Hybrid,2007,37670,26255
Ford,Mondeo,1.6,Diesel,2012,65505,17859
Ford,Focus,1.8,Petrol,2006,124447,7984
Ford,Focus,1.4,Petrol,2006,105952,8104
Toyota,RAV4,1.8,Hybrid,1997,153031,5105
Toyota,Yaris,1.4,Petrol,1986,176136,971
VW,Polo,1.6,Diesel,2000,119648,3891
Toyota,RAV4,2.0,Hybrid,1988,327541,604
Toyota,RAV4,1.8,Petrol,2014,54043,27332
VW,Golf,2.0,Petrol,2021,10376,40735
Porsche,718 Cayman,4.0,Petrol,1992,222039,2735
VW,Passat,1.6,Diesel,1994,257253,1179
VW,Golf,1.8,Diesel,2005,112716,7207
VW,Polo,1.6,Diesel,2015,35687,18766
VW,Polo,2.0,Petrol,1990,293643,461
VW,Passat,1.4,Petrol,2015,54426,22053
BMW,Z4,2.2,Petrol,2015,87514,23349
VW,Polo,1.2,Petrol,2011,53663,10624
Ford,Mondeo,1.6,Diesel,1995,204387,1928
Ford,Mondeo,1.8,Petrol,1991,217958,1322
BMW,X3,2.0,Diesel,2018,30685,43196
Ford,Focus,1.8,Diesel,2015,39748,27452
VW,Polo,1.0,Petrol,2019,30168,19049
VW,Passat,2.0,Diesel,2016,51044,30220
Ford,Mondeo,2.0,Diesel,1996,272040,1241
Toyota,Prius,1.8,Hybrid,2011,36911,25370
Ford,Fiesta,1.2,Petrol,1992,287457,422
Porsche,718 Cayman,2.0,Petrol,1992,220261,1965
Ford,Mondeo,2.0,Diesel,2010,65544,17470
Ford,Focus,1.6,Petrol,2016,31889,27596
Ford,Mondeo,1.6,Diesel,2014,54644,21889
Porsche,911,2.2,Petrol,2000,160971,10378
Ford,Focus,1.0,Hybrid,1993,162550,2207
Toyota,RAV4,2.2,Hybrid,2020,16533,67418
VW,Polo,2.0,Petrol,2002,100014,5486
Toyota,Prius,1.4,Hybrid,1996,116321,4794
Toyota,Yaris,1.4,Hybrid,1993,73872,4100
VW,Polo,1.6,Petrol,1994,159253,1809
VW,Polo,2.0,Diesel,1986,221104,728
Ford,Mondeo,2.0,Diesel,2009,92331,13594
Ford,Fiesta,1.4,Petrol,2013,56407,12555
Ford,Mondeo,1.4,Diesel,1998,173120,2890
VW,Passat,2.0,Petrol,1995,107300,4821
BMW,M5,5.0,Petrol,1994,81129,16366
Toyota,RAV4,2.0,Petrol,2012,67101,23171
Porsche,Cayenne,2.6,Petrol,2020,23069,76312
Ford,Focus,1.4,Petrol,1990,187363,1442
Ford,Focus,1.8,Petrol,2011,47117,19149
VW,Passat,2.0,Diesel,2014,44765,27493
Toyota,RAV4,1.8,Petrol,2019,24243,45564
BMW,X3,2.0,Diesel,1994,192248,2625
Toyota,RAV4,2.4,Petrol,2017,22633,46461
Toyota,Prius,1.4,Hybrid,2021,16448,48934
Toyota,RAV4,2.0,Hybrid,1990,247929,1466
VW,Passat,1.6,Diesel,2020,19656,42433
Toyota,RAV4,2.2,Hybrid,1996,174589,4408
Ford,Focus,1.6,Diesel,1998,125697,4592
VW,Golf,1.8,Petrol,1991,149439,2021
Toyota,Yaris,1.0,Petrol,2019,12783,23662
Ford,Fiesta,1.2,Petrol,2011,93694,7898
Ford,Fiesta,1.0,Petrol,2009,34408,9298
VW,Golf,2.0,Petrol,1996,201798,1904
Ford,Mondeo,1.6,Petrol,2001,160485,3998
VW,Polo,1.0,Petrol,1995,237425,770
VW,Golf,1.6,Petrol,2016,24772,24140
Porsche,911,2.6,Petrol,2017,29825,89587
Toyota,Yaris,1.0,Hybrid,2014,25641,18961
Toyota,RAV4,2.2,Petrol,2021,17447,59758
Ford,Focus,1.6,Petrol,2001,122130,5491
Porsche,Cayenne,3.0,Petrol,1997,183021,5524
Porsche,911,2.6,Petrol,2004,94440,24753
Toyota,Yaris,1.4,Petrol,1989,117252,1913
Ford,Mondeo,2.0,Diesel,2003,73884,10362
BMW,M5,4.4,Petrol,2004,117191,22991
VW,Passat,1.8,Diesel,2014,54390,24568
VW,Golf,2.0,Petrol,1998,59114,6608
Ford,Focus,2.0,Hybrid,2002,140940,6790
VW,Passat,1.6,Diesel,2004,138758,6469
VW,Golf,1.8,Petrol,1997,162484,2707
VW,Passat,1.6,Diesel,2004,108662,8167
Ford,Focus,1.8,Petrol,2008,89407,11840
BMW,Z4,2.4,Petrol,1996,277013,1377
Ford,Fiesta,1.4,Petrol,2010,95019,7905
Toyota,RAV4,2.4,Hybrid,2001,141717,8438
Ford,Fiesta,1.4,Petrol,2009,59485,9428
VW,Polo,1.6,Diesel,1989,168156,1263
Ford,Fiesta,1.4,Petrol,2020,28081,23757
Porsche,718 Cayman,4.0,Petrol,2014,49542,45842
Toyota,RAV4,2.4,Hybrid,2010,55479,28744
Toyota,RAV4,2.4,Hybrid,1997,248796,2540
VW,Polo,2.0,Petrol,1999,149679,3055
Ford,Fiesta,1.0,Petrol,2009,56920,8101
VW,Golf,1.8,Petrol,2005,132968,5869
VW,Golf,1.4,Diesel,2008,76190,10097
Ford,Fiesta,1.0,Hybrid,2006,132325,4630
VW,Golf,1.6,Petrol,2007,162092,4988
Porsche,718 Cayman,2.4,Petrol,2006,100890,14700
VW,Polo,1.6,Petrol,2018,29614,22613
Toyota,Yaris,1.0,Hybrid,2003,51334,7816
VW,Passat,2.0,Diesel,2010,98902,14641
Toyota,Yaris,1.2,Petrol,2015,88435,12396
VW,Polo,2.0,Diesel,2007,133593,6223
Porsche,Cayenne,4.0,Diesel,2007,121110,21663
Toyota,Yaris,1.2,Petrol,2020,25731,25809
Ford,Mondeo,1.4,Diesel,2019,16436,35769
VW,Polo,1.4,Petrol,1987,210185,683
VW,Polo,1.2,Petrol,2019,19635,22140
Ford,Focus,1.4,Hybrid,2001,172028,4110
Ford,Fiesta,1.4,Petrol,2015,53714,14593
Ford,Fiesta,1.2,Petrol,2011,57883,10077
Porsche,Cayenne,4.0,Petrol,1997,149724,8438
Ford,Mondeo,1.8,Diesel,2016,44509,28253
Ford,Focus,1.0,Diesel,2016,22781,24124
Ford,Fiesta,1.2,Petrol,2007,104545,5589
Ford,Mondeo,2.0,Diesel,2005,112247,8994
Toyota,RAV4,2.0,Hybrid,1996,149153,5196
VW,Golf,2.0,Petrol,1987,214424,934
Toyota,Prius,1.0,Hybrid,2015,12284,28347
Toyota,RAV4,2.0,Hybrid,2018,46665,47262
VW,Polo,1.0,Petrol,2015,43193,13510
Toyota,RAV4,2.0,Hybrid,2017,43904,44966
VW,Polo,1.0,Petrol,1993,306917,351
VW,Passat,1.8,Petrol,1992,260170,1014
BMW,X3,2.0,Diesel,1999,90648,8261
VW,Passat,1.6,Petrol,1993,213048,1572
Toyota,RAV4,1.8,Hybrid,2013,71157,27445
Toyota,Prius,1.4,Hybrid,2001,166279,4479
VW,Golf,1.8,Petrol,2022,7210,41997
BMW,M5,4.4,Petrol,2018,28558,106073
VW,Passat,1.4,Diesel,2008,91031,11346
VW,Golf,1.8,Petrol,1997,228312,1522
Porsche,911,2.2,Petrol,2011,71403,42625
Ford,Fiesta,1.4,Petrol,2003,115240,4267
Ford,Focus,1.6,Petrol,2013,37124,21912
VW,Polo,1.4,Petrol,2005,107117,5320
Toyota,Yaris,1.0,Petrol,1994,217607,973
VW,Golf,2.0,Diesel,2003,173781,4064
VW,Passat,2.0,Diesel,1987,194273,1460
VW,Polo,1.4,Petrol,1999,143513,2687
Ford,Focus,2.0,Petrol,1998,204866,2520
VW,Polo,1.6,Petrol,2010,34772,12875
Toyota,Prius,1.4,Hybrid,1999,133563,5121
Ford,Fiesta,1.4,Petrol,1993,220232,908
BMW,Z4,2.4,Petrol,1994,143474,3932
VW,Passat,1.4,Diesel,2001,252900,1831
Ford,Mondeo,1.8,Diesel,1996,183162,2632
BMW,Z4,3.0,Petrol,2011,55630,25869
VW,Passat,2.0,Diesel,2011,95068,16092
Toyota,RAV4,2.2,Hybrid,1991,203334,2460
VW,Passat,1.6,Diesel,2002,148497,5233
Ford,Focus,1.6,Diesel,1998,189248,2715
Toyota,Yaris,1.2,Petrol,2012,90761,9983
BMW,M5,5.0,Petrol,1992,220609,4619
VW,Golf,1.6,Hybrid,2011,99950,12738
BMW,Z4,3.0,Petrol,2020,24760,56710
BMW,M5,4.0,Petrol,1987,214739,3120
VW,Golf,1.4,Petrol,1997,133625,3020
BMW,X3,2.4,Diesel,2006,154172,8842
Toyota,RAV4,2.0,Hybrid,2009,34616,27883
Ford,Mondeo,1.6,Diesel,2009,106789,10941
Porsche,Cayenne,4.0,Petrol,1992,165863,5289
Toyota,Yaris,1.4,Hybrid,2000,81299,6213
Porsche,911,2.6,Petrol,2007,92426,30674
BMW,X3,3.0,Diesel,2004,65259,16805
Ford,Mondeo,2.0,Diesel,1991,288518,761
Ford,Mondeo,1.4,Diesel,2017,38211,27663
VW,Golf,1.2,Petrol,1992,246166,756
Ford,Fiesta,1.0,Petrol,2001,157914,2247
Ford,Focus,1.4,Petrol,1997,144214,3304
VW,Passat,1.6,Diesel,2016,15746,33200
Ford,Focus,1.4,Diesel,2019,21689,35075
Toyota,Yaris,1.2,Petrol,1993,103482,2565
VW,Golf,1.4,Diesel,2008,126488,6984
VW,Polo,2.0,Petrol,2003,179291,3112
Ford,Focus,1.0,Diesel,2003,150212,4165
Ford,Mondeo,1.8,Diesel,2014,52663,23509
Toyota,RAV4,2.2,Hybrid,1997,48227,12106
Ford,Fiesta,1.4,Petrol,2016,19686,19071
VW,Golf,2.0,Petrol,2000,85492,6322
BMW,Z4,2.4,Petrol,2022,5685,64221
Ford,Focus,1.8,Petrol,2011,51122,18679
Ford,Fiesta,1.0,Petrol,2000,117505,2902
Ford,Fiesta,1.0,Petrol,2000,153587,2179
Toyota,Prius,1.4,Hybrid,2013,38251,25363
VW,Golf,1.4,Diesel,2003,113197,5542
VW,Golf,1.6,Petrol,2019,18716,30492
Toyota,RAV4,2.0,Hybrid,2007,124136,13205
Ford,Mondeo,2.0,Diesel,1996,232431,1791
VW,Polo,1.0,Petrol,1998,127554,2412
Toyota,Prius,1.0,Hybrid,2011,69823,15368
BMW,M5,5.0,Petrol,2015,75406,69028
BMW,X3,2.4,Diesel,2017,28649,44787
Toyota,Yaris,1.4,Hybrid,2018,45797,26017
Ford,Focus,1.4,Petrol,1991,184706,1577
VW,Passat,1.4,Petrol,1991,29749,5167
VW,Passat,2.0,Diesel,2007,135701,9052
Ford,Focus,1.4,Petrol,1998,151292,3334
BMW,M5,5.0,Petrol,2005,42356,43828
Ford,Fiesta,1.2,Petrol,1988,257089,430
VW,Golf,1.4,Petrol,1989,220879,842
VW,Passat,2.0,Diesel,1988,167457,1966
Ford,Focus,2.0,Petrol,2012,71346,18460
VW,Polo,1.6,Petrol,1986,224160,603
Toyota,Prius,1.4,Hybrid,1989,193852,1588
Toyota,RAV4,2.2,Hybrid,2013,84961,27602
VW,Polo,1.2,Petrol,2005,158600,3280
Toyota,Yaris,1.0,Petrol,1995,145212,1935
Toyota,Prius,1.4,Hybrid,2006,128222,8517
Toyota,RAV4,2.4,Hybrid,2019,34815,59423
VW,Passat,1.4,Diesel,2019,22035,36649
VW,Passat,2.0,Diesel,2005,121250,8871
Ford,Mondeo,1.4,Diesel,2003,131404,5680
Ford,Focus,1.4,Petrol,2001,52718,8373
Porsche,Cayenne,2.6,Diesel,1998,158174,7123
Toyota,Yaris,1.4,Hybrid,2015,26744,23833
VW,Golf,2.0,Petrol,2008,136025,7375
Ford,Fiesta,1.4,Petrol,1992,239653,712
Ford,Focus,1.0,Diesel,2006,120077,6463
Toyota,Prius,1.4,Hybrid,2016,51588,28557
Toyota,Prius,1.8,Hybrid,2014,77165,23965
VW,Golf,1.2,Petrol,2000,35036,6783
BMW,X3,2.0,Petrol,2007,115294,11185
VW,Passat,1.8,Diesel,2009,70410,15860
Toyota,Yaris,1.2,Hybrid,2010,108480,9212
Ford,Fiesta,1.4,Petrol,1995,113037,2545
Ford,Focus,1.0,Petrol,2006,149380,4878
BMW,X3,2.0,Diesel,1996,198506,2839
Ford,Mondeo,2.0,Diesel,1993,222692,1602
Toyota,Yaris,1.0,Hybrid,2006,72073,8344
VW,Golf,1.4,Diesel,2012,78406,12984
Toyota,Prius,1.8,Hybrid,2004,140396,7675
BMW,X3,2.4,Petrol,2020,16913,55616
VW,Golf,1.8,Petrol,1999,109775,4704
Ford,Focus,1.4,Petrol,2011,88397,12846
Ford,Focus,1.4,Petrol,1988,208104,1052
Ford,Mondeo,1.6,Diesel,2007,78404,11733
Ford,Mondeo,1.6,Diesel,2013,27887,24053
BMW,X3,3.0,Diesel,1994,88695,7351
BMW,Z4,2.2,Petrol,1992,172095,2599
Toyota,RAV4,2.2,Hybrid,2004,176163,7413
Toyota,RAV4,2.4,Hybrid,1995,53344,10718
Toyota,Yaris,1.2,Petrol,2012,61838,12159
Ford,Fiesta,1.2,Petrol,1998,64297,4063
Porsche,911,2.6,Petrol,2014,75584,55021
Ford,Fiesta,1.2,Petrol,1989,344848,199
Ford,Focus,1.0,Petrol,2001,177526,2762
Toyota,Yaris,1.2,Hybrid,2012,97630,11402
BMW,X3,2.0,Diesel,2020,22096,51814
BMW,X3,2.4,Diesel,2005,87995,13757
VW,Passat,1.6,Diesel,2000,184988,3370
Ford,Focus,2.0,Petrol,2004,147627,6125
Ford,Mondeo,1.8,Diesel,1999,167819,3664
Ford,Focus,2.0,Petrol,2015,59574,24364
VW,Polo,1.0,Diesel,2009,75245,7736
Ford,Fiesta,1.4,Hybrid,2004,122792,5166
BMW,X3,2.0,Diesel,2012,60475,24131
Toyota,Yaris,1.4,Hybrid,1995,193962,1821
Ford,Fiesta,1.2,Petrol,2011,64301,9667
Toyota,Prius,1.0,Hybrid,2010,85758,12890
Ford,Fiesta,1.0,Petrol,2013,83052,8882
Ford,Mondeo,1.8,Hybrid,2013,39482,27250
VW,Passat,1.4,Diesel,2008,98738,10733
Ford,Mondeo,2.0,Diesel,1993,200460,1953
VW,Polo,1.2,Petrol,2001,155201,2584
Ford,Mondeo,1.4,Diesel,1994,294223,737
Porsche,Cayenne,2.6,Petrol,1998,170417,6122
VW,Polo,2.0,Petrol,2000,151494,3217
VW,Polo,1.6,Petrol,2005,55633,8121
Ford,Mondeo,1.8,Diesel,1994,105467,4311
Ford,Fiesta,1.0,Petrol,2013,57585,10532
BMW,X3,2.4,Diesel,1997,148720,5074
Ford,Mondeo,1.4,Hybrid,2022,6732,52560
Toyota,RAV4,2.0,Hybrid,2000,173913,5518
Ford,Fiesta,1.2,Petrol,1992,149528,1447
Ford,Mondeo,1.4,Hybrid,2005,67876,11786
VW,Golf,1.6,Petrol,2017,53598,21728
BMW,Z4,2.2,Petrol,2017,30834,38409
Toyota,Yaris,1.4,Hybrid,1998,156440,3062
Ford,Focus,1.8,Diesel,2001,123813,6037
Toyota,RAV4,1.8,Hybrid,1998,194126,3848
VW,Passat,1.4,Diesel,1993,145808,2746
Ford,Mondeo,1.6,Diesel,2018,27414,33660
Toyota,Prius,1.4,Hybrid,1992,207282,1723
Toyota,Yaris,1.2,Hybrid,2012,65766,14220
Toyota,Prius,1.4,Hybrid,1996,83852,6078
VW,Passat,1.8,Diesel,2000,106498,6743
BMW,M5,5.0,Petrol,2005,123949,24871
BMW,M5,5.0,Petrol,2020,21152,134691
Toyota,Yaris,1.2,Hybrid,1996,169490,2224
Ford,Mondeo,1.6,Hybrid,2009,131434,10351
BMW,M5,4.0,Petrol,1996,130710,11580
BMW,Z4,2.2,Petrol,2019,45897,40127
VW,Golf,1.4,Diesel,1999,149419,3191
Toyota,RAV4,1.8,Petrol,2015,51840,29624
BMW,X3,2.0,Petrol,1985,203868,1238
Ford,Fiesta,1.2,Petrol,2006,77493,6340
Toyota,Prius,1.8,Hybrid,2013,70036,23526
Toyota,Prius,1.4,Hybrid,2016,21161,34170
Ford,Mondeo,2.0,Diesel,2022,8345,54510
Toyota,RAV4,2.4,Hybrid,2006,98942,16359
Ford,Mondeo,1.4,Diesel,1996,167736,2647
Toyota,RAV4,2.0,Petrol,2010,69276,19988
BMW,X3,2.0,Diesel,1991,133207,3517
Toyota,RAV4,1.8,Hybrid,2007,99069,15130
Toyota,RAV4,1.8,Hybrid,2012,43011,30732
VW,Polo,1.0,Petrol,2000,80671,3896
Ford,Fiesta,1.0,Petrol,2017,46544,14736
Toyota,Yaris,1.2,Hybrid,2014,13527,22199
Porsche,911,3.0,Petrol,2005,36704,41542
Toyota,RAV4,2.0,Petrol,2020,23302,51611
Ford,Fiesta,1.0,Petrol,2013,77697,9217
Ford,Fiesta,1.4,Petrol,1994,231782,874
Ford,Focus,1.4,Hybrid,2009,118654,10792
Porsche,718 Cayman,2.0,Petrol,2001,118933,8398
Toyota,Prius,1.8,Hybrid,2000,119176,6944
Ford,Fiesta,1.0,Petrol,1987,240349,428
VW,Polo,2.0,Petrol,2001,92049,5436
Ford,Fiesta,1.4,Petrol,2004,142232,3692
BMW,M5,4.4,Petrol,2006,151991,19935
Porsche,718 Cayman,4.0,Petrol,2017,35278,61033
Toyota,RAV4,2.0,Hybrid,1987,298312,748
BMW,X3,3.0,Diesel,1993,155080,4124
Toyota,Yaris,1.4,Petrol,2001,138930,3594
Ford,Fiesta,1.2,Petrol,2018,34857,18510
Toyota,Prius,1.4,Hybrid,1997,19163,9734
Ford,Mondeo,2.0,Diesel,2004,151949,6151
Ford,Focus,1.4,Diesel,2005,157593,5300
Toyota,RAV4,2.4,Hybrid,2008,87154,20341
Ford,Mondeo,1.4,Petrol,2013,22587,22077
Toyota,Yaris,1.4,Petrol,2018,20003,25188
Ford,Mondeo,1.6,Diesel,1996,204392,2061
Toyota,RAV4,2.4,Petrol,2016,47694,37520
VW,Golf,1.4,Petrol,2004,83461,7005
Toyota,Prius,1.0,Hybrid,2008,78386,11873
VW,Polo,1.2,Petrol,1991,150165,1382
BMW,M5,4.0,Petrol,2012,81854,48358
Toyota,Prius,1.4,Hybrid,2022,7155,54945
Toyota,Yaris,1.0,Hybrid,1994,113422,2788
Porsche,Cayenne,4.0,Diesel,2016,54952,62946
VW,Polo,1.4,Diesel,2020,19029,26930
BMW,Z4,2.2,Petrol,2016,54671,31105
VW,Polo,1.0,Petrol,2006,52291,7009
Ford,Mondeo,1.6,Diesel,1998,99510,5544
VW,Golf,1.6,Hybrid,1995,205481,1850
VW,Polo,1.0,Petrol,1990,119712,1503
Ford,Fiesta,1.4,Petrol,1988,332430,227
Ford,Focus,1.8,Diesel,1998,136072,4488
Toyota,RAV4,1.8,Hybrid,2010,93604,19225
Toyota,Prius,1.8,Hybrid,1999,155496,4863
Ford,Fiesta,1.4,Petrol,2001,116115,3710
Ford,Fiesta,1.2,Petrol,2016,68236,13145
Toyota,RAV4,2.4,Petrol,2009,77119,19427
VW,Passat,2.0,Diesel,2008,79448,14709
BMW,Z4,2.0,Petrol,2004,68915,12148
VW,Golf,2.0,Diesel,2011,41216,18453
VW,Golf,1.6,Petrol,2014,47565,18471
Toyota,Prius,1.8,Hybrid,2003,101953,9653
Toyota,Yaris,1.2,Petrol,2017,39093,19554
Ford,Mondeo,1.6,Diesel,1989,67674,3799
BMW,X3,2.4,Diesel,1992,184158,2699
Toyota,Prius,1.4,Hybrid,1995,201433,2217
VW,Polo,2.0,Petrol,2011,55011,13599
Toyota,RAV4,2.0,Hybrid,2011,87465,22630
Toyota,Yaris,1.0,Petrol,2018,19453,21352
VW,Polo,1.6,Petrol,2009,104548,7568
Ford,Mondeo,1.4,Diesel,2019,27045,33727
BMW,M5,4.0,Petrol,1998,98972,16835
BMW,M5,4.0,Petrol,1994,130738,10132
Toyota,Yaris,1.0,Hybrid,1992,129425,2157
VW,Polo,1.6,Petrol,2016,84142,13978
Ford,Focus,1.6,Petrol,1996,178647,2479
VW,Passat,2.0,Diesel,2017,52241,32062
Toyota,Prius,1.0,Hybrid,2020,11574,39711
Ford,Fiesta,1.2,Petrol,2006,126633,4420
Toyota,Yaris,1.4,Petrol,2010,86456,9729
Toyota,RAV4,2.4,Hybrid,2002,144336,8831
Toyota,RAV4,2.4,Hybrid,2017,31006,53170
Ford,Focus,1.0,Petrol,1992,194937,1304
VW,Polo,1.2,Diesel,1995,213686,1098
Ford,Mondeo,2.0,Diesel,1991,128006,3133
BMW,X3,2.4,Diesel,2002,142960,7421
Ford,Mondeo,1.8,Diesel,1990,100501,3425
Ford,Fiesta,1.2,Petrol,1985,292213,253
VW,Passat,1.8,Diesel,2006,88946,11428
BMW,X3,2.0,Diesel,2021,12180,58449
Toyota,RAV4,2.4,Hybrid,1992,201663,2788
BMW,Z4,2.4,Petrol,2008,144738,9898
Porsche,718 Cayman,2.0,Petrol,2002,43128,15149
Ford,Fiesta,1.4,Petrol,1990,165745,1196
Ford,Fiesta,1.2,Petrol,2010,75848,8372
VW,Polo,1.0,Petrol,1988,205643,643
VW,Golf,1.8,Petrol,2013,60049,16939
VW,Golf,1.8,Diesel,2018,37169,28600
BMW,Z4,3.0,Petrol,2012,65239,25986
Toyota,Prius,1.4,Hybrid,2008,64768,15395
VW,Polo,2.0,Petrol,2008,34643,12607
Ford,Fiesta,1.0,Petrol,2005,152119,3078
VW,Passat,1.6,Diesel,2003,142700,5863
Toyota,RAV4,2.0,Hybrid,1993,259192,1613
VW,Golf,1.2,Diesel,2014,45248,17037
Toyota,Yaris,1.0,Petrol,2014,24463,15906
Ford,Fiesta,1.4,Hybrid,1995,127386,2735
VW,Passat,1.4,Diesel,1990,195667,1474
VW,Passat,1.6,Petrol,2012,66246,17882
Toyota,Yaris,1.2,Petrol,2006,85826,6929
Ford,Fiesta,1.2,Petrol,2002,109764,3852
Ford,Focus,1.0,Petrol,2020,15296,31251
VW,Golf,2.0,Diesel,2002,112623,6224
Ford,Mondeo,2.0,Petrol,2008,100786,11393
BMW,Z4,3.0,Petrol,2022,7052,71296
Ford,Focus,1.6,Petrol,2013,68059,18041
Ford,Fiesta,1.0,Petrol,2022,6316,25820
Porsche,718 Cayman,4.0,Petrol,2018,29509,67461
VW,Polo,1.4,Petrol,1999,119588,3245
Ford,Mondeo,1.8,Diesel,1986,311900,414
Porsche,Cayenne,2.6,Diesel,2001,178378,7337
VW,Golf,2.0,Petrol,1995,184303,2075
VW,Golf,1.2,Hybrid,2000,60800,6942
VW,Polo,1.6,Petrol,1993,222634,975
Toyota,Prius,1.8,Hybrid,1985,172971,1651
Toyota,Yaris,1.0,Petrol,2010,80408,8576
Toyota,Prius,1.0,Hybrid,2010,50482,16290
VW,Polo,1.2,Petrol,2005,92320,5487
Ford,Fiesta,1.4,Petrol,2006,8500,10395
VW,Golf,1.4,Petrol,2014,26903,19526
Ford,Focus,1.0,Diesel,2007,125693,6615
Toyota,Prius,1.4,Hybrid,2017,40671,32640
VW,Golf,1.6,Petrol,2020,14994,33258
Toyota,RAV4,2.4,Hybrid,1998,111655,8733
Ford,Mondeo,1.8,Hybrid,2006,112672,10390
VW,Polo,1.0,Petrol,2001,199845,1610
BMW,X3,3.0,Diesel,1998,90328,9487
Toyota,Prius,1.0,Hybrid,2017,35136,28507
Porsche,Cayenne,3.5,Diesel,2020,1500,104240
Ford,Mondeo,1.4,Diesel,1998,172904,2896
Ford,Fiesta,1.0,Petrol,2012,64070,9447
Ford,Focus,1.0,Petrol,1995,134997,2631
Toyota,Yaris,1.4,Petrol,1994,218426,1142
Ford,Fiesta,1.2,Petrol,1999,156051,2188
Ford,Focus,1.8,Petrol,1994,215820,1661
Ford,Mondeo,2.0,Diesel,2006,144141,7491
Ford,Focus,2.0,Petrol,2003,136930,6246
Toyota,Yaris,1.4,Hybrid,2001,134748,4459
Ford,Mondeo,1.4,Diesel,1992,136129,2628
Toyota,RAV4,2.4,Hybrid,2010,60011,27922
Ford,Focus,1.0,Hybrid,2000,228168,1983
VW,Passat,2.0,Diesel,1991,128477,3298
Ford,Mondeo,1.6,Diesel,2000,180366,3319
Toyota,RAV4,2.2,Hybrid,1997,111548,7829
Ford,Focus,2.0,Petrol,1991,150968,2505
VW,Polo,1.0,Petrol,2016,33410,15306
Toyota,Prius,1.0,Hybrid,2008,51808,14139
Ford,Mondeo,1.8,Hybrid,2001,132928,6365
VW,Polo,2.0,Petrol,1999,181071,2347
VW,Passat,2.0,Diesel,1998,150754,4399
Toyota,Yaris,1.2,Petrol,1996,187415,1590
Ford,Fiesta,1.2,Hybrid,1993,133596,2110
Ford,Fiesta,1.4,Petrol,2004,98489,5167
Toyota,Yaris,1.4,Petrol,1987,316594,286
VW,Passat,1.8,Diesel,1999,215317,2560
Toyota,RAV4,2.4,Petrol,2011,93805,19746
Porsche,718 Cayman,2.4,Petrol,2003,109064,11328
BMW,Z4,2.2,Petrol,2001,192183,3984
Ford,Focus,1.6,Petrol,2016,27362,28322
VW,Golf,1.8,Diesel,2015,55535,20919
VW,Golf,1.6,Petrol,2019,23400,29713
VW,Golf,1.6,Diesel,2010,71833,12703
Ford,Fiesta,1.2,Petrol,2005,179379,2681
VW,Polo,2.0,Petrol,1998,230711,1414
BMW,Z4,2.2,Petrol,2010,68387,19074
Toyota,RAV4,2.4,Hybrid,2016,44500,45914
Ford,Focus,1.8,Petrol,2006,49312,13536
VW,Passat,1.6,Diesel,2019,28888,37695
Toyota,Prius,1.8,Hybrid,1985,232092,980
Ford,Mondeo,1.4,Diesel,2003,125810,5935
VW,Passat,2.0,Petrol,2012,58312,21052
VW,Polo,1.6,Petrol,2004,47244,8007
VW,Polo,2.0,Petrol,2020,20110,30473
Toyota,Yaris,1.2,Hybrid,1994,199030,1508
Toyota,RAV4,2.2,Hybrid,2006,137264,11684
VW,Passat,1.6,Diesel,1997,204379,2328
Ford,Mondeo,1.6,Diesel,2009,131851,9027
Ford,Focus,1.4,Petrol,1995,106494,3876
Ford,Fiesta,1.2,Petrol,2019,28524,20524
Ford,Focus,1.4,Hybrid,2017,31988,33093
Ford,Focus,1.0,Diesel,2005,98140,7125
Ford,Fiesta,1.2,Petrol,1991,225698,700
Ford,Focus,1.8,Petrol,2017,37965,30193
VW,Passat,1.8,Diesel,2014,70262,22156
Ford,Mondeo,1.4,Diesel,1987,224569,883
Ford,Focus,1.8,Diesel,2008,32647,17951
VW,Passat,1.8,Petrol,1999,91069,6722
Ford,Mondeo,1.8,Hybrid,2000,167259,4498
VW,Polo,1.0,Petrol,2008,61705,7542
BMW,M5,4.4,Petrol,1996,216993,5844
VW,Polo,1.6,Petrol,2013,42338,15033
VW,Passat,1.4,Diesel,2019,31167,34802
Porsche,718 Cayman,2.4,Petrol,2001,92725,11175
Ford,Mondeo,2.0,Diesel,2011,79926,16949
VW,Golf,1.4,Hybrid,2000,171292,3250
VW,Passat,1.8,Diesel,1990,98121,3682
VW,Golf,1.4,Petrol,1990,101894,2414
Porsche,Cayenne,2.6,Diesel,2003,145023,11072
Toyota,Prius,1.8,Hybrid,2010,42527,22950
Ford,Fiesta,1.0,Petrol,1986,300179,229
Toyota,Prius,1.8,Hybrid,1997,151020,4415
Ford,Fiesta,1.4,Petrol,2018,32754,20240
Ford,Mondeo,2.0,Diesel,2007,88401,12235
VW,Golf,1.2,Petrol,2003,44228,7842
Toyota,Prius,1.0,Hybrid,1989,110628,2652
Ford,Fiesta,1.0,Petrol,1988,157834,945
VW,Polo,2.0,Diesel,1984,256228,462
VW,Polo,2.0,Petrol,1992,327016,383
Ford,Focus,1.8,Petrol,2007,156107,6620
Toyota,Yaris,1.4,Petrol,2016,30723,20753
Ford,Focus,1.8,Petrol,2012,78366,16698
Toyota,RAV4,1.8,Hybrid,2000,221068,3461
Ford,Focus,1.8,Petrol,2019,23578,37482
VW,Golf,1.6,Petrol,2016,29366,23519
VW,Golf,1.8,Petrol,1993,204831,1439
VW,Golf,1.8,Petrol,1999,126187,4149
VW,Passat,1.8,Diesel,2010,25297,22394
Porsche,718 Cayman,2.0,Petrol,1989,17000,7399
VW,Passat,1.4,Diesel,2007,82755,11252
Toyota,RAV4,1.8,Hybrid,2000,29805,14928
Toyota,Yaris,1.2,Petrol,2014,62068,13872
BMW,Z4,2.2,Petrol,1999,66044,9304
VW,Polo,2.0,Petrol,1984,300318,290
VW,Passat,1.8,Diesel,2000,154253,4634
VW,Golf,1.6,Petrol,1995,148328,2511
Toyota,Prius,1.0,Hybrid,2000,158276,3786
Toyota,Yaris,1.4,Hybrid,2016,51832,21933
Toyota,RAV4,1.8,Hybrid,1993,148945,4043
VW,Golf,2.0,Petrol,2012,53944,17368
Toyota,RAV4,1.8,Hybrid,2014,26084,38774
BMW,Z4,2.2,Petrol,1993,130330,3911
Toyota,RAV4,2.4,Hybrid,2019,9708,68314
Toyota,RAV4,1.8,Petrol,2004,69129,12723
Ford,Mondeo,1.4,Diesel,2011,80787,14096
Ford,Fiesta,1.0,Petrol,2013,22191,13015
Ford,Focus,1.8,Diesel,2012,77365,17654
Toyota,Prius,1.8,Hybrid,2012,62428,23142
VW,Polo,1.4,Petrol,1993,238030,793
VW,Golf,1.6,Petrol,1988,229431,779
Toyota,RAV4,2.0,Hybrid,2006,108302,13936
Ford,Fiesta,1.2,Petrol,1999,147936,2338
Ford,Mondeo,1.4,Diesel,2000,197828,2667
BMW,M5,4.0,Petrol,2011,80607,45632
Toyota,RAV4,2.4,Hybrid,1987,279370,980
Ford,Fiesta,1.0,Petrol,2014,22213,13911
VW,Polo,1.4,Petrol,1990,146951,1434
Toyota,Prius,1.4,Hybrid,1995,154365,3315
Ford,Focus,1.0,Diesel,2005,101476,6954
Ford,Mondeo,1.6,Petrol,1992,199221,1574
VW,Polo,1.6,Petrol,1986,274051,380
Ford,Focus,2.0,Petrol,2020,16189,43983
VW,Passat,1.6,Petrol,2004,72902,10034
Ford,Fiesta,1.0,Diesel,2019,30415,19461
Toyota,Yaris,1.0,Hybrid,2013,35982,16712
BMW,Z4,2.4,Petrol,2005,54799,15591
VW,Passat,1.6,Diesel,1996,192128,2426
Toyota,Yaris,1.4,Hybrid,2006,118032,7090
VW,Golf,1.8,Diesel,1993,253325,973
Porsche,911,2.2,Petrol,1997,116058,12165
VW,Polo,2.0,Petrol,2004,103532,6108
VW,Passat,1.4,Diesel,2003,116002,6762
BMW,Z4,2.2,Petrol,1994,147950,3630
BMW,Z4,2.4,Petrol,2010,80625,18336
Ford,Fiesta,1.0,Petrol,2012,65100,9383
Toyota,Yaris,1.4,Hybrid,2006,95049,8411
VW,Polo,1.2,Petrol,2020,13399,24478
VW,Golf,1.4,Hybrid,1993,200169,1587
BMW,Z4,2.4,Petrol,1997,195638,3092
VW,Passat,2.0,Petrol,2008,116754,10681
VW,Polo,1.0,Diesel,2004,98432,4708
VW,Polo,1.2,Petrol,2018,32728,19235
Toyota,RAV4,2.4,Hybrid,2009,131873,15557
Porsche,718 Cayman,4.0,Petrol,2014,63923,41822
VW,Golf,1.4,Petrol,1991,203777,1121
VW,Polo,1.6,Petrol,1995,136408,2329
Ford,Mondeo,2.0,Diesel,2012,52278,21740
Ford,Focus,1.6,Diesel,2018,34491,32611
Ford,Mondeo,2.0,Diesel,1991,122225,3277
Ford,Fiesta,1.2,Petrol,1992,147465,1472
Toyota,Prius,1.0,Hybrid,2012,45147,19237
Ford,Mondeo,1.4,Diesel,1985,240690,667
Toyota,Prius,1.8,Hybrid,2006,106675,11386
Ford,Focus,1.8,Petrol,1996,145212,3476
Toyota,RAV4,2.4,Hybrid,2000,120468,9331
VW,Passat,1.8,Petrol,2000,34952,10359
Toyota,RAV4,2.0,Hybrid,1987,250374,1173
Ford,Focus,1.4,Diesel,2010,57727,15519
VW,Golf,1.4,Petrol,2004,68696,7747
VW,Golf,1.2,Diesel,2012,76244,12200
Toyota,RAV4,2.4,Petrol,1992,196021,2441
Ford,Focus,1.4,Petrol,2000,125603,4678
VW,Polo,1.4,Petrol,2015,46554,15660
VW,Golf,1.2,Diesel,2013,87559,12057
VW,Polo,2.0,Petrol,2013,5000,20707
VW,Polo,2.0,Petrol,1997,132089,3079
BMW,X3,3.0,Diesel,2012,64382,28812
Ford,Focus,1.8,Diesel,2016,31171,30862
VW,Passat,1.4,Diesel,1992,62182,4754
VW,Passat,1.4,Petrol,1984,210619,824
Ford,Fiesta,1.0,Petrol,1997,65696,3438
VW,Golf,1.4,Diesel,1993,182030,1627
BMW,Z4,2.0,Petrol,1997,179566,3245
Ford,Fiesta,1.2,Petrol,2010,16500,12043
VW,Golf,1.6,Petrol,1999,282692,990
Toyota,RAV4,2.0,Hybrid,2009,77772,21186
VW,Golf,1.6,Petrol,2001,192142,2587
Ford,Fiesta,1.0,Petrol,1993,89834,2232
Ford,Mondeo,1.4,Diesel,2007,123667,7879
VW,Passat,2.0,Diesel,2015,60207,26671
BMW,X3,3.0,Petrol,1998,149545,5737
BMW,X3,3.0,Diesel,2003,121506,10505
BMW,M5,5.0,Petrol,1989,167840,5996
Ford,Focus,2.0,Diesel,2016,23215,34034
Ford,Fiesta,1.4,Petrol,2018,30090,20554
Ford,Focus,2.0,Diesel,2008,79483,14047
Toyota,RAV4,1.8,Hybrid,2015,49086,36164
Toyota,RAV4,2.0,Hybrid,2020,16535,64280
VW,Golf,1.6,Petrol,2018,23068,27848
VW,Polo,1.0,Petrol,1999,108962,2972
Ford,Mondeo,2.0,Diesel,2010,58911,18240
Ford,Mondeo,1.4,Petrol,2015,23502,25098
Ford,Fiesta,1.0,Petrol,2018,32148,17166
VW,Golf,1.6,Petrol,1994,240418,1052
VW,Passat,2.0,Diesel,1998,140213,4792
Porsche,Cayenne,2.6,Petrol,1999,60759,14992
Ford,Focus,1.6,Diesel,2005,92446,9391
Ford,Fiesta,1.2,Petrol,1995,172649,1458
Ford,Fiesta,1.2,Petrol,1999,56338,4573
Ford,Focus,1.8,Petrol,2003,40560,11690
Toyota,Prius,1.4,Hybrid,1992,291031,796
VW,Passat,2.0,Petrol,1992,148295,2865
VW,Polo,1.6,Petrol,2010,69473,10357
VW,Passat,1.6,Diesel,2006,98528,10057
VW,Polo,1.2,Petrol,1994,165631,1485
Ford,Mondeo,1.4,Diesel,2015,45752,23133
VW,Golf,2.0,Petrol,2012,56403,17099
Toyota,RAV4,1.8,Hybrid,2009,94674,17847
BMW,X3,3.0,Diesel,1994,156658,4351
Ford,Mondeo,2.0,Diesel,2006,87542,11515
Ford,Focus,1.6,Petrol,2014,72218,18756
Toyota,Prius,1.4,Hybrid,1998,202379,2685
Toyota,RAV4,1.8,Petrol,1991,217400,1636
Ford,Focus,1.8,Petrol,2006,127802,7778
Ford,Fiesta,1.4,Petrol,1995,195685,1291
VW,Polo,2.0,Petrol,2002,150833,3696
Porsche,Cayenne,3.0,Petrol,2009,85258,26589
Ford,Focus,1.6,Petrol,2012,60644,17718
Toyota,RAV4,2.2,Petrol,1995,185133,3139
Ford,Mondeo,1.8,Diesel,1994,187698,2215
VW,Golf,1.4,Diesel,1993,271986,721
Ford,Focus,1.4,Petrol,2009,79701,11946
VW,Passat,1.6,Diesel,2005,82859,10520
Toyota,RAV4,2.4,Hybrid,1985,94261,4173
VW,Golf,1.2,Diesel,2018,24331,25145
Porsche,911,2.2,Petrol,2001,129345,14332
Toyota,RAV4,2.4,Hybrid,1986,146972,2975
VW,Passat,1.8,Diesel,1996,123822,4528
Ford,Fiesta,1.4,Petrol,2009,102539,7001
Toyota,RAV4,2.4,Petrol,2007,101824,14268
VW,Golf,1.2,Petrol,2002,57778,6740
Ford,Fiesta,1.0,Petrol,2009,67820,7546
VW,Polo,1.6,Petrol,1991,199331,1050
Ford,Focus,2.0,Diesel,1993,216603,1708
Ford,Mondeo,1.8,Diesel,2014,60206,22405
VW,Golf,1.4,Petrol,1997,139842,2874
Porsche,Cayenne,4.0,Petrol,2013,5000,65380
VW,Passat,1.6,Petrol,2011,61026,17309
Porsche,718 Cayman,2.0,Petrol,2008,101766,15235
VW,Polo,1.0,Petrol,2000,178854,1808
VW,Polo,1.4,Petrol,2003,70117,6049
Ford,Fiesta,1.2,Petrol,1992,251928,589
Toyota,RAV4,2.2,Petrol,2010,87913,18445
Toyota,Prius,1.0,Hybrid,2002,93885,7137
VW,Golf,1.6,Diesel,2005,149357,5092
Toyota,Yaris,1.0,Hybrid,2013,60197,14390
VW,Golf,1.2,Petrol,2019,23976,25649
Toyota,Yaris,1.0,Hybrid,2015,24923,20351
VW,Passat,1.4,Diesel,2008,78287,12405
VW,Polo,2.0,Petrol,2010,23514,15353
VW,Polo,1.4,Petrol,2011,114058,7533
Toyota,RAV4,2.2,Hybrid,2003,126947,10378
Toyota,RAV4,2.2,Hybrid,2008,70710,21806
Toyota,RAV4,2.4,Hybrid,1989,137762,3913
Toyota,RAV4,2.0,Hybrid,2000,65257,12646
Ford,Mondeo,1.4,Diesel,1994,238571,1240
Ford,Focus,2.0,Petrol,2013,71933,19655
Toyota,Yaris,1.2,Petrol,1992,239579,764
VW,Golf,1.6,Diesel,2006,85753,8842
Toyota,Prius,1.0,Hybrid,2004,60404,10253
VW,Golf,1.4,Petrol,2004,69950,7682
Toyota,Yaris,1.4,Hybrid,2018,17029,30721
VW,Polo,1.0,Petrol,1991,199696,828
Toyota,Yaris,1.0,Hybrid,1999,143799,3067
VW,Polo,1.6,Petrol,2014,33293,16956
Toyota,Yaris,1.2,Petrol,1997,91061,3664
Porsche,911,3.5,Petrol,2011,56172,59397
VW,Polo,2.0,Petrol,2003,91647,6229
BMW,Z4,2.4,Petrol,2017,39530,38121
Ford,Fiesta,1.0,Petrol,2009,150203,4082
BMW,X3,3.0,Diesel,2004,91235,14062
Toyota,Yaris,1.4,Hybrid,2021,17843,37357
VW,Passat,1.4,Diesel,1991,201336,1499
Toyota,RAV4,2.0,Petrol,2016,48652,34048
VW,Golf,1.6,Petrol,1993,124529,2656
Ford,Fiesta,1.0,Petrol,1998,146755,2016
Toyota,Prius,1.0,Hybrid,1999,73789,6723
Porsche,Cayenne,2.6,Diesel,2000,158010,8150
Toyota,Prius,1.4,Hybrid,1995,192574,2396
Ford,Fiesta,1.0,Petrol,2019,20540,19594
VW,Passat,1.4,Diesel,2005,129695,6950
VW,Passat,1.8,Diesel,2010,103016,13477
BMW,Z4,3.0,Petrol,2015,65721,31639
Toyota,Yaris,1.0,Petrol,2007,40466,9090
Toyota,RAV4,2.4,Hybrid,1994,100796,7251
Toyota,Yaris,1.0,Hybrid,2008,42018,11551
Toyota,Prius,1.4,Hybrid,1997,134332,4455
Ford,Fiesta,1.0,Hybrid,2000,129456,3174
VW,Passat,1.4,Diesel,2010,101370,12030
Ford,Focus,1.6,Diesel,2010,80494,14256
Ford,Mondeo,1.8,Diesel,1995,211765,1915
Ford,Mondeo,1.8,Diesel,2020,21764,42108
Toyota,Yaris,1.4,Petrol,2011,103197,9217
Ford,Mondeo,1.4,Diesel,2011,78648,14305
BMW,Z4,2.0,Petrol,2007,107786,11272
BMW,M5,4.4,Petrol,2013,48926,67322
Toyota,RAV4,2.0,Hybrid,1986,249339,1108
Ford,Mondeo,1.6,Diesel,2016,22315,30314
Ford,Mondeo,2.0,Diesel,2020,20508,44695
Ford,Mondeo,1.4,Diesel,1996,93745,4732
Toyota,Yaris,1.2,Hybrid,2003,88446,6683
Toyota,Prius,1.0,Hybrid,2015,55429,22038
Ford,Mondeo,2.0,Diesel,1992,228947,1416
VW,Passat,1.8,Diesel,2005,99768,9889
Ford,Mondeo,1.8,Diesel,1996,217619,1943
VW,Polo,1.4,Diesel,2001,113885,4066
Toyota,RAV4,2.4,Petrol,2009,136189,12528
Toyota,RAV4,2.0,Hybrid,2018,33283,51203
Porsche,718 Cayman,2.0,Petrol,2018,27744,48185
Ford,Fiesta,1.2,Petrol,1989,260718,444
VW,Passat,1.8,Diesel,2006,87802,11521
Ford,Mondeo,1.8,Diesel,2002,137030,5763
VW,Passat,1.8,Diesel,2006,108565,9906
Porsche,911,3.5,Petrol,1995,144961,10698
Toyota,Yaris,1.4,Petrol,1997,123351,3112
Ford,Focus,1.6,Diesel,1999,103379,5814
Toyota,RAV4,2.4,Hybrid,1992,178985,3396
VW,Polo,1.0,Petrol,2017,25353,17134
Ford,Mondeo,1.4,Diesel,2014,55662,20343
Toyota,Yaris,1.0,Petrol,2002,12792,7617
BMW,M5,4.0,Petrol,2005,145901,18687
VW,Passat,1.8,Diesel,2002,151431,5419
VW,Polo,1.0,Petrol,2010,61392,8635
VW,Golf,1.8,Diesel,1997,247028,1347
Toyota,Prius,1.8,Hybrid,2002,153314,6047
BMW,Z4,2.2,Petrol,1997,189898,3113
Toyota,Yaris,1.0,Petrol,2008,90081,7014
Ford,Focus,2.0,Diesel,2001,129210,6101
VW,Passat,2.0,Diesel,2000,174027,4139
Toyota,Yaris,1.2,Petrol,2003,48324,7270
Ford,Mondeo,1.8,Diesel,2014,60184,22408
Ford,Mondeo,1.6,Hybrid,2006,84048,12064
VW,Polo,2.0,Petrol,1997,115000,3515
Toyota,Prius,1.0,Hybrid,2015,46589,23290
Porsche,718 Cayman,2.0,Petrol,2009,80546,18947
Toyota,Yaris,1.4,Petrol,1987,249462,540
VW,Polo,1.4,Petrol,2001,138621,3193
Ford,Focus,1.8,Petrol,2001,155687,4453
BMW,M5,4.4,Petrol,2008,19001,57449
Ford,Mondeo,1.6,Diesel,2020,20796,39913
VW,Golf,2.0,Diesel,2014,31204,23910
Ford,Mondeo,1.6,Diesel,2001,124337,5616
Ford,Mondeo,1.8,Diesel,2008,60696,14971
Ford,Mondeo,1.4,Hybrid,2009,98518,12431
Toyota,Prius,1.8,Hybrid,2007,98906,12887
VW,Golf,1.4,Diesel,2000,204312,2135
Ford,Focus,1.8,Petrol,2002,125474,6067
VW,Golf,1.8,Petrol,1996,134744,3176
Ford,Fiesta,1.4,Hybrid,2002,104567,5190
BMW,M5,5.0,Petrol,1994,200671,6304
VW,Golf,1.2,Petrol,2010,75044,10252
Ford,Focus,1.4,Diesel,2011,85682,13749
BMW,Z4,3.0,Petrol,2016,30938,41935
Toyota,Yaris,1.0,Hybrid,1992,206502,1128
Ford,Fiesta,1.0,Petrol,2018,28322,17548
VW,Polo,2.0,Petrol,2006,86930,7868
VW,Passat,1.6,Diesel,1994,278872,963
VW,Passat,1.6,Diesel,2002,186800,3790
Toyota,RAV4,2.4,Petrol,2018,33955,46559
Toyota,Prius,1.0,Hybrid,2008,80278,11720
BMW,M5,4.4,Petrol,2002,190714,11000
Ford,Fiesta,1.2,Diesel,2010,86665,8156
VW,Golf,2.0,Diesel,2004,102990,7642
Ford,Fiesta,1.2,Petrol,1987,205791,641
BMW,X3,3.0,Petrol,1990,277582,1077
Toyota,RAV4,1.8,Hybrid,2007,84621,16775
Ford,Fiesta,1.0,Petrol,2000,248279,948
Ford,Mondeo,2.0,Diesel,1988,152497,2107
Ford,Fiesta,1.2,Petrol,1989,305950,290
BMW,M5,5.0,Petrol,1989,152949,6788
Toyota,RAV4,2.2,Hybrid,1993,217909,2469
Porsche,Cayenne,3.5,Petrol,1997,234928,3761
Porsche,718 Cayman,2.0,Petrol,2005,119688,10902
VW,Passat,2.0,Petrol,2019,18002,42653
VW,Golf,1.6,Petrol,2006,103775,7395
VW,Golf,1.4,Diesel,2004,52003,9061
Ford,Mondeo,1.6,Diesel,1997,197620,2339
Ford,Focus,2.0,Petrol,1986,265330,652
VW,Golf,1.8,Petrol,2014,63336,17724
Ford,Fiesta,1.0,Petrol,2005,65718,5860
Toyota,RAV4,2.4,Hybrid,1994,161014,4517
VW,Polo,1.6,Petrol,2021,12081,30426
VW,Golf,1.4,Petrol,1996,205167,1546
Ford,Mondeo,1.6,Diesel,2018,23472,34416
VW,Golf,1.2,Petrol,2016,68648,15967
Ford,Focus,2.0,Diesel,2018,28420,37763
BMW,Z4,2.2,Petrol,2003,68946,11917
VW,Polo,1.0,Petrol,1992,154734,1299
VW,Golf,1.4,Petrol,2002,191844,2593
Toyota,RAV4,1.8,Hybrid,2020,6068,64448
Ford,Focus,1.6,Diesel,2001,124184,5675
Porsche,718 Cayman,2.0,Petrol,2016,40956,39034
VW,Golf,1.6,Petrol,2018,22653,27912
VW,Passat,1.4,Diesel,1997,169912,2936
BMW,M5,5.0,Petrol,1997,144212,12426
Toyota,Yaris,1.4,Petrol,2008,85432,8576
VW,Golf,1.2,Diesel,2003,118806,4917
Ford,Fiesta,1.4,Petrol,2010,60399,10019
Ford,Mondeo,1.8,Diesel,1997,162543,3352
Ford,Mondeo,1.6,Diesel,1988,199569,1262
Toyota,Yaris,1.0,Petrol,1993,197434,1089
Toyota,Prius,1.0,Hybrid,2010,93570,12194
Ford,Fiesta,1.2,Petrol,2001,169486,2234
Ford,Focus,1.4,Petrol,2002,160047,4049
Ford,Fiesta,1.2,Hybrid,1990,193258,1049
VW,Polo,1.6,Petrol,2011,30879,14078
BMW,M5,4.4,Petrol,2013,80694,54652
Toyota,Prius,1.4,Hybrid,2012,46055,22635
VW,Golf,1.6,Diesel,2015,50040,20416
Ford,Mondeo,1.6,Diesel,2020,11676,41930
VW,Polo,2.0,Diesel,2003,145639,4328
VW,Passat,1.8,Diesel,2005,130161,7852
VW,Golf,2.0,Petrol,2005,125096,6580
Toyota,RAV4,1.8,Hybrid,1990,281856,1013
VW,Passat,1.8,Petrol,2004,31305,13815
Porsche,911,3.5,Petrol,2020,16016,137107
VW,Polo,1.2,Petrol,2000,138607,2766
BMW,Z4,3.0,Petrol,1986,134854,2763
VW,Golf,1.4,Petrol,2009,87620,9495
BMW,X3,2.4,Diesel,1997,128970,5943
Porsche,718 Cayman,2.0,Petrol,2009,75305,19640
VW,Passat,1.6,Diesel,2002,85894,8432
Ford,Focus,1.8,Petrol,1988,172891,1620
Toyota,RAV4,2.2,Petrol,1996,115772,5911
VW,Passat,1.4,Diesel,2010,57352,16285
Toyota,Prius,1.4,Hybrid,2006,107457,9983
Ford,Fiesta,1.4,Petrol,2008,120357,5727
VW,Polo,1.6,Petrol,2007,76984,8060
Ford,Mondeo,2.0,Diesel,1992,157948,2630
VW,Passat,1.4,Diesel,2010,122053,10295
Ford,Mondeo,1.8,Diesel,2001,80340,8231
VW,Golf,1.6,Hybrid,2002,203671,2998
Toyota,Yaris,1.4,Hybrid,2020,16368,35229
VW,Golf,1.6,Diesel,1989,156623,1651
VW,Passat,1.8,Diesel,1997,334190,735
Porsche,911,3.0,Petrol,1992,174736,6331
Ford,Focus,1.8,Petrol,2010,71503,15311
Ford,Focus,1.0,Petrol,2007,44852,11085
Toyota,Prius,1.8,Hybrid,1984,278075,598
BMW,Z4,2.0,Petrol,1994,218545,1886
BMW,M5,4.0,Petrol,2009,93153,36558
Toyota,Prius,1.8,Hybrid,1991,257711,1155
Toyota,RAV4,1.8,Hybrid,2006,148002,9692
VW,Golf,1.2,Petrol,1989,204503,903
BMW,Z4,2.0,Petrol,2003,163280,5557
Toyota,Yaris,1.0,Petrol,2015,18432,17580
VW,Golf,1.8,Petrol,2012,10429,21202
Toyota,Prius,1.8,Hybrid,2006,58474,15914
Toyota,Yaris,1.4,Petrol,2013,71950,13130
Toyota,Prius,1.4,Hybrid,2014,46052,25864
BMW,Z4,3.0,Petrol,2018,29951,48189
Toyota,Yaris,1.2,Hybrid,1994,201968,1470
VW,Passat,1.6,Petrol,1985,192186,1109
Ford,Focus,1.6,Petrol,2008,105403,9940
VW,Golf,1.8,Petrol,2018,30075,28389
Ford,Mondeo,1.4,Diesel,2000,188129,2903
Ford,Mondeo,1.6,Diesel,2001,182739,3476
Toyota,Yaris,1.2,Petrol,2005,38333,8826
BMW,X3,2.0,Diesel,1990,231488,1416
VW,Passat,1.4,Diesel,2005,99711,8725
Toyota,Yaris,1.4,Petrol,2017,57164,18889
Porsche,Cayenne,4.0,Petrol,1991,315780,1261
Toyota,Prius,1.0,Hybrid,1995,105133,4123
VW,Passat,1.8,Petrol,2013,8397,28548
VW,Polo,1.6,Petrol,2003,98757,5293
Ford,Focus,1.4,Petrol,2004,125149,6129
VW,Polo,2.0,Petrol,2006,85185,7965
VW,Golf,2.0,Petrol,1986,309630,360
Ford,Fiesta,1.4,Petrol,2017,45386,17560
Ford,Mondeo,1.8,Petrol,2014,37709,24531
Toyota,Prius,1.8,Hybrid,2019,23840,46624
VW,Polo,1.4,Diesel,1994,247519,816
Ford,Focus,1.6,Hybrid,2007,139406,8581
VW,Golf,1.2,Petrol,2012,90389,10529
Porsche,911,2.6,Petrol,2015,30739,77993
Toyota,RAV4,1.8,Petrol,2000,132672,6123
Ford,Focus,1.0,Petrol,2012,95137,11060
Ford,Fiesta,1.4,Petrol,2006,99805,5848
VW,Passat,1.4,Diesel,2017,27570,31092
Porsche,Cayenne,3.5,Petrol,1995,84606,11345
VW,Polo,1.6,Petrol,2007,116310,6063
Toyota,Yaris,1.4,Hybrid,2013,65729,16423
Ford,Mondeo,1.6,Diesel,2007,97662,10240
Toyota,RAV4,2.2,Hybrid,2017,38587,48694
VW,Polo,1.0,Petrol,2004,121022,3785
VW,Polo,1.6,Petrol,2020,19569,27337
VW,Polo,2.0,Petrol,2008,115281,7303
Ford,Fiesta,1.2,Petrol,1992,210126,861
Toyota,Prius,1.0,Hybrid,2000,157475,3811
Toyota,RAV4,1.8,Hybrid,2010,61747,23911
BMW,X3,3.0,Diesel,1994,176591,3680
Toyota,Yaris,1.2,Petrol,1998,202857,1587
BMW,Z4,2.0,Petrol,2012,55662,22573
Ford,Focus,1.4,Petrol,2003,107430,6562
Ford,Focus,1.4,Petrol,1998,142890,3569
Ford,Fiesta,1.0,Petrol,2018,41266,16266
VW,Passat,1.6,Diesel,1999,244282,1855
Toyota,Prius,1.8,Hybrid,1995,222412,2084
Ford,Mondeo,2.0,Diesel,2007,102232,11073
Toyota,Yaris,1.0,Hybrid,2012,71461,12499
Ford,Fiesta,1.0,Petrol,1999,123113,2600
Ford,Fiesta,1.2,Petrol,2016,51896,14608
Ford,Focus,2.0,Diesel,1997,93406,6117
Ford,Mondeo,1.6,Diesel,2006,162612,5755
VW,Polo,1.0,Petrol,2004,115338,3953
VW,Golf,1.4,Petrol,2012,81053,12143
VW,Passat,1.4,Diesel,1999,75318,6947
VW,Passat,1.6,Petrol,2001,208457,2792
Ford,Mondeo,1.4,Petrol,2021,17149,38775
Toyota,Yaris,1.4,Hybrid,2001,53935,7962
Toyota,RAV4,2.4,Hybrid,2010,66516,26761
VW,Passat,2.0,Diesel,2017,51921,32126
BMW,Z4,2.0,Petrol,2004,104140,9482
Toyota,RAV4,2.0,Hybrid,2001,63312,13692
Ford,Fiesta,1.0,Petrol,2002,78468,4403
VW,Golf,1.2,Petrol,2006,50426,9219
BMW,X3,2.0,Diesel,1992,229375,1650
Ford,Mondeo,1.8,Diesel,2020,18751,42812
Ford,Fiesta,1.0,Petrol,2007,125866,4339
BMW,M5,4.4,Petrol,2002,123248,19206
BMW,Z4,2.0,Petrol,2009,129638,10895
Toyota,Prius,1.4,Hybrid,2017,48111,31193
Toyota,Prius,1.0,Hybrid,2001,141024,4660
Toyota,Prius,1.4,Hybrid,1998,184888,3129
VW,Golf,1.8,Diesel,1987,152670,1583
Toyota,Prius,1.4,Hybrid,2011,65305,18737
Ford,Mondeo,1.6,Diesel,2006,99791,9432
Porsche,911,3.5,Petrol,1996,128271,13062
Porsche,Cayenne,2.6,Petrol,1994,150311,5543
VW,Polo,1.0,Petrol,2018,21151,18750
Toyota,Yaris,1.4,Hybrid,1996,165877,2477
VW,Golf,1.4,Petrol,2005,37635,10069
VW,Polo,1.4,Petrol,2006,121729,5090
Ford,Mondeo,1.6,Hybrid,2010,46571,20150
VW,Polo,1.2,Petrol,2012,77246,9724
VW,Golf,1.8,Petrol,1995,151004,2606
BMW,X3,3.0,Diesel,2019,33221,55727
Ford,Mondeo,1.8,Diesel,2005,133849,7219
Toyota,RAV4,2.4,Hybrid,2010,62073,27551
Ford,Mondeo,2.0,Diesel,1998,148819,4230
Ford,Mondeo,1.8,Diesel,1998,138623,4358
VW,Golf,1.8,Petrol,2015,46504,21080
Ford,Fiesta,1.0,Petrol,2000,44390,4807
Toyota,Prius,1.4,Hybrid,2019,24797,40899
Ford,Fiesta,1.2,Petrol,1997,103860,2884
Ford,Mondeo,2.0,Hybrid,1999,116033,6695
Ford,Focus,1.4,Petrol,1989,73834,3277
Ford,Fiesta,1.4,Petrol,2008,97851,6778
Toyota,Yaris,1.4,Hybrid,1993,162314,2089
VW,Passat,1.4,Diesel,2008,82676,12034
Ford,Mondeo,1.6,Diesel,1988,344865,324
VW,Golf,1.6,Petrol,1993,67775,4002
Ford,Fiesta,1.4,Petrol,2019,18601,23433
Ford,Focus,2.0,Petrol,2011,62159,18351
VW,Golf,2.0,Hybrid,1993,273792,968
VW,Golf,1.4,Diesel,2009,98209,9241
BMW,M5,4.4,Petrol,1984,302861,1182
BMW,M5,4.4,Petrol,2004,60282,34383
Toyota,Prius,1.0,Hybrid,2000,167439,3507
Porsche,718 Cayman,4.0,Petrol,2012,76540,33640
Toyota,Prius,1.0,Hybrid,1997,214136,1912
Ford,Focus,1.6,Petrol,2015,43640,24078
Toyota,RAV4,1.8,Hybrid,2015,43038,37531
VW,Golf,1.6,Hybrid,2018,36838,30877
BMW,X3,2.0,Diesel,2011,63496,22135
VW,Polo,1.0,Petrol,2011,73727,8506
BMW,M5,4.4,Petrol,2002,77377,26855
VW,Golf,1.6,Diesel,1992,115149,2804
Toyota,Prius,1.4,Hybrid,2014,104143,17441
Toyota,Yaris,1.2,Hybrid,2022,6545,39254
BMW,Z4,2.0,Petrol,2022,5046,58818
Ford,Fiesta,1.2,Petrol,2007,115654,5142
VW,Golf,1.6,Diesel,2006,44190,11615
VW,Passat,1.8,Diesel,2008,44917,17467
BMW,Z4,2.0,Petrol,2000,198900,3350
Ford,Fiesta,1.2,Petrol,2016,75454,12523
VW,Polo,1.0,Petrol,2003,143595,2963
VW,Polo,2.0,Petrol,1998,147935,2899
VW,Golf,1.6,Petrol,2007,29259,12915
Ford,Focus,2.0,Petrol,2016,49468,27764
VW,Passat,1.6,Diesel,1998,262634,1464
VW,Polo,1.6,Petrol,2013,54031,13985
Ford,Fiesta,1.4,Petrol,2016,41826,16787
Toyota,Prius,1.4,Hybrid,2014,72559,21806
VW,Golf,1.6,Hybrid,2005,116040,7572
Ford,Fiesta,1.0,Petrol,2013,50140,11039
Toyota,RAV4,2.4,Hybrid,1986,202796,1850
Toyota,RAV4,1.8,Hybrid,2000,118799,8185
Porsche,Cayenne,3.0,Petrol,2014,26616,53863
VW,Polo,1.6,Petrol,2006,130382,5086
Ford,Mondeo,1.6,Petrol,1986,253067,648
BMW,M5,4.0,Petrol,1987,300094,1414
Ford,Mondeo,1.4,Petrol,2003,153198,4539
BMW,X3,3.0,Diesel,2012,73386,27135
VW,Polo,1.2,Petrol,2005,92173,5493
Toyota,Yaris,1.4,Petrol,2018,16200,25716
Ford,Focus,1.8,Petrol,2000,204328,2745
Toyota,Prius,1.8,Hybrid,2005,154306,7326
Toyota,RAV4,1.8,Hybrid,2006,54455,19191
Ford,Mondeo,2.0,Diesel,2004,90419,9874
Toyota,Yaris,1.2,Petrol,1996,205747,1354
Toyota,Prius,1.4,Hybrid,2017,25793,35593
BMW,X3,3.0,Diesel,2015,40234,40950
Toyota,Prius,1.4,Hybrid,1994,115967,4207
BMW,Z4,2.0,Petrol,1995,312991,835
VW,Polo,1.2,Petrol,2018,26728,19908
BMW,X3,3.0,Diesel,1998,193391,4155
Toyota,Yaris,1.4,Petrol,1998,101773,3915
Ford,Focus,2.0,Petrol,2010,84390,14774
VW,Passat,1.6,Diesel,2014,55690,22973
VW,Polo,1.4,Diesel,2018,26227,22643
Toyota,Prius,1.8,Hybrid,2002,167854,5357
Toyota,Prius,1.4,Hybrid,2013,52422,23258
Ford,Fiesta,1.4,Petrol,2008,74758,7972
Ford,Fiesta,1.2,Petrol,2006,54785,7365
Porsche,911,2.6,Petrol,2022,5071,143033
Toyota,Prius,1.0,Hybrid,2005,177518,4493
VW,Passat,1.6,Diesel,2000,50618,9327
Toyota,Prius,1.8,Hybrid,2014,40343,30361
Ford,Mondeo,1.6,Diesel,1994,124952,3505
Ford,Mondeo,1.8,Diesel,2009,98005,12379
Toyota,Prius,1.0,Hybrid,2009,95700,11234
Ford,Fiesta,1.2,Petrol,2010,46532,10124
Toyota,Yaris,1.2,Petrol,2006,65509,7957
Toyota,RAV4,2.0,Hybrid,1996,148420,5227
Toyota,RAV4,2.0,Petrol,1989,113001,3609
Toyota,RAV4,2.0,Hybrid,2014,16333,43135
Ford,Mondeo,1.6,Hybrid,2018,25336,38923
VW,Golf,2.0,Diesel,1989,229426,978
VW,Polo,1.2,Petrol,2020,16261,24105
Toyota,Prius,1.8,Hybrid,1997,149420,4473
BMW,X3,2.4,Petrol,1984,236049,950
Toyota,Prius,1.4,Hybrid,1994,99908,4742
BMW,X3,2.0,Diesel,1999,141312,5620
Toyota,RAV4,2.0,Hybrid,2022,7987,76857
Ford,Mondeo,1.4,Diesel,1998,141743,3748
Toyota,Prius,1.0,Hybrid,1999,92775,5890
Ford,Focus,1.0,Petrol,2004,101470,6196
VW,Polo,1.6,Petrol,2002,105711,4705
VW,Golf,1.6,Petrol,1988,217783,866
VW,Polo,1.2,Petrol,1988,200002,740
Ford,Mondeo,1.4,Diesel,2020,19959,37508
VW,Golf,1.4,Petrol,2011,19862,16627
Toyota,Yaris,1.2,Hybrid,1996,260847,983
Ford,Focus,1.8,Petrol,2007,106524,9781
Ford,Focus,1.8,Petrol,2013,83424,17235
Porsche,Cayenne,3.0,Diesel,2009,58435,33433
Ford,Mondeo,1.4,Hybrid,2005,73586,11344
VW,Polo,1.6,Petrol,1991,254497,637
Ford,Fiesta,1.2,Petrol,2005,64561,6469
Ford,Fiesta,1.0,Petrol,2020,27476,20148
BMW,Z4,2.0,Petrol,2009,150915,9185
Toyota,Prius,1.4,Hybrid,2020,16348,45803
Toyota,RAV4,2.2,Hybrid,2002,140806,8699
Ford,Mondeo,1.8,Diesel,1995,248297,1374
BMW,M5,4.4,Petrol,2010,41211,57778
BMW,M5,5.0,Petrol,2018,49770,99633
Toyota,Yaris,1.4,Hybrid,1996,170542,2381
Ford,Fiesta,1.0,Petrol,1992,300279,341
Ford,Focus,1.0,Petrol,2021,13497,33729
VW,Golf,1.6,Diesel,2018,36899,27007
VW,Passat,2.0,Diesel,1989,190579,1724
Ford,Mondeo,2.0,Diesel,2003,128039,6971
VW,Golf,1.2,Petrol,2017,12095,23949
Ford,Fiesta,1.2,Petrol,2009,62195,8577
Ford,Mondeo,1.4,Diesel,1997,229330,1648
Toyota,Yaris,1.2,Hybrid,1999,201590,2058
Ford,Focus,1.0,Petrol,1995,104346,3329
VW,Golf,2.0,Diesel,1989,246379,838
BMW,Z4,2.2,Petrol,2002,118679,7801
Ford,Fiesta,1.0,Petrol,2014,66022,10657
VW,Passat,1.8,Diesel,1994,209556,1931
VW,Passat,1.6,Petrol,1992,151956,2487
Ford,Mondeo,1.8,Diesel,2017,38408,31331
Ford,Mondeo,1.6,Hybrid,1995,232243,1716
VW,Passat,1.8,Diesel,1993,133506,3436
Ford,Fiesta,1.0,Petrol,2002,148741,2590
Ford,Focus,1.8,Petrol,2004,108767,7875
Ford,Fiesta,1.2,Petrol,2016,61226,13764
BMW,M5,4.4,Petrol,1991,131870,8623
Ford,Fiesta,1.0,Petrol,1998,188757,1415
Toyota,Prius,1.4,Hybrid,2006,111393,9693
Toyota,RAV4,1.8,Hybrid,2002,114828,9641
Toyota,Prius,1.4,Hybrid,2013,120648,14405
Toyota,Yaris,1.0,Petrol,2013,33674,14116
Toyota,RAV4,1.8,Petrol,2004,34145,15838
Ford,Focus,1.6,Petrol,2008,78582,12040
Toyota,RAV4,1.8,Petrol,2017,19030,41045
Ford,Mondeo,1.8,Diesel,1996,39298,7685
VW,Golf,1.8,Petrol,1991,120445,2544
Ford,Focus,1.8,Diesel,2001,188499,3540
Ford,Mondeo,1.4,Diesel,1992,102046,3412
Ford,Mondeo,1.8,Diesel,2009,101889,12033
Ford,Fiesta,1.2,Petrol,2008,80250,7109
VW,Passat,2.0,Diesel,2002,147937,5877
Ford,Mondeo,1.4,Diesel,1992,138339,2582
BMW,Z4,2.4,Petrol,2011,58602,22702
VW,Passat,1.6,Diesel,2013,83163,17894
Toyota,Prius,1.4,Hybrid,1989,165474,2026
Ford,Mondeo,1.4,Diesel,1993,155787,2395
VW,Polo,1.6,Petrol,2007,10141,12088
VW,Passat,1.8,Diesel,1999,178179,3545
VW,Golf,1.4,Petrol,2011,54291,13564
VW,Golf,1.6,Diesel,2016,34844,23924
VW,Golf,1.4,Petrol,1995,229700,1160
BMW,X3,2.4,Diesel,2018,37033,45597
VW,Passat,1.6,Diesel,1992,335933,488
BMW,M5,4.0,Petrol,2009,91165,37081
Toyota,Prius,1.8,Hybrid,1994,125683,4426
Ford,Focus,1.6,Hybrid,1986,95040,2968
VW,Polo,1.4,Petrol,2017,21263,20741
VW,Passat,1.4,Diesel,2010,41399,17981
Ford,Focus,1.4,Petrol,2015,82551,17474
Toyota,RAV4,1.8,Hybrid,2012,15644,35947
Porsche,718 Cayman,2.4,Petrol,2009,97742,18372
VW,Golf,1.4,Diesel,2017,43866,22667
Toyota,Prius,1.8,Hybrid,2002,70532,11262
Ford,Mondeo,1.6,Diesel,2018,26777,33782
Toyota,Yaris,1.4,Petrol,2007,42351,10634
Porsche,718 Cayman,2.4,Petrol,2003,40817,17989
VW,Golf,1.6,Diesel,1990,188185,1350
Toyota,Yaris,1.4,Hybrid,1990,284705,569
Ford,Fiesta,1.2,Petrol,2021,11541,25748
VW,Polo,1.0,Petrol,1994,135155,1740
Toyota,Yaris,1.2,Petrol,2007,157482,4268
BMW,M5,4.0,Petrol,1992,20670,18679
VW,Polo,1.4,Petrol,1993,161383,1555
BMW,Z4,2.4,Petrol,1987,184234,1753
VW,Polo,1.4,Petrol,1991,140870,1610
VW,Passat,1.8,Diesel,1991,135246,2966
Ford,Mondeo,1.8,Diesel,1998,173144,3277
VW,Polo,1.2,Petrol,1996,198793,1276
Ford,Focus,1.8,Diesel,1993,119392,3664
VW,Polo,1.6,Petrol,2008,90199,7857
VW,Polo,1.2,Diesel,1989,122306,1586
Ford,Fiesta,1.0,Petrol,2010,37981,9731
Ford,Mondeo,2.0,Diesel,1991,270612,901
Toyota,RAV4,1.8,Hybrid,1999,113809,7954
Ford,Mondeo,1.4,Diesel,2022,2164,47076
BMW,Z4,2.2,Petrol,2011,106516,15582
VW,Passat,2.0,Diesel,2004,106361,9290
Ford,Fiesta,1.4,Petrol,1992,258542,598
Ford,Mondeo,2.0,Hybrid,2001,195599,3972
Toyota,Yaris,1.4,Hybrid,1988,229357,832
Toyota,Prius,1.4,Hybrid,2006,85522,11701
BMW,X3,2.0,Diesel,2015,58451,29860
BMW,Z4,2.0,Petrol,1998,169937,3765
BMW,X3,2.4,Diesel,2005,136891,9516
Toyota,RAV4,2.2,Hybrid,2017,34171,49980
VW,Golf,1.6,Petrol,2020,29780,30634
Porsche,718 Cayman,2.4,Petrol,2009,102024,17806
Toyota,Yaris,1.2,Hybrid,1992,168805,1713
VW,Polo,1.6,Petrol,2016,59106,16537
Ford,Fiesta,1.0,Petrol,2007,132671,4113
Porsche,718 Cayman,4.0,Petrol,2002,143420,10469
Ford,Fiesta,1.2,Petrol,1999,239258,1055
VW,Passat,1.6,Diesel,2014,27302,27255
Ford,Fiesta,1.0,Petrol,2007,66621,6656
Ford,Mondeo,1.6,Diesel,1999,98986,5949
BMW,M5,5.0,Petrol,2007,78470,39655
Toyota,RAV4,2.2,Hybrid,1990,175333,2936
Ford,Mondeo,2.0,Diesel,1990,143865,2583
BMW,M5,4.0,Petrol,1991,88701,11366
VW,Polo,2.0,Petrol,2016,21917,23108
Ford,Focus,1.0,Petrol,1995,205148,1455
VW,Passat,1.4,Petrol,2006,116901,7812
Ford,Mondeo,2.0,Diesel,2005,133491,7631
Ford,Focus,1.4,Diesel,2000,149597,4055
Ford,Focus,1.0,Petrol,1996,275870,814
VW,Golf,1.2,Diesel,2011,70494,11866
VW,Passat,2.0,Diesel,1996,127923,4623
Toyota,Yaris,1.2,Hybrid,2010,69984,12102
VW,Golf,1.6,Hybrid,1995,149511,2984
Ford,Mondeo,2.0,Diesel,1993,46537,6348
Ford,Focus,2.0,Hybrid,1991,185596,2245
Ford,Mondeo,2.0,Diesel,2001,95183,7813
VW,Polo,1.2,Petrol,2017,30156,18264
Toyota,Yaris,1.4,Petrol,2004,68593,7369
Ford,Focus,1.6,Petrol,1991,293339,625
Toyota,RAV4,2.0,Hybrid,2011,39273,30995
VW,Golf,1.8,Diesel,2009,56367,13948
Toyota,RAV4,2.4,Hybrid,1997,95335,9216
VW,Golf,1.4,Hybrid,2007,67009,11482
Ford,Mondeo,1.4,Diesel,2007,62327,12221
Ford,Fiesta,1.0,Petrol,2002,124592,3140
Ford,Fiesta,1.0,Hybrid,1987,193576,782
Ford,Focus,1.4,Petrol,2015,67415,19366
VW,Passat,1.4,Petrol,2000,121447,5057
Ford,Mondeo,1.4,Diesel,2015,57649,21472
Ford,Focus,1.6,Petrol,1999,133576,4394
Porsche,Cayenne,4.0,Petrol,1999,164944,8500
Toyota,Yaris,1.4,Hybrid,2006,83062,9157
VW,Polo,1.0,Petrol,1991,193568,873
Ford,Fiesta,1.4,Hybrid,2017,20791,24315
Toyota,Yaris,1.2,Hybrid,1998,99559,4421
BMW,X3,2.4,Diesel,2010,76998,20726
Porsche,Cayenne,3.0,Petrol,2006,90361,20998
Porsche,911,3.0,Petrol,2001,96340,21473
Toyota,RAV4,2.2,Hybrid,2001,127880,9016
BMW,Z4,2.2,Petrol,2014,66277,25254
Ford,Mondeo,1.8,Petrol,2007,115970,9026
VW,Golf,1.6,Petrol,2010,53684,13618
VW,Passat,1.6,Diesel,1990,302024,592
VW,Polo,1.4,Petrol,2009,30260,11566
Toyota,Prius,1.0,Hybrid,2015,33182,25235
Toyota,RAV4,1.8,Hybrid,1995,228748,2313
Ford,Focus,1.8,Petrol,2009,108749,10992
Toyota,Prius,1.0,Hybrid,2021,14849,41715
Toyota,Prius,1.0,Hybrid,2011,60407,16349
Ford,Focus,1.4,Petrol,1995,207999,1679
Toyota,RAV4,1.8,Hybrid,2015,31851,40103
Porsche,718 Cayman,2.0,Petrol,2005,110717,11671
Ford,Focus,1.6,Diesel,2014,33219,25164
BMW,Z4,2.2,Petrol,1999,145258,5179
Toyota,RAV4,2.2,Hybrid,1999,186593,4856
BMW,X3,2.4,Petrol,1987,64363,4636
Ford,Mondeo,1.8,Hybrid,2000,152700,5077
Toyota,RAV4,2.0,Hybrid,2007,93930,16553
Ford,Mondeo,1.4,Diesel,2014,63372,19357
VW,Polo,1.6,Petrol,1998,143844,2680
Toyota,Prius,1.0,Hybrid,1986,184102,1196
BMW,X3,2.0,Diesel,2009,104527,14548
Toyota,RAV4,2.4,Hybrid,2013,54808,35258
VW,Polo,1.4,Petrol,2011,78921,9714
VW,Polo,1.0,Petrol,2018,7799,20141
Porsche,911,2.6,Petrol,2016,36980,80387
VW,Polo,2.0,Petrol,2006,73586,8627
VW,Golf,2.0,Diesel,2017,37354,28172
BMW,M5,5.0,Petrol,2011,51409,61843
BMW,M5,4.0,Petrol,2020,23696,118780
Toyota,Prius,1.4,Hybrid,1998,155427,4014
Toyota,Yaris,1.4,Petrol,2008,77183,9080
Ford,Focus,1.0,Diesel,2009,37668,13886
Ford,Mondeo,1.4,Diesel,2011,102212,12097
Ford,Focus,1.8,Petrol,2006,73873,11541
Toyota,RAV4,1.8,Hybrid,2018,34619,48198
VW,Passat,2.0,Petrol,1993,79051,5167
Toyota,RAV4,2.2,Petrol,2013,34972,31751
Toyota,Prius,1.0,Hybrid,2013,51954,19715
VW,Polo,1.2,Petrol,2016,64774,13803
Ford,Mondeo,1.4,Diesel,2006,151107,5921
Ford,Fiesta,1.0,Petrol,1993,179395,1099
VW,Polo,1.4,Petrol,1992,124315,1962
Porsche,718 Cayman,2.4,Petrol,1999,165244,5547
VW,Polo,1.6,Petrol,2011,71606,10914
Ford,Mondeo,1.8,Diesel,2008,61252,14917
Toyota,Prius,1.0,Hybrid,1992,100693,3488
VW,Golf,2.0,Diesel,1994,198931,1794
Toyota,Prius,1.4,Hybrid,2012,67071,19797
VW,Golf,2.0,Hybrid,1999,271320,1479
Toyota,Prius,1.8,Hybrid,2004,156820,6713
Ford,Mondeo,1.6,Diesel,2011,108039,12386
Ford,Focus,1.4,Petrol,1994,109081,3557
VW,Passat,1.6,Diesel,2009,74875,14510
VW,Passat,2.0,Petrol,2015,52088,26749
Porsche,718 Cayman,2.0,Petrol,2009,49786,23191
Porsche,911,2.6,Petrol,2001,120357,16707
Ford,Mondeo,1.6,Diesel,2006,117158,8284
Ford,Fiesta,1.4,Petrol,2009,91692,7574
Toyota,Yaris,1.2,Petrol,2001,133337,3479
Ford,Fiesta,1.4,Petrol,2000,77195,4600
Ford,Fiesta,1.2,Petrol,1995,212113,1033
Ford,Focus,2.0,Diesel,2019,14969,43489
Porsche,911,3.5,Petrol,2020,25615,130033
Ford,Fiesta,1.2,Petrol,1985,290376,257
Toyota,Prius,1.0,Hybrid,1992,237910,1105
Ford,Focus,1.4,Petrol,2007,95667,9341
Porsche,718 Cayman,4.0,Petrol,2007,67288,25651
VW,Golf,1.8,Petrol,2003,72721,7999
Toyota,Yaris,1.0,Petrol,1997,158588,1982
Ford,Mondeo,1.4,Petrol,2019,17934,33790
Ford,Fiesta,1.2,Petrol,2003,159705,2771
Ford,Focus,1.0,Petrol,2016,41740,20583
Ford,Mondeo,1.8,Diesel,2019,23855,38936
VW,Polo,1.2,Diesel,1994,127964,2118
Ford,Mondeo,1.8,Diesel,2010,47792,18561
Ford,Mondeo,2.0,Diesel,1996,145277,3810
VW,Polo,1.6,Petrol,1988,219433,719
Toyota,Yaris,1.0,Hybrid,2010,97159,9140
VW,Polo,2.0,Petrol,2012,60192,14062
VW,Polo,1.4,Petrol,2015,52505,15092
Ford,Focus,2.0,Petrol,1989,74909,3889
Ford,Mondeo,1.4,Diesel,2000,143716,4215
Toyota,Prius,1.8,Hybrid,2006,134560,9187
Ford,Fiesta,1.2,Petrol,1992,138809,1578
BMW,M5,4.0,Petrol,2017,30277,93686
Ford,Fiesta,1.4,Petrol,2021,10723,27931
Toyota,Yaris,1.4,Hybrid,2016,53375,21722
Ford,Focus,1.4,Petrol,2021,15358,39513
BMW,M5,4.0,Petrol,2010,73374,44852
VW,Passat,1.6,Petrol,2007,159865,6334
Porsche,911,2.2,Petrol,1987,366648,652
VW,Golf,1.6,Diesel,1999,67194,6293
VW,Golf,2.0,Diesel,2008,99161,10262
Ford,Fiesta,1.2,Petrol,2001,74338,4642
Ford,Fiesta,1.0,Petrol,2010,77265,7569
Ford,Focus,1.8,Petrol,1993,185895,2023
Ford,Fiesta,1.4,Petrol,1998,174198,1898
Toyota,Yaris,1.4,Hybrid,2006,92795,8548
Ford,Mondeo,2.0,Hybrid,2019,28243,45758
VW,Polo,2.0,Diesel,1999,188922,2303
VW,Polo,1.0,Petrol,1991,311798,293
Ford,Fiesta,1.2,Hybrid,1985,149258,1091
VW,Polo,1.0,Diesel,1993,134333,1720
Toyota,Prius,1.0,Hybrid,2005,112157,7620
Ford,Mondeo,1.8,Diesel,1994,357576,454
Ford,Mondeo,1.8,Petrol,2012,24006,23234
VW,Golf,1.6,Petrol,1997,13000,7254
Toyota,Prius,1.4,Hybrid,2003,69083,10720
Toyota,RAV4,2.0,Hybrid,1997,125292,6719
Ford,Fiesta,1.4,Petrol,1989,275414,418
VW,Golf,2.0,Hybrid,2010,27118,21424
Toyota,RAV4,2.0,Hybrid,1995,160516,4426
BMW,M5,4.4,Petrol,1994,252941,3684
Porsche,Cayenne,2.6,Diesel,2017,45782,57438
Ford,Fiesta,1.0,Petrol,2011,37743,10417
VW,Golf,1.6,Petrol,2008,59315,11497
Porsche,Cayenne,4.0,Diesel,2007,80642,29135
Ford,Mondeo,1.8,Diesel,2020,10330,44790
Toyota,Prius,1.4,Hybrid,2003,110159,8010
BMW,Z4,3.0,Petrol,1998,127972,6493
Toyota,Yaris,1.2,Hybrid,1993,274706,707
Toyota,RAV4,2.0,Petrol,2000,133822,6396
Porsche,911,2.6,Petrol,1996,249291,3959
Toyota,Prius,1.4,Hybrid,1996,123958,4521
VW,Passat,1.8,Diesel,1998,143694,4420
Porsche,718 Cayman,2.4,Petrol,2007,84982,17612
Porsche,718 Cayman,2.0,Petrol,1995,182372,3352
Toyota,RAV4,1.8,Hybrid,2015,47430,36536
Toyota,Yaris,1.2,Hybrid,1993,122626,2663
BMW,Z4,3.0,Petrol,2017,12739,49584
Toyota,Yaris,1.0,Petrol,1994,147300,1780
Toyota,Prius,1.0,Hybrid,2009,102977,10653
Porsche,911,2.2,Petrol,2001,155456,11613
Ford,Mondeo,1.6,Diesel,2004,133924,6363
BMW,Z4,3.0,Petrol,2018,18677,51332
Porsche,718 Cayman,2.0,Petrol,2009,83534,18558
BMW,M5,4.0,Petrol,2016,35712,84916
Ford,Fiesta,1.0,Petrol,1996,97127,2587
VW,Polo,1.6,Petrol,1995,56143,4156
BMW,Z4,2.4,Petrol,2004,71356,13092
Ford,Fiesta,1.2,Petrol,2010,83144,7961
Toyota,Prius,1.0,Hybrid,1989,67549,3599
VW,Polo,2.0,Petrol,2018,29084,25359
VW,Polo,1.6,Petrol,1990,274282,495
Porsche,718 Cayman,2.0,Petrol,2017,17944,47606
Ford,Focus,2.0,Petrol,1993,176355,2314
Toyota,RAV4,1.8,Hybrid,1997,214573,3004
BMW,X3,2.0,Diesel,1996,192345,2996
VW,Passat,1.4,Diesel,2018,24879,33745
Toyota,Prius,1.8,Hybrid,1994,111420,4937
Toyota,Prius,1.8,Hybrid,2002,107090,8694
Toyota,Yaris,1.4,Hybrid,2016,38867,23743
Ford,Fiesta,1.0,Petrol,2005,143995,3288
Ford,Focus,1.4,Petrol,2002,92475,6848
Toyota,Yaris,1.4,Petrol,2004,125953,4864
BMW,M5,5.0,Petrol,1995,234128,4991
Toyota,RAV4,1.8,Hybrid,2011,51067,27360
Toyota,Yaris,1.2,Hybrid,1985,199231,826
VW,Passat,2.0,Petrol,2008,98891,12204
Ford,Focus,1.4,Petrol,2002,113397,5870
Toyota,RAV4,2.2,Hybrid,2002,131707,9353
VW,Golf,1.2,Diesel,2008,112062,7223
VW,Golf,1.6,Diesel,1997,73240,5289
Toyota,Prius,1.0,Hybrid,1993,110737,3460
Porsche,718 Cayman,2.0,Petrol,2002,121334,8813
Toyota,Yaris,1.4,Hybrid,2011,60005,14919
BMW,X3,2.0,Diesel,1995,178186,3168
Porsche,718 Cayman,2.0,Petrol,1994,189596,2946
Toyota,RAV4,1.8,Hybrid,1992,258529,1440
VW,Polo,1.2,Petrol,2010,90989,7731
Ford,Mondeo,1.4,Diesel,2009,88742,11668
BMW,Z4,3.0,Petrol,2010,78030,20870
Ford,Mondeo,2.0,Diesel,1992,177155,2237
Toyota,Prius,1.4,Hybrid,2009,100426,12843
Toyota,Prius,1.0,Hybrid,2002,132942,5312
VW,Golf,1.8,Diesel,1996,149828,2953
Ford,Focus,1.4,Petrol,2019,35120,30941
Toyota,RAV4,1.8,Petrol,2005,119587,9462
VW,Golf,1.2,Petrol,1996,203459,1453
Toyota,RAV4,2.2,Petrol,2011,86841,19866
VW,Golf,2.0,Petrol,2017,23013,29136
Toyota,Yaris,1.4,Hybrid,1994,200563,1607
Ford,Fiesta,1.2,Petrol,2011,86109,8335
Ford,Mondeo,1.4,Diesel,2008,94275,10493
Toyota,Prius,1.8,Hybrid,1991,267533,1054
BMW,M5,4.4,Petrol,2015,28583,86833
VW,Golf,1.4,Diesel,2015,33606,21087
Ford,Mondeo,1.4,Petrol,2006,87776,9160
Ford,Mondeo,1.8,Petrol,2003,125764,6411
VW,Passat,1.4,Diesel,1999,147213,4050
Toyota,RAV4,2.2,Petrol,1995,172966,3484
VW,Golf,1.8,Petrol,1998,71138,5793
VW,Golf,1.2,Diesel,2019,30223,25994
VW,Golf,2.0,Diesel,1997,100934,4865
VW,Polo,1.6,Petrol,2017,34434,20572
Toyota,Prius,1.4,Hybrid,1991,240845,1190
VW,Passat,1.8,Diesel,1994,205353,2004
Ford,Fiesta,1.2,Petrol,2009,39553,9880
BMW,M5,5.0,Petrol,2011,82071,50503
VW,Passat,1.6,Diesel,1984,256568,609
VW,Golf,1.4,Diesel,2018,38275,25058
BMW,M5,4.4,Petrol,2007,121512,27166
Ford,Focus,1.8,Diesel,2017,38766,31552
VW,Golf,1.8,Petrol,1997,176449,2406
VW,Polo,1.6,Petrol,2008,99701,7337
VW,Polo,1.6,Petrol,1987,299002,321
Toyota,Yaris,1.4,Hybrid,2016,74594,18905
Ford,Fiesta,1.2,Petrol,2006,120449,4637
VW,Polo,1.6,Petrol,2000,194667,1994
VW,Golf,1.6,Petrol,1992,151243,2007
VW,Polo,2.0,Petrol,2012,43749,15590
Toyota,Prius,1.0,Hybrid,1990,136309,2324
Ford,Mondeo,1.8,Diesel,2001,229004,2447
BMW,Z4,2.0,Petrol,2019,19048,44711
VW,Polo,1.2,Petrol,2008,103754,6167
Ford,Fiesta,1.2,Petrol,2016,44260,15314
VW,Golf,1.4,Petrol,2013,52011,15723
Toyota,RAV4,2.4,Hybrid,2005,154461,9930
Porsche,718 Cayman,2.0,Petrol,2012,99109,20282
Porsche,718 Cayman,2.4,Petrol,2008,119157,14646
Toyota,Prius,1.4,Hybrid,2012,52989,21681
BMW,M5,4.0,Petrol,2003,141690,16921
VW,Passat,1.4,Diesel,2001,43458,9746
VW,Polo,1.0,Petrol,1993,193695,997
Toyota,RAV4,1.8,Hybrid,1997,189974,3733
VW,Polo,1.4,Petrol,2021,14043,28165
BMW,Z4,3.0,Petrol,1994,118639,5346
Toyota,Prius,1.8,Hybrid,2015,22808,35917
VW,Polo,2.0,Petrol,2015,21524,21665
BMW,X3,2.4,Diesel,2003,127312,8982
VW,Polo,1.4,Petrol,1995,109380,2685
VW,Polo,1.0,Petrol,2017,24552,17211
Toyota,Prius,1.0,Hybrid,2013,52934,19594
BMW,Z4,3.0,Petrol,2004,9500,21202
Ford,Mondeo,2.0,Petrol,2010,61298,17106
Porsche,718 Cayman,2.0,Petrol,1992,214651,2067
Ford,Mondeo,1.6,Diesel,2007,69432,12468
Porsche,911,2.2,Petrol,2015,65200,57993
VW,Golf,1.4,Petrol,2002,190899,2614
VW,Polo,1.0,Petrol,2018,34229,17406
VW,Golf,1.2,Petrol,2014,47545,15998
Ford,Fiesta,1.4,Petrol,2020,19725,24894
VW,Golf,2.0,Petrol,1995,120849,3491
VW,Passat,2.0,Petrol,2003,126454,7102
Porsche,Cayenne,4.0,Petrol,2009,57977,36875
Toyota,Prius,1.4,Hybrid,2007,125812,9278
VW,Passat,2.0,Diesel,2014,41215,28091
Toyota,Yaris,1.2,Petrol,2012,46338,13410
Ford,Focus,2.0,Diesel,2006,79624,12282
VW,Golf,1.4,Petrol,1992,221636,1022
Ford,Mondeo,1.6,Diesel,1998,96536,5666
Toyota,Yaris,1.2,Hybrid,2009,104086,8904
Toyota,RAV4,2.4,Hybrid,1998,96191,9790
BMW,Z4,2.4,Petrol,2007,90842,13973
Ford,Fiesta,1.0,Petrol,2002,89062,4090
VW,Passat,1.4,Diesel,2020,12899,41170
Toyota,Yaris,1.0,Petrol,1995,171941,1550
Toyota,RAV4,2.4,Hybrid,2016,26544,51026
Toyota,Prius,1.4,Hybrid,2022,4674,55652
Ford,Focus,2.0,Petrol,1996,190008,2513
VW,Polo,1.6,Petrol,1987,124215,1504
VW,Polo,2.0,Petrol,1999,160583,2792
VW,Golf,2.0,Diesel,2014,32794,23690
VW,Passat,1.8,Petrol,2007,70409,13219
Porsche,Cayenne,3.5,Petrol,2005,123589,16570
Ford,Fiesta,1.4,Petrol,2008,89346,7205
Toyota,RAV4,2.2,Hybrid,2003,116646,11236
Ford,Fiesta,1.0,Petrol,1988,216488,569
VW,Passat,2.0,Diesel,1997,245011,1803
Toyota,RAV4,1.8,Petrol,2012,63636,22489
Ford,Fiesta,1.4,Petrol,2014,34112,15380
VW,Passat,1.4,Diesel,2002,99962,7130
VW,Polo,1.2,Petrol,2013,25706,14347
Toyota,Yaris,1.4,Petrol,2013,59295,14271
Ford,Focus,1.8,Diesel,1989,309010,525
Ford,Fiesta,1.2,Petrol,2004,155142,3076
Ford,Mondeo,1.8,Petrol,2001,90140,7319
VW,Passat,1.4,Diesel,1992,122101,3099
VW,Polo,1.0,Petrol,1988,277988,331
BMW,Z4,2.0,Petrol,1985,247639,794
Porsche,718 Cayman,2.4,Petrol,2005,117122,12179
VW,Golf,1.4,Petrol,1996,142978,2622
Ford,Fiesta,1.0,Petrol,2017,43992,14968
Ford,Mondeo,1.6,Diesel,1994,40180,6307
Toyota,Yaris,1.4,Hybrid,2012,67769,15158
Toyota,RAV4,1.8,Hybrid,2011,13065,34097
Ford,Mondeo,2.0,Hybrid,2000,167908,4715
Ford,Focus,1.0,Diesel,1996,228005,1331
VW,Polo,2.0,Petrol,2016,28203,22306
VW,Polo,2.0,Petrol,1994,191287,1539
Ford,Focus,2.0,Diesel,2015,37479,29331
Toyota,RAV4,2.0,Hybrid,1993,234066,2033
Ford,Mondeo,1.8,Diesel,2012,93986,15566
Toyota,Yaris,1.0,Petrol,2004,86320,5517
Ford,Focus,1.6,Petrol,1997,87309,5442
BMW,M5,5.0,Petrol,1995,154248,10019
Toyota,RAV4,2.0,Petrol,2003,134376,7777
Ford,Focus,1.8,Petrol,2002,133563,5693
Ford,Fiesta,1.4,Petrol,2010,110843,7035
VW,Polo,2.0,Petrol,2022,7854,37179
BMW,Z4,2.2,Petrol,1988,274969,788
Ford,Fiesta,1.0,Petrol,2007,87016,5791
Toyota,Yaris,1.0,Hybrid,2005,184975,3241
VW,Golf,2.0,Hybrid,1992,234299,1307
VW,Passat,1.8,Petrol,2008,73187,13869
VW,Passat,1.6,Diesel,1990,116877,3018
Ford,Fiesta,1.4,Petrol,1991,202049,935
Ford,Focus,1.4,Diesel,2013,97829,14404
VW,Polo,1.2,Petrol,1988,233343,549
Ford,Mondeo,1.6,Hybrid,2001,170573,4408
Ford,Fiesta,1.2,Petrol,1995,298578,464
Toyota,Yaris,1.2,Hybrid,2000,144229,3579
VW,Passat,1.6,Petrol,2007,88392,11012
VW,Polo,1.0,Petrol,1994,212205,905
Ford,Fiesta,1.0,Petrol,2007,121131,4501
VW,Polo,1.6,Petrol,2013,50770,14274
VW,Polo,1.2,Petrol,1989,171325,1014
BMW,X3,3.0,Diesel,2014,43077,37659
Toyota,RAV4,2.2,Hybrid,2019,17621,62699
Toyota,RAV4,2.0,Hybrid,2003,95647,12522
BMW,M5,5.0,Petrol,2019,24814,123459
Toyota,Prius,1.0,Hybrid,2011,54672,16961
VW,Passat,1.6,Petrol,2001,192430,3216
Toyota,Prius,1.4,Hybrid,1986,261605,704
VW,Passat,1.8,Petrol,2006,76364,11879
VW,Golf,1.8,Petrol,1994,194220,1689
Ford,Mondeo,1.4,Hybrid,2001,144815,5104
Ford,Mondeo,1.6,Diesel,2015,53946,23501
Toyota,RAV4,2.0,Hybrid,1998,163996,5251
BMW,Z4,3.0,Petrol,2010,73016,21594
Toyota,Yaris,1.0,Hybrid,2008,64045,10056
VW,Passat,1.8,Diesel,1999,162999,4031
BMW,Z4,2.4,Petrol,2016,30962,37502
VW,Golf,1.8,Hybrid,2005,121611,7696
Ford,Mondeo,1.4,Hybrid,1995,184038,2463
Ford,Focus,1.4,Petrol,1991,40866,4624
VW,Golf,2.0,Petrol,2021,4229,42054
Ford,Fiesta,1.0,Petrol,2008,104775,5444
Ford,Focus,1.6,Diesel,2000,236466,2035
BMW,X3,3.0,Petrol,1997,119385,6817
VW,Golf,1.8,Petrol,2015,49421,20703
Porsche,718 Cayman,2.4,Petrol,2006,140170,10868
VW,Passat,2.0,Diesel,1990,234644,1243
Ford,Mondeo,2.0,Diesel,1985,296893,471
VW,Golf,1.2,Diesel,2001,129459,3962
Ford,Mondeo,1.8,Diesel,1998,169902,3368
Ford,Mondeo,1.4,Hybrid,2006,140646,7367
Ford,Focus,1.6,Petrol,2013,43542,21085
Toyota,RAV4,2.0,Hybrid,2000,151702,6644
VW,Polo,1.4,Petrol,1995,215451,1112
VW,Polo,2.0,Petrol,2018,26914,25675
Toyota,Prius,1.8,Hybrid,2018,30278,42053
Toyota,Prius,1.0,Hybrid,2013,55314,19301
VW,Polo,1.6,Diesel,1995,186840,1606
VW,Golf,1.6,Diesel,1985,132222,1540
Toyota,Yaris,1.2,Hybrid,2001,200274,2380
Ford,Mondeo,1.6,Diesel,1988,156817,1819
Ford,Fiesta,1.4,Petrol,1998,174929,1887
Toyota,RAV4,2.0,Petrol,2016,30451,37961
Ford,Focus,1.4,Petrol,1999,75142,6328
Toyota,Yaris,1.2,Hybrid,2013,52010,16607
Toyota,Yaris,1.0,Petrol,2000,70212,4719
Ford,Mondeo,1.6,Diesel,2011,55902,17778
Toyota,RAV4,1.8,Hybrid,2000,148970,6446
VW,Passat,1.6,Diesel,2007,88544,11550
VW,Golf,1.6,Petrol,2003,89159,6730
Toyota,Yaris,1.0,Petrol,2007,98462,6177
Toyota,Prius,1.4,Hybrid,2012,58413,20946
Toyota,Yaris,1.2,Petrol,1998,227917,1268
BMW,M5,5.0,Petrol,2013,49117,71680
Toyota,Yaris,1.0,Hybrid,2007,105030,7064
Toyota,Yaris,1.0,Hybrid,2005,118330,5592
Toyota,Prius,1.4,Hybrid,2014,70417,22122
BMW,Z4,2.4,Petrol,2003,112079,9158
Ford,Mondeo,1.4,Diesel,1998,164015,3121
VW,Polo,1.4,Petrol,1993,237343,798
BMW,Z4,2.4,Petrol,1997,107570,6350
BMW,X3,2.0,Diesel,2013,79848,22661
Ford,Mondeo,2.0,Diesel,2015,39734,28675
Ford,Fiesta,1.2,Petrol,1998,98473,3207
Porsche,911,2.6,Petrol,1998,214105,6232
BMW,Z4,2.4,Petrol,2004,179135,5690
Toyota,RAV4,2.0,Petrol,2016,40447,35795
VW,Polo,1.2,Petrol,2013,85901,9789
Toyota,Yaris,1.2,Hybrid,2018,31556,26218
Toyota,Yaris,1.2,Hybrid,2016,46332,21011
Toyota,Prius,1.0,Hybrid,1987,295799,461
Toyota,RAV4,2.0,Petrol,1990,61467,5546
Ford,Mondeo,1.6,Diesel,1991,201721,1512
Toyota,Yaris,1.4,Hybrid,2010,82394,12011
Toyota,RAV4,2.2,Hybrid,2016,48900,42787
VW,Polo,2.0,Petrol,1989,198406,1036
Toyota,Prius,1.4,Hybrid,1995,264673,1246
BMW,X3,2.4,Diesel,2004,101946,11639
Ford,Fiesta,1.2,Petrol,2017,28528,17962
Porsche,718 Cayman,2.4,Petrol,1992,263768,1444
VW,Passat,1.8,Diesel,2002,136942,6092
Ford,Focus,1.6,Petrol,2012,95478,13955
Ford,Focus,1.0,Petrol,2014,25731,19777
VW,Golf,1.2,Hybrid,2010,87390,11295
VW,Golf,1.6,Petrol,2019,26314,29230
Ford,Focus,1.0,Diesel,2022,8247,38919
Porsche,718 Cayman,4.0,Petrol,2012,52286,39437
Ford,Fiesta,1.4,Petrol,2019,32145,21712
Ford,Mondeo,1.4,Diesel,2008,68031,12583
VW,Golf,2.0,Petrol,1988,149613,1742
Ford,Mondeo,1.8,Petrol,2004,109619,7753
Toyota,RAV4,2.2,Hybrid,2018,22673,57048
Toyota,Yaris,1.2,Petrol,2002,132072,3756
Toyota,Prius,1.0,Hybrid,1997,128826,3932
Ford,Focus,1.0,Diesel,2011,73232,12660
VW,Golf,1.6,Petrol,2006,116513,6721
Ford,Focus,2.0,Petrol,2015,54677,25138
BMW,Z4,3.0,Petrol,2010,109342,16667
Ford,Fiesta,1.4,Petrol,2017,40170,18124
VW,Passat,1.6,Diesel,1988,184189,1524
VW,Golf,1.8,Diesel,1985,192455,988
VW,Golf,1.2,Hybrid,1987,196325,1019
VW,Passat,1.4,Petrol,2019,8884,37465
Ford,Mondeo,1.8,Hybrid,1996,110804,5410
Toyota,Prius,1.0,Hybrid,2015,31595,25468
Porsche,911,2.6,Petrol,2011,63163,48937
VW,Golf,1.4,Petrol,2000,179066,2534
VW,Golf,2.0,Petrol,2004,128287,6004
VW,Golf,1.2,Petrol,1999,164863,2476
Ford,Fiesta,1.0,Petrol,2000,164580,1988
Toyota,RAV4,2.2,Hybrid,1988,128633,3767
BMW,X3,3.0,Petrol,2001,127489,8359
Toyota,RAV4,1.8,Petrol,1995,218176,2121
BMW,M5,5.0,Petrol,2020,13591,140340
VW,Polo,1.2,Petrol,1987,174366,865
Ford,Focus,1.0,Diesel,2016,46034,21055
VW,Golf,1.8,Petrol,2009,65079,12556
Ford,Focus,2.0,Hybrid,2000,160457,5065
Ford,Mondeo,1.4,Diesel,1994,59135,5244
Toyota,Yaris,1.0,Petrol,2010,62922,9645
Toyota,RAV4,2.4,Hybrid,1989,165700,3112
VW,Golf,1.8,Petrol,2001,122489,4879
Ford,Fiesta,1.0,Petrol,2009,152135,4018
VW,Golf,1.6,Petrol,2019,11371,31720
Toyota,Prius,1.0,Hybrid,1996,206447,1916
Toyota,Yaris,1.4,Petrol,1987,196455,871
Toyota,Yaris,1.4,Hybrid,2002,238330,1951
VW,Golf,2.0,Petrol,2000,195906,2618
Toyota,Yaris,1.4,Petrol,1991,136143,1886
VW,Polo,1.2,Petrol,2021,18111,25509
Porsche,911,3.5,Petrol,1987,106439,8469
VW,Passat,1.4,Diesel,2022,1757,49838
VW,Golf,1.6,Petrol,2006,118638,6613
Ford,Focus,1.4,Petrol,2001,86307,6693
Toyota,RAV4,2.2,Hybrid,1985,49418,5399
Toyota,Yaris,1.4,Petrol,2007,87488,7907
Porsche,911,2.2,Petrol,1991,197665,4159
Toyota,RAV4,1.8,Hybrid,2003,82270,13061
Ford,Fiesta,1.0,Petrol,2014,78294,9812
VW,Golf,1.6,Diesel,2006,127627,6477
Toyota,RAV4,2.2,Hybrid,2018,47760,49236
Toyota,RAV4,2.0,Hybrid,2009,51939,25102
VW,Passat,1.4,Petrol,1996,183071,2337
VW,Passat,2.0,Diesel,2009,125042,11247
Ford,Mondeo,1.6,Diesel,1989,136406,2295
Toyota,RAV4,2.4,Hybrid,2012,79790,27957
Toyota,RAV4,1.8,Hybrid,2007,106894,14282
Ford,Focus,1.8,Diesel,1998,12500,10309
Ford,Focus,1.6,Diesel,1996,176319,2656
VW,Passat,2.0,Diesel,1990,230122,1295
Toyota,Prius,1.0,Hybrid,1990,169747,1765
BMW,M5,5.0,Petrol,2011,44805,64419
Ford,Mondeo,1.8,Diesel,2018,10769,39108
Ford,Fiesta,1.0,Petrol,2011,82739,7791
BMW,X3,2.4,Diesel,1994,131248,4779
VW,Passat,1.4,Diesel,2005,107185,8257
Ford,Mondeo,1.4,Diesel,2015,50016,22532
Toyota,RAV4,2.2,Hybrid,2017,52430,44740
Ford,Fiesta,1.2,Petrol,2001,92067,4102
Ford,Focus,1.0,Petrol,2007,29886,12112
Ford,Mondeo,1.4,Petrol,2004,142454,5295
VW,Polo,2.0,Petrol,2014,57842,16313
BMW,M5,4.0,Petrol,1993,179523,6340
Toyota,RAV4,1.8,Hybrid,2001,178452,5384
Porsche,718 Cayman,4.0,Petrol,2004,119662,14426
Toyota,Prius,1.0,Hybrid,2004,42803,11447
Ford,Fiesta,1.0,Petrol,1988,187561,734
Toyota,RAV4,1.8,Hybrid,2010,26103,29695
Ford,Focus,2.0,Petrol,2013,23748,26459
Ford,Fiesta,1.4,Petrol,2004,131412,4024
VW,Polo,2.0,Petrol,1995,125479,2838
Ford,Fiesta,1.4,Petrol,2006,107004,5545
VW,Polo,1.0,Petrol,1995,144671,1723
Toyota,RAV4,2.4,Hybrid,2008,56295,25026
Toyota,Yaris,1.2,Hybrid,1995,34599,5559
Ford,Fiesta,1.4,Petrol,2011,72813,9867
Ford,Fiesta,1.4,Petrol,2011,41748,12034
VW,Polo,1.6,Petrol,2020,11252,28589
Porsche,911,3.5,Petrol,2000,157266,13499
Toyota,RAV4,2.2,Petrol,1998,137395,5706
Porsche,Cayenne,4.0,Petrol,2010,53146,40646
Ford,Focus,1.8,Petrol,2013,59401,20251
BMW,M5,4.4,Petrol,1997,115910,14559
Toyota,Prius,1.0,Hybrid,2002,205959,2871
Ford,Focus,2.0,Petrol,1992,194081,1858
BMW,X3,2.0,Diesel,1990,228566,1454
Toyota,Yaris,1.4,Petrol,2003,168499,3220
Ford,Focus,1.6,Hybrid,2008,57659,16601
Ford,Mondeo,1.8,Diesel,2000,86237,7390
VW,Passat,1.8,Diesel,1998,145457,4357
Toyota,Prius,1.8,Hybrid,2018,45088,38517
Porsche,Cayenne,3.0,Diesel,2006,8500,36613
BMW,Z4,2.2,Petrol,2000,120332,6741
Ford,Mondeo,2.0,Diesel,2009,95536,13285
Toyota,RAV4,2.0,Hybrid,2000,154668,6484
Ford,Focus,1.0,Petrol,2007,126362,6267
Ford,Mondeo,2.0,Diesel,1997,117678,5063
Toyota,RAV4,2.4,Petrol,2000,145425,6384
Toyota,Yaris,1.0,Hybrid,1994,248230,883
Toyota,Prius,1.0,Hybrid,1990,183403,1571
VW,Golf,1.8,Petrol,2000,161531,3333
Toyota,Yaris,1.4,Petrol,2011,102953,9234
Porsche,911,2.2,Petrol,2009,107551,28866
VW,Polo,1.2,Petrol,2016,43872,15754
Ford,Focus,1.4,Diesel,1997,181901,2531
BMW,M5,5.0,Petrol,2002,117615,21380
Toyota,Prius,1.8,Hybrid,1997,123895,5482
Toyota,RAV4,1.8,Hybrid,2007,123234,12615
VW,Golf,2.0,Diesel,1988,155924,1736
Toyota,Yaris,1.0,Hybrid,2021,16765,31758
VW,Passat,2.0,Diesel,2003,133711,7043
BMW,X3,2.0,Diesel,1994,250866,1548
Ford,Fiesta,1.0,Petrol,2013,7837,14059
BMW,Z4,2.2,Petrol,1987,213115,1302
Toyota,Prius,1.8,Hybrid,2021,16431,55491
VW,Golf,1.4,Diesel,1996,158693,2421
VW,Polo,1.2,Diesel,1985,245418,422
VW,Polo,2.0,Petrol,1994,246013,941
Toyota,Prius,1.0,Hybrid,1999,118288,4875
Toyota,RAV4,2.4,Hybrid,1995,124554,6478
Toyota,RAV4,2.4,Hybrid,2001,123132,9772
VW,Golf,1.4,Petrol,1991,198390,1176
Ford,Mondeo,1.6,Diesel,2017,20246,32777
Ford,Fiesta,1.0,Hybrid,1991,287300,433
Ford,Fiesta,1.4,Petrol,2004,179340,2710
BMW,Z4,2.0,Petrol,2013,30757,28062
Ford,Fiesta,1.0,Petrol,2016,43996,14002
Ford,Fiesta,1.2,Hybrid,1998,185125,1920
Ford,Focus,1.0,Petrol,2009,97557,8897
Toyota,RAV4,2.4,Hybrid,1992,254327,1729
VW,Polo,1.2,Petrol,2003,138063,3393
Toyota,Prius,1.8,Hybrid,1999,76584,8851
Ford,Fiesta,1.2,Petrol,2002,87921,4516
Ford,Fiesta,1.0,Petrol,2009,63339,7772
Toyota,Yaris,1.2,Hybrid,2013,46358,17199
Ford,Fiesta,1.0,Diesel,2013,80248,9510
Porsche,911,2.2,Petrol,1987,144342,5001
BMW,X3,3.0,Diesel,2000,236569,3226
Toyota,RAV4,2.2,Hybrid,1996,146883,5551
Toyota,Yaris,1.4,Petrol,1997,196721,1692
Toyota,RAV4,2.2,Petrol,2009,103107,15462
Porsche,Cayenne,3.5,Diesel,2015,24372,66130
BMW,M5,4.4,Petrol,2006,135326,22808
Porsche,Cayenne,4.0,Petrol,2021,10312,108416
Ford,Focus,1.8,Diesel,1992,211681,1584
Ford,Fiesta,1.4,Petrol,2015,47274,15191
Toyota,RAV4,2.4,Hybrid,2019,33033,60045
Toyota,Prius,1.4,Hybrid,2005,97990,10013
BMW,Z4,3.0,Petrol,2015,77844,29164
VW,Passat,2.0,Diesel,2010,81158,16609
Ford,Focus,1.6,Petrol,1985,262003,563
BMW,X3,2.4,Diesel,1997,191390,3538
VW,Passat,1.4,Petrol,2015,59836,21303
Toyota,RAV4,2.2,Hybrid,2018,14258,59730
Ford,Mondeo,1.4,Diesel,1991,154757,2114
VW,Passat,1.6,Diesel,1999,135889,4742
Toyota,Yaris,1.0,Hybrid,2009,63768,10768
Ford,Fiesta,1.2,Petrol,2013,62026,11211
Toyota,RAV4,2.0,Hybrid,1995,152620,4725
Ford,Focus,1.6,Petrol,2015,31036,25944
Ford,Mondeo,1.6,Petrol,1995,183450,2205
BMW,X3,3.0,Diesel,2012,67864,28157
Ford,Focus,2.0,Petrol,2016,33801,30513
Ford,Fiesta,1.2,Petrol,1992,193384,998
Toyota,RAV4,1.8,Hybrid,2016,41135,40581
Porsche,718 Cayman,4.0,Petrol,2020,18392,82031
VW,Polo,1.2,Petrol,1991,133485,1581
BMW,X3,3.0,Diesel,2016,38708,44174
VW,Polo,1.4,Petrol,1995,152741,1909
BMW,X3,2.4,Diesel,2015,66889,30960
Ford,Mondeo,2.0,Diesel,2008,112327,10978
VW,Polo,2.0,Petrol,2014,43810,17807
VW,Golf,1.6,Diesel,1996,124522,3406
Ford,Focus,1.4,Petrol,1987,18000,4037
Ford,Focus,2.0,Petrol,1990,151923,2325
Toyota,RAV4,1.8,Hybrid,2009,68423,21408
Ford,Focus,1.0,Petrol,1990,126855,2010
Ford,Fiesta,1.4,Diesel,2002,142068,3397
Toyota,Prius,1.4,Hybrid,2010,132597,10744
Ford,Focus,1.4,Petrol,1985,315674,316
BMW,Z4,3.0,Petrol,2000,131670,7207
VW,Golf,1.6,Petrol,2007,93326,8530
VW,Polo,1.0,Petrol,2007,141924,3921
BMW,Z4,3.0,Petrol,1986,285750,728
Ford,Focus,1.6,Petrol,1995,140073,3196
Toyota,RAV4,2.4,Hybrid,2014,50331,38765
VW,Passat,1.8,Diesel,1999,182836,3406
VW,Golf,2.0,Petrol,2017,3000,32412
Ford,Focus,1.0,Diesel,2018,39860,24975
VW,Golf,1.2,Diesel,2002,101151,5251
Toyota,RAV4,2.4,Hybrid,2006,121870,13772
BMW,X3,2.0,Diesel,2009,96745,15401
VW,Passat,1.4,Petrol,2002,66000,8602
Ford,Fiesta,1.4,Petrol,2014,67556,12482
Ford,Mondeo,1.8,Petrol,2005,86945,9774
Toyota,Yaris,1.4,Hybrid,2018,37467,27356
Porsche,Cayenne,3.5,Petrol,2021,3484,105060
BMW,Z4,2.2,Petrol,1998,191989,3267
Toyota,RAV4,2.4,Hybrid,2008,74313,22230
BMW,M5,5.0,Petrol,1994,161690,8812
Ford,Focus,1.4,Petrol,2015,28952,24561
Ford,Focus,2.0,Diesel,2011,99891,14842
VW,Polo,1.2,Petrol,2008,30626,9996
Ford,Mondeo,1.6,Hybrid,2000,72319,8764
BMW,X3,2.0,Diesel,1985,292571,574
Ford,Fiesta,1.2,Petrol,2012,28142,12899
Ford,Mondeo,1.8,Diesel,2008,98167,11567
Ford,Mondeo,2.0,Diesel,1994,130974,3738
Toyota,Yaris,1.2,Petrol,2012,84859,10408
Toyota,RAV4,2.2,Hybrid,1995,311342,1181
Ford,Mondeo,1.6,Diesel,2003,86662,8485
Toyota,RAV4,1.8,Hybrid,2013,50243,31423
Ford,Focus,1.4,Petrol,1998,171338,2820
BMW,Z4,2.4,Petrol,2015,31247,35026
Ford,Focus,1.8,Petrol,2018,43839,31155
VW,Golf,1.2,Diesel,2002,80490,6084
VW,Passat,1.8,Diesel,2000,121795,6005
Toyota,RAV4,2.2,Hybrid,2022,7455,80831
Toyota,RAV4,1.8,Hybrid,1997,186047,3862
VW,Passat,1.6,Diesel,2013,85279,17631
VW,Passat,1.6,Diesel,2012,59580,19610
VW,Polo,1.0,Petrol,1993,146691,1483
VW,Golf,1.8,Diesel,2003,84770,7731
Toyota,RAV4,1.8,Hybrid,2000,110892,8692
VW,Passat,1.6,Diesel,2013,60586,20827
VW,Passat,1.6,Diesel,2012,83752,16671
Toyota,RAV4,2.2,Hybrid,2019,7694,66097
Ford,Mondeo,2.0,Diesel,2018,26830,37758
Toyota,RAV4,2.0,Hybrid,1993,185640,3129
Ford,Focus,1.4,Diesel,2008,114763,9100
Ford,Focus,1.6,Petrol,2006,107117,8589
Toyota,RAV4,2.0,Hybrid,1992,225889,2049
Toyota,Yaris,1.4,Hybrid,2002,63382,8010
Toyota,RAV4,1.8,Hybrid,1992,230915,1857
Porsche,718 Cayman,2.0,Petrol,2013,64941,27481
Ford,Fiesta,1.4,Petrol,1993,136701,1853
Ford,Focus,1.8,Diesel,1996,121208,4413
Ford,Mondeo,1.4,Diesel,2005,55851,11151
Toyota,Yaris,1.4,Hybrid,1995,101472,3855
Ford,Mondeo,2.0,Diesel,2007,66238,14238
Ford,Focus,1.4,Petrol,1998,161330,3068
VW,Golf,1.8,Petrol,2014,63409,17716
VW,Passat,2.0,Diesel,2003,100186,9095
Porsche,Cayenne,4.0,Diesel,2015,67214,54388
BMW,Z4,2.2,Petrol,1989,135774,2869
Porsche,718 Cayman,4.0,Petrol,2007,129513,16323
VW,Polo,1.0,Petrol,1994,142666,1638
Ford,Focus,2.0,Petrol,1998,225361,2098
Ford,Fiesta,1.2,Petrol,2020,14875,23663
VW,Polo,1.6,Petrol,2012,86912,10500
Toyota,Yaris,1.2,Hybrid,1989,17000,4115
Porsche,718 Cayman,2.4,Petrol,1984,322971,483
BMW,M5,4.0,Petrol,2013,31299,71336
VW,Golf,1.4,Petrol,2003,92172,6162
BMW,M5,4.0,Petrol,1999,188262,8772
BMW,Z4,2.0,Petrol,2016,45400,31420
Porsche,Cayenne,3.0,Petrol,2001,180752,7355
Ford,Fiesta,1.4,Petrol,2011,46797,11670
Ford,Focus,1.0,Petrol,1995,174926,1893
Ford,Fiesta,1.4,Petrol,2013,43710,13588
Ford,Focus,1.6,Petrol,2012,69915,16670
VW,Polo,1.4,Petrol,2019,26346,23036
Toyota,RAV4,2.0,Petrol,1995,101168,5880
Toyota,Yaris,1.4,Petrol,1998,72678,4806
Ford,Mondeo,2.0,Diesel,1993,199883,1963
VW,Golf,2.0,Diesel,1993,94331,3909
Ford,Focus,2.0,Hybrid,2001,157250,5560
VW,Passat,1.8,Diesel,2002,117669,7082
BMW,X3,2.4,Diesel,1988,136512,3073
Porsche,718 Cayman,4.0,Petrol,1991,201704,3068
Toyota,Yaris,1.4,Petrol,2001,152378,3223
VW,Polo,2.0,Petrol,1988,338791,262
Toyota,RAV4,2.2,Hybrid,2022,2587,82873
Ford,Fiesta,1.2,Petrol,1995,186799,1291
Toyota,Yaris,1.2,Hybrid,2018,29741,26494
Porsche,718 Cayman,4.0,Petrol,2006,84406,21357
Toyota,RAV4,2.4,Hybrid,2012,77919,28319
Toyota,Yaris,1.2,Petrol,2019,29951,23572
Ford,Mondeo,1.6,Petrol,1999,187803,2773
Ford,Mondeo,1.4,Diesel,1998,119620,4461
Ford,Focus,1.4,Diesel,2007,21830,15748
VW,Passat,1.8,Diesel,2011,32227,23008
Toyota,Prius,1.4,Hybrid,1994,140841,3462
BMW,M5,4.0,Petrol,2020,22013,119898
Toyota,Prius,1.0,Hybrid,2014,46400,21813
VW,Passat,1.4,Diesel,2016,37317,27487
Ford,Mondeo,2.0,Diesel,2012,75930,18620
BMW,X3,2.0,Petrol,1999,202037,3201
BMW,M5,4.0,Petrol,1989,127393,7453
VW,Polo,1.6,Petrol,2008,74305,8774
Ford,Focus,1.0,Petrol,1995,153513,2265
VW,Polo,1.6,Petrol,2018,45304,20606
Ford,Focus,2.0,Petrol,1994,209429,1854
Toyota,Prius,1.8,Hybrid,2016,40074,34747
VW,Golf,1.6,Petrol,2018,25526,27467
Porsche,Cayenne,3.0,Petrol,2007,128692,16845
Ford,Fiesta,1.4,Hybrid,1999,98006,4458
BMW,X3,2.4,Diesel,2006,85221,14996
Ford,Fiesta,1.0,Petrol,2001,133561,2738
BMW,Z4,2.0,Petrol,2007,48480,16920
BMW,Z4,2.0,Petrol,1990,301244,669
Ford,Focus,1.4,Petrol,2014,61220,18868
Toyota,RAV4,2.2,Hybrid,1989,332382,646
VW,Golf,2.0,Diesel,2001,195517,2948
BMW,M5,5.0,Petrol,2015,34862,89261
VW,Golf,1.4,Diesel,2009,49831,12818
Toyota,RAV4,2.2,Hybrid,1993,185139,3296
BMW,M5,4.0,Petrol,1995,122888,11515
VW,Passat,1.8,Diesel,2021,8872,50971
Ford,Mondeo,1.6,Diesel,1987,258897,689
VW,Golf,1.6,Petrol,1993,298203,573
VW,Polo,1.2,Petrol,2004,178408,2596
Ford,Focus,1.6,Petrol,2016,53147,24268
VW,Passat,1.6,Diesel,1998,205511,2464
Porsche,718 Cayman,4.0,Petrol,1994,239106,2676
BMW,X3,2.4,Diesel,1986,184904,1798
VW,Passat,1.4,Diesel,1997,151355,3426
Porsche,718 Cayman,4.0,Petrol,2013,52083,42210
VW,Polo,1.4,Petrol,2000,191013,1926
VW,Passat,1.4,Diesel,2001,139896,4909
VW,Golf,1.8,Diesel,1994,111331,3498
Ford,Focus,2.0,Petrol,2019,26572,38850
Ford,Mondeo,1.4,Diesel,2011,82462,13933
Ford,Mondeo,1.6,Diesel,2009,86678,12657
VW,Passat,1.6,Petrol,2011,107756,12489
BMW,X3,2.0,Petrol,1999,106551,7007
Ford,Fiesta,1.0,Petrol,2015,60872,11782
Ford,Focus,1.8,Diesel,2007,126661,8808
Toyota,RAV4,2.0,Hybrid,2014,60188,33241
Ford,Mondeo,1.4,Diesel,1998,215520,1995
BMW,M5,5.0,Petrol,2012,50182,66615
Ford,Focus,1.0,Diesel,2021,12616,35582
VW,Golf,1.8,Diesel,2012,76792,14887
Ford,Fiesta,1.0,Petrol,2010,61917,8385
Ford,Focus,1.6,Petrol,2000,120811,5190
VW,Passat,2.0,Petrol,2005,81952,11272
VW,Passat,2.0,Diesel,2004,138869,7226
Porsche,911,2.6,Petrol,2014,64867,59109
VW,Passat,2.0,Petrol,2009,74235,15517
Toyota,Prius,1.8,Hybrid,2020,20074,50891
Ford,Focus,1.6,Petrol,1995,234975,1407
Ford,Mondeo,2.0,Hybrid,2020,23238,50313
Porsche,911,2.6,Petrol,2018,35700,92549
Ford,Mondeo,2.0,Diesel,2001,159990,4712
VW,Polo,1.0,Diesel,2000,129951,2840
VW,Golf,1.2,Petrol,1988,127426,1611
Ford,Fiesta,1.2,Petrol,2017,22383,18595
Toyota,Yaris,1.0,Hybrid,2020,28024,27908
BMW,X3,3.0,Petrol,2014,30613,38607
Ford,Fiesta,1.0,Petrol,2014,48101,11950
VW,Golf,1.2,Diesel,2005,116906,5700
Ford,Focus,1.6,Petrol,1999,185525,2854
Porsche,911,3.5,Petrol,2003,208259,10631
Toyota,RAV4,2.4,Hybrid,1987,248752,1305
BMW,X3,3.0,Diesel,1996,49584,10898
VW,Golf,1.4,Petrol,1990,204381,1043
Ford,Focus,2.0,Diesel,2010,64180,17789
Toyota,Yaris,1.2,Hybrid,2000,184014,2565
Ford,Mondeo,1.8,Diesel,2008,120909,9755
Ford,Fiesta,1.0,Petrol,2006,97817,5014
VW,Passat,1.4,Diesel,2003,171038,4338
Ford,Fiesta,1.2,Petrol,2013,56994,11580
Ford,Mondeo,1.4,Diesel,2017,18157,31013
BMW,Z4,2.4,Petrol,2004,75012,12773
VW,Golf,1.2,Petrol,2007,39177,10555
Toyota,Yaris,1.0,Hybrid,2000,71356,5620
VW,Polo,1.4,Petrol,2009,44859,10607
VW,Polo,1.2,Petrol,2022,8323,28728
BMW,Z4,2.2,Petrol,2009,91452,15220
Ford,Fiesta,1.4,Petrol,1997,202891,1384
VW,Polo,1.2,Petrol,2019,28507,21067
Toyota,Prius,1.8,Hybrid,2006,117916,10460
Ford,Mondeo,1.6,Diesel,1997,142484,3726
Toyota,Yaris,1.4,Hybrid,1998,148898,3258
Ford,Mondeo,1.8,Hybrid,1995,155411,3557
Ford,Focus,1.0,Diesel,2004,166171,3900
VW,Polo,1.0,Petrol,1998,168223,1732
Toyota,Prius,1.8,Hybrid,1993,143865,3584
Ford,Fiesta,1.2,Petrol,2001,100034,3873
Toyota,Yaris,1.2,Petrol,1997,151666,2298
Porsche,911,3.5,Petrol,1991,258729,3016
VW,Polo,1.2,Petrol,2015,54215,13822
Toyota,RAV4,1.8,Petrol,1993,222344,1788
BMW,X3,2.4,Diesel,2000,133087,7027
VW,Passat,2.0,Petrol,1990,229192,1244
Ford,Mondeo,1.4,Diesel,1998,194092,2412
VW,Passat,1.8,Diesel,2001,149555,5148
Toyota,RAV4,2.0,Hybrid,1997,108555,7634
BMW,Z4,2.2,Petrol,2012,39840,26103
Ford,Fiesta,1.2,Petrol,1985,58798,1770
Ford,Mondeo,1.8,Diesel,2017,13479,36064
VW,Polo,1.2,Petrol,2007,114429,5326
Toyota,Prius,1.4,Hybrid,1997,204469,2466
Ford,Mondeo,1.8,Petrol,1989,114982,2739
VW,Golf,1.4,Petrol,2017,46928,21187
Toyota,Prius,1.0,Hybrid,2016,27839,27817
Toyota,Yaris,1.2,Petrol,2022,5417,32902
Toyota,RAV4,2.0,Hybrid,2001,151393,7120
Toyota,Yaris,1.4,Hybrid,1995,163264,2368
Toyota,Prius,1.4,Hybrid,1991,221680,1417
VW,Polo,1.4,Petrol,1990,119871,1777
Toyota,RAV4,1.8,Hybrid,2002,146392,7521
BMW,Z4,2.0,Petrol,2009,70986,16721
Toyota,Yaris,1.2,Petrol,1992,290456,475
Toyota,Yaris,1.2,Petrol,2004,101673,5412
Ford,Focus,1.6,Diesel,1990,213289,1288
Toyota,RAV4,2.0,Hybrid,2003,133739,9380
BMW,X3,2.4,Diesel,1992,301708,920
BMW,Z4,2.4,Petrol,1995,264670,1446
BMW,Z4,2.4,Petrol,2017,58142,33968
VW,Passat,1.8,Petrol,1990,298113,621
Toyota,Yaris,1.4,Hybrid,2001,183107,2985
Ford,Focus,2.0,Hybrid,1992,150186,3234
VW,Golf,1.2,Petrol,1993,172576,1555
Toyota,Yaris,1.4,Hybrid,1990,193772,1307
BMW,X3,3.0,Petrol,2012,102066,21106
VW,Golf,2.0,Petrol,2004,141499,5406
VW,Polo,1.4,Petrol,2005,77093,6593
Ford,Mondeo,1.6,Diesel,1999,270574,1375
Ford,Mondeo,1.6,Diesel,2009,71293,14070
VW,Passat,1.6,Diesel,2009,40464,18084
Ford,Fiesta,1.0,Petrol,1990,220840,625
VW,Golf,1.6,Petrol,1996,135655,2972
Toyota,Yaris,1.2,Hybrid,2000,140745,3681
VW,Golf,1.2,Petrol,2014,39668,16782
Ford,Fiesta,1.2,Diesel,2010,59473,9798
VW,Polo,1.2,Petrol,1991,186048,1021
Ford,Focus,2.0,Petrol,1991,230386,1257
VW,Polo,1.0,Petrol,2012,20651,12603
BMW,M5,4.4,Petrol,2000,191763,9539
VW,Golf,2.0,Diesel,1988,311184,426
Toyota,RAV4,1.8,Petrol,2006,143719,8362
VW,Polo,2.0,Petrol,2008,60623,10741
Toyota,Yaris,1.4,Hybrid,1997,164942,2668
Toyota,Yaris,1.4,Petrol,2012,102450,9907
VW,Polo,1.2,Petrol,2004,159228,3052
BMW,M5,4.0,Petrol,2008,93810,34039
Ford,Fiesta,1.0,Petrol,2007,60660,6921
VW,Golf,1.6,Hybrid,1992,260557,917
BMW,Z4,2.0,Petrol,1995,206258,2249
Ford,Mondeo,2.0,Diesel,1990,170060,2080
Ford,Focus,1.6,Petrol,1995,79437,5031
VW,Polo,1.0,Petrol,1995,201962,1059
Toyota,Prius,1.0,Hybrid,2000,215335,2311
VW,Polo,1.6,Petrol,2010,58375,11137
VW,Passat,2.0,Petrol,1999,166866,3918
Toyota,Prius,1.8,Hybrid,1993,196582,2296
VW,Passat,1.6,Diesel,1991,165322,2186
Toyota,RAV4,2.2,Hybrid,2000,12245,18184
Toyota,Yaris,1.2,Hybrid,2021,13737,35361
VW,Polo,2.0,Petrol,2019,25388,27682
VW,Golf,1.8,Diesel,1994,94438,3961
Ford,Focus,1.6,Petrol,1996,170763,2652
Porsche,718 Cayman,2.0,Petrol,2012,97393,20537
Toyota,Yaris,1.4,Petrol,2018,29265,23912
VW,Polo,1.4,Petrol,2001,216561,1642
Toyota,Yaris,1.2,Petrol,2011,70457,10746
Porsche,911,3.5,Petrol,1991,66112,14679
Toyota,Yaris,1.0,Petrol,2016,26137,18004
Ford,Focus,1.8,Diesel,2017,42690,30817
BMW,Z4,2.4,Petrol,2022,5639,64236
Toyota,Yaris,1.4,Hybrid,1990,180636,1464
Toyota,Prius,1.8,Hybrid,1999,206392,3141
Ford,Focus,1.6,Diesel,2019,24200,36976
BMW,M5,5.0,Petrol,1991,221986,4268
Toyota,Prius,1.8,Hybrid,1991,47087,6289
Ford,Fiesta,1.0,Petrol,2012,46135,10585
VW,Golf,1.4,Diesel,1992,127561,2383
VW,Passat,1.6,Diesel,1997,181847,2834
BMW,X3,3.0,Diesel,2018,49834,47169
Ford,Fiesta,1.2,Petrol,2010,82499,7997
Toyota,Yaris,1.4,Hybrid,1991,172937,1672
Toyota,Yaris,1.2,Hybrid,2016,60954,19159
Toyota,RAV4,2.0,Hybrid,2004,124471,10783
BMW,X3,2.0,Diesel,1997,249994,1906
Ford,Mondeo,2.0,Diesel,1987,286299,595
Ford,Focus,1.4,Diesel,2001,129253,5103
Toyota,RAV4,2.4,Hybrid,1991,114686,5352
Ford,Focus,1.8,Petrol,2003,56093,10619
VW,Golf,2.0,Petrol,2011,6000,21396
BMW,M5,5.0,Petrol,1992,323983,1755
Ford,Focus,1.0,Diesel,1990,203469,1111
VW,Passat,1.6,Diesel,1998,192108,2772
Toyota,Prius,1.0,Hybrid,2019,25780,34375
VW,Polo,1.6,Petrol,1992,204786,1070
Toyota,Prius,1.4,Hybrid,2009,31268,20238
VW,Polo,1.0,Petrol,2009,84578,6908
Toyota,Prius,1.8,Hybrid,2019,26951,45815
Toyota,Prius,1.8,Hybrid,2014,49042,28792
Toyota,Prius,1.4,Hybrid,2007,104098,10941
Toyota,Prius,1.4,Hybrid,1996,77408,6355
VW,Golf,1.8,Petrol,2009,109944,9151
VW,Golf,1.8,Petrol,2012,73234,14525
Ford,Mondeo,2.0,Diesel,2011,38395,22139
Toyota,Prius,1.8,Hybrid,2003,90320,10501
VW,Polo,1.2,Petrol,2017,53409,15875
Toyota,Prius,1.4,Hybrid,2005,137724,7391
VW,Golf,2.0,Diesel,2021,8087,43287
Toyota,RAV4,2.2,Petrol,1993,184766,2756
VW,Passat,1.8,Diesel,2018,29621,37247
VW,Golf,1.6,Petrol,2009,72582,11261
VW,Passat,1.4,Petrol,2019,18890,35513
Toyota,RAV4,2.2,Petrol,1995,208487,2557
Ford,Focus,2.0,Diesel,1998,123353,5228
Ford,Fiesta,1.4,Petrol,1991,156207,1384
Toyota,Prius,1.0,Hybrid,1994,112795,3642
VW,Passat,1.8,Diesel,1992,39615,6207
Toyota,Prius,1.8,Hybrid,1997,139267,4856
Ford,Focus,1.6,Diesel,2016,61006,24233
VW,Passat,1.4,Diesel,2008,113304,9633
VW,Polo,1.4,Diesel,1991,145901,1623
Toyota,Yaris,1.4,Hybrid,2005,58982,10067
Toyota,Prius,1.8,Hybrid,2000,174376,4437
Ford,Mondeo,2.0,Diesel,2016,51059,28601
Toyota,Yaris,1.4,Petrol,2005,111198,5821
VW,Passat,1.8,Diesel,1997,140421,4245
Ford,Fiesta,1.4,Petrol,2002,131404,3522
VW,Polo,2.0,Petrol,2018,30228,25193
Ford,Focus,1.6,Petrol,1992,157812,2264
Toyota,Prius,1.4,Hybrid,2016,32938,31962
Toyota,Yaris,1.2,Petrol,1991,103450,2245
Ford,Mondeo,1.8,Diesel,2019,10117,41948
Toyota,Yaris,1.4,Petrol,2011,99624,9462
Ford,Focus,1.0,Petrol,2014,35503,18695
Ford,Focus,2.0,Petrol,1993,236635,1356
Ford,Mondeo,1.8,Diesel,1996,202468,2224
Ford,Fiesta,1.0,Petrol,2007,48869,7458
Ford,Focus,1.8,Petrol,2005,74439,10755
BMW,M5,5.0,Petrol,1987,256429,2384
VW,Passat,2.0,Diesel,2016,51527,30129
Toyota,Prius,1.8,Hybrid,1997,161316,4055
VW,Polo,2.0,Petrol,2019,22375,28153
VW,Passat,1.8,Diesel,2009,72319,15658
VW,Golf,1.6,Diesel,2000,126330,4385
VW,Passat,1.4,Diesel,2015,67299,21303
Toyota,RAV4,2.0,Hybrid,2000,169048,5751
Ford,Focus,1.0,Petrol,2006,129025,5742
Ford,Fiesta,1.4,Petrol,2007,67643,7823
VW,Polo,2.0,Diesel,2014,37356,19435
VW,Passat,2.0,Diesel,1998,169042,3778
BMW,X3,2.0,Petrol,1991,194849,2000
Ford,Fiesta,1.2,Petrol,1991,291741,379
VW,Golf,1.4,Petrol,1995,281418,718
Ford,Fiesta,1.4,Petrol,1997,175584,1755
BMW,X3,2.4,Petrol,2013,34795,31529
Ford,Fiesta,1.4,Petrol,1997,227371,1112
Porsche,911,2.2,Petrol,2001,78558,20846
Porsche,718 Cayman,2.4,Petrol,2001,83481,11930
Ford,Focus,1.8,Petrol,2019,15612,39157
Ford,Mondeo,2.0,Diesel,1995,213339,1991
Ford,Fiesta,1.2,Petrol,2000,142149,2620
VW,Golf,1.8,Petrol,2011,27009,18116
VW,Passat,2.0,Diesel,2016,66107,27433
Toyota,Yaris,1.4,Hybrid,2006,107081,7701
VW,Passat,1.6,Diesel,2006,121686,8453
Toyota,RAV4,1.8,Hybrid,2018,42780,45912
Ford,Mondeo,1.6,Hybrid,1996,197053,2513
Toyota,Yaris,1.2,Petrol,2004,127007,4466
VW,Polo,2.0,Petrol,2011,36346,15245
Ford,Mondeo,2.0,Diesel,2000,141343,5135
Toyota,Yaris,1.0,Petrol,2016,30889,17523
Toyota,Yaris,1.2,Petrol,1988,180368,991
Ford,Fiesta,1.2,Petrol,2000,106802,3446
VW,Passat,1.6,Diesel,2004,145825,6111
Toyota,Prius,1.0,Hybrid,2016,39944,25919
VW,Passat,1.8,Diesel,1999,100110,6612
VW,Polo,1.4,Petrol,2003,148210,3377
Toyota,Prius,1.0,Hybrid,2007,114509,8553
Toyota,RAV4,2.0,Hybrid,2001,84809,11837
Toyota,Prius,1.0,Hybrid,2000,187437,2956
Toyota,Prius,1.0,Hybrid,2000,121904,5068
Toyota,RAV4,2.4,Hybrid,1999,105587,9769
Ford,Fiesta,1.0,Diesel,1996,168251,1550
VW,Golf,1.6,Petrol,2001,136293,4127
BMW,Z4,2.4,Petrol,1991,243074,1353
Porsche,911,3.0,Petrol,1996,201184,6571
Porsche,718 Cayman,4.0,Petrol,2004,101847,16493
VW,Golf,1.6,Diesel,1997,192299,2077
Ford,Fiesta,1.0,Petrol,2001,114687,3169
Toyota,RAV4,2.4,Hybrid,2003,109859,12354
BMW,M5,4.4,Petrol,2003,118159,21350
BMW,X3,3.0,Diesel,2013,70086,29656
Ford,Focus,1.6,Diesel,2009,94574,12075
Toyota,Yaris,1.4,Petrol,2002,91399,5511
Toyota,RAV4,2.4,Hybrid,1988,293430,917
VW,Golf,1.4,Petrol,2004,135762,4736
Toyota,Yaris,1.2,Petrol,2000,150704,2830
Ford,Fiesta,1.4,Petrol,2016,23489,18674
VW,Golf,1.8,Petrol,1995,153174,2560
VW,Polo,2.0,Petrol,2009,90092,9397
Toyota,Prius,1.8,Hybrid,1995,140770,4199
VW,Golf,2.0,Diesel,2009,64033,13992
Toyota,Yaris,1.4,Petrol,2006,148166,4655
Toyota,RAV4,2.2,Petrol,2000,170734,4955
Toyota,Prius,1.4,Hybrid,1994,233219,1559
Toyota,Yaris,1.2,Petrol,2019,14052,25745
Ford,Mondeo,1.8,Diesel,2018,39417,33290
BMW,Z4,2.0,Petrol,2017,20568,38804
Ford,Fiesta,1.2,Petrol,1987,168547,885
Ford,Focus,1.6,Petrol,2021,13480,42668
BMW,X3,2.0,Petrol,2011,57161,21962
VW,Polo,1.0,Petrol,2019,23809,19748
Toyota,RAV4,2.0,Hybrid,1997,257710,2135
Ford,Focus,1.4,Petrol,2004,67853,9274
Ford,Mondeo,1.6,Diesel,1994,105741,4056
Ford,Mondeo,2.0,Diesel,1996,182754,2784
Ford,Focus,1.8,Petrol,2005,36535,13682
BMW,Z4,3.0,Petrol,2011,75816,22649
Ford,Focus,1.8,Diesel,1991,96407,3807
Porsche,718 Cayman,4.0,Petrol,2010,71237,30517
Ford,Fiesta,1.2,Petrol,2021,7274,26329
Ford,Fiesta,1.4,Petrol,2006,55162,7936
Ford,Focus,1.8,Hybrid,1993,270405,1129
VW,Passat,1.6,Petrol,2012,83208,15938
Ford,Fiesta,1.4,Petrol,2005,64052,7010
VW,Golf,1.6,Petrol,2015,18894,23332
Ford,Fiesta,1.4,Petrol,2014,75133,11864
VW,Passat,1.4,Petrol,1997,170248,2788
Ford,Mondeo,1.6,Diesel,1994,57517,5665
BMW,M5,5.0,Petrol,2016,18097,104908
Porsche,718 Cayman,2.0,Petrol,2009,74117,19799
VW,Passat,1.6,Diesel,1993,189701,2028
BMW,Z4,3.0,Petrol,2017,34953,43791
VW,Polo,1.6,Petrol,1993,181151,1406
VW,Polo,1.2,Petrol,2000,235017,1203
BMW,Z4,2.0,Petrol,2009,96610,13983
Porsche,Cayenne,4.0,Petrol,2004,107223,18767
Ford,Fiesta,1.0,Petrol,1994,108395,2084
BMW,X3,3.0,Diesel,2011,83806,23632
Porsche,718 Cayman,2.4,Petrol,2000,81813,11291
VW,Golf,1.8,Diesel,1994,160405,2368
Ford,Mondeo,1.6,Diesel,1999,93083,6209
VW,Golf,1.2,Petrol,2000,114202,3971
Toyota,Prius,1.0,Hybrid,2022,5361,46869
VW,Polo,1.6,Petrol,2001,141640,3332
Ford,Focus,2.0,Petrol,2000,128078,5484
Ford,Mondeo,1.6,Diesel,2016,75707,21777
VW,Golf,1.6,Diesel,1992,293143,590
Porsche,Cayenne,4.0,Petrol,2012,50971,47081
Toyota,Prius,1.0,Hybrid,1997,124306,4073
Ford,Fiesta,1.2,Petrol,2001,20328,6472
Toyota,RAV4,2.2,Hybrid,2014,34448,40853
Toyota,Yaris,1.4,Hybrid,2016,67486,19827
Porsche,718 Cayman,2.4,Petrol,2009,98599,18258
VW,Golf,1.4,Diesel,2009,80220,10499
Toyota,Prius,1.0,Hybrid,1984,302522,354
Ford,Mondeo,1.6,Diesel,1989,254613,819
Toyota,RAV4,2.4,Hybrid,2004,104616,13732
VW,Passat,1.4,Diesel,1998,192820,2577
Toyota,Yaris,1.0,Petrol,2009,74884,8333
Toyota,RAV4,1.8,Hybrid,2018,16258,53449
VW,Polo,1.6,Petrol,2001,107952,4329
VW,Golf,2.0,Petrol,1995,124215,3401
VW,Polo,1.6,Petrol,1997,191158,1684
Toyota,RAV4,1.8,Hybrid,2000,206390,3947
VW,Polo,1.6,Petrol,2001,163687,2780
Ford,Mondeo,1.6,Diesel,2015,48917,24253
Ford,Focus,1.0,Petrol,1987,191323,964
VW,Polo,1.6,Diesel,1999,108730,3955
Toyota,RAV4,2.2,Hybrid,2014,64601,33876
VW,Golf,1.8,Petrol,1994,130142,2882
VW,Polo,1.6,Diesel,2017,43848,20421
Toyota,Yaris,1.0,Hybrid,1998,88126,4381
VW,Polo,1.4,Petrol,2007,130507,5081
Ford,Mondeo,1.8,Diesel,2017,42313,30606
Toyota,RAV4,1.8,Hybrid,2009,139996,12630
Toyota,Prius,1.4,Hybrid,1997,172678,3250
VW,Golf,1.8,Diesel,2018,30835,29678
Ford,Fiesta,1.0,Petrol,1995,245221,698
Ford,Mondeo,2.0,Diesel,2006,60681,13812
Ford,Mondeo,1.8,Diesel,2014,62993,22003
BMW,X3,2.0,Petrol,1989,227215,1312
Toyota,Yaris,1.2,Hybrid,1999,149822,3200
VW,Golf,1.8,Petrol,2005,141977,5462
BMW,Z4,2.0,Petrol,1992,259074,1138
Ford,Mondeo,1.8,Diesel,2016,33896,30100
Ford,Focus,2.0,Diesel,2019,17017,43011
Porsche,911,2.6,Petrol,2018,29307,96048
BMW,M5,4.0,Petrol,2013,45946,65379
Toyota,Yaris,1.4,Hybrid,1996,175225,2288
VW,Passat,1.8,Diesel,1995,169499,2923
Ford,Fiesta,1.4,Petrol,1992,241753,698
Ford,Focus,1.4,Petrol,2011,82694,13370
Toyota,Yaris,1.2,Petrol,1986,160296,1028
Ford,Mondeo,1.8,Diesel,2004,141667,6344
VW,Passat,1.8,Diesel,2019,18017,42484
Ford,Fiesta,1.0,Petrol,1993,286577,415
Ford,Focus,1.8,Diesel,2001,110990,6658
Ford,Focus,1.4,Petrol,2004,91220,7895
Toyota,Prius,1.4,Hybrid,1996,98507,5475
VW,Polo,1.6,Petrol,2017,45774,19221
BMW,Z4,2.0,Petrol,2010,66648,18397
Toyota,Prius,1.0,Hybrid,1995,57740,5724
VW,Polo,1.2,Diesel,2015,59663,14017
VW,Polo,1.4,Diesel,2014,69295,13297
Ford,Fiesta,1.4,Petrol,2002,106734,4256
VW,Passat,2.0,Diesel,1997,142327,4407
Ford,Fiesta,1.2,Petrol,2007,110402,5350
Toyota,RAV4,2.0,Hybrid,2020,29005,59970
VW,Polo,1.2,Petrol,2016,38935,16230
Ford,Focus,1.6,Petrol,1992,148460,2445
VW,Golf,1.2,Hybrid,2012,32124,18426
Ford,Focus,2.0,Petrol,2015,43230,26987
Ford,Mondeo,1.8,Diesel,1997,128287,4424
Toyota,Yaris,1.0,Hybrid,1996,146274,2461
Ford,Focus,1.4,Diesel,2017,22718,30522
VW,Passat,1.6,Diesel,2000,184851,3374
VW,Polo,1.2,Petrol,2013,70151,10906
VW,Passat,1.8,Diesel,2011,85364,16357
VW,Passat,2.0,Petrol,1992,255865,1113
Toyota,Prius,1.0,Hybrid,1991,177585,1766
Toyota,RAV4,2.2,Hybrid,2004,112865,12361
BMW,Z4,2.4,Petrol,2004,18187,18103
Ford,Mondeo,2.0,Diesel,2017,48528,31058
VW,Polo,1.0,Petrol,1997,197078,1264
BMW,X3,3.0,Diesel,2009,87509,20151
Toyota,Yaris,1.0,Hybrid,2015,28659,19924
VW,Passat,1.8,Diesel,1997,174462,3203
VW,Passat,1.6,Diesel,2005,98719,9396
VW,Passat,1.8,Petrol,2010,73959,15765
Ford,Mondeo,1.4,Diesel,2000,94048,6165
VW,Polo,1.6,Petrol,1993,143620,1924
Toyota,Prius,1.0,Hybrid,1987,242443,759
Ford,Focus,1.4,Petrol,1989,153134,1802
Ford,Mondeo,1.6,Diesel,1987,173420,1480
Ford,Fiesta,1.4,Petrol,1993,217948,927
Ford,Focus,2.0,Petrol,2009,58035,16494
VW,Golf,1.4,Petrol,2002,114415,4893
VW,Golf,2.0,Diesel,2019,17324,36068
Ford,Mondeo,1.4,Diesel,1999,174855,3044
VW,Polo,1.2,Petrol,2010,93242,7608
VW,Golf,1.4,Petrol,2014,44610,17594
Toyota,Prius,1.4,Hybrid,2015,29538,30494
Ford,Mondeo,1.8,Diesel,2009,106264,11650
BMW,Z4,3.0,Petrol,2009,93394,17528
BMW,X3,2.0,Diesel,2007,36974,19999
Toyota,Prius,1.0,Hybrid,2015,55137,22079
VW,Passat,1.8,Diesel,1988,177453,1713
VW,Golf,2.0,Petrol,1995,84852,4550
VW,Polo,1.6,Petrol,2007,109322,6392
BMW,Z4,2.2,Petrol,2012,37481,26472
BMW,Z4,2.4,Petrol,2000,154408,5365
VW,Polo,1.0,Petrol,1998,194983,1376
Ford,Fiesta,1.0,Petrol,2019,21698,19469
Toyota,Yaris,1.0,Petrol,2008,84490,7296
Ford,Fiesta,1.4,Petrol,2020,14236,25647
Ford,Focus,2.0,Petrol,2004,29586,14048
VW,Passat,1.4,Diesel,2010,71070,14885
Ford,Mondeo,2.0,Diesel,2016,39813,30638
Ford,Mondeo,1.8,Diesel,2006,90545,10694
VW,Polo,1.4,Petrol,2018,29100,21215
Porsche,718 Cayman,2.0,Petrol,2002,140207,7597
VW,Golf,1.4,Hybrid,2006,61440,11141
Toyota,Yaris,1.0,Hybrid,2008,78865,9103
Ford,Focus,1.8,Petrol,1999,98420,6090
Ford,Fiesta,1.0,Petrol,2005,90004,4962
VW,Polo,1.6,Petrol,2012,49301,13476
Ford,Focus,1.6,Petrol,1997,161626,3061
Ford,Mondeo,2.0,Diesel,1989,254287,919
VW,Passat,2.0,Diesel,2004,81948,11073
Toyota,RAV4,1.8,Hybrid,1992,221872,2016
VW,Golf,1.2,Hybrid,2011,43105,16151
Ford,Focus,1.6,Petrol,1991,134527,2558
VW,Polo,1.2,Petrol,2005,79277,6013
VW,Golf,1.4,Petrol,2009,115425,7743
VW,Passat,1.4,Diesel,2002,137601,5345
VW,Golf,1.2,Diesel,2003,150997,3808
Ford,Fiesta,1.2,Petrol,2009,86983,7250
Toyota,Yaris,1.0,Hybrid,2010,98204,9071
Toyota,Yaris,1.2,Hybrid,2007,108928,7516
VW,Polo,1.4,Petrol,2018,13990,23066
Ford,Fiesta,1.4,Petrol,2017,37048,18464
Toyota,RAV4,2.4,Hybrid,1988,256291,1301
Ford,Focus,1.8,Petrol,1995,139182,3414
Toyota,Yaris,1.2,Petrol,2013,51518,13882
Ford,Focus,1.8,Diesel,2004,125116,7299
Toyota,Prius,1.8,Hybrid,2003,200597,4317
VW,Polo,1.6,Petrol,2015,69381,14463
Toyota,Yaris,1.4,Hybrid,2021,13087,38327
VW,Polo,1.4,Petrol,1989,297422,348
Toyota,Yaris,1.4,Hybrid,2009,71538,12102
Toyota,Yaris,1.2,Petrol,1992,81452,2809
Ford,Focus,1.6,Hybrid,1994,181477,2541
Ford,Focus,1.6,Petrol,2003,112974,6729
Ford,Focus,1.0,Petrol,1997,206910,1637
Ford,Fiesta,1.4,Hybrid,2015,50306,17890
VW,Passat,1.6,Diesel,1995,77519,5604
Toyota,RAV4,2.2,Hybrid,2004,129250,10895
Ford,Fiesta,1.4,Petrol,2015,67398,13357
BMW,Z4,3.0,Petrol,2020,19622,58351
Ford,Focus,1.8,Petrol,2017,44307,29063
VW,Polo,2.0,Petrol,2000,112578,4373
BMW,X3,2.4,Diesel,2014,53701,31540
Porsche,718 Cayman,2.4,Petrol,2020,17262,63933
VW,Passat,1.4,Diesel,2020,17584,40145
Toyota,Yaris,1.4,Petrol,2018,32710,23442
BMW,Z4,2.2,Petrol,2004,169327,5922
VW,Golf,1.2,Diesel,2020,20813,29299
VW,Polo,1.6,Petrol,1999,192938,1894
VW,Golf,1.6,Petrol,2005,120820,6083
BMW,X3,3.0,Diesel,2014,59167,34056
Ford,Mondeo,1.8,Diesel,1989,228685,1102
Ford,Focus,1.8,Petrol,2015,46861,25041
VW,Polo,1.4,Diesel,2011,68787,10923
Ford,Mondeo,1.8,Hybrid,1991,156853,2692
BMW,Z4,3.0,Petrol,2021,16353,63494
Ford,Mondeo,1.8,Diesel,2013,63108,20569
Toyota,Yaris,1.2,Hybrid,2017,26256,25282
VW,Polo,1.2,Petrol,1991,16000,3492
VW,Golf,1.4,Petrol,1997,189363,1898
Ford,Fiesta,1.2,Petrol,2009,84813,7361
Ford,Mondeo,1.8,Petrol,2019,36223,34539
VW,Golf,1.8,Petrol,1996,169775,2382
VW,Passat,1.4,Diesel,2017,28249,30972
Toyota,Yaris,1.0,Hybrid,1992,240460,830
Toyota,Yaris,1.4,Hybrid,1995,280764,824
Ford,Mondeo,1.4,Diesel,1999,121052,4716
Ford,Fiesta,1.4,Petrol,1993,131096,1937
Ford,Fiesta,1.0,Petrol,1994,63296,2860
VW,Polo,1.0,Petrol,1997,218148,1048
VW,Golf,1.4,Diesel,1991,159686,1720
Ford,Focus,1.6,Petrol,1995,183559,2224
VW,Polo,1.6,Petrol,2007,108942,6410
VW,Polo,1.2,Petrol,1989,267147,429
Toyota,Yaris,1.4,Petrol,2013,48630,15266
Toyota,Prius,1.0,Hybrid,2015,53006,22378
BMW,Z4,2.0,Petrol,2006,86243,12328
VW,Passat,1.8,Diesel,2005,96845,10102
VW,Polo,2.0,Petrol,1999,141040,3276
Toyota,RAV4,2.4,Hybrid,2009,71582,24204
VW,Passat,1.4,Diesel,1994,165603,2492
VW,Polo,1.0,Diesel,2017,20186,18516
VW,Passat,1.6,Diesel,2010,87721,14189
VW,Passat,1.4,Diesel,1999,174932,3214
VW,Golf,1.6,Petrol,2001,88199,5930
Ford,Fiesta,1.2,Hybrid,2009,75266,9435
VW,Polo,1.4,Petrol,2015,44816,15828
VW,Passat,1.8,Diesel,2014,92899,18939
VW,Passat,1.6,Diesel,1999,96525,6399
BMW,M5,5.0,Petrol,2011,87843,48502
VW,Golf,1.8,Petrol,2001,61739,7528
Ford,Mondeo,2.0,Diesel,1992,243037,1245
Ford,Mondeo,1.6,Diesel,2013,34433,23161
Ford,Focus,1.4,Petrol,2017,48174,25030
Ford,Mondeo,1.6,Diesel,2014,48378,22764
Toyota,RAV4,2.0,Hybrid,1999,189328,4521
VW,Passat,2.0,Diesel,1993,120613,4005
BMW,M5,4.0,Petrol,1998,207050,6958
Ford,Fiesta,1.4,Petrol,2014,25890,16124
VW,Passat,1.8,Diesel,2012,67944,19692
VW,Passat,2.0,Diesel,2013,58488,23602
Ford,Focus,1.0,Petrol,2008,55300,11103
BMW,X3,3.0,Diesel,1986,203940,1701
VW,Golf,1.4,Petrol,2010,97331,9468
Toyota,RAV4,2.2,Hybrid,2004,90764,14539
Ford,Focus,1.0,Petrol,2015,44510,18935
Ford,Fiesta,1.2,Petrol,2009,67812,8266
Porsche,Cayenne,4.0,Petrol,2012,84093,37807
VW,Golf,1.4,Petrol,1993,208488,1229
VW,Passat,1.4,Diesel,2006,98713,9395
Ford,Mondeo,2.0,Diesel,2009,82540,14567
Toyota,Yaris,1.0,Hybrid,2009,52987,11540
VW,Polo,1.0,Petrol,2002,68872,4822
Toyota,RAV4,2.0,Hybrid,2002,148712,7780
Ford,Fiesta,1.0,Hybrid,2017,47378,17593
VW,Polo,1.0,Diesel,2017,29929,17529
Ford,Fiesta,1.2,Petrol,1997,177417,1600
Toyota,RAV4,2.2,Petrol,1989,186042,2087
VW,Passat,1.4,Petrol,2001,137208,4777
Toyota,Prius,1.0,Hybrid,2018,32170,31004
Toyota,Prius,1.0,Hybrid,1997,200134,2166
VW,Polo,1.6,Petrol,2013,48150,14508
BMW,X3,3.0,Diesel,2011,42952,30856
Ford,Mondeo,2.0,Diesel,2009,76036,15234
BMW,M5,5.0,Petrol,2003,80926,29863
BMW,M5,4.4,Petrol,2003,226887,8524
Toyota,RAV4,2.2,Hybrid,1997,93056,8969
VW,Polo,1.6,Petrol,1997,135839,2673
BMW,X3,2.4,Diesel,1990,162189,2847
Toyota,Prius,1.8,Hybrid,2003,178273,5242
VW,Golf,2.0,Diesel,2001,186903,3178
Ford,Mondeo,2.0,Diesel,2002,113677,7284
Ford,Focus,2.0,Petrol,2009,75843,14661
VW,Passat,1.8,Diesel,1991,337137,479
Porsche,718 Cayman,4.0,Petrol,1995,94116,9575
Ford,Fiesta,1.2,Petrol,2000,205423,1531
Porsche,911,2.2,Petrol,2013,62059,51807
VW,Polo,1.2,Petrol,2005,86051,5737
Ford,Fiesta,1.0,Petrol,2009,79041,6995
VW,Golf,1.8,Petrol,2008,125327,7611
VW,Passat,1.4,Diesel,2006,161501,5741
Ford,Focus,1.4,Petrol,1986,137454,1675
Toyota,Yaris,1.2,Hybrid,2018,18095,28278
VW,Golf,1.4,Petrol,1997,191456,1864
VW,Golf,2.0,Petrol,2012,20155,21210
VW,Golf,1.2,Petrol,2007,106718,6698
Toyota,Yaris,1.2,Hybrid,1992,237606,933
VW,Passat,2.0,Diesel,2000,116300,6602
Toyota,RAV4,2.4,Hybrid,2009,103232,19362
Ford,Fiesta,1.4,Petrol,2000,123993,3266
Ford,Fiesta,1.2,Petrol,2020,10787,24183
Ford,Fiesta,1.2,Petrol,1985,73016,1611
VW,Polo,1.0,Petrol,2000,144169,2414
VW,Polo,1.6,Petrol,2017,41885,19681
VW,Polo,1.2,Petrol,1994,161362,1539
Ford,Mondeo,2.0,Diesel,2012,66451,19843
VW,Passat,2.0,Petrol,1995,183377,2607
Ford,Focus,2.0,Petrol,2000,227728,2346
Toyota,Yaris,1.2,Petrol,2016,31794,19095
Toyota,RAV4,2.0,Petrol,2021,9087,59574
Ford,Fiesta,1.2,Hybrid,2001,128291,3751
VW,Passat,2.0,Petrol,2000,234065,2318
VW,Polo,2.0,Petrol,1995,172817,1929
Ford,Mondeo,1.8,Diesel,2002,171154,4351
VW,Golf,2.0,Petrol,1991,40689,4647
Porsche,Cayenne,2.6,Diesel,2012,59034,37869
Ford,Mondeo,1.8,Diesel,2010,46770,18678
Ford,Focus,2.0,Petrol,1993,121028,3632
Toyota,Yaris,1.2,Hybrid,1985,285951,373
Ford,Focus,1.0,Petrol,2015,48875,18433
BMW,M5,5.0,Petrol,2002,131670,19169
Ford,Focus,2.0,Petrol,2003,91651,8801
Ford,Focus,2.0,Diesel,2004,114612,8340
Ford,Focus,1.4,Petrol,2000,182202,2937
VW,Passat,1.8,Diesel,2016,43723,29992
VW,Passat,2.0,Diesel,2019,22999,43569
Toyota,Yaris,1.0,Hybrid,2004,143942,4276
Ford,Focus,1.4,Petrol,2017,34577,27165
Porsche,911,2.2,Petrol,1989,98571,8129
Ford,Fiesta,1.4,Diesel,2008,87259,7677
Toyota,RAV4,2.4,Petrol,2000,65742,11508
VW,Polo,1.6,Petrol,2006,85352,7116
Toyota,Yaris,1.4,Hybrid,2011,77436,13286
Ford,Mondeo,1.6,Petrol,2004,118142,6853
VW,Polo,1.6,Petrol,1994,119964,2478
Toyota,Yaris,1.4,Petrol,2019,20363,26872
VW,Golf,1.8,Petrol,2010,61911,13702
Toyota,Prius,1.4,Hybrid,2017,36266,33506
Ford,Mondeo,1.6,Diesel,2016,37770,27739
VW,Polo,1.0,Diesel,2005,90781,5318
Toyota,Prius,1.8,Hybrid,1991,156076,2839
VW,Golf,1.8,Petrol,2007,123334,7231
BMW,M5,4.0,Petrol,2018,42262,93312
Ford,Focus,2.0,Petrol,1996,140131,3817
VW,Passat,1.4,Diesel,2008,155257,6909
Toyota,Prius,1.4,Hybrid,2006,150507,7125
VW,Passat,2.0,Diesel,2019,8379,47142
VW,Golf,1.4,Diesel,1998,175032,2411
BMW,M5,5.0,Petrol,1996,222154,5947
Ford,Mondeo,1.6,Diesel,2007,154809,6564
VW,Polo,2.0,Petrol,2005,109695,6237
Porsche,Cayenne,4.0,Diesel,1993,285908,2012
Ford,Fiesta,1.2,Petrol,2018,23212,19785
Ford,Fiesta,1.2,Petrol,2016,33108,16366
Ford,Focus,2.0,Petrol,1998,38107,8960
VW,Polo,2.0,Petrol,2005,166729,3956
VW,Golf,1.8,Hybrid,1997,179344,2817
BMW,M5,4.0,Petrol,2007,51300,42395
Toyota,Prius,1.0,Hybrid,2011,96699,12744
VW,Polo,2.0,Petrol,2010,84614,10441
VW,Polo,1.0,Petrol,2005,74398,5675
VW,Polo,1.4,Diesel,1985,204197,662
Ford,Focus,1.8,Petrol,1992,143393,2702
Ford,Focus,1.8,Petrol,1991,172010,1994
Toyota,Yaris,1.0,Petrol,2008,41073,9681
VW,Passat,2.0,Diesel,2003,82103,10347
Ford,Mondeo,1.4,Diesel,2012,69868,16229
Toyota,Yaris,1.4,Petrol,1989,184443,1105
Ford,Focus,2.0,Petrol,2014,35583,26426
VW,Golf,1.6,Petrol,1992,270803,694
Porsche,911,3.0,Petrol,1995,245572,4118
Ford,Focus,1.6,Diesel,2000,202193,2769
VW,Passat,1.6,Diesel,1985,133333,1903
Toyota,RAV4,2.0,Hybrid,2017,40733,45836
Ford,Fiesta,1.2,Petrol,1999,211454,1357
VW,Passat,1.8,Petrol,2017,21444,34750
Ford,Focus,1.8,Petrol,2017,38101,30169
VW,Polo,1.0,Petrol,2002,108972,3630
BMW,Z4,2.0,Petrol,1998,103718,6376
Toyota,RAV4,1.8,Hybrid,2016,41132,40582
VW,Passat,1.6,Diesel,1999,163299,3791
Ford,Mondeo,1.6,Hybrid,1989,179618,1833
Ford,Focus,1.0,Petrol,2008,71409,9994
Ford,Fiesta,1.2,Petrol,2018,27948,19264
Ford,Focus,1.6,Diesel,2008,102852,10635
BMW,X3,3.0,Diesel,1991,121523,4719
Toyota,Yaris,1.4,Hybrid,2020,1500,38074
Toyota,RAV4,2.0,Hybrid,2001,74087,12745
Ford,Fiesta,1.0,Petrol,2002,10500,6659
Toyota,RAV4,2.0,Hybrid,1991,279082,1172
Ford,Focus,1.4,Petrol,1995,151753,2719
Porsche,911,2.6,Petrol,1993,228766,3912
BMW,X3,2.4,Diesel,2014,39448,34426
Ford,Fiesta,1.0,Petrol,2003,106068,3864
Ford,Fiesta,1.0,Petrol,2013,52366,10886
VW,Golf,2.0,Petrol,2006,85791,9412
VW,Passat,1.8,Diesel,1990,129247,2909
Ford,Fiesta,1.2,Petrol,1994,251133,678
VW,Golf,1.8,Petrol,2013,64384,16468
VW,Golf,1.8,Petrol,2002,163281,3754
Porsche,911,2.6,Petrol,2014,69365,57375
Ford,Focus,1.0,Petrol,2004,104298,6068
BMW,X3,2.0,Diesel,1998,125022,5981
Ford,Mondeo,1.6,Hybrid,1999,178160,3616
BMW,Z4,2.4,Petrol,2010,69891,19724
VW,Passat,1.6,Diesel,2002,122180,6450
BMW,M5,4.0,Petrol,2014,28721,77391
BMW,Z4,2.0,Petrol,2002,113696,7726
Toyota,Prius,1.0,Hybrid,1995,125282,3537
Toyota,Yaris,1.0,Hybrid,2011,56508,12895
Toyota,Prius,1.8,Hybrid,2008,60076,17997
VW,Golf,1.2,Diesel,2000,148098,3192
VW,Polo,1.2,Petrol,2017,36271,17625
Ford,Focus,1.0,Petrol,2014,41670,18021
Toyota,RAV4,2.4,Hybrid,2009,94017,20706
Porsche,Cayenne,2.6,Petrol,2006,125621,15027
Ford,Mondeo,1.4,Diesel,2015,65106,20458
Toyota,Prius,1.4,Hybrid,2007,85225,12534
VW,Passat,1.8,Petrol,1999,203472,2709
Porsche,718 Cayman,4.0,Petrol,2009,103459,22746
VW,Polo,2.0,Petrol,2015,33870,20196
VW,Passat,1.8,Petrol,2001,112157,6580
Ford,Focus,1.8,Petrol,1995,178988,2453
VW,Polo,2.0,Petrol,1990,256559,654
Porsche,718 Cayman,4.0,Petrol,1992,139842,5532
Toyota,Yaris,1.2,Hybrid,2020,27125,30728
Toyota,RAV4,2.0,Petrol,2014,85793,23306
VW,Golf,1.4,Petrol,2018,27558,25399
BMW,X3,2.4,Diesel,2004,47782,16803
VW,Passat,2.0,Diesel,1999,197425,3162
VW,Golf,1.6,Petrol,2010,67677,12439
Ford,Focus,1.4,Petrol,1985,232121,693
Ford,Mondeo,2.0,Diesel,2017,30339,34622
BMW,X3,2.4,Diesel,1989,86176,4795
Toyota,Yaris,1.2,Hybrid,2010,102434,9634
Ford,Fiesta,1.2,Petrol,1995,177547,1398
Ford,Fiesta,1.4,Petrol,1993,145158,1732
Ford,Fiesta,1.0,Petrol,1997,53211,3726
Toyota,Yaris,1.2,Hybrid,2007,121206,6847
Toyota,Prius,1.0,Hybrid,2004,165194,4666
BMW,Z4,2.2,Petrol,1992,262082,1161
Porsche,911,2.2,Petrol,2007,33668,41379
Ford,Focus,1.4,Petrol,1993,139231,2634
Toyota,Yaris,1.2,Hybrid,2003,72368,7468
VW,Passat,1.8,Diesel,1991,163326,2358
Toyota,RAV4,2.4,Hybrid,2006,107263,15385
VW,Passat,2.0,Diesel,2016,40723,32193
Toyota,RAV4,2.0,Hybrid,1992,191306,2787
BMW,M5,5.0,Petrol,2005,115278,26583
Toyota,Yaris,1.2,Hybrid,2018,34347,25796
Porsche,Cayenne,3.5,Petrol,2006,138122,15797
Ford,Fiesta,1.4,Petrol,2015,63236,13728
VW,Golf,1.6,Petrol,2000,188501,2498
Ford,Fiesta,1.0,Petrol,2015,40236,13400
Ford,Focus,1.8,Hybrid,2002,81109,10095
Toyota,Yaris,1.2,Hybrid,1995,122620,3043
BMW,X3,3.0,Diesel,1996,228624,2656
BMW,M5,5.0,Petrol,2004,141846,20197
VW,Golf,1.6,Diesel,1999,178546,2673
Toyota,RAV4,2.0,Hybrid,2009,78262,21115
Toyota,RAV4,2.2,Hybrid,2005,79856,16777
Ford,Fiesta,1.4,Petrol,1997,107303,3036
VW,Polo,1.0,Petrol,1984,159199,734
Toyota,Prius,1.8,Hybrid,2007,59434,16907
Toyota,RAV4,2.0,Hybrid,2017,52349,42680
Toyota,RAV4,2.0,Hybrid,1994,191346,3183
Toyota,Prius,1.0,Hybrid,2013,47048,20325
VW,Polo,2.0,Petrol,1995,190389,1658
Ford,Focus,1.0,Petrol,2018,42706,23382
Toyota,RAV4,2.2,Hybrid,2006,130265,12350
Toyota,Yaris,1.2,Hybrid,2012,73771,13480
Ford,Focus,1.6,Diesel,2006,78647,11059
VW,Passat,1.8,Diesel,2005,109156,9226
Ford,Focus,2.0,Diesel,2015,19659,32472
Toyota,Prius,1.4,Hybrid,1999,122776,5572
VW,Polo,1.4,Petrol,2015,59884,14399
Toyota,Yaris,1.2,Petrol,1995,196945,1368
Ford,Fiesta,1.4,Petrol,2020,23181,24423
VW,Golf,1.4,Petrol,2012,66708,13380
VW,Golf,1.8,Hybrid,2012,94979,14973
VW,Passat,2.0,Diesel,2003,117793,7973
Ford,Mondeo,1.4,Diesel,2021,10551,42175
VW,Polo,1.4,Petrol,1996,94144,3210
Toyota,Prius,1.4,Hybrid,2002,132042,6331
Toyota,Yaris,1.4,Petrol,2001,187377,2397
Ford,Focus,1.8,Petrol,2015,72583,21213
VW,Golf,2.0,Hybrid,1995,123125,4116
Toyota,Yaris,1.4,Hybrid,1993,244462,1012
Ford,Mondeo,1.4,Diesel,2015,94991,16647
VW,Passat,1.6,Diesel,2012,35019,22813
Ford,Focus,1.6,Diesel,2017,30215,31274
VW,Golf,1.8,Petrol,1996,165284,2474
VW,Polo,1.6,Diesel,2006,172795,3773
Ford,Focus,1.0,Petrol,2005,127329,5444
Toyota,Prius,1.0,Hybrid,1999,156371,3598
Ford,Mondeo,1.6,Diesel,2003,108473,7242
BMW,Z4,2.0,Petrol,2015,46725,29156
BMW,Z4,2.4,Petrol,1996,228896,2149
Ford,Mondeo,1.6,Diesel,1996,269084,1141
Toyota,Prius,1.4,Hybrid,2011,60162,19376
Toyota,Prius,1.4,Hybrid,2013,59511,22232
VW,Polo,1.0,Petrol,2004,150725,2989
VW,Polo,1.2,Petrol,1986,243484,438
VW,Passat,2.0,Diesel,2009,62098,17660
Ford,Mondeo,1.8,Diesel,2009,55608,16534
Toyota,Yaris,1.0,Petrol,1990,142823,1414
Toyota,Prius,1.0,Hybrid,2015,44308,23617
Porsche,911,2.2,Petrol,2010,26868,52556
VW,Polo,2.0,Petrol,2003,121472,4991
Ford,Focus,1.6,Petrol,2013,96108,14849
Ford,Fiesta,1.4,Petrol,2022,7916,30298
Ford,Fiesta,1.0,Petrol,2000,212346,1314
Ford,Focus,1.0,Petrol,2015,33997,20161
VW,Golf,1.2,Diesel,1998,94232,4229
VW,Passat,1.4,Diesel,2016,60291,23840
Toyota,Yaris,1.2,Hybrid,2014,32239,20002
Ford,Focus,1.6,Hybrid,2013,44722,25121
VW,Golf,1.8,Hybrid,2015,45478,25455
Toyota,Yaris,1.2,Hybrid,2022,9007,38755
Ford,Mondeo,1.8,Diesel,1994,158889,2829
Ford,Focus,1.8,Petrol,1993,398984,272
VW,Golf,1.4,Petrol,1997,226527,1364
Ford,Fiesta,1.4,Diesel,1993,145848,1808
Ford,Focus,1.4,Diesel,1993,170144,2143
BMW,Z4,2.4,Petrol,1997,174826,3702
VW,Golf,1.8,Petrol,2007,111712,7903
Toyota,RAV4,1.8,Hybrid,2006,48371,19935
Toyota,RAV4,2.0,Petrol,2010,90414,17277
BMW,Z4,3.0,Petrol,2005,72218,15556
BMW,Z4,2.0,Petrol,1993,188718,2296
Ford,Focus,1.4,Petrol,2019,17313,34217
Ford,Mondeo,1.8,Hybrid,1990,153803,2583
Ford,Focus,1.0,Petrol,2002,145745,3849
Toyota,Yaris,1.4,Petrol,2013,31968,16869
VW,Passat,1.6,Diesel,1994,119709,3856
Toyota,Prius,1.4,Hybrid,1995,161183,3133
Ford,Mondeo,1.4,Diesel,1992,126392,2837
Ford,Mondeo,2.0,Diesel,1998,126961,5037
Porsche,718 Cayman,2.4,Petrol,2015,44243,39214
VW,Polo,1.2,Petrol,2002,128889,3414
Ford,Focus,1.0,Petrol,2013,64774,14576
Ford,Fiesta,1.4,Petrol,2009,62887,9223
VW,Passat,2.0,Diesel,2008,83084,14343
Toyota,RAV4,2.0,Hybrid,1992,198268,2622
Ford,Mondeo,1.6,Diesel,2009,54440,15704
Ford,Mondeo,1.4,Diesel,2012,27642,21078
BMW,X3,2.0,Diesel,1995,193981,2763
VW,Passat,1.4,Diesel,1991,169556,1974
Toyota,Prius,1.4,Hybrid,1991,229196,1324
Toyota,RAV4,2.4,Petrol,2003,141784,8030
Toyota,RAV4,2.4,Petrol,2017,44118,40995
Ford,Mondeo,1.8,Diesel,2011,87186,15285
Toyota,Prius,1.8,Hybrid,1997,143568,4691
Toyota,Prius,1.8,Hybrid,1993,278865,1083
VW,Golf,1.8,Petrol,2019,20879,31959
BMW,M5,4.4,Petrol,1992,297999,2111
Ford,Fiesta,1.2,Petrol,2002,140037,3044
Ford,Focus,1.8,Petrol,2014,53767,22439
VW,Polo,1.6,Petrol,2012,37123,14509
VW,Passat,1.8,Diesel,2015,87497,21038
VW,Golf,1.6,Petrol,2013,60402,15934
Ford,Mondeo,1.4,Diesel,2000,96950,6038
VW,Passat,1.4,Diesel,2010,97521,12373
VW,Passat,1.6,Petrol,1990,145292,2298
Toyota,RAV4,2.2,Hybrid,2013,76077,29349
VW,Golf,1.2,Diesel,2019,31714,25771
Ford,Fiesta,1.2,Petrol,2012,28008,12908
VW,Polo,2.0,Petrol,2007,134878,5867
VW,Golf,1.4,Petrol,2002,141419,3961
VW,Polo,2.0,Petrol,2017,34014,23057
VW,Golf,1.6,Diesel,2000,214300,2089
Ford,Mondeo,1.6,Diesel,2001,78042,7884
Toyota,Yaris,1.0,Hybrid,1999,168339,2504
Ford,Focus,1.8,Petrol,2017,38689,30063
BMW,Z4,2.4,Petrol,1997,193955,3138
BMW,Z4,2.2,Petrol,2007,84122,14028
BMW,X3,2.0,Diesel,2001,148471,6060
BMW,X3,2.4,Diesel,2010,104196,17077
BMW,M5,4.0,Petrol,2000,163696,11563
Ford,Mondeo,1.8,Diesel,2021,9512,48084
BMW,Z4,2.2,Petrol,2017,25524,39590
Toyota,Yaris,1.0,Petrol,2005,153838,3513
VW,Polo,2.0,Diesel,1989,128611,1949
Toyota,Yaris,1.2,Petrol,2001,105738,4300
Toyota,Yaris,1.0,Hybrid,2016,19572,22410
Ford,Fiesta,1.2,Petrol,1999,84625,3784
Ford,Mondeo,1.4,Diesel,2006,91226,9386
Toyota,Yaris,1.4,Petrol,1989,189774,1055
Ford,Fiesta,1.2,Petrol,2009,114219,5940
Ford,Focus,1.6,Petrol,1997,124848,4118
VW,Passat,1.4,Diesel,2001,62095,8668
Ford,Focus,2.0,Petrol,2007,65871,13718
Ford,Mondeo,2.0,Diesel,2008,100189,12015
VW,Polo,1.6,Petrol,2002,195321,2266
Ford,Mondeo,1.8,Diesel,2019,21470,39457
Toyota,Prius,1.8,Hybrid,1985,194528,1371
Ford,Focus,1.6,Petrol,1994,214376,1586
VW,Golf,1.6,Petrol,1992,174710,1650
Toyota,Yaris,1.4,Petrol,1993,119814,2449
VW,Polo,2.0,Petrol,1998,184978,2123
VW,Passat,2.0,Diesel,2008,108524,11935
Ford,Mondeo,1.6,Diesel,2004,38764,12390
BMW,Z4,2.4,Petrol,1996,237378,1990
BMW,Z4,2.0,Petrol,2001,113905,7216
VW,Passat,1.8,Diesel,1997,112138,5292
BMW,X3,2.4,Diesel,2016,12329,45841
Toyota,Yaris,1.2,Hybrid,2017,35261,24004
Ford,Focus,1.8,Diesel,1995,79200,5612
Toyota,Prius,1.8,Hybrid,2012,55761,24157
VW,Golf,2.0,Petrol,1993,177185,1930
VW,Polo,2.0,Petrol,2006,109942,6654
Ford,Fiesta,1.2,Petrol,2002,32908,6443
Porsche,Cayenne,3.0,Petrol,2014,54406,45594
VW,Polo,2.0,Petrol,2007,113882,6905
Toyota,RAV4,2.0,Petrol,2011,68084,21536
Ford,Focus,1.8,Petrol,2012,73507,17260
VW,Golf,1.6,Diesel,2016,42724,22826
VW,Polo,1.2,Petrol,1990,197686,863
VW,Golf,1.4,Petrol,2001,205849,2145
VW,Polo,1.6,Petrol,2005,138285,4469
Ford,Mondeo,1.4,Diesel,1996,67203,5685
BMW,M5,4.0,Petrol,2015,40090,77402
Ford,Mondeo,2.0,Diesel,2008,61103,15739
Ford,Mondeo,2.0,Diesel,2005,133732,7616
Ford,Focus,2.0,Petrol,2015,43165,26998
Porsche,Cayenne,2.6,Diesel,2002,150731,9888
VW,Passat,2.0,Petrol,1990,273412,826
VW,Passat,1.4,Diesel,2007,93697,10414
Porsche,911,2.2,Petrol,2016,48158,69111
Ford,Focus,1.6,Petrol,2015,34758,25389
Ford,Focus,1.6,Diesel,1998,171716,3156
Ford,Mondeo,1.4,Diesel,2011,75128,14654
Toyota,Yaris,1.0,Petrol,2018,14996,21875
BMW,M5,4.4,Petrol,2007,86927,35075
VW,Polo,2.0,Petrol,2004,70110,7729
BMW,M5,4.4,Petrol,2006,52542,41274
VW,Polo,1.4,Petrol,2015,40796,16218
Toyota,Yaris,1.4,Petrol,2014,79551,13328
Ford,Mondeo,1.4,Petrol,2002,221179,2358
BMW,Z4,2.4,Petrol,2010,94952,16571
Porsche,911,2.6,Petrol,2004,180045,12535
BMW,Z4,2.2,Petrol,1990,148492,2768
BMW,M5,5.0,Petrol,2007,71859,41478
BMW,M5,4.0,Petrol,2003,127837,18887
Ford,Focus,1.8,Hybrid,1993,189435,2354
Toyota,RAV4,2.4,Hybrid,2006,89014,17569
VW,Polo,1.4,Petrol,2003,58564,6525
VW,Golf,1.4,Petrol,2002,169466,3143
VW,Polo,2.0,Petrol,2013,54598,15580
BMW,M5,4.0,Petrol,2014,34936,74656
Toyota,Yaris,1.4,Petrol,2005,57234,8483
Toyota,Yaris,1.4,Hybrid,2004,113411,6427
Toyota,Yaris,1.0,Hybrid,1992,206633,1127
BMW,X3,2.0,Diesel,2012,29062,29226
Ford,Fiesta,1.4,Petrol,2001,99417,4202
Ford,Mondeo,1.8,Diesel,2001,97714,7278
Toyota,Yaris,1.4,Hybrid,1992,273537,722
BMW,M5,4.0,Petrol,2011,55597,53872
Toyota,Yaris,1.0,Petrol,1991,178889,1119
Ford,Mondeo,2.0,Diesel,2006,39657,15744
BMW,X3,2.4,Diesel,1996,180540,3636
Ford,Focus,1.8,Petrol,1992,92319,3991
VW,Passat,1.6,Diesel,2010,77720,15212
VW,Golf,2.0,Petrol,2016,56054,22375
VW,Passat,1.8,Diesel,2007,79362,13062
BMW,X3,2.4,Diesel,2015,56012,33224
Ford,Focus,1.0,Diesel,2004,97217,6710
Toyota,Prius,1.4,Hybrid,1999,154931,4308
VW,Passat,1.8,Petrol,2004,139750,6483
VW,Polo,1.2,Petrol,1998,163757,1970
Toyota,Prius,1.4,Hybrid,2004,201170,4049
Toyota,Yaris,1.4,Hybrid,2005,130003,6044
Ford,Fiesta,1.2,Petrol,1999,205418,1432
Toyota,Yaris,1.2,Hybrid,2002,120618,4928
VW,Polo,2.0,Petrol,1991,151516,1765
Ford,Focus,1.4,Hybrid,2013,89327,17498
Ford,Mondeo,1.8,Diesel,1998,118064,5119
BMW,Z4,3.0,Petrol,2012,19982,34163
VW,Polo,2.0,Petrol,1995,181234,1795
Toyota,RAV4,2.2,Hybrid,2006,70716,19083
VW,Passat,1.6,Petrol,1995,268858,1077
VW,Polo,1.4,Petrol,2001,81710,4892
Toyota,Prius,1.0,Hybrid,2004,51136,10875
Ford,Fiesta,1.4,Petrol,1991,175098,1181
Toyota,RAV4,2.0,Petrol,2007,61483,17226
Toyota,RAV4,2.0,Hybrid,1996,135320,5809
VW,Passat,1.8,Diesel,1995,243621,1516
VW,Golf,1.2,Petrol,2008,108188,7082
Ford,Mondeo,1.4,Hybrid,2000,124109,5627
VW,Golf,1.6,Diesel,2012,45390,17202
VW,Passat,2.0,Diesel,1992,185373,2203
Toyota,Prius,1.4,Hybrid,1994,123357,3975
VW,Polo,2.0,Petrol,2012,87977,11651
VW,Passat,2.0,Petrol,1991,237751,1230
Porsche,718 Cayman,2.4,Petrol,2011,75767,24506
Ford,Mondeo,1.6,Diesel,2004,28742,13136
Ford,Mondeo,1.4,Diesel,1993,41964,5461
Ford,Fiesta,1.2,Petrol,2019,30160,20333
Ford,Mondeo,1.6,Petrol,2006,135618,6832
Ford,Mondeo,2.0,Diesel,1994,162997,2882
VW,Golf,1.8,Hybrid,2009,103562,11515
Toyota,Yaris,1.4,Petrol,2009,91724,8768
Ford,Mondeo,2.0,Diesel,2012,75531,18671
VW,Polo,1.4,Petrol,1995,217416,1092
BMW,M5,4.4,Petrol,2015,83702,61156
Ford,Focus,1.8,Petrol,2014,27249,26307
Toyota,RAV4,2.4,Hybrid,1990,283530,1151
VW,Passat,2.0,Diesel,2011,49674,21839
Ford,Mondeo,2.0,Diesel,1992,230061,1402
Toyota,Yaris,1.4,Petrol,2007,114470,6489
VW,Golf,2.0,Petrol,2010,59739,14648
VW,Golf,1.2,Hybrid,2002,122762,5099
VW,Polo,1.0,Petrol,2006,52728,6990
VW,Golf,1.4,Diesel,2008,62868,11035
VW,Passat,1.8,Diesel,2006,136499,7983
BMW,X3,3.0,Petrol,2005,60108,17692
Ford,Focus,1.8,Petrol,2005,158498,5680
VW,Passat,1.8,Petrol,1985,343007,289
VW,Polo,1.2,Petrol,2003,50221,6368
Ford,Fiesta,1.0,Petrol,1992,322103,276
BMW,X3,2.4,Petrol,2001,151315,6177
Ford,Mondeo,1.4,Diesel,2008,57211,13502
Toyota,RAV4,1.8,Hybrid,2009,67769,21502
VW,Passat,1.4,Diesel,2011,71477,15868
Ford,Focus,1.4,Hybrid,2010,40166,19776
Toyota,Yaris,1.2,Hybrid,2015,44662,19858
VW,Passat,1.8,Diesel,2015,77514,22550
Ford,Mondeo,1.6,Diesel,2017,43895,28580
VW,Polo,1.0,Petrol,2001,192046,1724
BMW,X3,2.4,Diesel,1992,210843,2135
Ford,Focus,2.0,Diesel,2008,62976,15692
Ford,Fiesta,1.0,Petrol,2017,39855,15346
VW,Passat,1.6,Petrol,2008,113034,9827
VW,Passat,1.4,Diesel,2019,29528,35132
Toyota,Yaris,1.2,Petrol,1999,167902,2295
Toyota,RAV4,2.2,Hybrid,2014,57406,35492
Toyota,RAV4,1.8,Hybrid,2009,114652,15395
Porsche,718 Cayman,2.4,Petrol,2018,33758,50986
VW,Polo,1.6,Petrol,1992,179107,1339
Toyota,Prius,1.4,Hybrid,2000,205871,2975
Ford,Fiesta,1.0,Petrol,1997,231102,908
VW,Passat,1.6,Diesel,1999,115798,5545
Ford,Mondeo,1.8,Diesel,2000,160925,4150
Ford,Focus,1.8,Petrol,2012,40412,21320
Ford,Mondeo,1.4,Diesel,2015,35372,24620
Ford,Fiesta,1.0,Petrol,2020,17093,21344
Ford,Mondeo,1.4,Diesel,2000,129986,4703
Ford,Fiesta,1.4,Petrol,1992,354199,240
Toyota,RAV4,2.4,Hybrid,2000,180527,5713
Ford,Focus,1.6,Petrol,2000,145001,4286
VW,Passat,1.4,Diesel,2018,32592,32290
VW,Passat,1.6,Petrol,2013,53178,20796
Ford,Fiesta,1.2,Petrol,1992,202093,925
Toyota,RAV4,2.2,Hybrid,2000,127248,8477
Toyota,Yaris,1.2,Hybrid,2016,43488,21379
Ford,Mondeo,1.4,Diesel,1997,141551,3512
Toyota,Yaris,1.4,Petrol,1996,236902,1104
VW,Golf,1.2,Hybrid,2009,52147,13368
BMW,X3,2.4,Diesel,2006,53661,18507
VW,Golf,1.2,Petrol,1996,88950,3660
Ford,Mondeo,2.0,Diesel,1991,241460,1182
VW,Golf,1.2,Petrol,2019,24607,25559
VW,Golf,1.4,Petrol,1996,204010,1562
Porsche,Cayenne,3.0,Petrol,2011,94587,28432
Ford,Focus,1.8,Diesel,2002,73298,9318
VW,Golf,1.2,Diesel,2018,22528,25399
VW,Polo,1.6,Petrol,1996,150059,2230
Ford,Focus,2.0,Petrol,2017,35650,32265
Toyota,RAV4,2.4,Hybrid,1996,221041,3062
VW,Polo,1.6,Petrol,1991,245602,692
VW,Golf,1.2,Petrol,2001,174361,2611
Toyota,Prius,1.4,Hybrid,2016,38839,30871
Toyota,Prius,1.4,Hybrid,2015,53975,26317
VW,Passat,1.4,Diesel,2015,8366,30212
Porsche,911,3.0,Petrol,1988,223675,3153
VW,Polo,1.4,Petrol,2011,91330,8905
Toyota,Yaris,1.4,Hybrid,1992,89908,3431
Ford,Focus,1.6,Petrol,2003,223757,2657
Ford,Focus,2.0,Diesel,1993,161141,2763
Porsche,911,2.2,Petrol,1988,246476,2193
Toyota,Prius,1.4,Hybrid,2017,31384,34475
Ford,Focus,1.0,Petrol,1999,155395,2912
Toyota,RAV4,2.2,Hybrid,2016,33279,47000
Ford,Focus,1.6,Petrol,2002,79904,7997
Ford,Fiesta,1.0,Petrol,2016,52566,13279
VW,Passat,2.0,Diesel,2005,102889,10188
Ford,Focus,1.4,Petrol,2005,108078,7462
Ford,Focus,1.0,Petrol,2010,106112,8932
Toyota,RAV4,1.8,Hybrid,2004,110894,11348
Toyota,RAV4,2.0,Hybrid,2005,101951,13666
VW,Passat,1.8,Diesel,2013,65205,21434
BMW,M5,4.4,Petrol,1997,238709,5130
BMW,X3,2.0,Diesel,2020,18968,52715
Toyota,RAV4,1.8,Hybrid,1995,159743,4226
BMW,X3,2.4,Diesel,2019,31766,50267
VW,Golf,1.8,Petrol,1997,230439,1493
Toyota,Prius,1.4,Hybrid,1998,116156,5485
BMW,Z4,3.0,Petrol,1997,228800,2571
Ford,Mondeo,1.8,Hybrid,2013,103320,17767
Ford,Focus,1.6,Petrol,2003,172076,4182
VW,Passat,2.0,Diesel,1995,213251,2105
Ford,Fiesta,1.0,Petrol,2000,178953,1760
Toyota,RAV4,2.2,Hybrid,1995,189507,3626
Ford,Fiesta,1.4,Petrol,2008,65540,8479
Ford,Fiesta,1.2,Petrol,2001,171880,2189
Ford,Focus,1.4,Petrol,2004,121282,6315
VW,Polo,1.4,Diesel,1997,162714,2108
Ford,Mondeo,2.0,Diesel,1992,132498,3233
Ford,Mondeo,1.8,Diesel,2012,96508,15286
Ford,Focus,1.4,Diesel,1986,398089,159
VW,Golf,1.2,Petrol,2004,108166,5425
VW,Passat,1.4,Diesel,1995,191611,2132
Toyota,RAV4,2.4,Hybrid,2004,117203,12492
VW,Polo,1.2,Petrol,2013,118317,7714
Porsche,718 Cayman,2.4,Petrol,1997,202850,3509
Ford,Fiesta,1.4,Petrol,2014,62143,12934
VW,Golf,2.0,Petrol,1996,103730,4246
Toyota,RAV4,2.2,Hybrid,2017,50676,45234
Ford,Focus,2.0,Petrol,1996,265644,1267
Ford,Mondeo,1.6,Petrol,1995,178454,2302
VW,Passat,1.6,Diesel,1990,204728,1455
BMW,M5,4.4,Petrol,2009,8968,64795
Ford,Mondeo,1.6,Diesel,2002,149992,4893
VW,Golf,1.2,Petrol,2014,37669,16983
Ford,Mondeo,1.6,Diesel,2004,82094,9364
VW,Polo,1.6,Petrol,2011,69396,11077
Ford,Fiesta,1.4,Petrol,2018,51031,18127
Toyota,RAV4,2.2,Hybrid,2005,104776,14037
Porsche,911,3.5,Petrol,2009,90085,41351
Toyota,RAV4,2.4,Hybrid,2007,165782,10326
Ford,Focus,1.0,Petrol,2003,130541,4646
Toyota,Yaris,1.4,Petrol,2015,33011,19159
Ford,Fiesta,1.4,Petrol,2009,9426,12636
BMW,Z4,2.0,Petrol,2005,112209,9543
VW,Passat,1.8,Diesel,2009,119120,11169
VW,Golf,2.0,Petrol,2008,57672,12991
Toyota,RAV4,2.4,Hybrid,2020,23471,67781
VW,Passat,1.6,Diesel,1993,206193,1755
BMW,M5,5.0,Petrol,2014,27239,87259
VW,Polo,1.0,Petrol,1999,124854,2633
Porsche,911,3.5,Petrol,1999,210508,7981
Toyota,RAV4,1.8,Hybrid,2014,102009,23613
Toyota,Yaris,1.4,Petrol,1991,133810,1922
Toyota,Prius,1.0,Hybrid,2020,23828,37150
Porsche,911,2.2,Petrol,2019,12011,103893
Ford,Fiesta,1.0,Petrol,2004,62321,5606
VW,Passat,1.4,Petrol,2016,36718,26271
VW,Polo,1.6,Petrol,2020,20469,27202
Ford,Fiesta,1.2,Petrol,2002,141158,3017
Toyota,RAV4,2.2,Petrol,1990,115750,3963
Ford,Mondeo,1.6,Diesel,2001,141663,4897
VW,Golf,1.4,Petrol,2018,31325,24857
Porsche,718 Cayman,2.0,Petrol,2019,18889,54116
Ford,Focus,1.6,Petrol,2013,78411,16823
BMW,Z4,3.0,Petrol,2003,232190,3720
Ford,Fiesta,1.2,Petrol,2012,73316,9731
BMW,Z4,3.0,Petrol,1991,153782,3309
Ford,Fiesta,1.2,Petrol,2022,10849,27623
BMW,M5,4.0,Petrol,1988,246899,2490
VW,Passat,1.6,Diesel,2011,64532,17764
VW,Passat,1.4,Diesel,2002,152446,4739
VW,Polo,1.6,Petrol,1989,172695,1158
Toyota,Yaris,1.2,Petrol,1989,231639,672
VW,Polo,1.2,Petrol,2004,76882,5719
BMW,M5,4.4,Petrol,2016,45287,84090
Ford,Focus,1.0,Petrol,2010,41149,13846
VW,Polo,2.0,Petrol,1995,71673,4197
Ford,Fiesta,1.2,Petrol,2004,108120,4456
Ford,Fiesta,1.4,Petrol,2012,70468,10714
Ford,Focus,1.0,Petrol,1990,87647,2691
Ford,Mondeo,2.0,Diesel,2016,30520,32355
VW,Polo,1.0,Petrol,2006,90122,5439
BMW,M5,5.0,Petrol,1985,293380,1474
Ford,Mondeo,2.0,Diesel,2000,128379,5692
Ford,Fiesta,1.2,Petrol,1987,152727,1010
Ford,Fiesta,1.2,Hybrid,1986,70440,2103
VW,Golf,1.4,Hybrid,1993,197146,1630
Ford,Mondeo,1.4,Diesel,2011,120794,10517
VW,Polo,1.0,Petrol,2004,91831,4702
BMW,X3,2.4,Diesel,1988,223777,1456
Ford,Focus,1.0,Hybrid,1997,154302,3086
Toyota,RAV4,1.8,Hybrid,1996,153266,4766
BMW,M5,5.0,Petrol,1991,198308,5270
VW,Passat,2.0,Diesel,2002,93283,8945
Ford,Fiesta,1.2,Petrol,1993,142625,1636
BMW,M5,4.0,Petrol,2015,29973,82135
VW,Passat,1.8,Petrol,2011,61497,18304
Ford,Focus,1.8,Petrol,2002,70107,9066
VW,Golf,1.6,Petrol,2008,80137,10006
BMW,Z4,2.0,Petrol,2000,88240,8148
Toyota,Prius,1.8,Hybrid,1992,117825,4116
VW,Passat,1.4,Petrol,1987,135441,1905
Ford,Focus,1.4,Petrol,1999,136103,4029
BMW,M5,4.4,Petrol,1991,308472,1787
VW,Passat,1.8,Petrol,1995,240990,1479
Ford,Focus,1.0,Diesel,2002,135525,4387
Toyota,Prius,1.0,Hybrid,2015,76301,19207
VW,Polo,1.4,Petrol,2011,88298,9099
Toyota,Yaris,1.0,Petrol,1994,178566,1371
BMW,Z4,3.0,Petrol,2011,57379,25582
Ford,Fiesta,1.0,Hybrid,2001,116123,3762
VW,Passat,1.6,Diesel,1991,176939,1981
VW,Polo,1.2,Petrol,1991,208686,837
VW,Golf,1.4,Petrol,2013,54420,15486
VW,Passat,1.6,Diesel,2020,16841,43090
VW,Polo,1.6,Petrol,2020,13754,28212
Ford,Fiesta,1.4,Petrol,1995,155873,1812
VW,Polo,1.0,Petrol,2000,167986,1983
VW,Polo,1.6,Petrol,2014,72788,13225
Ford,Fiesta,1.2,Petrol,1990,176537,1010
Ford,Focus,1.4,Diesel,1996,146613,3183
Porsche,Cayenne,3.0,Diesel,2005,86617,21180
Ford,Mondeo,1.8,Diesel,1993,240070,1297
VW,Golf,1.4,Petrol,1989,206362,959
VW,Polo,1.6,Petrol,2014,39111,16384
Ford,Mondeo,1.8,Diesel,2004,110504,8087
Ford,Focus,1.4,Petrol,2018,34692,29018
Toyota,Prius,1.4,Hybrid,2009,89469,13899
Ford,Fiesta,1.0,Petrol,2010,80741,7390
Ford,Mondeo,2.0,Petrol,2005,85506,10408
VW,Passat,1.6,Diesel,2005,59344,12316
Toyota,Prius,1.4,Hybrid,2010,52193,19070
Toyota,Prius,1.4,Hybrid,2016,62531,26629
VW,Golf,1.4,Petrol,1998,155879,2696
Ford,Focus,2.0,Petrol,1988,239434,947
BMW,X3,2.4,Petrol,2015,76687,27607
VW,Polo,1.0,Petrol,1990,232608,576
Ford,Mondeo,2.0,Petrol,1994,194895,2088
VW,Polo,1.2,Petrol,2001,152293,2646
BMW,Z4,2.4,Petrol,2015,33651,34541
Ford,Mondeo,2.0,Diesel,2004,97935,9355
Ford,Fiesta,1.2,Petrol,2009,87823,7207
Toyota,Prius,1.4,Hybrid,2006,44685,15300
Ford,Focus,1.0,Petrol,2010,122617,7881
VW,Polo,1.0,Petrol,1991,180111,981
VW,Polo,1.6,Petrol,2008,103036,7159
Toyota,Prius,1.4,Hybrid,2008,67268,15143
Toyota,RAV4,2.2,Hybrid,1993,194690,3033
BMW,Z4,2.2,Petrol,2004,44338,14903
BMW,X3,3.0,Diesel,2004,101501,13055
Ford,Focus,1.4,Petrol,1992,195881,1530
Toyota,RAV4,1.8,Hybrid,1994,155737,4087
Toyota,Yaris,1.2,Hybrid,2001,93729,5633
BMW,Z4,2.4,Petrol,2005,164481,6887
Ford,Fiesta,1.4,Petrol,2010,129775,6082
VW,Polo,2.0,Petrol,1996,273314,834
Toyota,Yaris,1.0,Petrol,2012,46927,12197
Ford,Mondeo,1.8,Diesel,2006,134337,7687
Toyota,RAV4,2.0,Hybrid,2008,108309,15923
BMW,Z4,3.0,Petrol,2014,46722,33406
VW,Passat,2.0,Diesel,1992,244304,1300
Toyota,RAV4,2.4,Petrol,2015,47154,35217
VW,Golf,1.6,Petrol,1997,149858,2833
Toyota,RAV4,1.8,Hybrid,2005,47383,18764
Ford,Fiesta,1.2,Petrol,2001,107560,3663
VW,Golf,1.8,Diesel,1998,258079,1300
VW,Polo,1.2,Diesel,2000,142092,2824
BMW,X3,3.0,Petrol,2009,70084,21633
Ford,Mondeo,2.0,Diesel,1985,131822,2038
BMW,Z4,2.4,Petrol,2016,21842,39488
BMW,M5,5.0,Petrol,1994,215858,5508
VW,Golf,1.2,Petrol,2005,125538,5079
VW,Polo,2.0,Diesel,2000,133287,3912
Toyota,RAV4,2.2,Hybrid,1998,206980,3799
BMW,X3,3.0,Diesel,1990,136897,3913
VW,Polo,1.2,Petrol,1991,118120,1782
Porsche,911,2.2,Petrol,2022,5226,131467
VW,Passat,1.4,Diesel,2015,41284,25112
VW,Polo,1.4,Petrol,2001,141827,3112
Ford,Mondeo,1.8,Diesel,2018,18926,37432
VW,Passat,1.6,Diesel,2006,141227,7247
Ford,Focus,1.8,Petrol,2022,7069,50035
Porsche,911,2.2,Petrol,1987,170665,4021
VW,Polo,1.4,Petrol,1995,223041,1038
BMW,X3,3.0,Diesel,1995,191536,3458
BMW,M5,4.4,Petrol,2003,130420,19412
VW,Golf,1.2,Petrol,1989,179669,1121
Ford,Fiesta,1.0,Petrol,1996,205163,1073
Toyota,RAV4,2.2,Hybrid,1997,93359,8950
Toyota,Prius,1.4,Hybrid,2020,19944,44913
Toyota,Prius,1.4,Hybrid,2016,27225,33029
VW,Golf,1.6,Petrol,2013,54981,16497
VW,Golf,1.8,Diesel,2011,50482,16540
VW,Polo,2.0,Petrol,1997,112462,3583
Ford,Focus,2.0,Diesel,2020,21119,44955
VW,Polo,1.6,Petrol,2007,87887,7472
Toyota,Prius,1.0,Hybrid,2005,145737,5857
VW,Golf,1.4,Diesel,1997,185361,2064
Toyota,Prius,1.8,Hybrid,2000,121201,6837
Porsche,718 Cayman,2.4,Petrol,2017,33426,47791
VW,Polo,1.6,Petrol,2000,165766,2556
VW,Polo,2.0,Petrol,2011,98626,10098
Ford,Mondeo,1.4,Hybrid,1997,49558,7778
Ford,Mondeo,2.0,Hybrid,1998,81997,8026
VW,Polo,1.4,Petrol,1991,222871,796
Ford,Fiesta,1.2,Petrol,1992,253878,578
Ford,Focus,1.8,Petrol,2013,78169,17873
VW,Polo,1.4,Petrol,2002,157218,2934
Ford,Focus,1.8,Diesel,2014,45829,24753
Ford,Fiesta,1.0,Petrol,2011,31527,10803
BMW,M5,4.4,Petrol,1992,222601,4256
VW,Polo,1.6,Petrol,1993,171039,1533
VW,Golf,1.6,Petrol,1995,105636,3503
Ford,Mondeo,2.0,Diesel,2000,44398,10256
VW,Golf,1.4,Petrol,2004,155236,4044
BMW,M5,4.4,Petrol,2005,118586,24315
Toyota,Prius,1.0,Hybrid,2002,135027,5225
Toyota,Prius,1.4,Hybrid,2009,71342,15753
Ford,Mondeo,2.0,Diesel,1993,90800,4730
Porsche,911,2.6,Petrol,2001,107323,18441
Toyota,Prius,1.0,Hybrid,1991,204400,1398
Ford,Mondeo,1.4,Diesel,1997,85461,5365
Toyota,RAV4,2.4,Hybrid,1997,171601,5047
Toyota,Prius,1.0,Hybrid,2003,141981,5283
Toyota,Yaris,1.4,Hybrid,1998,98843,4800
BMW,M5,4.4,Petrol,2021,14070,140366
VW,Polo,2.0,Petrol,1996,65083,4687
VW,Golf,1.8,Petrol,2020,13747,35512
Toyota,Yaris,1.0,Hybrid,2016,18523,22539
Ford,Mondeo,1.6,Diesel,1991,333464,443
VW,Golf,1.4,Petrol,1989,224691,814
VW,Polo,1.2,Petrol,1992,142847,1568
VW,Passat,1.6,Diesel,1996,151575,3420
Toyota,Prius,1.8,Hybrid,1995,147723,3969
Toyota,Prius,1.4,Hybrid,2013,78673,19568
Toyota,Yaris,1.4,Hybrid,2018,25972,29237
VW,Passat,2.0,Petrol,2019,15881,43146
Toyota,Prius,1.0,Hybrid,2007,157156,6094
Ford,Focus,1.0,Petrol,2006,135936,5437
Toyota,Prius,1.0,Hybrid,2015,15005,27938
VW,Passat,2.0,Diesel,2013,31909,27763
Ford,Mondeo,1.6,Diesel,2006,94746,9784
Porsche,911,2.2,Petrol,1997,75623,16290
Toyota,Prius,1.8,Hybrid,2016,42520,34239
VW,Golf,1.8,Petrol,2019,25348,31173
Ford,Focus,1.4,Petrol,1988,139127,1889
VW,Golf,1.2,Hybrid,2019,37196,28523
Ford,Fiesta,1.2,Petrol,2022,5254,28439
Toyota,RAV4,2.0,Hybrid,2002,118694,9867
VW,Golf,1.6,Petrol,2002,167130,3426
Ford,Fiesta,1.4,Petrol,2002,165572,2666
VW,Golf,1.2,Petrol,1991,182496,1250
Porsche,718 Cayman,2.0,Petrol,2008,107866,14563
VW,Golf,1.8,Petrol,1997,98573,4472
VW,Golf,1.8,Petrol,1991,222365,1077
Ford,Fiesta,1.0,Petrol,2013,82192,8936
VW,Polo,1.0,Diesel,1984,174967,675
BMW,M5,4.4,Petrol,2010,60276,51296
Ford,Focus,1.6,Petrol,2006,129215,7253
Ford,Mondeo,1.4,Diesel,2017,18372,30977
Ford,Fiesta,1.4,Petrol,2018,21984,21517
Ford,Mondeo,1.6,Diesel,2011,73881,15799
Ford,Focus,1.6,Diesel,1991,290778,673
VW,Golf,1.2,Diesel,2012,107457,9762
Ford,Mondeo,1.8,Petrol,2003,160937,4827
