hour_of_day,money,Weekdaysort,Monthsort,Date_jour,Date_annee,Time_heure,Time_minute,Time_seconde,cash_type,coffee_name,Time_of_Day,Weekday,Month_name,Date_mois
-0.9887509512354369,1.4465221976886165,0.5855324480466901,-0.9867565279712074,-1.6857986465344652,-0.6017766833729703,-0.9887203523702093,-0.817822734072204,1.1648911889840505,0.0,1.469306471464339,0.015190246157726272,-1.4720446861318601,0.30517590758112756,0.5736294907005042
-0.5163188607077753,1.4465221976886165,0.5855324480466901,-0.9867565279712074,-1.6857986465344652,-0.6017766833729703,-0.5162710609978353,-0.583611984586587,-0.43885066112670734,0.0,1.0856187696102557,-1.2093507338753493,-1.4720446861318601,0.30517590758112756,0.5736294907005042
-0.5163188607077753,1.4465221976886165,0.5855324480466901,-0.9867565279712074,-1.6857986465344652,-0.6017766833729703,-0.5162710609978353,-0.5250592972151829,-0.6679566397139585,0.0,1.0856187696102557,-1.2093507338753493,-1.4720446861318601,0.30517590758112756,0.5736294907005042
-0.2801028154439446,-0.5628826097060418,0.5855324480466901,-0.9867565279712074,-1.6857986465344652,-0.6017766833729703,-0.28004641531164814,0.9973105744413265,0.19119077998823328,0.0,-1.2165074415142423,-1.2093507338753493,-1.4720446861318601,0.30517590758112756,0.5736294907005042
-0.2801028154439446,1.4465221976886165,0.5855324480466901,-0.9867565279712074,-1.6857986465344652,-0.6017766833729703,-0.28004641531164814,1.114415949184135,-0.8970626183012096,0.0,1.469306471464339,-1.2093507338753493,-1.4720446861318601,0.30517590758112756,0.5736294907005042
0.19232927508371683,0.44181979399128657,0.5855324480466901,-0.9867565279712074,-1.6857986465344652,-0.6017766833729703,0.19240287606072592,0.5874417628414971,0.9930617050436122,0.0,-0.8328197396601593,-1.2093507338753493,-1.4720446861318601,0.30517590758112756,0.5736294907005042
0.42854532034754755,1.4465221976886165,0.5855324480466901,-0.9867565279712074,-1.6857986465344652,-0.6017766833729703,0.428627521746913,-0.583611984586587,-1.584380554062963,0.0,1.0856187696102557,-1.2093507338753493,-1.4720446861318601,0.30517590758112756,0.5736294907005042
0.900977410875209,0.44181979399128657,0.5855324480466901,-0.9867565279712074,-1.6857986465344652,-0.6017766833729703,0.901076813119287,0.5874417628414971,-1.5271040594161502,0.0,-0.8328197396601593,1.239731226190802,-1.4720446861318601,0.30517590758112756,0.5736294907005042
1.1371934561390398,1.4465221976886165,0.5855324480466901,-0.9867565279712074,-1.6857986465344652,-0.6017766833729703,1.1373014588054742,-0.40795392247237444,-1.641657048709776,0.0,-0.0654443359519933,1.239731226190802,-1.4720446861318601,0.30517590758112756,0.5736294907005042
1.1371934561390398,0.44181979399128657,0.5855324480466901,-0.9867565279712074,-1.6857986465344652,-0.6017766833729703,1.1373014588054742,-0.34940123510097026,-0.8397861236543969,0.0,-0.8328197396601593,1.239731226190802,-1.4720446861318601,0.30517590758112756,0.5736294907005042
1.1371934561390398,0.44181979399128657,0.5855324480466901,-0.9867565279712074,-1.6857986465344652,-0.6017766833729703,1.1373014588054742,0.0019148891274550072,-0.7252331343607713,0.0,-0.8328197396601593,1.239731226190802,-1.4720446861318601,0.30517590758112756,0.5736294907005042
-0.9887509512354369,-0.5628826097060418,1.0928318113152808,-0.9867565279712074,-1.570162835293743,-0.6017766833729703,-0.9887203523702093,-0.40795392247237444,-1.3552745754757118,0.0,-1.2165074415142423,0.015190246157726272,-0.4906815620439534,0.30517590758112756,0.5736294907005042
-0.9887509512354369,0.44181979399128657,1.0928318113152808,-0.9867565279712074,-1.570162835293743,-0.6017766833729703,-0.9887203523702093,0.7045471375843055,0.6494027371627356,0.0,-0.8328197396601593,0.015190246157726272,-0.4906815620439534,0.30517590758112756,0.5736294907005042
-0.7525349059716061,0.44181979399128657,1.0928318113152808,-0.9867565279712074,-1.570162835293743,-0.6017766833729703,-0.7524957066840222,1.7584955102695812,0.8785087157499867,0.0,-0.8328197396601593,0.015190246157726272,-0.4906815620439534,0.30517590758112756,0.5736294907005042
-0.0438867701801139,-0.5628826097060418,1.0928318113152808,-0.9867565279712074,-1.570162835293743,-0.6017766833729703,-0.043821769625461124,0.5288890754700929,0.30574376928185887,0.0,-1.2165074415142423,-1.2093507338753493,-0.4906815620439534,0.30517590758112756,0.5736294907005042
0.42854532034754755,0.44181979399128657,1.0928318113152808,-0.9867565279712074,-1.570162835293743,-0.6017766833729703,0.428627521746913,0.47033638809868866,-0.3242976718330818,0.0,-0.8328197396601593,-1.2093507338753493,-0.4906815620439534,0.30517590758112756,0.5736294907005042
0.6647613656113783,-0.5628826097060418,1.0928318113152808,-0.9867565279712074,-1.570162835293743,-0.6017766833729703,0.6648521674331,0.2946783259844761,1.3939971675713017,0.0,-1.2165074415142423,1.239731226190802,-0.4906815620439534,0.30517590758112756,0.5736294907005042
-0.9887509512354369,1.4465221976886165,1.6001311745838716,-0.9867565279712074,-1.4545270240530206,-0.6017766833729703,-0.9887203523702093,-0.11519048561535342,-0.6679566397139585,0.0,1.469306471464339,0.015190246157726272,0.0,0.30517590758112756,0.5736294907005042
-0.7525349059716061,-0.5628826097060418,1.6001311745838716,-0.9867565279712074,-1.4545270240530206,-0.6017766833729703,-0.7524957066840222,0.23612563861307184,1.5085501568649273,0.0,0.31824336590208974,0.015190246157726272,0.0,0.30517590758112756,0.5736294907005042
-0.5163188607077753,-0.5628826097060418,1.6001311745838716,-0.9867565279712074,-1.4545270240530206,-0.6017766833729703,-0.5162710609978353,-0.17374317298675762,1.5085501568649273,0.0,-1.2165074415142423,-1.2093507338753493,0.0,0.30517590758112756,0.5736294907005042
-0.2801028154439446,1.4465221976886165,1.6001311745838716,-0.9867565279712074,-1.4545270240530206,-0.6017766833729703,-0.28004641531164814,-1.1691388583006292,0.36302026392867165,0.0,1.0856187696102557,-1.2093507338753493,0.0,0.30517590758112756,0.5736294907005042
0.6647613656113783,1.4465221976886165,1.6001311745838716,-0.9867565279712074,-1.4545270240530206,-0.6017766833729703,0.6648521674331,-1.3447969204148418,0.5921262425159228,0.0,-0.0654443359519933,1.239731226190802,0.0,0.30517590758112756,0.5736294907005042
0.6647613656113783,-0.5628826097060418,1.6001311745838716,-0.9867565279712074,-1.4545270240530206,-0.6017766833729703,0.6648521674331,-1.2276915456720334,0.8785087157499867,0.0,0.31824336590208974,1.239731226190802,0.0,0.30517590758112756,0.5736294907005042
0.900977410875209,0.44181979399128657,1.6001311745838716,-0.9867565279712074,-1.4545270240530206,-0.6017766833729703,0.901076813119287,-1.5204549825290543,-0.38157416647989456,0.0,-0.8328197396601593,1.239731226190802,0.0,0.30517590758112756,0.5736294907005042
0.900977410875209,0.44181979399128657,1.6001311745838716,-0.9867565279712074,-1.4545270240530206,-0.6017766833729703,0.901076813119287,-1.4619022951576501,-0.1524681878926434,0.0,-0.8328197396601593,1.239731226190802,0.0,0.30517590758112756,0.5736294907005042
0.900977410875209,1.4465221976886165,1.6001311745838716,-0.9867565279712074,-1.4545270240530206,-0.6017766833729703,0.901076813119287,-1.2276915456720334,-1.4698275647693375,0.0,1.0856187696102557,1.239731226190802,0.0,0.30517590758112756,0.5736294907005042
-0.9887509512354369,1.4465221976886165,-1.4436650050276725,-0.9867565279712074,-1.3388912128122985,-0.6017766833729703,-0.9887203523702093,-1.5204549825290543,1.2221676836308635,0.0,1.469306471464339,0.015190246157726272,-0.9813631240879068,0.30517590758112756,0.5736294907005042
-0.9887509512354369,1.4465221976886165,-1.4436650050276725,-0.9867565279712074,-1.3388912128122985,-0.6017766833729703,-0.9887203523702093,1.4657320734125603,1.1648911889840505,0.0,1.469306471464339,0.015190246157726272,-0.9813631240879068,0.30517590758112756,0.5736294907005042
-0.7525349059716061,0.44181979399128657,-1.4436650050276725,-0.9867565279712074,-1.3388912128122985,-0.6017766833729703,-0.7524957066840222,-1.403349607786246,-0.782509629007584,0.0,-0.8328197396601593,0.015190246157726272,-0.9813631240879068,0.30517590758112756,0.5736294907005042
-0.0438867701801139,-1.56758501340337,-1.4436650050276725,-0.9867565279712074,-1.3388912128122985,-0.6017766833729703,-0.043821769625461124,-1.4619022951576501,0.42029675857548443,0.0,0.7019310677561728,-1.2093507338753493,-0.9813631240879068,0.30517590758112756,0.5736294907005042
-1.2249669964992675,1.4465221976886165,-0.9363656417590819,-0.9867565279712074,-1.2232554015715762,-0.6017766833729703,-1.2249449980563965,1.7584955102695812,1.2794441782776762,0.0,1.469306471464339,0.015190246157726272,0.9813631240879068,0.30517590758112756,0.5736294907005042
-0.0438867701801139,1.4465221976886165,-0.9363656417590819,-0.9867565279712074,-1.2232554015715762,-0.6017766833729703,-0.043821769625461124,0.2946783259844761,1.4512736622181146,0.0,1.469306471464339,-1.2093507338753493,0.9813631240879068,0.30517590758112756,0.5736294907005042
0.6647613656113783,1.4465221976886165,-0.9363656417590819,-0.9867565279712074,-1.2232554015715762,-0.6017766833729703,0.6648521674331,0.2946783259844761,-1.3552745754757118,0.0,1.469306471464339,1.239731226190802,0.9813631240879068,0.30517590758112756,0.5736294907005042
0.6647613656113783,1.4465221976886165,-0.9363656417590819,-0.9867565279712074,-1.2232554015715762,-0.6017766833729703,0.6648521674331,0.35323101335588025,-0.267021177186269,0.0,1.0856187696102557,1.239731226190802,0.9813631240879068,0.30517590758112756,0.5736294907005042
0.6647613656113783,1.4465221976886165,-0.9363656417590819,-0.9867565279712074,-1.2232554015715762,-0.6017766833729703,0.6648521674331,0.4117837007272845,-0.09519169324583063,0.0,-0.0654443359519933,1.239731226190802,0.9813631240879068,0.30517590758112756,0.5736294907005042
0.6647613656113783,1.4465221976886165,-0.9363656417590819,-0.9867565279712074,-1.2232554015715762,-0.6017766833729703,0.6648521674331,0.47033638809868866,-0.9543391129480224,0.0,1.0856187696102557,1.239731226190802,0.9813631240879068,0.30517590758112756,0.5736294907005042
0.6647613656113783,1.4465221976886165,-0.9363656417590819,-0.9867565279712074,-1.2232554015715762,-0.6017766833729703,0.6648521674331,0.5288890754700929,-1.1834450915352734,0.0,1.0856187696102557,1.239731226190802,0.9813631240879068,0.30517590758112756,0.5736294907005042
0.6647613656113783,-0.5628826097060418,-0.9363656417590819,-0.9867565279712074,-1.2232554015715762,-0.6017766833729703,0.6648521674331,1.5828374481553686,-0.8397861236543969,0.0,0.31824336590208974,1.239731226190802,0.9813631240879068,0.30517590758112756,0.5736294907005042
0.900977410875209,1.4465221976886165,-0.9363656417590819,-0.9867565279712074,-1.2232554015715762,-0.6017766833729703,0.901076813119287,-1.6375603572718629,0.07663779069460772,0.0,1.0856187696102557,1.239731226190802,0.9813631240879068,0.30517590758112756,0.5736294907005042
-0.2801028154439446,-0.5628826097060418,-0.42906627849049117,-0.9867565279712074,-1.1076195903308539,-0.6017766833729703,-0.28004641531164814,-0.29084854772956603,-1.2979980808288991,0.0,-1.2165074415142423,-1.2093507338753493,1.4720446861318601,0.30517590758112756,0.5736294907005042
-0.2801028154439446,-0.5628826097060418,-0.42906627849049117,-0.9867565279712074,-1.1076195903308539,-0.6017766833729703,-0.28004641531164814,-0.23229586035816183,-0.8970626183012096,0.0,0.31824336590208974,-1.2093507338753493,1.4720446861318601,0.30517590758112756,0.5736294907005042
-0.0438867701801139,1.4465221976886165,-0.42906627849049117,-0.9867565279712074,-1.1076195903308539,-0.6017766833729703,-0.043821769625461124,1.3486266986697517,-1.641657048709776,0.0,-0.4491320378060763,-1.2093507338753493,1.4720446861318601,0.30517590758112756,0.5736294907005042
-0.0438867701801139,1.4465221976886165,-0.42906627849049117,-0.9867565279712074,-1.1076195903308539,-0.6017766833729703,-0.043821769625461124,1.407179386041156,-0.6679566397139585,0.0,-0.4491320378060763,-1.2093507338753493,1.4720446861318601,0.30517590758112756,0.5736294907005042
-0.9887509512354369,1.4465221976886165,0.07823308477809952,-0.9867565279712074,-0.9919837790901317,-0.6017766833729703,-0.9887203523702093,-0.6421646719579913,0.5921262425159228,0.0,1.0856187696102557,0.015190246157726272,0.4906815620439534,0.30517590758112756,0.5736294907005042
-0.7525349059716061,1.4465221976886165,0.07823308477809952,-0.9867565279712074,-0.9919837790901317,-0.6017766833729703,-0.7524957066840222,-1.5204549825290543,1.623103146158553,0.0,1.469306471464339,0.015190246157726272,0.4906815620439534,0.30517590758112756,0.5736294907005042
0.19232927508371683,-0.5628826097060418,0.07823308477809952,-0.9867565279712074,-0.9919837790901317,-0.6017766833729703,0.19240287606072592,0.6459944502129013,-0.43885066112670734,0.0,-1.2165074415142423,-1.2093507338753493,0.4906815620439534,0.30517590758112756,0.5736294907005042
0.19232927508371683,0.44181979399128657,0.07823308477809952,-0.9867565279712074,-0.9919837790901317,-0.6017766833729703,0.19240287606072592,0.7045471375843055,-0.09519169324583063,0.0,-0.8328197396601593,-1.2093507338753493,0.4906815620439534,0.30517590758112756,0.5736294907005042
-0.9887509512354369,-0.5628826097060418,0.5855324480466901,-0.9867565279712074,-0.8763479678494094,-0.6017766833729703,-0.9887203523702093,0.2946783259844761,0.6494027371627356,0.0,0.31824336590208974,0.015190246157726272,-1.4720446861318601,0.30517590758112756,0.5736294907005042
-0.5163188607077753,1.4465221976886165,0.5855324480466901,-0.9867565279712074,-0.8763479678494094,-0.6017766833729703,-0.5162710609978353,-0.40795392247237444,-0.09519169324583063,0.0,-0.4491320378060763,-1.2093507338753493,-1.4720446861318601,0.30517590758112756,0.5736294907005042
-0.2801028154439446,-0.5628826097060418,0.5855324480466901,-0.9867565279712074,-0.8763479678494094,-0.6017766833729703,-0.28004641531164814,1.407179386041156,-1.584380554062963,0.0,-1.2165074415142423,-1.2093507338753493,-1.4720446861318601,0.30517590758112756,0.5736294907005042
-0.0438867701801139,-0.5628826097060418,0.5855324480466901,-0.9867565279712074,-0.8763479678494094,-0.6017766833729703,-0.043821769625461124,0.8802051996985182,-1.0116156075948353,0.0,-1.2165074415142423,-1.2093507338753493,-1.4720446861318601,0.30517590758112756,0.5736294907005042
-0.0438867701801139,-0.5628826097060418,0.5855324480466901,-0.9867565279712074,-0.8763479678494094,-0.6017766833729703,-0.043821769625461124,0.9387578870699224,-1.068892102241648,0.0,-1.2165074415142423,-1.2093507338753493,-1.4720446861318601,0.30517590758112756,0.5736294907005042
-0.0438867701801139,0.44181979399128657,0.5855324480466901,-0.9867565279712074,-0.8763479678494094,-0.6017766833729703,-0.043821769625461124,0.9973105744413265,-1.068892102241648,0.0,-0.8328197396601593,-1.2093507338753493,-1.4720446861318601,0.30517590758112756,0.5736294907005042
0.900977410875209,1.4465221976886165,0.5855324480466901,-0.9867565279712074,-0.8763479678494094,-0.6017766833729703,0.901076813119287,1.6413901355267728,1.2221676836308635,0.0,1.469306471464339,1.239731226190802,-1.4720446861318601,0.30517590758112756,0.5736294907005042
0.900977410875209,1.4465221976886165,0.5855324480466901,-0.9867565279712074,-0.8763479678494094,-0.6017766833729703,0.901076813119287,1.7584955102695812,-0.3242976718330818,0.0,1.469306471464339,1.239731226190802,-1.4720446861318601,0.30517590758112756,0.5736294907005042
-0.5163188607077753,-1.56758501340337,1.0928318113152808,-0.9867565279712074,-0.7607121566086872,-0.6017766833729703,-0.5162710609978353,-1.403349607786246,-0.8397861236543969,0.0,0.7019310677561728,-1.2093507338753493,-0.4906815620439534,0.30517590758112756,0.5736294907005042
-0.5163188607077753,-0.5628826097060418,1.0928318113152808,-0.9867565279712074,-0.7607121566086872,-0.6017766833729703,-0.5162710609978353,-1.2862442330434376,0.4775732532222972,0.0,-1.2165074415142423,-1.2093507338753493,-0.4906815620439534,0.30517590758112756,0.5736294907005042
-0.5163188607077753,1.4465221976886165,1.0928318113152808,-0.9867565279712074,-0.7607121566086872,-0.6017766833729703,-0.5162710609978353,-1.1691388583006292,0.9930617050436122,0.0,-0.4491320378060763,-1.2093507338753493,-0.4906815620439534,0.30517590758112756,0.5736294907005042
-0.5163188607077753,-0.5628826097060418,1.0928318113152808,-0.9867565279712074,-0.7607121566086872,-0.6017766833729703,-0.5162710609978353,-0.9349281088150123,-1.5271040594161502,0.0,-1.2165074415142423,-1.2093507338753493,-0.4906815620439534,0.30517590758112756,0.5736294907005042
-0.5163188607077753,-0.5628826097060418,1.0928318113152808,-0.9867565279712074,-0.7607121566086872,-0.6017766833729703,-0.5162710609978353,-0.8763754214436081,-0.2097446825394562,0.0,-1.2165074415142423,-1.2093507338753493,-0.4906815620439534,0.30517590758112756,0.5736294907005042
-0.2801028154439446,1.4465221976886165,1.0928318113152808,-0.9867565279712074,-0.7607121566086872,-0.6017766833729703,-0.28004641531164814,-1.1691388583006292,-0.43885066112670734,0.0,1.469306471464339,-1.2093507338753493,-0.4906815620439534,0.30517590758112756,0.5736294907005042
-0.2801028154439446,0.44181979399128657,1.0928318113152808,-0.9867565279712074,-0.7607121566086872,-0.6017766833729703,-0.28004641531164814,0.7045471375843055,-1.3552745754757118,0.0,-0.8328197396601593,-1.2093507338753493,-0.4906815620439534,0.30517590758112756,0.5736294907005042
-0.2801028154439446,-0.5628826097060418,1.0928318113152808,-0.9867565279712074,-0.7607121566086872,-0.6017766833729703,-0.28004641531164814,1.407179386041156,-1.1261685968884607,0.0,0.31824336590208974,-1.2093507338753493,-0.4906815620439534,0.30517590758112756,0.5736294907005042
-0.2801028154439446,1.4465221976886165,1.0928318113152808,-0.9867565279712074,-0.7607121566086872,-0.6017766833729703,-0.28004641531164814,1.4657320734125603,0.36302026392867165,0.0,-0.4491320378060763,-1.2093507338753493,-0.4906815620439534,0.30517590758112756,0.5736294907005042
-0.0438867701801139,0.44181979399128657,1.0928318113152808,-0.9867565279712074,-0.7607121566086872,-0.6017766833729703,-0.043821769625461124,-1.2276915456720334,-1.641657048709776,0.0,-0.8328197396601593,-1.2093507338753493,-0.4906815620439534,0.30517590758112756,0.5736294907005042
-0.0438867701801139,1.4465221976886165,1.0928318113152808,-0.9867565279712074,-0.7607121566086872,-0.6017766833729703,-0.043821769625461124,-0.17374317298675762,1.2794441782776762,0.0,1.0856187696102557,-1.2093507338753493,-0.4906815620439534,0.30517590758112756,0.5736294907005042
1.1371934561390398,1.4465221976886165,1.0928318113152808,-0.9867565279712074,-0.7607121566086872,-0.6017766833729703,1.1373014588054742,-0.7007173593293955,1.56582665151174,0.0,-0.4491320378060763,1.239731226190802,-0.4906815620439534,0.30517590758112756,0.5736294907005042
1.1371934561390398,1.4465221976886165,1.0928318113152808,-0.9867565279712074,-0.7607121566086872,-0.6017766833729703,1.1373014588054742,-0.583611984586587,-1.1261685968884607,0.0,1.0856187696102557,1.239731226190802,-0.4906815620439534,0.30517590758112756,0.5736294907005042
-0.7525349059716061,-1.56758501340337,1.6001311745838716,-0.9867565279712074,-0.6450763453679649,-0.6017766833729703,-0.7524957066840222,-0.583611984586587,-0.5534036504203329,0.0,0.7019310677561728,0.015190246157726272,0.0,0.30517590758112756,0.5736294907005042
1.1371934561390398,1.4465221976886165,1.6001311745838716,-0.9867565279712074,-0.6450763453679649,-0.6017766833729703,1.1373014588054742,0.2946783259844761,-1.6989335433565886,0.0,1.469306471464339,1.239731226190802,0.0,0.30517590758112756,0.5736294907005042
1.1371934561390398,-0.5628826097060418,1.6001311745838716,-0.9867565279712074,-0.6450763453679649,-0.6017766833729703,1.1373014588054742,0.35323101335588025,1.3939971675713017,0.0,0.31824336590208974,1.239731226190802,0.0,0.30517590758112756,0.5736294907005042
-0.7525349059716061,1.4465221976886165,-1.4436650050276725,-0.9867565279712074,-0.5294405341272427,-0.6017766833729703,-0.7524957066840222,0.17757295124166764,1.623103146158553,0.0,-0.4491320378060763,0.015190246157726272,-0.9813631240879068,0.30517590758112756,0.5736294907005042
0.42854532034754755,-0.5628826097060418,-1.4436650050276725,-0.9867565279712074,-0.5294405341272427,-0.6017766833729703,0.428627521746913,-0.29084854772956603,-0.2097446825394562,0.0,-1.2165074415142423,-1.2093507338753493,-0.9813631240879068,0.30517590758112756,0.5736294907005042
0.42854532034754755,1.4465221976886165,-1.4436650050276725,-0.9867565279712074,-0.5294405341272427,-0.6017766833729703,0.428627521746913,-0.23229586035816183,0.8785087157499867,0.0,1.469306471464339,-1.2093507338753493,-0.9813631240879068,0.30517590758112756,0.5736294907005042
0.42854532034754755,-0.5628826097060418,-1.4436650050276725,-0.9867565279712074,-0.5294405341272427,-0.6017766833729703,0.428627521746913,1.2315213239269434,1.1076146943372378,0.0,0.31824336590208974,-1.2093507338753493,-0.9813631240879068,0.30517590758112756,0.5736294907005042
-0.9887509512354369,-0.5628826097060418,-0.9363656417590819,-0.9867565279712074,-0.4138047228865204,-0.6017766833729703,-0.9887203523702093,-0.817822734072204,0.24846727463504606,0.0,-1.2165074415142423,0.015190246157726272,0.9813631240879068,0.30517590758112756,0.5736294907005042
-0.9887509512354369,-0.5628826097060418,-0.9363656417590819,-0.9867565279712074,-0.4138047228865204,-0.6017766833729703,-0.9887203523702093,-0.7592700467007997,-0.3242976718330818,0.0,0.31824336590208974,0.015190246157726272,0.9813631240879068,0.30517590758112756,0.5736294907005042
-0.7525349059716061,1.4465221976886165,-0.9363656417590819,-0.9867565279712074,-0.4138047228865204,-0.6017766833729703,-0.7524957066840222,-0.5250592972151829,0.8785087157499867,0.0,1.0856187696102557,0.015190246157726272,0.9813631240879068,0.30517590758112756,0.5736294907005042
-0.5163188607077753,0.44181979399128657,-0.9363656417590819,-0.9867565279712074,-0.4138047228865204,-0.6017766833729703,-0.5162710609978353,0.9973105744413265,-0.38157416647989456,0.0,-0.8328197396601593,-1.2093507338753493,0.9813631240879068,0.30517590758112756,0.5736294907005042
-0.5163188607077753,-0.5628826097060418,-0.9363656417590819,-0.9867565279712074,-0.4138047228865204,-0.6017766833729703,-0.5162710609978353,1.0558632618127308,-0.2097446825394562,0.0,-1.2165074415142423,-1.2093507338753493,0.9813631240879068,0.30517590758112756,0.5736294907005042
0.42854532034754755,-0.5628826097060418,-0.9363656417590819,-0.9867565279712074,-0.4138047228865204,-0.6017766833729703,0.428627521746913,-0.817822734072204,0.7639557264563611,0.0,-1.2165074415142423,-1.2093507338753493,0.9813631240879068,0.30517590758112756,0.5736294907005042
-0.7525349059716061,1.4465221976886165,-0.42906627849049117,-0.9867565279712074,-0.2981689116457982,-0.6017766833729703,-0.7524957066840222,-1.3447969204148418,0.7639557264563611,0.0,1.0856187696102557,0.015190246157726272,1.4720446861318601,0.30517590758112756,0.5736294907005042
-0.7525349059716061,-0.5628826097060418,-0.42906627849049117,-0.9867565279712074,-0.2981689116457982,-0.6017766833729703,-0.7524957066840222,1.114415949184135,-0.782509629007584,0.0,-1.2165074415142423,0.015190246157726272,1.4720446861318601,0.30517590758112756,0.5736294907005042
-0.5163188607077753,-0.5628826097060418,-0.42906627849049117,-0.9867565279712074,-0.2981689116457982,-0.6017766833729703,-0.5162710609978353,-0.6421646719579913,-1.3552745754757118,0.0,-1.2165074415142423,-1.2093507338753493,1.4720446861318601,0.30517590758112756,0.5736294907005042
-0.5163188607077753,-0.5628826097060418,-0.42906627849049117,-0.9867565279712074,-0.2981689116457982,-0.6017766833729703,-0.5162710609978353,-0.583611984586587,-1.4125510701225246,0.0,-1.2165074415142423,-1.2093507338753493,1.4720446861318601,0.30517590758112756,0.5736294907005042
-0.0438867701801139,0.44181979399128657,-0.42906627849049117,-0.9867565279712074,-0.2981689116457982,-0.6017766833729703,-0.043821769625461124,-0.17374317298675762,0.5921262425159228,0.0,-0.8328197396601593,-1.2093507338753493,1.4720446861318601,0.30517590758112756,0.5736294907005042
0.19232927508371683,-1.56758501340337,-0.42906627849049117,-0.9867565279712074,-0.2981689116457982,-0.6017766833729703,0.19240287606072592,0.6459944502129013,-0.43885066112670734,0.0,0.7019310677561728,-1.2093507338753493,1.4720446861318601,0.30517590758112756,0.5736294907005042
0.19232927508371683,-1.56758501340337,-0.42906627849049117,-0.9867565279712074,-0.2981689116457982,-0.6017766833729703,0.19240287606072592,0.7045471375843055,-0.5534036504203329,0.0,0.7019310677561728,-1.2093507338753493,1.4720446861318601,0.30517590758112756,0.5736294907005042
0.42854532034754755,-1.56758501340337,-0.42906627849049117,-0.9867565279712074,-0.2981689116457982,-0.6017766833729703,0.428627521746913,1.0558632618127308,-1.1834450915352734,0.0,0.7019310677561728,-1.2093507338753493,1.4720446861318601,0.30517590758112756,0.5736294907005042
-0.9887509512354369,1.4465221976886165,0.07823308477809952,-0.9867565279712074,-0.1825331004050759,-0.6017766833729703,-0.9887203523702093,-0.056637798243949204,0.19119077998823328,0.0,1.469306471464339,0.015190246157726272,0.4906815620439534,0.30517590758112756,0.5736294907005042
-0.9887509512354369,1.4465221976886165,0.07823308477809952,-0.9867565279712074,-0.1825331004050759,-0.6017766833729703,-0.9887203523702093,0.0019148891274550072,0.24846727463504606,0.0,1.0856187696102557,0.015190246157726272,0.4906815620439534,0.30517590758112756,0.5736294907005042
-0.2801028154439446,-0.5628826097060418,0.07823308477809952,-0.9867565279712074,-0.1825331004050759,-0.6017766833729703,-0.28004641531164814,-0.11519048561535342,-0.037915198599017846,0.0,0.31824336590208974,-1.2093507338753493,0.4906815620439534,0.30517590758112756,0.5736294907005042
-0.2801028154439446,-0.5628826097060418,0.07823308477809952,-0.9867565279712074,-0.1825331004050759,-0.6017766833729703,-0.28004641531164814,-0.056637798243949204,-0.3242976718330818,0.0,-1.2165074415142423,-1.2093507338753493,0.4906815620439534,0.30517590758112756,0.5736294907005042
-0.2801028154439446,0.44181979399128657,0.07823308477809952,-0.9867565279712074,-0.1825331004050759,-0.6017766833729703,-0.28004641531164814,1.2900740112983475,1.6803796408053657,0.0,-0.8328197396601593,-1.2093507338753493,0.4906815620439534,0.30517590758112756,0.5736294907005042
-0.2801028154439446,-1.56758501340337,0.07823308477809952,-0.9867565279712074,-0.1825331004050759,-0.6017766833729703,-0.28004641531164814,1.3486266986697517,1.5085501568649273,0.0,0.7019310677561728,-1.2093507338753493,0.4906815620439534,0.30517590758112756,0.5736294907005042
0.19232927508371683,1.4465221976886165,0.07823308477809952,-0.9867565279712074,-0.1825331004050759,-0.6017766833729703,0.19240287606072592,-0.5250592972151829,0.4775732532222972,0.0,1.469306471464339,-1.2093507338753493,0.4906815620439534,0.30517590758112756,0.5736294907005042
0.42854532034754755,0.44181979399128657,0.07823308477809952,-0.9867565279712074,-0.1825331004050759,-0.6017766833729703,0.428627521746913,-1.4619022951576501,-1.1834450915352734,0.0,-0.8328197396601593,-1.2093507338753493,0.4906815620439534,0.30517590758112756,0.5736294907005042
0.42854532034754755,-1.56758501340337,0.07823308477809952,-0.9867565279712074,-0.1825331004050759,-0.6017766833729703,0.428627521746913,1.4657320734125603,0.4775732532222972,0.0,0.7019310677561728,-1.2093507338753493,0.4906815620439534,0.30517590758112756,0.5736294907005042
0.900977410875209,1.4465221976886165,0.07823308477809952,-0.9867565279712074,-0.1825331004050759,-0.6017766833729703,0.901076813119287,1.699942822898177,1.4512736622181146,0.0,1.0856187696102557,1.239731226190802,0.4906815620439534,0.30517590758112756,0.5736294907005042
1.1371934561390398,-0.5628826097060418,0.07823308477809952,-0.9867565279712074,-0.1825331004050759,-0.6017766833729703,1.1373014588054742,-1.696113044643267,-1.2407215861820864,0.0,0.31824336590208974,1.239731226190802,0.4906815620439534,0.30517590758112756,0.5736294907005042
-0.9887509512354369,1.4465221976886165,0.5855324480466901,-0.9867565279712074,-0.06689728916435364,-0.6017766833729703,-0.9887203523702093,1.407179386041156,-1.584380554062963,0.0,1.0856187696102557,0.015190246157726272,-1.4720446861318601,0.30517590758112756,0.5736294907005042
0.900977410875209,-0.5628826097060418,0.5855324480466901,-0.9867565279712074,-0.06689728916435364,-0.6017766833729703,0.901076813119287,-0.583611984586587,-0.1524681878926434,0.0,-1.2165074415142423,1.239731226190802,-1.4720446861318601,0.30517590758112756,0.5736294907005042
-0.5163188607077753,0.44181979399128657,1.0928318113152808,-0.9867565279712074,0.048738522076368605,-0.6017766833729703,-0.5162710609978353,-1.3447969204148418,1.4512736622181146,0.0,-0.8328197396601593,-1.2093507338753493,-0.4906815620439534,0.30517590758112756,0.5736294907005042
-0.5163188607077753,-0.5628826097060418,1.0928318113152808,-0.9867565279712074,0.048738522076368605,-0.6017766833729703,-0.5162710609978353,-1.2862442330434376,1.336720672924489,0.0,-1.2165074415142423,-1.2093507338753493,-0.4906815620439534,0.30517590758112756,0.5736294907005042
0.19232927508371683,-0.5628826097060418,1.0928318113152808,-0.9867565279712074,0.048738522076368605,-0.6017766833729703,0.19240287606072592,1.699942822898177,-0.6679566397139585,0.0,0.31824336590208974,-1.2093507338753493,-0.4906815620439534,0.30517590758112756,0.5736294907005042
0.42854532034754755,-0.5628826097060418,1.0928318113152808,-0.9867565279712074,0.048738522076368605,-0.6017766833729703,0.428627521746913,-1.5204549825290543,-0.4961271557735201,0.0,0.31824336590208974,-1.2093507338753493,-0.4906815620439534,0.30517590758112756,0.5736294907005042
0.42854532034754755,-0.5628826097060418,1.0928318113152808,-0.9867565279712074,0.048738522076368605,-0.6017766833729703,0.428627521746913,-1.4619022951576501,-1.068892102241648,0.0,0.31824336590208974,-1.2093507338753493,-0.4906815620439534,0.30517590758112756,0.5736294907005042
0.6647613656113783,0.44181979399128657,1.0928318113152808,-0.9867565279712074,0.048738522076368605,-0.6017766833729703,0.6648521674331,1.699942822898177,-1.2979980808288991,0.0,-0.8328197396601593,1.239731226190802,-0.4906815620439534,0.30517590758112756,0.5736294907005042
-0.5163188607077753,-0.5628826097060418,1.6001311745838716,-0.9867565279712074,0.16437433331709086,-0.6017766833729703,-0.5162710609978353,1.5242847607839645,-0.2097446825394562,0.0,0.31824336590208974,-1.2093507338753493,0.0,0.30517590758112756,0.5736294907005042
-0.7525349059716061,-0.5628826097060418,-1.4436650050276725,-0.9867565279712074,0.2800101445578131,-0.6017766833729703,-0.7524957066840222,-0.7007173593293955,1.6803796408053657,0.0,0.31824336590208974,0.015190246157726272,-0.9813631240879068,0.30517590758112756,0.5736294907005042
0.19232927508371683,-0.5628826097060418,-1.4436650050276725,-0.9867565279712074,0.2800101445578131,-0.6017766833729703,0.19240287606072592,0.11902026387026342,0.53484974786911,0.0,-1.2165074415142423,-1.2093507338753493,-0.9813631240879068,0.30517590758112756,0.5736294907005042
0.19232927508371683,-0.5628826097060418,-1.4436650050276725,-0.9867565279712074,0.2800101445578131,-0.6017766833729703,0.19240287606072592,0.17757295124166764,0.4775732532222972,0.0,-1.2165074415142423,-1.2093507338753493,-0.9813631240879068,0.30517590758112756,0.5736294907005042
0.19232927508371683,-0.5628826097060418,-1.4436650050276725,-0.9867565279712074,0.2800101445578131,-0.6017766833729703,0.19240287606072592,0.23612563861307184,0.36302026392867165,0.0,-1.2165074415142423,-1.2093507338753493,-0.9813631240879068,0.30517590758112756,0.5736294907005042
-0.0438867701801139,1.4465221976886165,-0.9363656417590819,-0.9867565279712074,0.39564595579853534,-0.6017766833729703,-0.043821769625461124,-1.5790076699004587,-0.4961271557735201,0.0,1.469306471464339,-1.2093507338753493,0.9813631240879068,0.30517590758112756,0.5736294907005042
-0.0438867701801139,1.4465221976886165,-0.9363656417590819,-0.9867565279712074,0.39564595579853534,-0.6017766833729703,-0.043821769625461124,-1.5204549825290543,-0.6106801450671457,0.0,1.469306471464339,-1.2093507338753493,0.9813631240879068,0.30517590758112756,0.5736294907005042
0.19232927508371683,1.4465221976886165,-0.9363656417590819,-0.9867565279712074,0.39564595579853534,-0.6017766833729703,0.19240287606072592,-1.4619022951576501,0.36302026392867165,0.0,1.0856187696102557,-1.2093507338753493,0.9813631240879068,0.30517590758112756,0.5736294907005042
0.42854532034754755,0.44181979399128657,-0.9363656417590819,-0.9867565279712074,0.39564595579853534,-0.6017766833729703,0.428627521746913,1.407179386041156,1.050338199690425,0.0,-0.8328197396601593,-1.2093507338753493,0.9813631240879068,0.30517590758112756,0.5736294907005042
-0.7525349059716061,-0.5628826097060418,-0.42906627849049117,-0.9867565279712074,0.5112817670392577,-0.6017766833729703,-0.7524957066840222,0.7045471375843055,-0.782509629007584,0.0,0.31824336590208974,0.015190246157726272,1.4720446861318601,0.30517590758112756,0.5736294907005042
-0.5163188607077753,-0.5628826097060418,-0.42906627849049117,-0.9867565279712074,0.5112817670392577,-0.6017766833729703,-0.5162710609978353,0.06046757649885921,1.050338199690425,0.0,0.31824336590208974,-1.2093507338753493,1.4720446861318601,0.30517590758112756,0.5736294907005042
-0.2801028154439446,1.4465221976886165,-0.42906627849049117,-0.9867565279712074,0.5112817670392577,-0.6017766833729703,-0.28004641531164814,-0.7592700467007997,0.9930617050436122,0.0,-0.4491320378060763,-1.2093507338753493,1.4720446861318601,0.30517590758112756,0.5736294907005042
0.42854532034754755,1.4465221976886165,-0.42906627849049117,-0.9867565279712074,0.5112817670392577,-0.6017766833729703,0.428627521746913,0.7630998249557097,0.4775732532222972,0.0,-0.0654443359519933,-1.2093507338753493,1.4720446861318601,0.30517590758112756,0.5736294907005042
0.6647613656113783,1.4465221976886165,-0.42906627849049117,-0.9867565279712074,0.5112817670392577,-0.6017766833729703,0.6648521674331,1.2315213239269434,-0.09519169324583063,0.0,1.469306471464339,1.239731226190802,1.4720446861318601,0.30517590758112756,0.5736294907005042
-0.5163188607077753,-0.5628826097060418,0.07823308477809952,-0.9867565279712074,0.6269175782799798,-0.6017766833729703,-0.5162710609978353,-0.23229586035816183,-1.1834450915352734,0.0,0.31824336590208974,-1.2093507338753493,0.4906815620439534,0.30517590758112756,0.5736294907005042
-0.5163188607077753,1.4465221976886165,0.07823308477809952,-0.9867565279712074,0.6269175782799798,-0.6017766833729703,-0.5162710609978353,-0.17374317298675762,-0.7252331343607713,0.0,-0.4491320378060763,-1.2093507338753493,0.4906815620439534,0.30517590758112756,0.5736294907005042
0.6647613656113783,-0.5628826097060418,0.07823308477809952,-0.9867565279712074,0.6269175782799798,-0.6017766833729703,0.6648521674331,-0.40795392247237444,-1.641657048709776,0.0,0.31824336590208974,1.239731226190802,0.4906815620439534,0.30517590758112756,0.5736294907005042
1.1371934561390398,1.4465221976886165,0.07823308477809952,-0.9867565279712074,0.6269175782799798,-0.6017766833729703,1.1373014588054742,-0.5250592972151829,0.36302026392867165,0.0,1.469306471464339,1.239731226190802,0.4906815620439534,0.30517590758112756,0.5736294907005042
-0.9887509512354369,0.44181979399128657,0.5855324480466901,-0.9867565279712074,0.7425533895207022,-0.6017766833729703,-0.9887203523702093,0.35323101335588025,1.336720672924489,0.0,-0.8328197396601593,0.015190246157726272,-1.4720446861318601,0.30517590758112756,0.5736294907005042
-0.2801028154439446,0.44181979399128657,0.5855324480466901,-0.9867565279712074,0.7425533895207022,-0.6017766833729703,-0.28004641531164814,0.0019148891274550072,-0.5534036504203329,0.0,-0.8328197396601593,-1.2093507338753493,-1.4720446861318601,0.30517590758112756,0.5736294907005042
0.6647613656113783,-0.5628826097060418,0.5855324480466901,-0.9867565279712074,0.7425533895207022,-0.6017766833729703,0.6648521674331,-0.7007173593293955,-1.5271040594161502,0.0,-1.2165074415142423,1.239731226190802,-1.4720446861318601,0.30517590758112756,0.5736294907005042
0.6647613656113783,-1.56758501340337,0.5855324480466901,-0.9867565279712074,0.7425533895207022,-0.6017766833729703,0.6648521674331,-0.7007173593293955,1.623103146158553,0.0,0.7019310677561728,1.239731226190802,-1.4720446861318601,0.30517590758112756,0.5736294907005042
0.6647613656113783,-0.5628826097060418,0.5855324480466901,-0.9867565279712074,0.7425533895207022,-0.6017766833729703,0.6648521674331,-0.5250592972151829,1.1076146943372378,0.0,-1.2165074415142423,1.239731226190802,-1.4720446861318601,0.30517590758112756,0.5736294907005042
-0.9887509512354369,1.4465221976886165,1.0928318113152808,-0.9867565279712074,0.8581892007614244,-0.6017766833729703,-0.9887203523702093,0.8216525123271139,1.6803796408053657,0.0,1.469306471464339,0.015190246157726272,-0.4906815620439534,0.30517590758112756,0.5736294907005042
-0.9887509512354369,0.44181979399128657,1.0928318113152808,-0.9867565279712074,0.8581892007614244,-0.6017766833729703,-0.9887203523702093,0.9387578870699224,-1.2979980808288991,0.0,-0.8328197396601593,0.015190246157726272,-0.4906815620439534,0.30517590758112756,0.5736294907005042
-0.2801028154439446,1.4465221976886165,1.0928318113152808,-0.9867565279712074,0.8581892007614244,-0.6017766833729703,-0.28004641531164814,-1.110586170929225,-1.2979980808288991,0.0,-0.4491320378060763,-1.2093507338753493,-0.4906815620439534,0.30517590758112756,0.5736294907005042
-0.2801028154439446,1.4465221976886165,1.0928318113152808,-0.9867565279712074,0.8581892007614244,-0.6017766833729703,-0.28004641531164814,-1.0520334835578207,-1.0116156075948353,0.0,-0.0654443359519933,-1.2093507338753493,-0.4906815620439534,0.30517590758112756,0.5736294907005042
-0.0438867701801139,0.44181979399128657,1.0928318113152808,-0.9867565279712074,0.8581892007614244,-0.6017766833729703,-0.043821769625461124,0.8802051996985182,0.6494027371627356,0.0,-0.8328197396601593,-1.2093507338753493,-0.4906815620439534,0.30517590758112756,0.5736294907005042
0.19232927508371683,1.4465221976886165,1.0928318113152808,-0.9867565279712074,0.8581892007614244,-0.6017766833729703,0.19240287606072592,1.0558632618127308,-0.6106801450671457,0.0,1.469306471464339,-1.2093507338753493,-0.4906815620439534,0.30517590758112756,0.5736294907005042
0.19232927508371683,0.44181979399128657,1.0928318113152808,-0.9867565279712074,0.8581892007614244,-0.6017766833729703,0.19240287606072592,1.1729686365555392,0.19119077998823328,0.0,-0.8328197396601593,-1.2093507338753493,-0.4906815620439534,0.30517590758112756,0.5736294907005042
0.42854532034754755,-0.5628826097060418,1.0928318113152808,-0.9867565279712074,0.8581892007614244,-0.6017766833729703,0.428627521746913,-1.696113044643267,1.623103146158553,0.0,0.31824336590208974,-1.2093507338753493,-0.4906815620439534,0.30517590758112756,0.5736294907005042
0.900977410875209,1.4465221976886165,1.6001311745838716,-0.9867565279712074,0.9738250120021467,-0.6017766833729703,0.901076813119287,0.9387578870699224,-1.2407215861820864,0.0,1.469306471464339,1.239731226190802,0.0,0.30517590758112756,0.5736294907005042
-0.9887509512354369,1.4465221976886165,-1.4436650050276725,-0.9867565279712074,1.0894608232428689,-0.6017766833729703,-0.9887203523702093,0.11902026387026342,0.9930617050436122,0.0,1.469306471464339,0.015190246157726272,-0.9813631240879068,0.30517590758112756,0.5736294907005042
-0.0438867701801139,1.4465221976886165,-1.4436650050276725,-0.9867565279712074,1.0894608232428689,-0.6017766833729703,-0.043821769625461124,-0.11519048561535342,-1.1834450915352734,0.0,1.469306471464339,-1.2093507338753493,-0.9813631240879068,0.30517590758112756,0.5736294907005042
-0.0438867701801139,1.4465221976886165,-1.4436650050276725,-0.9867565279712074,1.0894608232428689,-0.6017766833729703,-0.043821769625461124,0.0019148891274550072,-0.267021177186269,0.0,1.469306471464339,-1.2093507338753493,-0.9813631240879068,0.30517590758112756,0.5736294907005042
0.900977410875209,0.44181979399128657,-1.4436650050276725,-0.9867565279712074,1.0894608232428689,-0.6017766833729703,0.901076813119287,0.47033638809868866,0.019361296047794935,0.0,-0.8328197396601593,1.239731226190802,-0.9813631240879068,0.30517590758112756,0.5736294907005042
1.1371934561390398,1.4465221976886165,-1.4436650050276725,-0.9867565279712074,1.0894608232428689,-0.6017766833729703,1.1373014588054742,0.2946783259844761,-0.3242976718330818,0.0,-0.4491320378060763,1.239731226190802,-0.9813631240879068,0.30517590758112756,0.5736294907005042
-0.9887509512354369,1.4465221976886165,-0.9363656417590819,-0.9867565279712074,1.2050966344835912,-0.6017766833729703,-0.9887203523702093,0.35323101335588025,1.1076146943372378,0.0,-0.0654443359519933,0.015190246157726272,0.9813631240879068,0.30517590758112756,0.5736294907005042
-0.9887509512354369,1.4465221976886165,-0.9363656417590819,-0.9867565279712074,1.2050966344835912,-0.6017766833729703,-0.9887203523702093,0.4117837007272845,0.36302026392867165,0.0,1.469306471464339,0.015190246157726272,0.9813631240879068,0.30517590758112756,0.5736294907005042
-0.9887509512354369,1.4465221976886165,-0.9363656417590819,-0.9867565279712074,1.2050966344835912,-0.6017766833729703,-0.9887203523702093,0.7630998249557097,0.019361296047794935,0.0,1.469306471464339,0.015190246157726272,0.9813631240879068,0.30517590758112756,0.5736294907005042
-0.7525349059716061,-0.5628826097060418,-0.9363656417590819,-0.9867565279712074,1.2050966344835912,-0.6017766833729703,-0.7524957066840222,-1.0520334835578207,0.9930617050436122,0.0,0.31824336590208974,0.015190246157726272,0.9813631240879068,0.30517590758112756,0.5736294907005042
-0.2801028154439446,-0.5628826097060418,-0.9363656417590819,-0.9867565279712074,1.2050966344835912,-0.6017766833729703,-0.28004641531164814,0.35323101335588025,1.2794441782776762,0.0,-1.2165074415142423,-1.2093507338753493,0.9813631240879068,0.30517590758112756,0.5736294907005042
-0.2801028154439446,-0.5628826097060418,-0.9363656417590819,-0.9867565279712074,1.2050966344835912,-0.6017766833729703,-0.28004641531164814,0.4117837007272845,1.1076146943372378,0.0,0.31824336590208974,-1.2093507338753493,0.9813631240879068,0.30517590758112756,0.5736294907005042
-0.2801028154439446,-0.5628826097060418,-0.9363656417590819,-0.9867565279712074,1.2050966344835912,-0.6017766833729703,-0.28004641531164814,0.47033638809868866,1.6803796408053657,0.0,0.31824336590208974,-1.2093507338753493,0.9813631240879068,0.30517590758112756,0.5736294907005042
-0.2801028154439446,-0.5628826097060418,-0.9363656417590819,-0.9867565279712074,1.2050966344835912,-0.6017766833729703,-0.28004641531164814,1.6413901355267728,1.336720672924489,0.0,-1.2165074415142423,-1.2093507338753493,0.9813631240879068,0.30517590758112756,0.5736294907005042
0.19232927508371683,1.4465221976886165,-0.9363656417590819,-0.9867565279712074,1.2050966344835912,-0.6017766833729703,0.19240287606072592,1.114415949184135,-1.584380554062963,0.0,1.469306471464339,-1.2093507338753493,0.9813631240879068,0.30517590758112756,0.5736294907005042
0.900977410875209,1.4465221976886165,-0.9363656417590819,-0.9867565279712074,1.2050966344835912,-0.6017766833729703,0.901076813119287,0.23612563861307184,0.4775732532222972,0.0,1.469306471464339,1.239731226190802,0.9813631240879068,0.30517590758112756,0.5736294907005042
0.900977410875209,1.4465221976886165,-0.9363656417590819,-0.9867565279712074,1.2050966344835912,-0.6017766833729703,0.901076813119287,0.2946783259844761,1.3939971675713017,0.0,1.0856187696102557,1.239731226190802,0.9813631240879068,0.30517590758112756,0.5736294907005042
-0.7525349059716061,-0.5628826097060418,-0.42906627849049117,-0.9867565279712074,1.3207324457243135,-0.6017766833729703,-0.7524957066840222,-1.4619022951576501,1.2221676836308635,0.0,0.31824336590208974,0.015190246157726272,1.4720446861318601,0.30517590758112756,0.5736294907005042
-0.7525349059716061,0.44181979399128657,-0.42906627849049117,-0.9867565279712074,1.3207324457243135,-0.6017766833729703,-0.7524957066840222,-1.403349607786246,1.623103146158553,0.0,-0.8328197396601593,0.015190246157726272,1.4720446861318601,0.30517590758112756,0.5736294907005042
-0.5163188607077753,0.44181979399128657,-0.42906627849049117,-0.9867565279712074,1.3207324457243135,-0.6017766833729703,-0.5162710609978353,1.6413901355267728,-1.6989335433565886,0.0,-0.8328197396601593,-1.2093507338753493,1.4720446861318601,0.30517590758112756,0.5736294907005042
-0.2801028154439446,1.4465221976886165,-0.42906627849049117,-0.9867565279712074,1.3207324457243135,-0.6017766833729703,-0.28004641531164814,0.35323101335588025,-0.5534036504203329,0.0,1.0856187696102557,-1.2093507338753493,1.4720446861318601,0.30517590758112756,0.5736294907005042
-0.0438867701801139,1.4465221976886165,-0.42906627849049117,-0.9867565279712074,1.3207324457243135,-0.6017766833729703,-0.043821769625461124,-0.40795392247237444,0.07663779069460772,0.0,-0.4491320378060763,-1.2093507338753493,1.4720446861318601,0.30517590758112756,0.5736294907005042
-0.0438867701801139,-0.5628826097060418,-0.42906627849049117,-0.9867565279712074,1.3207324457243135,-0.6017766833729703,-0.043821769625461124,-0.34940123510097026,0.30574376928185887,0.0,-1.2165074415142423,-1.2093507338753493,1.4720446861318601,0.30517590758112756,0.5736294907005042
0.900977410875209,-0.5628826097060418,-0.42906627849049117,-0.9867565279712074,1.3207324457243135,-0.6017766833729703,0.901076813119287,0.06046757649885921,-1.068892102241648,0.0,0.31824336590208974,1.239731226190802,1.4720446861318601,0.30517590758112756,0.5736294907005042
-0.0438867701801139,-0.5628826097060418,0.07823308477809952,-0.9867565279712074,1.4363682569650356,-0.6017766833729703,-0.043821769625461124,-0.29084854772956603,0.9930617050436122,0.0,0.31824336590208974,-1.2093507338753493,0.4906815620439534,0.30517590758112756,0.5736294907005042
0.6647613656113783,-0.5628826097060418,0.07823308477809952,-0.9867565279712074,1.4363682569650356,-0.6017766833729703,0.6648521674331,-0.29084854772956603,0.9357852103967995,0.0,0.31824336590208974,1.239731226190802,0.4906815620439534,0.30517590758112756,0.5736294907005042
0.6647613656113783,-0.5628826097060418,0.07823308477809952,-0.9867565279712074,1.4363682569650356,-0.6017766833729703,0.6648521674331,-0.11519048561535342,-1.4125510701225246,0.0,-1.2165074415142423,1.239731226190802,0.4906815620439534,0.30517590758112756,0.5736294907005042
0.6647613656113783,1.4465221976886165,0.07823308477809952,-0.9867565279712074,1.4363682569650356,-0.6017766833729703,0.6648521674331,0.17757295124166764,0.821232221103174,0.0,1.469306471464339,1.239731226190802,0.4906815620439534,0.30517590758112756,0.5736294907005042
-0.9887509512354369,1.4465221976886165,0.5855324480466901,-0.9867565279712074,1.5520040682057579,-0.6017766833729703,-0.9887203523702093,1.5828374481553686,-0.6106801450671457,0.0,1.469306471464339,0.015190246157726272,-1.4720446861318601,0.30517590758112756,0.5736294907005042
-0.5163188607077753,1.4465221976886165,0.5855324480466901,-0.9867565279712074,1.5520040682057579,-0.6017766833729703,-0.5162710609978353,0.2946783259844761,-0.7252331343607713,0.0,-0.4491320378060763,-1.2093507338753493,-1.4720446861318601,0.30517590758112756,0.5736294907005042
-0.5163188607077753,1.4465221976886165,0.5855324480466901,-0.9867565279712074,1.5520040682057579,-0.6017766833729703,-0.5162710609978353,0.7045471375843055,0.1339142853414205,0.0,-0.4491320378060763,-1.2093507338753493,-1.4720446861318601,0.30517590758112756,0.5736294907005042
-0.7525349059716061,1.4465221976886165,1.0928318113152808,-0.9867565279712074,1.6676398794464802,-0.6017766833729703,-0.7524957066840222,1.7584955102695812,-0.6106801450671457,0.0,1.469306471464339,0.015190246157726272,-0.4906815620439534,0.30517590758112756,0.5736294907005042
0.42854532034754755,1.4465221976886165,1.0928318113152808,-0.9867565279712074,1.6676398794464802,-0.6017766833729703,0.428627521746913,-0.9934807961864165,0.07663779069460772,0.0,1.469306471464339,-1.2093507338753493,-0.4906815620439534,0.30517590758112756,0.5736294907005042
0.42854532034754755,1.4465221976886165,1.0928318113152808,-0.9867565279712074,1.6676398794464802,-0.6017766833729703,0.428627521746913,0.4117837007272845,0.5921262425159228,0.0,1.469306471464339,-1.2093507338753493,-0.4906815620439534,0.30517590758112756,0.5736294907005042
0.42854532034754755,0.44181979399128657,1.0928318113152808,-0.9867565279712074,1.6676398794464802,-0.6017766833729703,0.428627521746913,0.47033638809868866,1.56582665151174,0.0,-0.8328197396601593,-1.2093507338753493,-0.4906815620439534,0.30517590758112756,0.5736294907005042
-0.9887509512354369,1.4465221976886165,1.6001311745838716,-0.9867565279712074,1.7832756906872023,-0.6017766833729703,-0.9887203523702093,0.6459944502129013,-1.4698275647693375,0.0,-0.4491320378060763,0.015190246157726272,0.0,0.30517590758112756,0.5736294907005042
-0.9887509512354369,-0.5628826097060418,-1.4436650050276725,-0.7010634902833556,-1.6857986465344652,-0.6017766833729703,-0.9887203523702093,-0.056637798243949204,0.9930617050436122,0.0,-1.2165074415142423,0.015190246157726272,-0.9813631240879068,-1.7527308304231684,-1.4380437613620412
-0.9887509512354369,0.44181979399128657,-1.4436650050276725,-0.7010634902833556,-1.6857986465344652,-0.6017766833729703,-0.9887203523702093,0.0019148891274550072,0.7066792318095484,0.0,-0.8328197396601593,0.015190246157726272,-0.9813631240879068,-1.7527308304231684,-1.4380437613620412
-0.9887509512354369,0.44181979399128657,-1.4436650050276725,-0.7010634902833556,-1.6857986465344652,-0.6017766833729703,-0.9887203523702093,0.06046757649885921,0.7639557264563611,0.0,-0.8328197396601593,0.015190246157726272,-0.9813631240879068,-1.7527308304231684,-1.4380437613620412
-0.7525349059716061,0.44181979399128657,-1.4436650050276725,-0.7010634902833556,-1.6857986465344652,-0.6017766833729703,-0.7524957066840222,-0.817822734072204,0.7639557264563611,0.0,-0.8328197396601593,0.015190246157726272,-0.9813631240879068,-1.7527308304231684,-1.4380437613620412
0.900977410875209,0.44181979399128657,-1.4436650050276725,-0.7010634902833556,-1.6857986465344652,-0.6017766833729703,0.901076813119287,-0.6421646719579913,0.7066792318095484,0.0,-0.8328197396601593,1.239731226190802,-0.9813631240879068,-1.7527308304231684,-1.4380437613620412
0.900977410875209,1.4465221976886165,-1.4436650050276725,-0.7010634902833556,-1.6857986465344652,-0.6017766833729703,0.901076813119287,0.9387578870699224,-0.1524681878926434,0.0,1.0856187696102557,1.239731226190802,-0.9813631240879068,-1.7527308304231684,-1.4380437613620412
-0.9887509512354369,1.4465221976886165,-0.9363656417590819,-0.7010634902833556,-1.570162835293743,-0.6017766833729703,-0.9887203523702093,-1.6375603572718629,-0.8970626183012096,0.0,1.469306471464339,0.015190246157726272,0.9813631240879068,-1.7527308304231684,-1.4380437613620412
0.42854532034754755,-0.5628826097060418,-0.9363656417590819,-0.7010634902833556,-1.570162835293743,-0.6017766833729703,0.428627521746913,-0.6421646719579913,0.24846727463504606,0.0,-1.2165074415142423,-1.2093507338753493,0.9813631240879068,-1.7527308304231684,-1.4380437613620412
0.42854532034754755,-0.5628826097060418,-0.9363656417590819,-0.7010634902833556,-1.570162835293743,-0.6017766833729703,0.428627521746913,-0.583611984586587,-0.09519169324583063,0.0,0.31824336590208974,-1.2093507338753493,0.9813631240879068,-1.7527308304231684,-1.4380437613620412
-0.9887509512354369,-0.5628826097060418,-0.42906627849049117,-0.7010634902833556,-1.4545270240530206,-0.6017766833729703,-0.9887203523702093,-0.583611984586587,-0.9543391129480224,0.0,0.31824336590208974,0.015190246157726272,1.4720446861318601,-1.7527308304231684,-1.4380437613620412
-0.9887509512354369,-0.5628826097060418,-0.42906627849049117,-0.7010634902833556,-1.4545270240530206,-0.6017766833729703,-0.9887203523702093,-0.5250592972151829,-1.2979980808288991,0.0,-1.2165074415142423,0.015190246157726272,1.4720446861318601,-1.7527308304231684,-1.4380437613620412
-0.2801028154439446,1.4465221976886165,-0.42906627849049117,-0.7010634902833556,-1.4545270240530206,-0.6017766833729703,-0.28004641531164814,-0.9934807961864165,-1.4125510701225246,0.0,-0.4491320378060763,-1.2093507338753493,1.4720446861318601,-1.7527308304231684,-1.4380437613620412
-0.9887509512354369,1.4465221976886165,0.07823308477809952,-0.7010634902833556,-1.3388912128122985,-0.6017766833729703,-0.9887203523702093,0.8802051996985182,1.4512736622181146,0.0,1.469306471464339,0.015190246157726272,0.4906815620439534,-1.7527308304231684,-1.4380437613620412
-0.7525349059716061,1.4465221976886165,0.07823308477809952,-0.7010634902833556,-1.3388912128122985,-0.6017766833729703,-0.7524957066840222,-0.17374317298675762,0.4775732532222972,0.0,1.469306471464339,0.015190246157726272,0.4906815620439534,-1.7527308304231684,-1.4380437613620412
-0.7525349059716061,1.4465221976886165,0.07823308477809952,-0.7010634902833556,-1.3388912128122985,-0.6017766833729703,-0.7524957066840222,-0.11519048561535342,1.050338199690425,0.0,-0.4491320378060763,0.015190246157726272,0.4906815620439534,-1.7527308304231684,-1.4380437613620412
-0.5163188607077753,-0.5628826097060418,0.07823308477809952,-0.7010634902833556,-1.3388912128122985,-0.6017766833729703,-0.5162710609978353,-0.34940123510097026,-1.584380554062963,0.0,0.31824336590208974,-1.2093507338753493,0.4906815620439534,-1.7527308304231684,-1.4380437613620412
-0.9887509512354369,-0.5628826097060418,0.5855324480466901,-0.7010634902833556,-1.2232554015715762,-0.6017766833729703,-0.9887203523702093,0.6459944502129013,0.7066792318095484,0.0,-1.2165074415142423,0.015190246157726272,-1.4720446861318601,-1.7527308304231684,-1.4380437613620412
-0.9887509512354369,-0.5628826097060418,0.5855324480466901,-0.7010634902833556,-1.2232554015715762,-0.6017766833729703,-0.9887203523702093,0.7630998249557097,-1.3552745754757118,0.0,-1.2165074415142423,0.015190246157726272,-1.4720446861318601,-1.7527308304231684,-1.4380437613620412
-0.7525349059716061,-0.5628826097060418,0.5855324480466901,-0.7010634902833556,-1.2232554015715762,-0.6017766833729703,-0.7524957066840222,-1.3447969204148418,-0.8970626183012096,0.0,0.31824336590208974,0.015190246157726272,-1.4720446861318601,-1.7527308304231684,-1.4380437613620412
-0.5163188607077753,0.44181979399128657,0.5855324480466901,-0.7010634902833556,-1.2232554015715762,-0.6017766833729703,-0.5162710609978353,-0.8763754214436081,-0.1524681878926434,0.0,-0.8328197396601593,-1.2093507338753493,-1.4720446861318601,-1.7527308304231684,-1.4380437613620412
-0.0438867701801139,1.4465221976886165,0.5855324480466901,-0.7010634902833556,-1.2232554015715762,-0.6017766833729703,-0.043821769625461124,-0.34940123510097026,0.5921262425159228,0.0,1.469306471464339,-1.2093507338753493,-1.4720446861318601,-1.7527308304231684,-1.4380437613620412
-0.0438867701801139,-0.5628826097060418,0.5855324480466901,-0.7010634902833556,-1.2232554015715762,-0.6017766833729703,-0.043821769625461124,-0.29084854772956603,1.1648911889840505,0.0,0.31824336590208974,-1.2093507338753493,-1.4720446861318601,-1.7527308304231684,-1.4380437613620412
0.42854532034754755,-1.56758501340337,0.5855324480466901,-0.7010634902833556,-1.2232554015715762,-0.6017766833729703,0.428627521746913,-0.6421646719579913,-0.38157416647989456,0.0,0.7019310677561728,-1.2093507338753493,-1.4720446861318601,-1.7527308304231684,-1.4380437613620412
-0.5163188607077753,0.44181979399128657,1.0928318113152808,-0.7010634902833556,-1.1076195903308539,-0.6017766833729703,-0.5162710609978353,0.17757295124166764,0.07663779069460772,0.0,-0.8328197396601593,-1.2093507338753493,-0.4906815620439534,-1.7527308304231684,-1.4380437613620412
-0.0438867701801139,1.4465221976886165,1.0928318113152808,-0.7010634902833556,-1.1076195903308539,-0.6017766833729703,-0.043821769625461124,-0.9349281088150123,-0.6679566397139585,0.0,-0.4491320378060763,-1.2093507338753493,-0.4906815620439534,-1.7527308304231684,-1.4380437613620412
-0.0438867701801139,-0.5628826097060418,1.0928318113152808,-0.7010634902833556,-1.1076195903308539,-0.6017766833729703,-0.043821769625461124,-0.8763754214436081,-0.1524681878926434,0.0,-1.2165074415142423,-1.2093507338753493,-0.4906815620439534,-1.7527308304231684,-1.4380437613620412
-0.0438867701801139,1.4465221976886165,1.0928318113152808,-0.7010634902833556,-1.1076195903308539,-0.6017766833729703,-0.043821769625461124,1.1729686365555392,1.1648911889840505,0.0,1.469306471464339,-1.2093507338753493,-0.4906815620439534,-1.7527308304231684,-1.4380437613620412
-0.9887509512354369,1.4465221976886165,1.6001311745838716,-0.7010634902833556,-0.9919837790901317,-0.6017766833729703,-0.9887203523702093,-0.9934807961864165,1.336720672924489,0.0,1.469306471464339,0.015190246157726272,0.0,-1.7527308304231684,-1.4380437613620412
-0.5163188607077753,1.4465221976886165,1.6001311745838716,-0.7010634902833556,-0.9919837790901317,-0.6017766833729703,-0.5162710609978353,0.8802051996985182,0.07663779069460772,0.0,-0.4491320378060763,-1.2093507338753493,0.0,-1.7527308304231684,-1.4380437613620412
-0.5163188607077753,1.4465221976886165,1.6001311745838716,-0.7010634902833556,-0.9919837790901317,-0.6017766833729703,-0.5162710609978353,0.9973105744413265,-1.4125510701225246,0.0,-0.4491320378060763,-1.2093507338753493,0.0,-1.7527308304231684,-1.4380437613620412
-0.0438867701801139,-0.5628826097060418,1.6001311745838716,-0.7010634902833556,-0.9919837790901317,-0.6017766833729703,-0.043821769625461124,-0.7592700467007997,-0.3242976718330818,0.0,0.31824336590208974,-1.2093507338753493,0.0,-1.7527308304231684,-1.4380437613620412
-0.0438867701801139,-1.56758501340337,1.6001311745838716,-0.7010634902833556,-0.9919837790901317,-0.6017766833729703,-0.043821769625461124,-0.7007173593293955,0.019361296047794935,0.0,0.7019310677561728,-1.2093507338753493,0.0,-1.7527308304231684,-1.4380437613620412
0.900977410875209,1.4465221976886165,1.6001311745838716,-0.7010634902833556,-0.9919837790901317,-0.6017766833729703,0.901076813119287,-1.6375603572718629,-0.782509629007584,0.0,1.0856187696102557,1.239731226190802,0.0,-1.7527308304231684,-1.4380437613620412
0.900977410875209,0.44181979399128657,1.6001311745838716,-0.7010634902833556,-0.9919837790901317,-0.6017766833729703,0.901076813119287,-1.5790076699004587,-1.5271040594161502,0.0,-0.8328197396601593,1.239731226190802,0.0,-1.7527308304231684,-1.4380437613620412
-0.9887509512354369,0.44181979399128657,-1.4436650050276725,-0.7010634902833556,-0.8763479678494094,-0.6017766833729703,-0.9887203523702093,1.699942822898177,-0.4961271557735201,0.0,-0.8328197396601593,0.015190246157726272,-0.9813631240879068,-1.7527308304231684,-1.4380437613620412
-0.9887509512354369,1.4465221976886165,-1.4436650050276725,-0.7010634902833556,-0.8763479678494094,-0.6017766833729703,-0.9887203523702093,1.7584955102695812,-0.1524681878926434,0.0,-0.4491320378060763,0.015190246157726272,-0.9813631240879068,-1.7527308304231684,-1.4380437613620412
-0.7525349059716061,-0.5628826097060418,-1.4436650050276725,-0.7010634902833556,-0.8763479678494094,-0.6017766833729703,-0.7524957066840222,-1.6375603572718629,-0.5534036504203329,0.0,-1.2165074415142423,0.015190246157726272,-0.9813631240879068,-1.7527308304231684,-1.4380437613620412
-0.7525349059716061,1.4465221976886165,-1.4436650050276725,-0.7010634902833556,-0.8763479678494094,-0.6017766833729703,-0.7524957066840222,-1.4619022951576501,0.9930617050436122,0.0,-0.4491320378060763,0.015190246157726272,-0.9813631240879068,-1.7527308304231684,-1.4380437613620412
0.42854532034754755,1.4465221976886165,-1.4436650050276725,-0.7010634902833556,-0.8763479678494094,-0.6017766833729703,0.428627521746913,0.7045471375843055,0.42029675857548443,0.0,1.469306471464339,-1.2093507338753493,-0.9813631240879068,-1.7527308304231684,-1.4380437613620412
0.900977410875209,-0.5628826097060418,-1.4436650050276725,-0.7010634902833556,-0.8763479678494094,-0.6017766833729703,0.901076813119287,-0.6421646719579913,-1.1834450915352734,0.0,-1.2165074415142423,1.239731226190802,-0.9813631240879068,-1.7527308304231684,-1.4380437613620412
1.1371934561390398,0.44181979399128657,-1.4436650050276725,-0.7010634902833556,-0.8763479678494094,-0.6017766833729703,1.1373014588054742,-0.40795392247237444,-0.1524681878926434,0.0,-0.8328197396601593,1.239731226190802,-0.9813631240879068,-1.7527308304231684,-1.4380437613620412
1.1371934561390398,1.4465221976886165,-1.4436650050276725,-0.7010634902833556,-0.8763479678494094,-0.6017766833729703,1.1373014588054742,-0.34940123510097026,1.6803796408053657,0.0,-0.4491320378060763,1.239731226190802,-0.9813631240879068,-1.7527308304231684,-1.4380437613620412
-0.7525349059716061,1.4465221976886165,-0.9363656417590819,-0.7010634902833556,-0.7607121566086872,-0.6017766833729703,-0.7524957066840222,0.7630998249557097,-0.09519169324583063,0.0,1.469306471464339,0.015190246157726272,0.9813631240879068,-1.7527308304231684,-1.4380437613620412
0.19232927508371683,1.4465221976886165,-0.9363656417590819,-0.7010634902833556,-0.7607121566086872,-0.6017766833729703,0.19240287606072592,-1.0520334835578207,1.050338199690425,0.0,1.0856187696102557,-1.2093507338753493,0.9813631240879068,-1.7527308304231684,-1.4380437613620412
0.6647613656113783,1.4465221976886165,-0.9363656417590819,-0.7010634902833556,-0.7607121566086872,-0.6017766833729703,0.6648521674331,-0.23229586035816183,-0.38157416647989456,0.0,1.0856187696102557,1.239731226190802,0.9813631240879068,-1.7527308304231684,-1.4380437613620412
0.6647613656113783,-1.56758501340337,-0.42906627849049117,-0.7010634902833556,-0.6450763453679649,-0.6017766833729703,0.6648521674331,1.5242847607839645,0.07663779069460772,0.0,0.7019310677561728,1.239731226190802,1.4720446861318601,-1.7527308304231684,-1.4380437613620412
0.900977410875209,1.4465221976886165,-0.42906627849049117,-0.7010634902833556,-0.6450763453679649,-0.6017766833729703,0.901076813119287,-0.29084854772956603,1.6803796408053657,0.0,-0.4491320378060763,1.239731226190802,1.4720446861318601,-1.7527308304231684,-1.4380437613620412
1.3734095014028704,1.4465221976886165,-0.42906627849049117,-0.7010634902833556,-0.6450763453679649,-0.6017766833729703,1.3735261044916611,-1.4619022951576501,-1.4125510701225246,0.0,1.469306471464339,1.239731226190802,1.4720446861318601,-1.7527308304231684,-1.4380437613620412
-0.9887509512354369,-0.5628826097060418,0.07823308477809952,-0.7010634902833556,-0.5294405341272427,-0.6017766833729703,-0.9887203523702093,0.7045471375843055,-0.38157416647989456,0.0,-1.2165074415142423,0.015190246157726272,0.4906815620439534,-1.7527308304231684,-1.4380437613620412
-0.9887509512354369,-0.5628826097060418,0.07823308477809952,-0.7010634902833556,-0.5294405341272427,-0.6017766833729703,-0.9887203523702093,0.7630998249557097,1.6803796408053657,0.0,-1.2165074415142423,0.015190246157726272,0.4906815620439534,-1.7527308304231684,-1.4380437613620412
0.42854532034754755,1.4465221976886165,0.07823308477809952,-0.7010634902833556,-0.5294405341272427,-0.6017766833729703,0.428627521746913,0.35323101335588025,-0.38157416647989456,0.0,1.469306471464339,-1.2093507338753493,0.4906815620439534,-1.7527308304231684,-1.4380437613620412
1.1371934561390398,1.4465221976886165,0.07823308477809952,-0.7010634902833556,-0.5294405341272427,-0.6017766833729703,1.1373014588054742,-0.7592700467007997,1.5085501568649273,0.0,-0.4491320378060763,1.239731226190802,0.4906815620439534,-1.7527308304231684,-1.4380437613620412
1.1371934561390398,0.44181979399128657,0.07823308477809952,-0.7010634902833556,-0.5294405341272427,-0.6017766833729703,1.1373014588054742,-0.6421646719579913,0.36302026392867165,0.0,-0.8328197396601593,1.239731226190802,0.4906815620439534,-1.7527308304231684,-1.4380437613620412
1.1371934561390398,1.4465221976886165,0.5855324480466901,-0.7010634902833556,-0.4138047228865204,-0.6017766833729703,1.1373014588054742,-1.5204549825290543,0.7639557264563611,0.0,1.0856187696102557,1.239731226190802,-1.4720446861318601,-1.7527308304231684,-1.4380437613620412
1.1371934561390398,-0.5628826097060418,0.5855324480466901,-0.7010634902833556,-0.4138047228865204,-0.6017766833729703,1.1373014588054742,0.5288890754700929,-0.38157416647989456,0.0,0.31824336590208974,1.239731226190802,-1.4720446861318601,-1.7527308304231684,-1.4380437613620412
-0.5163188607077753,1.4465221976886165,1.0928318113152808,-0.7010634902833556,-0.2981689116457982,-0.6017766833729703,-0.5162710609978353,0.0019148891274550072,-0.6106801450671457,0.0,1.469306471464339,-1.2093507338753493,-0.4906815620439534,-1.7527308304231684,-1.4380437613620412
-0.5163188607077753,-0.5628826097060418,1.0928318113152808,-0.7010634902833556,-0.2981689116457982,-0.6017766833729703,-0.5162710609978353,0.8216525123271139,-1.584380554062963,0.0,-1.2165074415142423,-1.2093507338753493,-0.4906815620439534,-1.7527308304231684,-1.4380437613620412
0.42854532034754755,1.4465221976886165,1.0928318113152808,-0.7010634902833556,-0.2981689116457982,-0.6017766833729703,0.428627521746913,-0.6421646719579913,-1.5271040594161502,0.0,-0.4491320378060763,-1.2093507338753493,-0.4906815620439534,-1.7527308304231684,-1.4380437613620412
0.42854532034754755,1.4465221976886165,1.0928318113152808,-0.7010634902833556,-0.2981689116457982,-0.6017766833729703,0.428627521746913,-0.583611984586587,0.53484974786911,0.0,1.469306471464339,-1.2093507338753493,-0.4906815620439534,-1.7527308304231684,-1.4380437613620412
0.6647613656113783,1.4465221976886165,1.0928318113152808,-0.7010634902833556,-0.2981689116457982,-0.6017766833729703,0.6648521674331,1.2900740112983475,-0.2097446825394562,0.0,-0.4491320378060763,1.239731226190802,-0.4906815620439534,-1.7527308304231684,-1.4380437613620412
0.6647613656113783,1.4465221976886165,1.0928318113152808,-0.7010634902833556,-0.2981689116457982,-0.6017766833729703,0.6648521674331,1.407179386041156,-0.6106801450671457,0.0,-0.4491320378060763,1.239731226190802,-0.4906815620439534,-1.7527308304231684,-1.4380437613620412
-0.5163188607077753,1.4465221976886165,1.6001311745838716,-0.7010634902833556,-0.1825331004050759,-0.6017766833729703,-0.5162710609978353,-0.29084854772956603,0.53484974786911,0.0,-0.4491320378060763,-1.2093507338753493,0.0,-1.7527308304231684,-1.4380437613620412
-0.2801028154439446,-0.5628826097060418,1.6001311745838716,-0.7010634902833556,-0.1825331004050759,-0.6017766833729703,-0.28004641531164814,-0.4665066098437787,1.1076146943372378,0.0,0.31824336590208974,-1.2093507338753493,0.0,-1.7527308304231684,-1.4380437613620412
-0.0438867701801139,-0.5628826097060418,1.6001311745838716,-0.7010634902833556,-0.1825331004050759,-0.6017766833729703,-0.043821769625461124,-0.34940123510097026,0.07663779069460772,0.0,-1.2165074415142423,-1.2093507338753493,0.0,-1.7527308304231684,-1.4380437613620412
-0.0438867701801139,-0.5628826097060418,1.6001311745838716,-0.7010634902833556,-0.1825331004050759,-0.6017766833729703,-0.043821769625461124,-0.29084854772956603,-0.2097446825394562,0.0,-1.2165074415142423,-1.2093507338753493,0.0,-1.7527308304231684,-1.4380437613620412
-0.0438867701801139,-0.5628826097060418,1.6001311745838716,-0.7010634902833556,-0.1825331004050759,-0.6017766833729703,-0.043821769625461124,-0.23229586035816183,-0.6679566397139585,0.0,-1.2165074415142423,-1.2093507338753493,0.0,-1.7527308304231684,-1.4380437613620412
0.19232927508371683,1.4465221976886165,1.6001311745838716,-0.7010634902833556,-0.1825331004050759,-0.6017766833729703,0.19240287606072592,0.9973105744413265,-0.1524681878926434,0.0,-0.4491320378060763,-1.2093507338753493,0.0,-1.7527308304231684,-1.4380437613620412
0.42854532034754755,-0.5628826097060418,1.6001311745838716,-0.7010634902833556,-0.1825331004050759,-0.6017766833729703,0.428627521746913,1.7584955102695812,1.3939971675713017,0.0,0.31824336590208974,-1.2093507338753493,0.0,-1.7527308304231684,-1.4380437613620412
0.6647613656113783,1.4465221976886165,1.6001311745838716,-0.7010634902833556,-0.1825331004050759,-0.6017766833729703,0.6648521674331,-1.696113044643267,0.8785087157499867,0.0,1.469306471464339,1.239731226190802,0.0,-1.7527308304231684,-1.4380437613620412
0.900977410875209,1.4465221976886165,1.6001311745838716,-0.7010634902833556,-0.1825331004050759,-0.6017766833729703,0.901076813119287,0.5288890754700929,-0.6106801450671457,0.0,-0.4491320378060763,1.239731226190802,0.0,-1.7527308304231684,-1.4380437613620412
-0.7525349059716061,-0.5628826097060418,-1.4436650050276725,-0.7010634902833556,-0.06689728916435364,-0.6017766833729703,-0.7524957066840222,0.9387578870699224,-0.3242976718330818,0.0,-1.2165074415142423,0.015190246157726272,-0.9813631240879068,-1.7527308304231684,-1.4380437613620412
0.6647613656113783,-0.5628826097060418,-1.4436650050276725,-0.7010634902833556,-0.06689728916435364,-0.6017766833729703,0.6648521674331,-1.6375603572718629,0.9357852103967995,0.0,-1.2165074415142423,1.239731226190802,-0.9813631240879068,-1.7527308304231684,-1.4380437613620412
0.6647613656113783,0.44181979399128657,-1.4436650050276725,-0.7010634902833556,-0.06689728916435364,-0.6017766833729703,0.6648521674331,-1.5790076699004587,1.1076146943372378,0.0,-0.8328197396601593,1.239731226190802,-0.9813631240879068,-1.7527308304231684,-1.4380437613620412
1.1371934561390398,0.44181979399128657,-1.4436650050276725,-0.7010634902833556,-0.06689728916435364,-0.6017766833729703,1.1373014588054742,0.23612563861307184,-1.5271040594161502,0.0,-0.8328197396601593,1.239731226190802,-0.9813631240879068,-1.7527308304231684,-1.4380437613620412
-0.9887509512354369,0.44181979399128657,-0.9363656417590819,-0.7010634902833556,0.048738522076368605,-0.6017766833729703,-0.9887203523702093,0.9973105744413265,-0.267021177186269,0.0,-0.8328197396601593,0.015190246157726272,0.9813631240879068,-1.7527308304231684,-1.4380437613620412
-0.5163188607077753,1.4465221976886165,-0.9363656417590819,-0.7010634902833556,0.048738522076368605,-0.6017766833729703,-0.5162710609978353,0.6459944502129013,0.9930617050436122,0.0,-0.0654443359519933,-1.2093507338753493,0.9813631240879068,-1.7527308304231684,-1.4380437613620412
-0.5163188607077753,-0.5628826097060418,-0.9363656417590819,-0.7010634902833556,0.048738522076368605,-0.6017766833729703,-0.5162710609978353,1.3486266986697517,-1.2979980808288991,0.0,0.31824336590208974,-1.2093507338753493,0.9813631240879068,-1.7527308304231684,-1.4380437613620412
0.19232927508371683,-0.5628826097060418,-0.9363656417590819,-0.7010634902833556,0.048738522076368605,-0.6017766833729703,0.19240287606072592,-1.5204549825290543,-0.782509629007584,0.0,-1.2165074415142423,-1.2093507338753493,0.9813631240879068,-1.7527308304231684,-1.4380437613620412
0.6647613656113783,0.44181979399128657,-0.9363656417590819,-0.7010634902833556,0.048738522076368605,-0.6017766833729703,0.6648521674331,0.7630998249557097,-1.4698275647693375,0.0,-0.8328197396601593,1.239731226190802,0.9813631240879068,-1.7527308304231684,-1.4380437613620412
0.6647613656113783,1.4465221976886165,-0.9363656417590819,-0.7010634902833556,0.048738522076368605,-0.6017766833729703,0.6648521674331,0.8216525123271139,-0.43885066112670734,0.0,-0.4491320378060763,1.239731226190802,0.9813631240879068,-1.7527308304231684,-1.4380437613620412
0.900977410875209,1.4465221976886165,-0.9363656417590819,-0.7010634902833556,0.048738522076368605,-0.6017766833729703,0.901076813119287,-1.1691388583006292,-1.4125510701225246,0.0,-0.0654443359519933,1.239731226190802,0.9813631240879068,-1.7527308304231684,-1.4380437613620412
-0.2801028154439446,-0.5628826097060418,-0.42906627849049117,-0.7010634902833556,0.16437433331709086,-0.6017766833729703,-0.28004641531164814,0.17757295124166764,1.6803796408053657,0.0,-1.2165074415142423,-1.2093507338753493,1.4720446861318601,-1.7527308304231684,-1.4380437613620412
-0.2801028154439446,-1.56758501340337,-0.42906627849049117,-0.7010634902833556,0.16437433331709086,-0.6017766833729703,-0.28004641531164814,0.8802051996985182,-1.6989335433565886,0.0,0.7019310677561728,-1.2093507338753493,1.4720446861318601,-1.7527308304231684,-1.4380437613620412
0.6647613656113783,1.4465221976886165,-0.42906627849049117,-0.7010634902833556,0.16437433331709086,-0.6017766833729703,0.6648521674331,-1.6375603572718629,0.30574376928185887,0.0,-0.4491320378060763,1.239731226190802,1.4720446861318601,-1.7527308304231684,-1.4380437613620412
0.6647613656113783,1.4465221976886165,-0.42906627849049117,-0.7010634902833556,0.16437433331709086,-0.6017766833729703,0.6648521674331,-1.5790076699004587,0.5921262425159228,0.0,-0.4491320378060763,1.239731226190802,1.4720446861318601,-1.7527308304231684,-1.4380437613620412
0.900977410875209,-0.5628826097060418,-0.42906627849049117,-0.7010634902833556,0.16437433331709086,-0.6017766833729703,0.901076813119287,-0.8763754214436081,-1.5271040594161502,0.0,0.31824336590208974,1.239731226190802,1.4720446861318601,-1.7527308304231684,-1.4380437613620412
-0.7525349059716061,-0.5628826097060418,0.07823308477809952,-0.7010634902833556,0.2800101445578131,-0.6017766833729703,-0.7524957066840222,-0.583611984586587,-1.641657048709776,0.0,-1.2165074415142423,0.015190246157726272,0.4906815620439534,-1.7527308304231684,-1.4380437613620412
-0.7525349059716061,-0.5628826097060418,0.07823308477809952,-0.7010634902833556,0.2800101445578131,-0.6017766833729703,-0.7524957066840222,-0.5250592972151829,-1.4125510701225246,0.0,-1.2165074415142423,0.015190246157726272,0.4906815620439534,-1.7527308304231684,-1.4380437613620412
-0.2801028154439446,0.44181979399128657,0.07823308477809952,-0.7010634902833556,0.2800101445578131,-0.6017766833729703,-0.28004641531164814,1.1729686365555392,-1.0116156075948353,0.0,-0.8328197396601593,-1.2093507338753493,0.4906815620439534,-1.7527308304231684,-1.4380437613620412
-0.2801028154439446,-0.5628826097060418,0.07823308477809952,-0.7010634902833556,0.2800101445578131,-0.6017766833729703,-0.28004641531164814,1.2315213239269434,-0.7252331343607713,0.0,0.31824336590208974,-1.2093507338753493,0.4906815620439534,-1.7527308304231684,-1.4380437613620412
-0.0438867701801139,1.4465221976886165,0.07823308477809952,-0.7010634902833556,0.2800101445578131,-0.6017766833729703,-0.043821769625461124,0.2946783259844761,-0.6106801450671457,0.0,-0.4491320378060763,-1.2093507338753493,0.4906815620439534,-1.7527308304231684,-1.4380437613620412
-0.0438867701801139,1.4465221976886165,0.07823308477809952,-0.7010634902833556,0.2800101445578131,-0.6017766833729703,-0.043821769625461124,0.35323101335588025,1.1076146943372378,0.0,1.469306471464339,-1.2093507338753493,0.4906815620439534,-1.7527308304231684,-1.4380437613620412
0.6647613656113783,1.4465221976886165,0.07823308477809952,-0.7010634902833556,0.2800101445578131,-0.6017766833729703,0.6648521674331,0.8802051996985182,-0.8397861236543969,0.0,1.469306471464339,1.239731226190802,0.4906815620439534,-1.7527308304231684,-1.4380437613620412
0.900977410875209,1.4465221976886165,0.07823308477809952,-0.7010634902833556,0.2800101445578131,-0.6017766833729703,0.901076813119287,-0.4665066098437787,-1.4125510701225246,0.0,-0.4491320378060763,1.239731226190802,0.4906815620439534,-1.7527308304231684,-1.4380437613620412
1.1371934561390398,1.4465221976886165,0.07823308477809952,-0.7010634902833556,0.2800101445578131,-0.6017766833729703,1.1373014588054742,0.5874417628414971,1.2221676836308635,0.0,1.0856187696102557,1.239731226190802,0.4906815620439534,-1.7527308304231684,-1.4380437613620412
1.1371934561390398,1.4465221976886165,0.07823308477809952,-0.7010634902833556,0.2800101445578131,-0.6017766833729703,1.1373014588054742,0.6459944502129013,1.050338199690425,0.0,1.0856187696102557,1.239731226190802,0.4906815620439534,-1.7527308304231684,-1.4380437613620412
-0.9887509512354369,1.4465221976886165,0.5855324480466901,-0.7010634902833556,0.39564595579853534,-0.6017766833729703,-0.9887203523702093,-1.110586170929225,0.36302026392867165,0.0,1.469306471464339,0.015190246157726272,-1.4720446861318601,-1.7527308304231684,-1.4380437613620412
-0.2801028154439446,0.44181979399128657,0.5855324480466901,-0.7010634902833556,0.39564595579853534,-0.6017766833729703,-0.28004641531164814,-1.0520334835578207,0.9930617050436122,0.0,-0.8328197396601593,-1.2093507338753493,-1.4720446861318601,-1.7527308304231684,-1.4380437613620412
-0.2801028154439446,1.4465221976886165,0.5855324480466901,-0.7010634902833556,0.39564595579853534,-0.6017766833729703,-0.28004641531164814,-0.9349281088150123,-0.5534036504203329,0.0,-0.4491320378060763,-1.2093507338753493,-1.4720446861318601,-1.7527308304231684,-1.4380437613620412
-0.2801028154439446,1.4465221976886165,0.5855324480466901,-0.7010634902833556,0.39564595579853534,-0.6017766833729703,-0.28004641531164814,1.699942822898177,1.3939971675713017,0.0,1.0856187696102557,-1.2093507338753493,-1.4720446861318601,-1.7527308304231684,-1.4380437613620412
-0.2801028154439446,1.4465221976886165,0.5855324480466901,-0.7010634902833556,0.39564595579853534,-0.6017766833729703,-0.28004641531164814,1.7584955102695812,1.1076146943372378,0.0,-0.4491320378060763,-1.2093507338753493,-1.4720446861318601,-1.7527308304231684,-1.4380437613620412
0.900977410875209,1.4465221976886165,0.5855324480466901,-0.7010634902833556,0.39564595579853534,-0.6017766833729703,0.901076813119287,-0.34940123510097026,-0.6106801450671457,0.0,-0.0654443359519933,1.239731226190802,-1.4720446861318601,-1.7527308304231684,-1.4380437613620412
0.900977410875209,0.44181979399128657,0.5855324480466901,-0.7010634902833556,0.39564595579853534,-0.6017766833729703,0.901076813119287,-0.23229586035816183,0.19119077998823328,0.0,-0.8328197396601593,1.239731226190802,-1.4720446861318601,-1.7527308304231684,-1.4380437613620412
-0.5163188607077753,0.44181979399128657,1.0928318113152808,-0.7010634902833556,0.5112817670392577,-0.6017766833729703,-0.5162710609978353,-1.2276915456720334,0.30574376928185887,0.0,-0.8328197396601593,-1.2093507338753493,-0.4906815620439534,-1.7527308304231684,-1.4380437613620412
-0.5163188607077753,0.44181979399128657,1.0928318113152808,-0.7010634902833556,0.5112817670392577,-0.6017766833729703,-0.5162710609978353,-1.1691388583006292,0.7066792318095484,0.0,-0.8328197396601593,-1.2093507338753493,-0.4906815620439534,-1.7527308304231684,-1.4380437613620412
-0.2801028154439446,-0.5628826097060418,1.0928318113152808,-0.7010634902833556,0.5112817670392577,-0.6017766833729703,-0.28004641531164814,-1.2276915456720334,0.42029675857548443,0.0,-1.2165074415142423,-1.2093507338753493,-0.4906815620439534,-1.7527308304231684,-1.4380437613620412
-0.2801028154439446,0.44181979399128657,1.0928318113152808,-0.7010634902833556,0.5112817670392577,-0.6017766833729703,-0.28004641531164814,-1.1691388583006292,0.9930617050436122,0.0,-0.8328197396601593,-1.2093507338753493,-0.4906815620439534,-1.7527308304231684,-1.4380437613620412
-0.2801028154439446,1.4465221976886165,1.0928318113152808,-0.7010634902833556,0.5112817670392577,-0.6017766833729703,-0.28004641531164814,-1.110586170929225,1.4512736622181146,0.0,1.0856187696102557,-1.2093507338753493,-0.4906815620439534,-1.7527308304231684,-1.4380437613620412
-0.0438867701801139,1.4465221976886165,1.0928318113152808,-0.7010634902833556,0.5112817670392577,-0.6017766833729703,-0.043821769625461124,0.8802051996985182,-0.6679566397139585,0.0,-0.4491320378060763,-1.2093507338753493,-0.4906815620439534,-1.7527308304231684,-1.4380437613620412
0.19232927508371683,0.44181979399128657,1.0928318113152808,-0.7010634902833556,0.5112817670392577,-0.6017766833729703,0.19240287606072592,-1.0520334835578207,-1.6989335433565886,0.0,-0.8328197396601593,-1.2093507338753493,-0.4906815620439534,-1.7527308304231684,-1.4380437613620412
0.19232927508371683,0.2408793132518215,1.0928318113152808,-0.7010634902833556,0.5112817670392577,-0.6017766833729703,0.19240287606072592,-0.40795392247237444,0.5921262425159228,0.0,-0.8328197396601593,-1.2093507338753493,-0.4906815620439534,-1.7527308304231684,-1.4380437613620412
0.19232927508371683,0.2408793132518215,1.0928318113152808,-0.7010634902833556,0.5112817670392577,-0.6017766833729703,0.19240287606072592,1.1729686365555392,-0.267021177186269,0.0,-0.8328197396601593,-1.2093507338753493,-0.4906815620439534,-1.7527308304231684,-1.4380437613620412
0.900977410875209,1.2455817169491499,1.0928318113152808,-0.7010634902833556,0.5112817670392577,-0.6017766833729703,0.901076813119287,-0.11519048561535342,0.6494027371627356,0.0,-0.4491320378060763,1.239731226190802,-0.4906815620439534,-1.7527308304231684,-1.4380437613620412
0.900977410875209,1.2455817169491499,1.0928318113152808,-0.7010634902833556,0.5112817670392577,-0.6017766833729703,0.901076813119287,-0.056637798243949204,0.9357852103967995,0.0,-0.4491320378060763,1.239731226190802,-0.4906815620439534,-1.7527308304231684,-1.4380437613620412
1.1371934561390398,1.2455817169491499,1.0928318113152808,-0.7010634902833556,0.5112817670392577,-0.6017766833729703,1.1373014588054742,0.06046757649885921,1.4512736622181146,0.0,1.469306471464339,1.239731226190802,-0.4906815620439534,-1.7527308304231684,-1.4380437613620412
-0.7525349059716061,1.2455817169491499,1.6001311745838716,-0.7010634902833556,0.6269175782799798,-0.6017766833729703,-0.7524957066840222,-0.7592700467007997,0.8785087157499867,0.0,1.469306471464339,0.015190246157726272,0.0,-1.7527308304231684,-1.4380437613620412
-0.0438867701801139,-0.7638230904455068,1.6001311745838716,-0.7010634902833556,0.6269175782799798,-0.6017766833729703,-0.043821769625461124,-0.817822734072204,0.42029675857548443,0.0,-1.2165074415142423,-1.2093507338753493,0.0,-1.7527308304231684,-1.4380437613620412
-0.7525349059716061,-0.7638230904455068,-1.4436650050276725,-0.7010634902833556,0.7425533895207022,-0.6017766833729703,-0.7524957066840222,-1.1691388583006292,-0.782509629007584,0.0,-1.2165074415142423,0.015190246157726272,-0.9813631240879068,-1.7527308304231684,-1.4380437613620412
-0.7525349059716061,0.2408793132518215,-1.4436650050276725,-0.7010634902833556,0.7425533895207022,-0.6017766833729703,-0.7524957066840222,0.0019148891274550072,-0.1524681878926434,0.0,-0.8328197396601593,0.015190246157726272,-0.9813631240879068,-1.7527308304231684,-1.4380437613620412
1.1371934561390398,1.2455817169491499,-1.4436650050276725,-0.7010634902833556,0.7425533895207022,-0.6017766833729703,1.1373014588054742,0.5874417628414971,-1.4698275647693375,0.0,1.469306471464339,1.239731226190802,-0.9813631240879068,-1.7527308304231684,-1.4380437613620412
-0.0438867701801139,1.2455817169491499,-0.9363656417590819,-0.7010634902833556,0.8581892007614244,-0.6017766833729703,-0.043821769625461124,-0.40795392247237444,0.30574376928185887,0.0,-0.4491320378060763,-1.2093507338753493,0.9813631240879068,-1.7527308304231684,-1.4380437613620412
-0.0438867701801139,0.2408793132518215,-0.9363656417590819,-0.7010634902833556,0.8581892007614244,-0.6017766833729703,-0.043821769625461124,-0.34940123510097026,1.336720672924489,0.0,-0.8328197396601593,-1.2093507338753493,0.9813631240879068,-1.7527308304231684,-1.4380437613620412
-0.0438867701801139,1.2455817169491499,-0.9363656417590819,-0.7010634902833556,0.8581892007614244,-0.6017766833729703,-0.043821769625461124,-0.29084854772956603,1.56582665151174,0.0,-0.4491320378060763,-1.2093507338753493,0.9813631240879068,-1.7527308304231684,-1.4380437613620412
1.1371934561390398,0.2408793132518215,-0.9363656417590819,-0.7010634902833556,0.8581892007614244,-0.6017766833729703,1.1373014588054742,0.7630998249557097,-0.1524681878926434,0.0,-0.8328197396601593,1.239731226190802,0.9813631240879068,-1.7527308304231684,-1.4380437613620412
1.1371934561390398,0.2408793132518215,-0.9363656417590819,-0.7010634902833556,0.8581892007614244,-0.6017766833729703,1.1373014588054742,0.8216525123271139,-0.2097446825394562,0.0,-0.8328197396601593,1.239731226190802,0.9813631240879068,-1.7527308304231684,-1.4380437613620412
-0.9887509512354369,1.2455817169491499,-0.42906627849049117,-0.7010634902833556,0.9738250120021467,-0.6017766833729703,-0.9887203523702093,-0.583611984586587,0.4775732532222972,0.0,1.469306471464339,0.015190246157726272,1.4720446861318601,-1.7527308304231684,-1.4380437613620412
-0.9887509512354369,0.2408793132518215,-0.42906627849049117,-0.7010634902833556,0.9738250120021467,-0.6017766833729703,-0.9887203523702093,-0.4665066098437787,-0.1524681878926434,0.0,-0.8328197396601593,0.015190246157726272,1.4720446861318601,-1.7527308304231684,-1.4380437613620412
-0.7525349059716061,0.2408793132518215,-0.42906627849049117,-0.7010634902833556,0.9738250120021467,-0.6017766833729703,-0.7524957066840222,-0.34940123510097026,0.9357852103967995,0.0,-0.8328197396601593,0.015190246157726272,1.4720446861318601,-1.7527308304231684,-1.4380437613620412
-0.7525349059716061,0.2408793132518215,-0.42906627849049117,-0.7010634902833556,0.9738250120021467,-0.6017766833729703,-0.7524957066840222,0.23612563861307184,-0.2097446825394562,0.0,-0.8328197396601593,0.015190246157726272,1.4720446861318601,-1.7527308304231684,-1.4380437613620412
-0.5163188607077753,0.2408793132518215,-0.42906627849049117,-0.7010634902833556,0.9738250120021467,-0.6017766833729703,-0.5162710609978353,0.5874417628414971,-1.1834450915352734,0.0,-0.8328197396601593,-1.2093507338753493,1.4720446861318601,-1.7527308304231684,-1.4380437613620412
0.42854532034754755,0.2408793132518215,-0.42906627849049117,-0.7010634902833556,0.9738250120021467,-0.6017766833729703,0.428627521746913,0.5874417628414971,-1.2979980808288991,0.0,-0.8328197396601593,-1.2093507338753493,1.4720446861318601,-1.7527308304231684,-1.4380437613620412
1.1371934561390398,0.2408793132518215,-0.42906627849049117,-0.7010634902833556,0.9738250120021467,-0.6017766833729703,1.1373014588054742,0.5874417628414971,1.1076146943372378,0.0,-0.8328197396601593,1.239731226190802,1.4720446861318601,-1.7527308304231684,-1.4380437613620412
1.1371934561390398,1.2455817169491499,-0.42906627849049117,-0.7010634902833556,0.9738250120021467,-0.6017766833729703,1.1373014588054742,0.6459944502129013,1.3939971675713017,0.0,-0.4491320378060763,1.239731226190802,1.4720446861318601,-1.7527308304231684,-1.4380437613620412
-0.9887509512354369,-0.7638230904455068,0.07823308477809952,-0.7010634902833556,1.0894608232428689,-0.6017766833729703,-0.9887203523702093,0.9973105744413265,-1.2407215861820864,0.0,-1.2165074415142423,0.015190246157726272,0.4906815620439534,-1.7527308304231684,-1.4380437613620412
0.19232927508371683,1.2455817169491499,0.07823308477809952,-0.7010634902833556,1.0894608232428689,-0.6017766833729703,0.19240287606072592,-0.6421646719579913,-0.2097446825394562,0.0,1.469306471464339,-1.2093507338753493,0.4906815620439534,-1.7527308304231684,-1.4380437613620412
0.6647613656113783,-0.7638230904455068,0.07823308477809952,-0.7010634902833556,1.0894608232428689,-0.6017766833729703,0.6648521674331,-1.1691388583006292,0.7639557264563611,0.0,-1.2165074415142423,1.239731226190802,0.4906815620439534,-1.7527308304231684,-1.4380437613620412
0.6647613656113783,-0.7638230904455068,0.07823308477809952,-0.7010634902833556,1.0894608232428689,-0.6017766833729703,0.6648521674331,-1.110586170929225,1.1076146943372378,0.0,-1.2165074415142423,1.239731226190802,0.4906815620439534,-1.7527308304231684,-1.4380437613620412
-0.9887509512354369,1.2455817169491499,0.5855324480466901,-0.7010634902833556,1.2050966344835912,-0.6017766833729703,-0.9887203523702093,-0.9934807961864165,1.1648911889840505,0.0,1.469306471464339,0.015190246157726272,-1.4720446861318601,-1.7527308304231684,-1.4380437613620412
-0.5163188607077753,1.2455817169491499,0.5855324480466901,-0.7010634902833556,1.2050966344835912,-0.6017766833729703,-0.5162710609978353,-1.6375603572718629,0.019361296047794935,0.0,1.469306471464339,-1.2093507338753493,-1.4720446861318601,-1.7527308304231684,-1.4380437613620412
-0.2801028154439446,1.2455817169491499,0.5855324480466901,-0.7010634902833556,1.2050966344835912,-0.6017766833729703,-0.28004641531164814,0.11902026387026342,-0.09519169324583063,0.0,-0.4491320378060763,-1.2093507338753493,-1.4720446861318601,-1.7527308304231684,-1.4380437613620412
0.19232927508371683,-0.7638230904455068,0.5855324480466901,-0.7010634902833556,1.2050966344835912,-0.6017766833729703,0.19240287606072592,0.17757295124166764,0.30574376928185887,0.0,-1.2165074415142423,-1.2093507338753493,-1.4720446861318601,-1.7527308304231684,-1.4380437613620412
0.19232927508371683,-0.7638230904455068,0.5855324480466901,-0.7010634902833556,1.2050966344835912,-0.6017766833729703,0.19240287606072592,0.23612563861307184,0.19119077998823328,0.0,-1.2165074415142423,-1.2093507338753493,-1.4720446861318601,-1.7527308304231684,-1.4380437613620412
0.42854532034754755,-0.7638230904455068,0.5855324480466901,-0.7010634902833556,1.2050966344835912,-0.6017766833729703,0.428627521746913,-0.34940123510097026,-0.2097446825394562,0.0,0.31824336590208974,-1.2093507338753493,-1.4720446861318601,-1.7527308304231684,-1.4380437613620412
0.42854532034754755,-0.7638230904455068,0.5855324480466901,-0.7010634902833556,1.2050966344835912,-0.6017766833729703,0.428627521746913,-0.29084854772956603,0.19119077998823328,0.0,-1.2165074415142423,-1.2093507338753493,-1.4720446861318601,-1.7527308304231684,-1.4380437613620412
1.1371934561390398,1.2455817169491499,0.5855324480466901,-0.7010634902833556,1.2050966344835912,-0.6017766833729703,1.1373014588054742,0.17757295124166764,-1.2979980808288991,0.0,1.0856187696102557,1.239731226190802,-1.4720446861318601,-1.7527308304231684,-1.4380437613620412
1.1371934561390398,1.2455817169491499,0.5855324480466901,-0.7010634902833556,1.2050966344835912,-0.6017766833729703,1.1373014588054742,0.23612563861307184,0.019361296047794935,0.0,-0.0654443359519933,1.239731226190802,-1.4720446861318601,-1.7527308304231684,-1.4380437613620412
0.19232927508371683,1.2455817169491499,1.0928318113152808,-0.7010634902833556,1.3207324457243135,-0.6017766833729703,0.19240287606072592,-0.11519048561535342,-1.6989335433565886,0.0,-0.4491320378060763,-1.2093507338753493,-0.4906815620439534,-1.7527308304231684,-1.4380437613620412
-0.9887509512354369,1.2455817169491499,1.6001311745838716,-0.7010634902833556,1.4363682569650356,-0.6017766833729703,-0.9887203523702093,0.17757295124166764,1.2794441782776762,0.0,1.469306471464339,0.015190246157726272,0.0,-1.7527308304231684,-1.4380437613620412
-0.5163188607077753,1.2455817169491499,1.6001311745838716,-0.7010634902833556,1.4363682569650356,-0.6017766833729703,-0.5162710609978353,0.06046757649885921,-1.1834450915352734,0.0,-0.4491320378060763,-1.2093507338753493,0.0,-1.7527308304231684,-1.4380437613620412
0.900977410875209,-0.7638230904455068,1.6001311745838716,-0.7010634902833556,1.4363682569650356,-0.6017766833729703,0.901076813119287,-0.11519048561535342,-1.2407215861820864,0.0,-1.2165074415142423,1.239731226190802,0.0,-1.7527308304231684,-1.4380437613620412
0.900977410875209,-0.7638230904455068,1.6001311745838716,-0.7010634902833556,1.4363682569650356,-0.6017766833729703,0.901076813119287,-0.056637798243949204,-1.068892102241648,0.0,-1.2165074415142423,1.239731226190802,0.0,-1.7527308304231684,-1.4380437613620412
0.900977410875209,1.2455817169491499,1.6001311745838716,-0.7010634902833556,1.4363682569650356,-0.6017766833729703,0.901076813119287,0.0019148891274550072,-1.584380554062963,0.0,1.469306471464339,1.239731226190802,0.0,-1.7527308304231684,-1.4380437613620412
-0.7525349059716061,-0.7638230904455068,-1.4436650050276725,-0.7010634902833556,1.5520040682057579,-0.6017766833729703,-0.7524957066840222,-0.17374317298675762,0.07663779069460772,0.0,0.31824336590208974,0.015190246157726272,-0.9813631240879068,-1.7527308304231684,-1.4380437613620412
-0.2801028154439446,-0.7638230904455068,-1.4436650050276725,-0.7010634902833556,1.5520040682057579,-0.6017766833729703,-0.28004641531164814,-0.11519048561535342,1.5085501568649273,0.0,-1.2165074415142423,-1.2093507338753493,-0.9813631240879068,-1.7527308304231684,-1.4380437613620412
-0.2801028154439446,-0.7638230904455068,-1.4436650050276725,-0.7010634902833556,1.5520040682057579,-0.6017766833729703,-0.28004641531164814,-0.056637798243949204,1.336720672924489,0.0,0.31824336590208974,-1.2093507338753493,-0.9813631240879068,-1.7527308304231684,-1.4380437613620412
-0.2801028154439446,-0.7638230904455068,-1.4436650050276725,-0.7010634902833556,1.5520040682057579,-0.6017766833729703,-0.28004641531164814,1.407179386041156,0.30574376928185887,0.0,0.31824336590208974,-1.2093507338753493,-0.9813631240879068,-1.7527308304231684,-1.4380437613620412
-0.2801028154439446,0.2408793132518215,-1.4436650050276725,-0.7010634902833556,1.5520040682057579,-0.6017766833729703,-0.28004641531164814,1.4657320734125603,-0.3242976718330818,0.0,-0.8328197396601593,-1.2093507338753493,-0.9813631240879068,-1.7527308304231684,-1.4380437613620412
0.900977410875209,1.2455817169491499,-1.4436650050276725,-0.7010634902833556,1.5520040682057579,-0.6017766833729703,0.901076813119287,0.47033638809868866,1.050338199690425,0.0,-0.4491320378060763,1.239731226190802,-0.9813631240879068,-1.7527308304231684,-1.4380437613620412
1.1371934561390398,1.2455817169491499,-1.4436650050276725,-0.7010634902833556,1.5520040682057579,-0.6017766833729703,1.1373014588054742,-0.9934807961864165,0.19119077998823328,0.0,-0.4491320378060763,1.239731226190802,-0.9813631240879068,-1.7527308304231684,-1.4380437613620412
1.1371934561390398,1.2455817169491499,-1.4436650050276725,-0.7010634902833556,1.5520040682057579,-0.6017766833729703,1.1373014588054742,-0.9349281088150123,0.42029675857548443,0.0,-0.4491320378060763,1.239731226190802,-0.9813631240879068,-1.7527308304231684,-1.4380437613620412
-0.9887509512354369,1.2455817169491499,-0.9363656417590819,-0.7010634902833556,1.6676398794464802,-0.6017766833729703,-0.9887203523702093,-0.7592700467007997,0.6494027371627356,0.0,1.469306471464339,0.015190246157726272,0.9813631240879068,-1.7527308304231684,-1.4380437613620412
-0.9887509512354369,0.2408793132518215,-0.9363656417590819,-0.7010634902833556,1.6676398794464802,-0.6017766833729703,-0.9887203523702093,0.2946783259844761,1.2794441782776762,0.0,-0.8328197396601593,0.015190246157726272,0.9813631240879068,-1.7527308304231684,-1.4380437613620412
-0.9887509512354369,0.2408793132518215,-0.9363656417590819,-0.7010634902833556,1.6676398794464802,-0.6017766833729703,-0.9887203523702093,0.35323101335588025,0.9930617050436122,0.0,-0.8328197396601593,0.015190246157726272,0.9813631240879068,-1.7527308304231684,-1.4380437613620412
-0.2801028154439446,-0.7638230904455068,-0.9363656417590819,-0.7010634902833556,1.6676398794464802,-0.6017766833729703,-0.28004641531164814,0.7045471375843055,1.2794441782776762,0.0,-1.2165074415142423,-1.2093507338753493,0.9813631240879068,-1.7527308304231684,-1.4380437613620412
-0.2801028154439446,0.2408793132518215,-0.9363656417590819,-0.7010634902833556,1.6676398794464802,-0.6017766833729703,-0.28004641531164814,0.7630998249557097,1.6803796408053657,0.0,-0.8328197396601593,-1.2093507338753493,0.9813631240879068,-1.7527308304231684,-1.4380437613620412
1.1371934561390398,1.2455817169491499,-0.9363656417590819,-0.7010634902833556,1.6676398794464802,-0.6017766833729703,1.1373014588054742,-0.583611984586587,-0.6679566397139585,0.0,-0.4491320378060763,1.239731226190802,0.9813631240879068,-1.7527308304231684,-1.4380437613620412
1.1371934561390398,0.2408793132518215,-0.9363656417590819,-0.7010634902833556,1.6676398794464802,-0.6017766833729703,1.1373014588054742,0.06046757649885921,-1.4698275647693375,0.0,-0.8328197396601593,1.239731226190802,0.9813631240879068,-1.7527308304231684,-1.4380437613620412
1.1371934561390398,1.2455817169491499,-0.9363656417590819,-0.7010634902833556,1.6676398794464802,-0.6017766833729703,1.1373014588054742,0.11902026387026342,-0.5534036504203329,0.0,1.469306471464339,1.239731226190802,0.9813631240879068,-1.7527308304231684,-1.4380437613620412
-0.9887509512354369,-0.7638230904455068,0.07823308477809952,-0.41537045259550376,-1.570162835293743,-0.6017766833729703,-0.9887203523702093,0.23612563861307184,1.4512736622181146,0.0,-1.2165074415142423,0.015190246157726272,0.4906815620439534,0.5991625844388841,0.28624759754871193
-0.2801028154439446,0.2408793132518215,0.07823308477809952,-0.41537045259550376,-1.570162835293743,-0.6017766833729703,-0.28004641531164814,1.1729686365555392,0.53484974786911,0.0,-0.8328197396601593,-1.2093507338753493,0.4906815620439534,0.5991625844388841,0.28624759754871193
0.900977410875209,1.2455817169491499,0.07823308477809952,-0.41537045259550376,-1.570162835293743,-0.6017766833729703,0.901076813119287,0.4117837007272845,-0.43885066112670734,0.0,-0.4491320378060763,1.239731226190802,0.4906815620439534,0.5991625844388841,0.28624759754871193
0.900977410875209,0.2408793132518215,0.07823308477809952,-0.41537045259550376,-1.570162835293743,-0.6017766833729703,0.901076813119287,0.7045471375843055,-1.068892102241648,0.0,-0.8328197396601593,1.239731226190802,0.4906815620439534,0.5991625844388841,0.28624759754871193
1.1371934561390398,1.2455817169491499,0.07823308477809952,-0.41537045259550376,-1.570162835293743,-0.6017766833729703,1.1373014588054742,-0.6421646719579913,0.19119077998823328,0.0,1.469306471464339,1.239731226190802,0.4906815620439534,0.5991625844388841,0.28624759754871193
1.1371934561390398,1.2455817169491499,0.07823308477809952,-0.41537045259550376,-1.570162835293743,-0.6017766833729703,1.1373014588054742,-0.583611984586587,1.5085501568649273,0.0,-0.4491320378060763,1.239731226190802,0.4906815620439534,0.5991625844388841,0.28624759754871193
-0.0438867701801139,1.2455817169491499,0.5855324480466901,-0.41537045259550376,-1.4545270240530206,-0.6017766833729703,-0.043821769625461124,0.06046757649885921,-1.6989335433565886,0.0,1.469306471464339,-1.2093507338753493,-1.4720446861318601,0.5991625844388841,0.28624759754871193
0.6647613656113783,1.2455817169491499,0.5855324480466901,-0.41537045259550376,-1.4545270240530206,-0.6017766833729703,0.6648521674331,-1.5204549825290543,-0.3242976718330818,0.0,1.469306471464339,1.239731226190802,-1.4720446861318601,0.5991625844388841,0.28624759754871193
-0.9887509512354369,-0.7638230904455068,-1.4436650050276725,-0.41537045259550376,-1.1076195903308539,-0.6017766833729703,-0.9887203523702093,-1.403349607786246,-0.7252331343607713,0.0,-1.2165074415142423,0.015190246157726272,-0.9813631240879068,0.5991625844388841,0.28624759754871193
-0.9887509512354369,1.2455817169491499,-1.4436650050276725,-0.41537045259550376,-1.1076195903308539,-0.6017766833729703,-0.9887203523702093,-1.3447969204148418,1.2221676836308635,0.0,-0.4491320378060763,0.015190246157726272,-0.9813631240879068,0.5991625844388841,0.28624759754871193
-0.9887509512354369,0.2408793132518215,-1.4436650050276725,-0.41537045259550376,-1.1076195903308539,-0.6017766833729703,-0.9887203523702093,-1.2276915456720334,-1.4125510701225246,0.0,-0.8328197396601593,0.015190246157726272,-0.9813631240879068,0.5991625844388841,0.28624759754871193
-0.9887509512354369,-0.7638230904455068,-1.4436650050276725,-0.41537045259550376,-1.1076195903308539,-0.6017766833729703,-0.9887203523702093,-1.1691388583006292,-1.2979980808288991,0.0,-1.2165074415142423,0.015190246157726272,-0.9813631240879068,0.5991625844388841,0.28624759754871193
-0.9887509512354369,-0.7638230904455068,-1.4436650050276725,-0.41537045259550376,-1.1076195903308539,-0.6017766833729703,-0.9887203523702093,0.5874417628414971,-1.0116156075948353,0.0,0.31824336590208974,0.015190246157726272,-0.9813631240879068,0.5991625844388841,0.28624759754871193
-0.2801028154439446,-0.7638230904455068,-1.4436650050276725,-0.41537045259550376,-1.1076195903308539,-0.6017766833729703,-0.28004641531164814,-0.6421646719579913,-1.1261685968884607,0.0,0.31824336590208974,-1.2093507338753493,-0.9813631240879068,0.5991625844388841,0.28624759754871193
-0.2801028154439446,-0.7638230904455068,-1.4436650050276725,-0.41537045259550376,-1.1076195903308539,-0.6017766833729703,-0.28004641531164814,-0.583611984586587,-1.6989335433565886,0.0,-1.2165074415142423,-1.2093507338753493,-0.9813631240879068,0.5991625844388841,0.28624759754871193
1.1371934561390398,1.2455817169491499,-1.4436650050276725,-0.41537045259550376,-1.1076195903308539,-0.6017766833729703,1.1373014588054742,-0.6421646719579913,-1.0116156075948353,0.0,-0.4491320378060763,1.239731226190802,-0.9813631240879068,0.5991625844388841,0.28624759754871193
1.1371934561390398,1.2455817169491499,-1.4436650050276725,-0.41537045259550376,-1.1076195903308539,-0.6017766833729703,1.1373014588054742,-0.583611984586587,1.1076146943372378,0.0,-0.4491320378060763,1.239731226190802,-0.9813631240879068,0.5991625844388841,0.28624759754871193
-0.9887509512354369,1.2455817169491499,-0.9363656417590819,-0.41537045259550376,-0.9919837790901317,-0.6017766833729703,-0.9887203523702093,0.8802051996985182,1.4512736622181146,0.0,-0.0654443359519933,0.015190246157726272,0.9813631240879068,0.5991625844388841,0.28624759754871193
-0.7525349059716061,-0.7638230904455068,-0.9363656417590819,-0.41537045259550376,-0.9919837790901317,-0.6017766833729703,-0.7524957066840222,-0.4665066098437787,1.623103146158553,0.0,0.31824336590208974,0.015190246157726272,0.9813631240879068,0.5991625844388841,0.28624759754871193
-0.2801028154439446,-0.7638230904455068,-0.9363656417590819,-0.41537045259550376,-0.9919837790901317,-0.6017766833729703,-0.28004641531164814,-0.34940123510097026,0.24846727463504606,0.0,0.31824336590208974,-1.2093507338753493,0.9813631240879068,0.5991625844388841,0.28624759754871193
0.42854532034754755,1.2455817169491499,-0.9363656417590819,-0.41537045259550376,-0.9919837790901317,-0.6017766833729703,0.428627521746913,0.7630998249557097,-1.2979980808288991,0.0,-0.0654443359519933,-1.2093507338753493,0.9813631240879068,0.5991625844388841,0.28624759754871193
0.42854532034754755,-0.7638230904455068,-0.9363656417590819,-0.41537045259550376,-0.9919837790901317,-0.6017766833729703,0.428627521746913,1.5242847607839645,0.4775732532222972,0.0,-1.2165074415142423,-1.2093507338753493,0.9813631240879068,0.5991625844388841,0.28624759754871193
0.6647613656113783,1.2455817169491499,-0.9363656417590819,-0.41537045259550376,-0.9919837790901317,-0.6017766833729703,0.6648521674331,0.47033638809868866,0.9357852103967995,0.0,-0.4491320378060763,1.239731226190802,0.9813631240879068,0.5991625844388841,0.28624759754871193
0.6647613656113783,1.2455817169491499,-0.9363656417590819,-0.41537045259550376,-0.9919837790901317,-0.6017766833729703,0.6648521674331,0.5288890754700929,1.050338199690425,0.0,1.469306471464339,1.239731226190802,0.9813631240879068,0.5991625844388841,0.28624759754871193
1.1371934561390398,1.2455817169491499,-0.9363656417590819,-0.41537045259550376,-0.9919837790901317,-0.6017766833729703,1.1373014588054742,-0.9934807961864165,-1.0116156075948353,0.0,-0.4491320378060763,1.239731226190802,0.9813631240879068,0.5991625844388841,0.28624759754871193
1.1371934561390398,1.2455817169491499,-0.9363656417590819,-0.41537045259550376,-0.9919837790901317,-0.6017766833729703,1.1373014588054742,-0.9349281088150123,-1.0116156075948353,0.0,-0.4491320378060763,1.239731226190802,0.9813631240879068,0.5991625844388841,0.28624759754871193
-0.9887509512354369,1.2455817169491499,-0.42906627849049117,-0.41537045259550376,-0.8763479678494094,-0.6017766833729703,-0.9887203523702093,-1.2862442330434376,-0.09519169324583063,0.0,1.469306471464339,0.015190246157726272,1.4720446861318601,0.5991625844388841,0.28624759754871193
-0.5163188607077753,1.2455817169491499,0.07823308477809952,-0.41537045259550376,-0.7607121566086872,-0.6017766833729703,-0.5162710609978353,1.4657320734125603,-0.4961271557735201,0.0,-0.4491320378060763,-1.2093507338753493,0.4906815620439534,0.5991625844388841,0.28624759754871193
-0.2801028154439446,-0.7638230904455068,0.07823308477809952,-0.41537045259550376,-0.7607121566086872,-0.6017766833729703,-0.28004641531164814,-1.5204549825290543,1.623103146158553,0.0,-1.2165074415142423,-1.2093507338753493,0.4906815620439534,0.5991625844388841,0.28624759754871193
-0.2801028154439446,1.2455817169491499,0.07823308477809952,-0.41537045259550376,-0.7607121566086872,-0.6017766833729703,-0.28004641531164814,-1.4619022951576501,1.56582665151174,0.0,1.469306471464339,-1.2093507338753493,0.4906815620439534,0.5991625844388841,0.28624759754871193
-0.2801028154439446,1.2455817169491499,0.07823308477809952,-0.41537045259550376,-0.7607121566086872,-0.6017766833729703,-0.28004641531164814,-1.3447969204148418,-1.068892102241648,0.0,1.469306471464339,-1.2093507338753493,0.4906815620439534,0.5991625844388841,0.28624759754871193
-0.2801028154439446,1.2455817169491499,0.07823308477809952,-0.41537045259550376,-0.7607121566086872,-0.6017766833729703,-0.28004641531164814,-1.2862442330434376,-0.782509629007584,0.0,1.469306471464339,-1.2093507338753493,0.4906815620439534,0.5991625844388841,0.28624759754871193
0.42854532034754755,-0.7638230904455068,0.07823308477809952,-0.41537045259550376,-0.7607121566086872,-0.6017766833729703,0.428627521746913,1.5242847607839645,-0.8970626183012096,0.0,-1.2165074415142423,-1.2093507338753493,0.4906815620439534,0.5991625844388841,0.28624759754871193
0.42854532034754755,-0.7638230904455068,0.07823308477809952,-0.41537045259550376,-0.7607121566086872,-0.6017766833729703,0.428627521746913,1.5828374481553686,-0.8970626183012096,0.0,-1.2165074415142423,-1.2093507338753493,0.4906815620439534,0.5991625844388841,0.28624759754871193
0.900977410875209,-0.7638230904455068,0.07823308477809952,-0.41537045259550376,-0.7607121566086872,-0.6017766833729703,0.901076813119287,-1.6375603572718629,-0.037915198599017846,0.0,-1.2165074415142423,1.239731226190802,0.4906815620439534,0.5991625844388841,0.28624759754871193
0.900977410875209,0.2408793132518215,0.07823308477809952,-0.41537045259550376,-0.7607121566086872,-0.6017766833729703,0.901076813119287,-0.9349281088150123,1.5085501568649273,0.0,-0.8328197396601593,1.239731226190802,0.4906815620439534,0.5991625844388841,0.28624759754871193
0.19232927508371683,1.2455817169491499,0.5855324480466901,-0.41537045259550376,-0.6450763453679649,-0.6017766833729703,0.19240287606072592,0.9973105744413265,-0.4961271557735201,0.0,1.469306471464339,-1.2093507338753493,-1.4720446861318601,0.5991625844388841,0.28624759754871193
0.19232927508371683,1.2455817169491499,0.5855324480466901,-0.41537045259550376,-0.6450763453679649,-0.6017766833729703,0.19240287606072592,1.0558632618127308,0.1339142853414205,0.0,1.469306471464339,-1.2093507338753493,-1.4720446861318601,0.5991625844388841,0.28624759754871193
-0.7525349059716061,1.2455817169491499,1.0928318113152808,-0.41537045259550376,-0.5294405341272427,-0.6017766833729703,-0.7524957066840222,0.5874417628414971,1.2794441782776762,0.0,1.469306471464339,0.015190246157726272,-0.4906815620439534,0.5991625844388841,0.28624759754871193
0.6647613656113783,0.2408793132518215,1.0928318113152808,-0.41537045259550376,-0.5294405341272427,-0.6017766833729703,0.6648521674331,-0.5250592972151829,0.019361296047794935,0.0,-0.8328197396601593,1.239731226190802,-0.4906815620439534,0.5991625844388841,0.28624759754871193
0.6647613656113783,1.2455817169491499,1.0928318113152808,-0.41537045259550376,-0.5294405341272427,-0.6017766833729703,0.6648521674331,-0.4665066098437787,1.5085501568649273,0.0,-0.0654443359519933,1.239731226190802,-0.4906815620439534,0.5991625844388841,0.28624759754871193
0.6647613656113783,1.2455817169491499,1.0928318113152808,-0.41537045259550376,-0.5294405341272427,-0.6017766833729703,0.6648521674331,-0.34940123510097026,1.56582665151174,0.0,-0.4491320378060763,1.239731226190802,-0.4906815620439534,0.5991625844388841,0.28624759754871193
0.6647613656113783,0.2408793132518215,1.0928318113152808,-0.41537045259550376,-0.5294405341272427,-0.6017766833729703,0.6648521674331,-0.056637798243949204,1.3939971675713017,0.0,-0.8328197396601593,1.239731226190802,-0.4906815620439534,0.5991625844388841,0.28624759754871193
0.900977410875209,1.2455817169491499,1.0928318113152808,-0.41537045259550376,-0.5294405341272427,-0.6017766833729703,0.901076813119287,0.35323101335588025,0.5921262425159228,0.0,-0.4491320378060763,1.239731226190802,-0.4906815620439534,0.5991625844388841,0.28624759754871193
1.1371934561390398,1.2455817169491499,1.0928318113152808,-0.41537045259550376,-0.5294405341272427,-0.6017766833729703,1.1373014588054742,0.5288890754700929,-0.782509629007584,0.0,1.469306471464339,1.239731226190802,-0.4906815620439534,0.5991625844388841,0.28624759754871193
-0.9887509512354369,1.2455817169491499,1.6001311745838716,-0.41537045259550376,-0.4138047228865204,-0.6017766833729703,-0.9887203523702093,-0.5250592972151829,0.7066792318095484,0.0,1.469306471464339,0.015190246157726272,0.0,0.5991625844388841,0.28624759754871193
-0.2801028154439446,1.2455817169491499,1.6001311745838716,-0.41537045259550376,-0.4138047228865204,-0.6017766833729703,-0.28004641531164814,-0.29084854772956603,-1.5271040594161502,0.0,1.469306471464339,-1.2093507338753493,0.0,0.5991625844388841,0.28624759754871193
-0.2801028154439446,-0.7638230904455068,1.6001311745838716,-0.41537045259550376,-0.4138047228865204,-0.6017766833729703,-0.28004641531164814,-0.11519048561535342,0.53484974786911,0.0,-1.2165074415142423,-1.2093507338753493,0.0,0.5991625844388841,0.28624759754871193
0.19232927508371683,1.2455817169491499,1.6001311745838716,-0.41537045259550376,-0.4138047228865204,-0.6017766833729703,0.19240287606072592,-0.7592700467007997,-0.6106801450671457,0.0,1.469306471464339,-1.2093507338753493,0.0,0.5991625844388841,0.28624759754871193
0.19232927508371683,0.2408793132518215,1.6001311745838716,-0.41537045259550376,-0.4138047228865204,-0.6017766833729703,0.19240287606072592,0.5288890754700929,-1.584380554062963,0.0,-0.8328197396601593,-1.2093507338753493,0.0,0.5991625844388841,0.28624759754871193
0.19232927508371683,0.2408793132518215,1.6001311745838716,-0.41537045259550376,-0.4138047228865204,-0.6017766833729703,0.19240287606072592,1.3486266986697517,-0.8970626183012096,0.0,-0.8328197396601593,-1.2093507338753493,0.0,0.5991625844388841,0.28624759754871193
0.42854532034754755,0.2408793132518215,1.6001311745838716,-0.41537045259550376,-0.4138047228865204,-0.6017766833729703,0.428627521746913,-1.4619022951576501,-0.4961271557735201,0.0,-0.8328197396601593,-1.2093507338753493,0.0,0.5991625844388841,0.28624759754871193
1.1371934561390398,0.2408793132518215,1.6001311745838716,-0.41537045259550376,-0.4138047228865204,-0.6017766833729703,1.1373014588054742,0.7045471375843055,0.019361296047794935,0.0,-0.8328197396601593,1.239731226190802,0.0,0.5991625844388841,0.28624759754871193
-0.7525349059716061,0.2408793132518215,-1.4436650050276725,-0.41537045259550376,-0.2981689116457982,-0.6017766833729703,-0.7524957066840222,-1.5204549825290543,1.336720672924489,0.0,-0.8328197396601593,0.015190246157726272,-0.9813631240879068,0.5991625844388841,0.28624759754871193
-1.4611830417630982,-0.7638230904455068,-0.9363656417590819,-0.41537045259550376,-0.1825331004050759,-0.6017766833729703,-1.4611696437425834,0.5288890754700929,-0.8970626183012096,0.0,-1.2165074415142423,0.015190246157726272,0.9813631240879068,0.5991625844388841,0.28624759754871193
-1.4611830417630982,-0.7638230904455068,-0.9363656417590819,-0.41537045259550376,-0.1825331004050759,-0.6017766833729703,-1.4611696437425834,0.5874417628414971,-0.267021177186269,0.0,-1.2165074415142423,0.015190246157726272,0.9813631240879068,0.5991625844388841,0.28624759754871193
-1.4611830417630982,-0.7638230904455068,-0.9363656417590819,-0.41537045259550376,-0.1825331004050759,-0.6017766833729703,-1.4611696437425834,0.6459944502129013,-0.7252331343607713,0.0,-1.2165074415142423,0.015190246157726272,0.9813631240879068,0.5991625844388841,0.28624759754871193
-0.9887509512354369,1.2455817169491499,-0.9363656417590819,-0.41537045259550376,-0.1825331004050759,-0.6017766833729703,-0.9887203523702093,-0.583611984586587,-0.38157416647989456,0.0,-0.4491320378060763,0.015190246157726272,0.9813631240879068,0.5991625844388841,0.28624759754871193
-0.7525349059716061,1.2455817169491499,-0.9363656417590819,-0.41537045259550376,-0.1825331004050759,-0.6017766833729703,-0.7524957066840222,0.17757295124166764,-0.037915198599017846,0.0,1.469306471464339,0.015190246157726272,0.9813631240879068,0.5991625844388841,0.28624759754871193
-0.7525349059716061,1.2455817169491499,-0.9363656417590819,-0.41537045259550376,-0.1825331004050759,-0.6017766833729703,-0.7524957066840222,0.2946783259844761,-1.0116156075948353,0.0,-0.4491320378060763,0.015190246157726272,0.9813631240879068,0.5991625844388841,0.28624759754871193
-0.0438867701801139,1.2455817169491499,-0.9363656417590819,-0.41537045259550376,-0.1825331004050759,-0.6017766833729703,-0.043821769625461124,-1.4619022951576501,1.3939971675713017,0.0,-0.4491320378060763,-1.2093507338753493,0.9813631240879068,0.5991625844388841,0.28624759754871193
-0.0438867701801139,0.2408793132518215,-0.9363656417590819,-0.41537045259550376,-0.1825331004050759,-0.6017766833729703,-0.043821769625461124,-1.3447969204148418,-1.6989335433565886,0.0,-0.8328197396601593,-1.2093507338753493,0.9813631240879068,0.5991625844388841,0.28624759754871193
0.19232927508371683,-0.7638230904455068,-0.9363656417590819,-0.41537045259550376,-0.1825331004050759,-0.6017766833729703,0.19240287606072592,-1.6375603572718629,1.3939971675713017,0.0,-1.2165074415142423,-1.2093507338753493,0.9813631240879068,0.5991625844388841,0.28624759754871193
0.42854532034754755,0.2408793132518215,-0.9363656417590819,-0.41537045259550376,-0.1825331004050759,-0.6017766833729703,0.428627521746913,1.6413901355267728,1.56582665151174,0.0,-0.8328197396601593,-1.2093507338753493,0.9813631240879068,0.5991625844388841,0.28624759754871193
0.42854532034754755,1.2455817169491499,-0.9363656417590819,-0.41537045259550376,-0.1825331004050759,-0.6017766833729703,0.428627521746913,1.7584955102695812,-1.1261685968884607,0.0,-0.4491320378060763,-1.2093507338753493,0.9813631240879068,0.5991625844388841,0.28624759754871193
1.845841591930532,1.2455817169491499,-0.9363656417590819,-0.41537045259550376,-0.1825331004050759,-0.6017766833729703,1.8459753958640353,1.2900740112983475,-0.267021177186269,0.0,1.0856187696102557,1.239731226190802,0.9813631240879068,0.5991625844388841,0.28624759754871193
-1.4611830417630982,1.2455817169491499,-0.42906627849049117,-0.41537045259550376,-0.06689728916435364,-0.6017766833729703,-1.4611696437425834,0.6459944502129013,-1.4125510701225246,0.0,1.469306471464339,0.015190246157726272,1.4720446861318601,0.5991625844388841,0.28624759754871193
-0.7525349059716061,-1.7685254941428359,-0.42906627849049117,-0.41537045259550376,-0.06689728916435364,-0.6017766833729703,-0.7524957066840222,-0.8763754214436081,-0.6106801450671457,0.0,0.7019310677561728,0.015190246157726272,1.4720446861318601,0.5991625844388841,0.28624759754871193
-0.7525349059716061,-0.7638230904455068,-0.42906627849049117,-0.41537045259550376,-0.06689728916435364,-0.6017766833729703,-0.7524957066840222,-0.583611984586587,-1.1261685968884607,0.0,-1.2165074415142423,0.015190246157726272,1.4720446861318601,0.5991625844388841,0.28624759754871193
-0.2801028154439446,-0.7638230904455068,-0.42906627849049117,-0.41537045259550376,-0.06689728916435364,-0.6017766833729703,-0.28004641531164814,0.2946783259844761,0.30574376928185887,0.0,-1.2165074415142423,-1.2093507338753493,1.4720446861318601,0.5991625844388841,0.28624759754871193
-0.2801028154439446,-0.7638230904455068,-0.42906627849049117,-0.41537045259550376,-0.06689728916435364,-0.6017766833729703,-0.28004641531164814,0.35323101335588025,-0.037915198599017846,0.0,-1.2165074415142423,-1.2093507338753493,1.4720446861318601,0.5991625844388841,0.28624759754871193
-0.2801028154439446,-0.7638230904455068,-0.42906627849049117,-0.41537045259550376,-0.06689728916435364,-0.6017766833729703,-0.28004641531164814,0.4117837007272845,-0.1524681878926434,0.0,-1.2165074415142423,-1.2093507338753493,1.4720446861318601,0.5991625844388841,0.28624759754871193
-0.2801028154439446,0.2408793132518215,-0.42906627849049117,-0.41537045259550376,-0.06689728916435364,-0.6017766833729703,-0.28004641531164814,1.5242847607839645,-0.09519169324583063,0.0,-0.8328197396601593,-1.2093507338753493,1.4720446861318601,0.5991625844388841,0.28624759754871193
-0.0438867701801139,-0.7638230904455068,-0.42906627849049117,-0.41537045259550376,-0.06689728916435364,-0.6017766833729703,-0.043821769625461124,0.5288890754700929,1.2794441782776762,0.0,0.31824336590208974,-1.2093507338753493,1.4720446861318601,0.5991625844388841,0.28624759754871193
-0.0438867701801139,-0.7638230904455068,-0.42906627849049117,-0.41537045259550376,-0.06689728916435364,-0.6017766833729703,-0.043821769625461124,0.5874417628414971,0.821232221103174,0.0,0.31824336590208974,-1.2093507338753493,1.4720446861318601,0.5991625844388841,0.28624759754871193
0.6647613656113783,-1.7685254941428359,-0.42906627849049117,-0.41537045259550376,-0.06689728916435364,-0.6017766833729703,0.6648521674331,-0.056637798243949204,1.623103146158553,0.0,0.7019310677561728,1.239731226190802,1.4720446861318601,0.5991625844388841,0.28624759754871193
1.3734095014028704,1.2455817169491499,-0.42906627849049117,-0.41537045259550376,-0.06689728916435364,-0.6017766833729703,1.3735261044916611,-0.5250592972151829,0.24846727463504606,0.0,-0.4491320378060763,1.239731226190802,1.4720446861318601,0.5991625844388841,0.28624759754871193
-0.9887509512354369,0.2408793132518215,0.07823308477809952,-0.41537045259550376,0.048738522076368605,-0.6017766833729703,-0.9887203523702093,0.5288890754700929,0.7066792318095484,0.0,-0.8328197396601593,0.015190246157726272,0.4906815620439534,0.5991625844388841,0.28624759754871193
-0.9887509512354369,0.2408793132518215,0.07823308477809952,-0.41537045259550376,0.048738522076368605,-0.6017766833729703,-0.9887203523702093,0.5874417628414971,1.1076146943372378,0.0,-0.8328197396601593,0.015190246157726272,0.4906815620439534,0.5991625844388841,0.28624759754871193
-0.5163188607077753,0.2408793132518215,0.07823308477809952,-0.41537045259550376,0.048738522076368605,-0.6017766833729703,-0.5162710609978353,-0.8763754214436081,-1.6989335433565886,0.0,-0.8328197396601593,-1.2093507338753493,0.4906815620439534,0.5991625844388841,0.28624759754871193
0.19232927508371683,1.2455817169491499,0.07823308477809952,-0.41537045259550376,0.048738522076368605,-0.6017766833729703,0.19240287606072592,-0.817822734072204,-0.782509629007584,0.0,1.0856187696102557,-1.2093507338753493,0.4906815620439534,0.5991625844388841,0.28624759754871193
0.6647613656113783,1.2455817169491499,0.07823308477809952,-0.41537045259550376,0.048738522076368605,-0.6017766833729703,0.6648521674331,0.8802051996985182,0.07663779069460772,0.0,1.469306471464339,1.239731226190802,0.4906815620439534,0.5991625844388841,0.28624759754871193
0.900977410875209,1.2455817169491499,0.07823308477809952,-0.41537045259550376,0.048738522076368605,-0.6017766833729703,0.901076813119287,-0.9934807961864165,1.5085501568649273,0.0,1.0856187696102557,1.239731226190802,0.4906815620439534,0.5991625844388841,0.28624759754871193
0.900977410875209,1.2455817169491499,0.07823308477809952,-0.41537045259550376,0.048738522076368605,-0.6017766833729703,0.901076813119287,-0.9349281088150123,1.623103146158553,0.0,1.469306471464339,1.239731226190802,0.4906815620439534,0.5991625844388841,0.28624759754871193
-1.2249669964992675,-0.7638230904455068,0.5855324480466901,-0.41537045259550376,0.16437433331709086,-0.6017766833729703,-1.2249449980563965,-1.696113044643267,1.050338199690425,0.0,-1.2165074415142423,0.015190246157726272,-1.4720446861318601,0.5991625844388841,0.28624759754871193
-0.7525349059716061,0.2408793132518215,0.5855324480466901,-0.41537045259550376,0.16437433331709086,-0.6017766833729703,-0.7524957066840222,0.06046757649885921,-0.1524681878926434,0.0,-0.8328197396601593,0.015190246157726272,-1.4720446861318601,0.5991625844388841,0.28624759754871193
1.1371934561390398,0.2408793132518215,0.5855324480466901,-0.41537045259550376,0.16437433331709086,-0.6017766833729703,1.1373014588054742,1.5242847607839645,-0.6679566397139585,0.0,-0.8328197396601593,1.239731226190802,-1.4720446861318601,0.5991625844388841,0.28624759754871193
1.1371934561390398,1.2455817169491499,0.5855324480466901,-0.41537045259550376,0.16437433331709086,-0.6017766833729703,1.1373014588054742,1.5828374481553686,0.9357852103967995,0.0,-0.4491320378060763,1.239731226190802,-1.4720446861318601,0.5991625844388841,0.28624759754871193
1.3734095014028704,1.2455817169491499,0.5855324480466901,-0.41537045259550376,0.16437433331709086,-0.6017766833729703,1.3735261044916611,0.47033638809868866,1.2794441782776762,0.0,-0.4491320378060763,1.239731226190802,-1.4720446861318601,0.5991625844388841,0.28624759754871193
1.845841591930532,-0.7638230904455068,0.5855324480466901,-0.41537045259550376,0.16437433331709086,-0.6017766833729703,1.8459753958640353,0.2946783259844761,1.1648911889840505,0.0,-1.2165074415142423,1.239731226190802,-1.4720446861318601,0.5991625844388841,0.28624759754871193
1.845841591930532,1.2455817169491499,0.5855324480466901,-0.41537045259550376,0.16437433331709086,-0.6017766833729703,1.8459753958640353,0.4117837007272845,0.19119077998823328,0.0,1.469306471464339,1.239731226190802,-1.4720446861318601,0.5991625844388841,0.28624759754871193
1.845841591930532,1.2455817169491499,0.5855324480466901,-0.41537045259550376,0.16437433331709086,-0.6017766833729703,1.8459753958640353,0.47033638809868866,0.7066792318095484,0.0,1.469306471464339,1.239731226190802,-1.4720446861318601,0.5991625844388841,0.28624759754871193
-1.4611830417630982,1.2455817169491499,1.0928318113152808,-0.41537045259550376,0.2800101445578131,-0.6017766833729703,-1.4611696437425834,-1.6375603572718629,0.42029675857548443,0.0,-0.4491320378060763,0.015190246157726272,-0.4906815620439534,0.5991625844388841,0.28624759754871193
-1.4611830417630982,1.2455817169491499,1.0928318113152808,-0.41537045259550376,0.2800101445578131,-0.6017766833729703,-1.4611696437425834,-1.5790076699004587,0.53484974786911,0.0,-0.4491320378060763,0.015190246157726272,-0.4906815620439534,0.5991625844388841,0.28624759754871193
-0.7525349059716061,0.2408793132518215,1.0928318113152808,-0.41537045259550376,0.2800101445578131,-0.6017766833729703,-0.7524957066840222,-0.817822734072204,1.5085501568649273,0.0,-0.8328197396601593,0.015190246157726272,-0.4906815620439534,0.5991625844388841,0.28624759754871193
0.42854532034754755,0.2408793132518215,1.0928318113152808,-0.41537045259550376,0.2800101445578131,-0.6017766833729703,0.428627521746913,1.114415949184135,-0.037915198599017846,0.0,-0.8328197396601593,-1.2093507338753493,-0.4906815620439534,0.5991625844388841,0.28624759754871193
0.42854532034754755,0.2408793132518215,1.0928318113152808,-0.41537045259550376,0.2800101445578131,-0.6017766833729703,0.428627521746913,1.1729686365555392,-0.1524681878926434,0.0,-0.8328197396601593,-1.2093507338753493,-0.4906815620439534,0.5991625844388841,0.28624759754871193
1.1371934561390398,0.2408793132518215,1.0928318113152808,-0.41537045259550376,0.2800101445578131,-0.6017766833729703,1.1373014588054742,1.699942822898177,0.821232221103174,0.0,-0.8328197396601593,1.239731226190802,-0.4906815620439534,0.5991625844388841,0.28624759754871193
1.3734095014028704,1.2455817169491499,1.0928318113152808,-0.41537045259550376,0.2800101445578131,-0.6017766833729703,1.3735261044916611,-0.40795392247237444,1.336720672924489,0.0,1.469306471464339,1.239731226190802,-0.4906815620439534,0.5991625844388841,0.28624759754871193
-1.697399087026929,-0.7638230904455068,1.6001311745838716,-0.41537045259550376,0.39564595579853534,-0.6017766833729703,-1.6973942894287704,1.699942822898177,0.4775732532222972,0.0,-1.2165074415142423,0.015190246157726272,0.0,0.5991625844388841,0.28624759754871193
-1.697399087026929,-0.7638230904455068,1.6001311745838716,-0.41537045259550376,0.39564595579853534,-0.6017766833729703,-1.6973942894287704,1.7584955102695812,0.19119077998823328,0.0,-1.2165074415142423,0.015190246157726272,0.0,0.5991625844388841,0.28624759754871193
-1.4611830417630982,1.2455817169491499,1.6001311745838716,-0.41537045259550376,0.39564595579853534,-0.6017766833729703,-1.4611696437425834,-1.696113044643267,0.30574376928185887,0.0,-0.4491320378060763,0.015190246157726272,0.0,0.5991625844388841,0.28624759754871193
-0.5163188607077753,0.2408793132518215,1.6001311745838716,-0.41537045259550376,0.39564595579853534,-0.6017766833729703,-0.5162710609978353,-0.8763754214436081,-0.2097446825394562,0.0,-0.8328197396601593,-1.2093507338753493,0.0,0.5991625844388841,0.28624759754871193
-0.0438867701801139,-0.7638230904455068,1.6001311745838716,-0.41537045259550376,0.39564595579853534,-0.6017766833729703,-0.043821769625461124,0.8216525123271139,0.5921262425159228,0.0,-1.2165074415142423,-1.2093507338753493,0.0,0.5991625844388841,0.28624759754871193
0.19232927508371683,0.2408793132518215,1.6001311745838716,-0.41537045259550376,0.39564595579853534,-0.6017766833729703,0.19240287606072592,1.699942822898177,1.623103146158553,0.0,-0.8328197396601593,-1.2093507338753493,0.0,0.5991625844388841,0.28624759754871193
0.900977410875209,0.2408793132518215,1.6001311745838716,-0.41537045259550376,0.39564595579853534,-0.6017766833729703,0.901076813119287,-0.9934807961864165,0.36302026392867165,0.0,-0.8328197396601593,1.239731226190802,0.0,0.5991625844388841,0.28624759754871193
0.900977410875209,-1.7685254941428359,1.6001311745838716,-0.41537045259550376,0.39564595579853534,-0.6017766833729703,0.901076813119287,-0.9349281088150123,0.9930617050436122,0.0,0.7019310677561728,1.239731226190802,0.0,0.5991625844388841,0.28624759754871193
0.900977410875209,1.2455817169491499,1.6001311745838716,-0.41537045259550376,0.39564595579853534,-0.6017766833729703,0.901076813119287,-0.7592700467007997,0.019361296047794935,0.0,1.0856187696102557,1.239731226190802,0.0,0.5991625844388841,0.28624759754871193
1.1371934561390398,1.2455817169491499,1.6001311745838716,-0.41537045259550376,0.39564595579853534,-0.6017766833729703,1.1373014588054742,1.2900740112983475,-1.3552745754757118,0.0,-0.4491320378060763,1.239731226190802,0.0,0.5991625844388841,0.28624759754871193
1.6096255466667013,1.2455817169491499,1.6001311745838716,-0.41537045259550376,0.39564595579853534,-0.6017766833729703,1.609750750177848,-0.817822734072204,0.6494027371627356,0.0,-0.4491320378060763,1.239731226190802,0.0,0.5991625844388841,0.28624759754871193
1.6096255466667013,1.2455817169491499,1.6001311745838716,-0.41537045259550376,0.39564595579853534,-0.6017766833729703,1.609750750177848,-0.6421646719579913,0.36302026392867165,0.0,-0.4491320378060763,1.239731226190802,0.0,0.5991625844388841,0.28624759754871193
-0.9887509512354369,0.2408793132518215,-1.4436650050276725,-0.41537045259550376,0.5112817670392577,-0.6017766833729703,-0.9887203523702093,-1.403349607786246,1.6803796408053657,0.0,-0.8328197396601593,0.015190246157726272,-0.9813631240879068,0.5991625844388841,0.28624759754871193
-0.9887509512354369,1.2455817169491499,-1.4436650050276725,-0.41537045259550376,0.5112817670392577,-0.6017766833729703,-0.9887203523702093,-0.7007173593293955,1.2221676836308635,0.0,1.469306471464339,0.015190246157726272,-0.9813631240879068,0.5991625844388841,0.28624759754871193
-0.9887509512354369,1.2455817169491499,-1.4436650050276725,-0.41537045259550376,0.5112817670392577,-0.6017766833729703,-0.9887203523702093,1.699942822898177,1.050338199690425,0.0,1.469306471464339,0.015190246157726272,-0.9813631240879068,0.5991625844388841,0.28624759754871193
-0.7525349059716061,-0.7638230904455068,-1.4436650050276725,-0.41537045259550376,0.5112817670392577,-0.6017766833729703,-0.7524957066840222,-0.817822734072204,-0.782509629007584,0.0,-1.2165074415142423,0.015190246157726272,-0.9813631240879068,0.5991625844388841,0.28624759754871193
-0.7525349059716061,-0.7638230904455068,-1.4436650050276725,-0.41537045259550376,0.5112817670392577,-0.6017766833729703,-0.7524957066840222,-0.7592700467007997,-0.6106801450671457,0.0,-1.2165074415142423,0.015190246157726272,-0.9813631240879068,0.5991625844388841,0.28624759754871193
-0.2801028154439446,-0.7638230904455068,-1.4436650050276725,-0.41537045259550376,0.5112817670392577,-0.6017766833729703,-0.28004641531164814,-0.11519048561535342,-0.9543391129480224,0.0,-1.2165074415142423,-1.2093507338753493,-0.9813631240879068,0.5991625844388841,0.28624759754871193
-0.2801028154439446,-0.7638230904455068,-1.4436650050276725,-0.41537045259550376,0.5112817670392577,-0.6017766833729703,-0.28004641531164814,-0.056637798243949204,-1.1261685968884607,0.0,-1.2165074415142423,-1.2093507338753493,-0.9813631240879068,0.5991625844388841,0.28624759754871193
-0.0438867701801139,0.2408793132518215,-1.4436650050276725,-0.41537045259550376,0.5112817670392577,-0.6017766833729703,-0.043821769625461124,-0.9349281088150123,-0.6106801450671457,0.0,-0.8328197396601593,-1.2093507338753493,-0.9813631240879068,0.5991625844388841,0.28624759754871193
-0.0438867701801139,1.2455817169491499,-1.4436650050276725,-0.41537045259550376,0.5112817670392577,-0.6017766833729703,-0.043821769625461124,-0.8763754214436081,0.07663779069460772,0.0,-0.4491320378060763,-1.2093507338753493,-0.9813631240879068,0.5991625844388841,0.28624759754871193
0.6647613656113783,1.2455817169491499,-1.4436650050276725,-0.41537045259550376,0.5112817670392577,-0.6017766833729703,0.6648521674331,-0.9934807961864165,1.2221676836308635,0.0,1.469306471464339,1.239731226190802,-0.9813631240879068,0.5991625844388841,0.28624759754871193
0.6647613656113783,1.2455817169491499,-1.4436650050276725,-0.41537045259550376,0.5112817670392577,-0.6017766833729703,0.6648521674331,-0.9349281088150123,1.5085501568649273,0.0,1.469306471464339,1.239731226190802,-0.9813631240879068,0.5991625844388841,0.28624759754871193
1.3734095014028704,0.2408793132518215,-1.4436650050276725,-0.41537045259550376,0.5112817670392577,-0.6017766833729703,1.3735261044916611,0.4117837007272845,1.050338199690425,0.0,-0.8328197396601593,1.239731226190802,-0.9813631240879068,0.5991625844388841,0.28624759754871193
1.3734095014028704,1.2455817169491499,-1.4436650050276725,-0.41537045259550376,0.5112817670392577,-0.6017766833729703,1.3735261044916611,0.47033638809868866,1.56582665151174,0.0,-0.0654443359519933,1.239731226190802,-0.9813631240879068,0.5991625844388841,0.28624759754871193
1.3734095014028704,-0.7638230904455068,-1.4436650050276725,-0.41537045259550376,0.5112817670392577,-0.6017766833729703,1.3735261044916611,0.9973105744413265,1.2794441782776762,0.0,0.31824336590208974,1.239731226190802,-0.9813631240879068,0.5991625844388841,0.28624759754871193
1.6096255466667013,0.2408793132518215,-1.4436650050276725,-0.41537045259550376,0.5112817670392577,-0.6017766833729703,1.609750750177848,0.4117837007272845,1.336720672924489,0.0,-0.8328197396601593,1.239731226190802,-0.9813631240879068,0.5991625844388841,0.28624759754871193
1.6096255466667013,0.2408793132518215,-1.4436650050276725,-0.41537045259550376,0.5112817670392577,-0.6017766833729703,1.609750750177848,0.47033638809868866,1.56582665151174,0.0,-0.8328197396601593,1.239731226190802,-0.9813631240879068,0.5991625844388841,0.28624759754871193
-1.4611830417630982,1.2455817169491499,-0.9363656417590819,-0.41537045259550376,0.6269175782799798,-0.6017766833729703,-1.4611696437425834,-0.11519048561535342,0.4775732532222972,0.0,1.469306471464339,0.015190246157726272,0.9813631240879068,0.5991625844388841,0.28624759754871193
0.42854532034754755,1.2455817169491499,-0.9363656417590819,-0.41537045259550376,0.6269175782799798,-0.6017766833729703,0.428627521746913,-1.110586170929225,-0.6106801450671457,0.0,1.469306471464339,-1.2093507338753493,0.9813631240879068,0.5991625844388841,0.28624759754871193
0.900977410875209,-1.7685254941428359,-0.9363656417590819,-0.41537045259550376,0.6269175782799798,-0.6017766833729703,0.901076813119287,-0.9349281088150123,-0.38157416647989456,0.0,0.7019310677561728,1.239731226190802,0.9813631240879068,0.5991625844388841,0.28624759754871193
1.1371934561390398,1.2455817169491499,-0.9363656417590819,-0.41537045259550376,0.6269175782799798,-0.6017766833729703,1.1373014588054742,-1.0520334835578207,-1.1834450915352734,0.0,-0.4491320378060763,1.239731226190802,0.9813631240879068,0.5991625844388841,0.28624759754871193
1.3734095014028704,1.2455817169491499,-0.9363656417590819,-0.41537045259550376,0.6269175782799798,-0.6017766833729703,1.3735261044916611,-0.9349281088150123,1.050338199690425,0.0,-0.4491320378060763,1.239731226190802,0.9813631240879068,0.5991625844388841,0.28624759754871193
-1.2249669964992675,1.2455817169491499,-0.42906627849049117,-0.41537045259550376,0.7425533895207022,-0.6017766833729703,-1.2249449980563965,0.2946783259844761,0.6494027371627356,0.0,-0.4491320378060763,0.015190246157726272,1.4720446861318601,0.5991625844388841,0.28624759754871193
-0.9887509512354369,0.2408793132518215,-0.42906627849049117,-0.41537045259550376,0.7425533895207022,-0.6017766833729703,-0.9887203523702093,1.1729686365555392,0.9930617050436122,0.0,-0.8328197396601593,0.015190246157726272,1.4720446861318601,0.5991625844388841,0.28624759754871193
-0.7525349059716061,-0.7638230904455068,-0.42906627849049117,-0.41537045259550376,0.7425533895207022,-0.6017766833729703,-0.7524957066840222,-0.6421646719579913,-0.8970626183012096,0.0,0.31824336590208974,0.015190246157726272,1.4720446861318601,0.5991625844388841,0.28624759754871193
-0.7525349059716061,0.2408793132518215,-0.42906627849049117,-0.41537045259550376,0.7425533895207022,-0.6017766833729703,-0.7524957066840222,0.2946783259844761,1.3939971675713017,0.0,-0.8328197396601593,0.015190246157726272,1.4720446861318601,0.5991625844388841,0.28624759754871193
-0.5163188607077753,-0.7638230904455068,-0.42906627849049117,-0.41537045259550376,0.7425533895207022,-0.6017766833729703,-0.5162710609978353,0.0019148891274550072,1.1648911889840505,0.0,-1.2165074415142423,-1.2093507338753493,1.4720446861318601,0.5991625844388841,0.28624759754871193
-0.5163188607077753,-0.7638230904455068,-0.42906627849049117,-0.41537045259550376,0.7425533895207022,-0.6017766833729703,-0.5162710609978353,0.06046757649885921,0.7639557264563611,0.0,-1.2165074415142423,-1.2093507338753493,1.4720446861318601,0.5991625844388841,0.28624759754871193
-0.0438867701801139,0.2408793132518215,-0.42906627849049117,-0.41537045259550376,0.7425533895207022,-0.6017766833729703,-0.043821769625461124,-1.696113044643267,-0.5534036504203329,0.0,-0.8328197396601593,-1.2093507338753493,1.4720446861318601,0.5991625844388841,0.28624759754871193
1.1371934561390398,1.2455817169491499,-0.42906627849049117,-0.41537045259550376,0.7425533895207022,-0.6017766833729703,1.1373014588054742,-0.29084854772956603,1.623103146158553,0.0,-0.4491320378060763,1.239731226190802,1.4720446861318601,0.5991625844388841,0.28624759754871193
1.1371934561390398,1.2455817169491499,-0.42906627849049117,-0.41537045259550376,0.7425533895207022,-0.6017766833729703,1.1373014588054742,-0.23229586035816183,1.623103146158553,0.0,-0.4491320378060763,1.239731226190802,1.4720446861318601,0.5991625844388841,0.28624759754871193
1.6096255466667013,1.2455817169491499,-0.42906627849049117,-0.41537045259550376,0.7425533895207022,-0.6017766833729703,1.609750750177848,-0.34940123510097026,1.336720672924489,0.0,1.0856187696102557,1.239731226190802,1.4720446861318601,0.5991625844388841,0.28624759754871193
1.6096255466667013,1.2455817169491499,-0.42906627849049117,-0.41537045259550376,0.7425533895207022,-0.6017766833729703,1.609750750177848,-0.29084854772956603,1.1076146943372378,0.0,-0.4491320378060763,1.239731226190802,1.4720446861318601,0.5991625844388841,0.28624759754871193
-0.9887509512354369,1.2455817169491499,0.07823308477809952,-0.41537045259550376,0.8581892007614244,-0.6017766833729703,-0.9887203523702093,-1.110586170929225,-0.6106801450671457,0.0,-0.4491320378060763,0.015190246157726272,0.4906815620439534,0.5991625844388841,0.28624759754871193
-0.5163188607077753,-1.7685254941428359,0.07823308477809952,-0.41537045259550376,0.8581892007614244,-0.6017766833729703,-0.5162710609978353,-0.40795392247237444,-1.3552745754757118,0.0,0.7019310677561728,-1.2093507338753493,0.4906815620439534,0.5991625844388841,0.28624759754871193
0.19232927508371683,1.2455817169491499,0.07823308477809952,-0.41537045259550376,0.8581892007614244,-0.6017766833729703,0.19240287606072592,1.5242847607839645,-0.782509629007584,0.0,-0.4491320378060763,-1.2093507338753493,0.4906815620439534,0.5991625844388841,0.28624759754871193
0.19232927508371683,1.2455817169491499,0.07823308477809952,-0.41537045259550376,0.8581892007614244,-0.6017766833729703,0.19240287606072592,1.5828374481553686,-0.1524681878926434,0.0,-0.4491320378060763,-1.2093507338753493,0.4906815620439534,0.5991625844388841,0.28624759754871193
0.42854532034754755,1.2455817169491499,0.07823308477809952,-0.41537045259550376,0.8581892007614244,-0.6017766833729703,0.428627521746913,-0.6421646719579913,-0.8970626183012096,0.0,-0.4491320378060763,-1.2093507338753493,0.4906815620439534,0.5991625844388841,0.28624759754871193
0.42854532034754755,1.2455817169491499,0.07823308477809952,-0.41537045259550376,0.8581892007614244,-0.6017766833729703,0.428627521746913,0.7045471375843055,-1.6989335433565886,0.0,1.469306471464339,-1.2093507338753493,0.4906815620439534,0.5991625844388841,0.28624759754871193
0.6647613656113783,1.2455817169491499,0.07823308477809952,-0.41537045259550376,0.8581892007614244,-0.6017766833729703,0.6648521674331,-0.8763754214436081,0.19119077998823328,0.0,-0.4491320378060763,1.239731226190802,0.4906815620439534,0.5991625844388841,0.28624759754871193
0.6647613656113783,1.2455817169491499,0.07823308477809952,-0.41537045259550376,0.8581892007614244,-0.6017766833729703,0.6648521674331,-0.817822734072204,0.821232221103174,0.0,1.469306471464339,1.239731226190802,0.4906815620439534,0.5991625844388841,0.28624759754871193
1.1371934561390398,-0.7638230904455068,0.07823308477809952,-0.41537045259550376,0.8581892007614244,-0.6017766833729703,1.1373014588054742,-1.5204549825290543,1.336720672924489,0.0,0.31824336590208974,1.239731226190802,0.4906815620439534,0.5991625844388841,0.28624759754871193
1.1371934561390398,1.2455817169491499,0.07823308477809952,-0.41537045259550376,0.8581892007614244,-0.6017766833729703,1.1373014588054742,-0.7007173593293955,-0.09519169324583063,0.0,-0.4491320378060763,1.239731226190802,0.4906815620439534,0.5991625844388841,0.28624759754871193
1.1371934561390398,1.2455817169491499,0.07823308477809952,-0.41537045259550376,0.8581892007614244,-0.6017766833729703,1.1373014588054742,-0.6421646719579913,-0.2097446825394562,0.0,-0.4491320378060763,1.239731226190802,0.4906815620439534,0.5991625844388841,0.28624759754871193
1.1371934561390398,1.2455817169491499,0.07823308477809952,-0.41537045259550376,0.8581892007614244,-0.6017766833729703,1.1373014588054742,0.7630998249557097,0.07663779069460772,0.0,-0.4491320378060763,1.239731226190802,0.4906815620439534,0.5991625844388841,0.28624759754871193
1.3734095014028704,1.2455817169491499,0.07823308477809952,-0.41537045259550376,0.8581892007614244,-0.6017766833729703,1.3735261044916611,-0.817822734072204,-1.641657048709776,0.0,-0.4491320378060763,1.239731226190802,0.4906815620439534,0.5991625844388841,0.28624759754871193
1.3734095014028704,1.2455817169491499,0.07823308477809952,-0.41537045259550376,0.8581892007614244,-0.6017766833729703,1.3735261044916611,-0.7592700467007997,-0.3242976718330818,0.0,1.469306471464339,1.239731226190802,0.4906815620439534,0.5991625844388841,0.28624759754871193
1.845841591930532,0.2408793132518215,0.07823308477809952,-0.41537045259550376,0.8581892007614244,-0.6017766833729703,1.8459753958640353,1.114415949184135,-1.1261685968884607,0.0,-0.8328197396601593,1.239731226190802,0.4906815620439534,0.5991625844388841,0.28624759754871193
-0.7525349059716061,-0.7638230904455068,0.5855324480466901,-0.41537045259550376,0.9738250120021467,-0.6017766833729703,-0.7524957066840222,-1.0520334835578207,1.6803796408053657,0.0,0.31824336590208974,0.015190246157726272,-1.4720446861318601,0.5991625844388841,0.28624759754871193
-0.7525349059716061,-0.7638230904455068,0.5855324480466901,-0.41537045259550376,0.9738250120021467,-0.6017766833729703,-0.7524957066840222,-0.817822734072204,-1.2407215861820864,0.0,-1.2165074415142423,0.015190246157726272,-1.4720446861318601,0.5991625844388841,0.28624759754871193
-0.7525349059716061,-0.7638230904455068,0.5855324480466901,-0.41537045259550376,0.9738250120021467,-0.6017766833729703,-0.7524957066840222,-0.7592700467007997,-0.9543391129480224,0.0,-1.2165074415142423,0.015190246157726272,-1.4720446861318601,0.5991625844388841,0.28624759754871193
0.42854532034754755,1.2455817169491499,0.5855324480466901,-0.41537045259550376,0.9738250120021467,-0.6017766833729703,0.428627521746913,-1.2862442330434376,-0.6106801450671457,0.0,1.0856187696102557,-1.2093507338753493,-1.4720446861318601,0.5991625844388841,0.28624759754871193
0.900977410875209,-0.7638230904455068,0.5855324480466901,-0.41537045259550376,0.9738250120021467,-0.6017766833729703,0.901076813119287,-0.7007173593293955,0.5921262425159228,0.0,0.31824336590208974,1.239731226190802,-1.4720446861318601,0.5991625844388841,0.28624759754871193
0.900977410875209,-0.7638230904455068,0.5855324480466901,-0.41537045259550376,0.9738250120021467,-0.6017766833729703,0.901076813119287,-0.6421646719579913,0.36302026392867165,0.0,0.31824336590208974,1.239731226190802,-1.4720446861318601,0.5991625844388841,0.28624759754871193
1.845841591930532,0.2408793132518215,0.5855324480466901,-0.41537045259550376,0.9738250120021467,-0.6017766833729703,1.8459753958640353,0.06046757649885921,0.5921262425159228,0.0,-0.8328197396601593,1.239731226190802,-1.4720446861318601,0.5991625844388841,0.28624759754871193
-0.5163188607077753,1.2455817169491499,1.0928318113152808,-0.41537045259550376,1.0894608232428689,-0.6017766833729703,-0.5162710609978353,-0.9349281088150123,1.336720672924489,0.0,1.469306471464339,-1.2093507338753493,-0.4906815620439534,0.5991625844388841,0.28624759754871193
-0.5163188607077753,0.2408793132518215,1.0928318113152808,-0.41537045259550376,1.0894608232428689,-0.6017766833729703,-0.5162710609978353,0.7630998249557097,-1.1261685968884607,0.0,-0.8328197396601593,-1.2093507338753493,-0.4906815620439534,0.5991625844388841,0.28624759754871193
-0.5163188607077753,0.2408793132518215,1.0928318113152808,-0.41537045259550376,1.0894608232428689,-0.6017766833729703,-0.5162710609978353,0.8216525123271139,-0.9543391129480224,0.0,-0.8328197396601593,-1.2093507338753493,-0.4906815620439534,0.5991625844388841,0.28624759754871193
-0.5163188607077753,0.2408793132518215,1.0928318113152808,-0.41537045259550376,1.0894608232428689,-0.6017766833729703,-0.5162710609978353,1.699942822898177,-1.0116156075948353,0.0,-0.8328197396601593,-1.2093507338753493,-0.4906815620439534,0.5991625844388841,0.28624759754871193
0.42854532034754755,0.2408793132518215,1.0928318113152808,-0.41537045259550376,1.0894608232428689,-0.6017766833729703,0.428627521746913,1.0558632618127308,-1.1834450915352734,0.0,-0.8328197396601593,-1.2093507338753493,-0.4906815620439534,0.5991625844388841,0.28624759754871193
0.42854532034754755,-0.7638230904455068,1.0928318113152808,-0.41537045259550376,1.0894608232428689,-0.6017766833729703,0.428627521746913,1.114415949184135,-0.782509629007584,0.0,-1.2165074415142423,-1.2093507338753493,-0.4906815620439534,0.5991625844388841,0.28624759754871193
-0.9887509512354369,1.2455817169491499,1.6001311745838716,-0.41537045259550376,1.2050966344835912,-0.6017766833729703,-0.9887203523702093,-0.5250592972151829,-1.584380554062963,0.0,1.469306471464339,0.015190246157726272,0.0,0.5991625844388841,0.28624759754871193
-0.0438867701801139,0.2408793132518215,1.6001311745838716,-0.41537045259550376,1.2050966344835912,-0.6017766833729703,-0.043821769625461124,-0.29084854772956603,1.1076146943372378,0.0,-0.8328197396601593,-1.2093507338753493,0.0,0.5991625844388841,0.28624759754871193
-0.0438867701801139,-0.7638230904455068,1.6001311745838716,-0.41537045259550376,1.2050966344835912,-0.6017766833729703,-0.043821769625461124,-0.17374317298675762,-1.4125510701225246,0.0,0.31824336590208974,-1.2093507338753493,0.0,0.5991625844388841,0.28624759754871193
-0.0438867701801139,0.2408793132518215,1.6001311745838716,-0.41537045259550376,1.2050966344835912,-0.6017766833729703,-0.043821769625461124,0.6459944502129013,1.623103146158553,0.0,-0.8328197396601593,-1.2093507338753493,0.0,0.5991625844388841,0.28624759754871193
0.6647613656113783,1.2455817169491499,1.6001311745838716,-0.41537045259550376,1.2050966344835912,-0.6017766833729703,0.6648521674331,-0.583611984586587,-0.8397861236543969,0.0,-0.4491320378060763,1.239731226190802,0.0,0.5991625844388841,0.28624759754871193
0.900977410875209,1.2455817169491499,1.6001311745838716,-0.41537045259550376,1.2050966344835912,-0.6017766833729703,0.901076813119287,-1.1691388583006292,1.2794441782776762,0.0,1.0856187696102557,1.239731226190802,0.0,0.5991625844388841,0.28624759754871193
0.900977410875209,1.2455817169491499,1.6001311745838716,-0.41537045259550376,1.2050966344835912,-0.6017766833729703,0.901076813119287,-1.0520334835578207,-1.584380554062963,0.0,1.0856187696102557,1.239731226190802,0.0,0.5991625844388841,0.28624759754871193
0.900977410875209,-0.7638230904455068,1.6001311745838716,-0.41537045259550376,1.2050966344835912,-0.6017766833729703,0.901076813119287,-0.9349281088150123,-0.8970626183012096,0.0,-1.2165074415142423,1.239731226190802,0.0,0.5991625844388841,0.28624759754871193
0.900977410875209,1.2455817169491499,1.6001311745838716,-0.41537045259550376,1.2050966344835912,-0.6017766833729703,0.901076813119287,0.5874417628414971,-0.6679566397139585,0.0,1.469306471464339,1.239731226190802,0.0,0.5991625844388841,0.28624759754871193
1.3734095014028704,1.2455817169491499,1.6001311745838716,-0.41537045259550376,1.2050966344835912,-0.6017766833729703,1.3735261044916611,1.7584955102695812,-0.8970626183012096,0.0,1.0856187696102557,1.239731226190802,0.0,0.5991625844388841,0.28624759754871193
1.6096255466667013,1.2455817169491499,1.6001311745838716,-0.41537045259550376,1.2050966344835912,-0.6017766833729703,1.609750750177848,-1.696113044643267,-1.4125510701225246,0.0,-0.4491320378060763,1.239731226190802,0.0,0.5991625844388841,0.28624759754871193
1.6096255466667013,-0.7638230904455068,1.6001311745838716,-0.41537045259550376,1.2050966344835912,-0.6017766833729703,1.609750750177848,-1.5790076699004587,0.36302026392867165,0.0,0.31824336590208974,1.239731226190802,0.0,0.5991625844388841,0.28624759754871193
1.6096255466667013,1.2455817169491499,1.6001311745838716,-0.41537045259550376,1.2050966344835912,-0.6017766833729703,1.609750750177848,-1.5204549825290543,1.2221676836308635,0.0,-0.4491320378060763,1.239731226190802,0.0,0.5991625844388841,0.28624759754871193
1.6096255466667013,1.2455817169491499,1.6001311745838716,-0.41537045259550376,1.2050966344835912,-0.6017766833729703,1.609750750177848,-1.4619022951576501,1.623103146158553,0.0,1.469306471464339,1.239731226190802,0.0,0.5991625844388841,0.28624759754871193
1.6096255466667013,1.2455817169491499,1.6001311745838716,-0.41537045259550376,1.2050966344835912,-0.6017766833729703,1.609750750177848,-1.3447969204148418,-1.584380554062963,0.0,-0.4491320378060763,1.239731226190802,0.0,0.5991625844388841,0.28624759754871193
-0.7525349059716061,-0.7638230904455068,-1.4436650050276725,-0.41537045259550376,1.3207324457243135,-0.6017766833729703,-0.7524957066840222,0.2946783259844761,1.4512736622181146,0.0,-1.2165074415142423,0.015190246157726272,-0.9813631240879068,0.5991625844388841,0.28624759754871193
-0.0438867701801139,0.2408793132518215,-1.4436650050276725,-0.41537045259550376,1.3207324457243135,-0.6017766833729703,-0.043821769625461124,-1.403349607786246,-0.4961271557735201,0.0,-0.8328197396601593,-1.2093507338753493,-0.9813631240879068,0.5991625844388841,0.28624759754871193
-0.0438867701801139,1.2455817169491499,-1.4436650050276725,-0.41537045259550376,1.3207324457243135,-0.6017766833729703,-0.043821769625461124,-1.3447969204148418,0.7639557264563611,0.0,-0.0654443359519933,-1.2093507338753493,-0.9813631240879068,0.5991625844388841,0.28624759754871193
0.19232927508371683,-0.7638230904455068,-1.4436650050276725,-0.41537045259550376,1.3207324457243135,-0.6017766833729703,0.19240287606072592,-1.0520334835578207,0.24846727463504606,0.0,-1.2165074415142423,-1.2093507338753493,-0.9813631240879068,0.5991625844388841,0.28624759754871193
0.19232927508371683,-0.7638230904455068,-1.4436650050276725,-0.41537045259550376,1.3207324457243135,-0.6017766833729703,0.19240287606072592,-0.8763754214436081,-1.4125510701225246,0.0,-1.2165074415142423,-1.2093507338753493,-0.9813631240879068,0.5991625844388841,0.28624759754871193
0.6647613656113783,1.2455817169491499,-1.4436650050276725,-0.41537045259550376,1.3207324457243135,-0.6017766833729703,0.6648521674331,1.2315213239269434,1.4512736622181146,0.0,1.469306471464339,1.239731226190802,-0.9813631240879068,0.5991625844388841,0.28624759754871193
0.900977410875209,-0.7638230904455068,-1.4436650050276725,-0.41537045259550376,1.3207324457243135,-0.6017766833729703,0.901076813119287,-1.696113044643267,1.1648911889840505,0.0,-1.2165074415142423,1.239731226190802,-0.9813631240879068,0.5991625844388841,0.28624759754871193
1.1371934561390398,1.2455817169491499,-1.4436650050276725,-0.41537045259550376,1.3207324457243135,-0.6017766833729703,1.1373014588054742,-0.7592700467007997,-0.1524681878926434,0.0,1.469306471464339,1.239731226190802,-0.9813631240879068,0.5991625844388841,0.28624759754871193
1.1371934561390398,1.2455817169491499,-1.4436650050276725,-0.41537045259550376,1.3207324457243135,-0.6017766833729703,1.1373014588054742,-0.7007173593293955,0.4775732532222972,0.0,1.469306471464339,1.239731226190802,-0.9813631240879068,0.5991625844388841,0.28624759754871193
1.6096255466667013,0.2408793132518215,-1.4436650050276725,-0.41537045259550376,1.3207324457243135,-0.6017766833729703,1.609750750177848,0.0019148891274550072,-1.2979980808288991,0.0,-0.8328197396601593,1.239731226190802,-0.9813631240879068,0.5991625844388841,0.28624759754871193
1.6096255466667013,1.2455817169491499,-1.4436650050276725,-0.41537045259550376,1.3207324457243135,-0.6017766833729703,1.609750750177848,0.06046757649885921,-0.6106801450671457,0.0,-0.4491320378060763,1.239731226190802,-0.9813631240879068,0.5991625844388841,0.28624759754871193
-1.4611830417630982,0.2408793132518215,-0.9363656417590819,-0.41537045259550376,1.4363682569650356,-0.6017766833729703,-1.4611696437425834,0.47033638809868866,-1.1834450915352734,0.0,-0.8328197396601593,0.015190246157726272,0.9813631240879068,0.5991625844388841,0.28624759754871193
-1.2249669964992675,0.2408793132518215,-0.9363656417590819,-0.41537045259550376,1.4363682569650356,-0.6017766833729703,-1.2249449980563965,-0.5250592972151829,-1.1261685968884607,0.0,-0.8328197396601593,0.015190246157726272,0.9813631240879068,0.5991625844388841,0.28624759754871193
-0.7525349059716061,1.2455817169491499,-0.9363656417590819,-0.41537045259550376,1.4363682569650356,-0.6017766833729703,-0.7524957066840222,1.114415949184135,-0.6679566397139585,0.0,-0.4491320378060763,0.015190246157726272,0.9813631240879068,0.5991625844388841,0.28624759754871193
-0.2801028154439446,1.2455817169491499,-0.9363656417590819,-0.41537045259550376,1.4363682569650356,-0.6017766833729703,-0.28004641531164814,-0.8763754214436081,0.5921262425159228,0.0,-0.4491320378060763,-1.2093507338753493,0.9813631240879068,0.5991625844388841,0.28624759754871193
-0.0438867701801139,1.2455817169491499,-0.9363656417590819,-0.41537045259550376,1.4363682569650356,-0.6017766833729703,-0.043821769625461124,-1.110586170929225,1.336720672924489,0.0,-0.0654443359519933,-1.2093507338753493,0.9813631240879068,0.5991625844388841,0.28624759754871193
0.42854532034754755,-0.7638230904455068,-0.9363656417590819,-0.41537045259550376,1.4363682569650356,-0.6017766833729703,0.428627521746913,-0.23229586035816183,0.53484974786911,0.0,0.31824336590208974,-1.2093507338753493,0.9813631240879068,0.5991625844388841,0.28624759754871193
1.1371934561390398,-0.7638230904455068,-0.9363656417590819,-0.41537045259550376,1.4363682569650356,-0.6017766833729703,1.1373014588054742,-1.1691388583006292,-0.037915198599017846,0.0,-1.2165074415142423,1.239731226190802,0.9813631240879068,0.5991625844388841,0.28624759754871193
1.1371934561390398,1.2455817169491499,-0.9363656417590819,-0.41537045259550376,1.4363682569650356,-0.6017766833729703,1.1373014588054742,-1.110586170929225,0.07663779069460772,0.0,1.469306471464339,1.239731226190802,0.9813631240879068,0.5991625844388841,0.28624759754871193
1.3734095014028704,0.2408793132518215,-0.9363656417590819,-0.41537045259550376,1.4363682569650356,-0.6017766833729703,1.3735261044916611,-0.29084854772956603,0.1339142853414205,0.0,-0.8328197396601593,1.239731226190802,0.9813631240879068,0.5991625844388841,0.28624759754871193
1.3734095014028704,-0.7638230904455068,-0.9363656417590819,-0.41537045259550376,1.4363682569650356,-0.6017766833729703,1.3735261044916611,1.2315213239269434,-0.6106801450671457,0.0,-1.2165074415142423,1.239731226190802,0.9813631240879068,0.5991625844388841,0.28624759754871193
-1.2249669964992675,1.2455817169491499,-0.42906627849049117,-0.41537045259550376,1.5520040682057579,-0.6017766833729703,-1.2249449980563965,-0.8763754214436081,0.7639557264563611,0.0,1.469306471464339,0.015190246157726272,1.4720446861318601,0.5991625844388841,0.28624759754871193
-0.7525349059716061,1.2455817169491499,-0.42906627849049117,-0.41537045259550376,1.5520040682057579,-0.6017766833729703,-0.7524957066840222,-0.8763754214436081,-1.584380554062963,0.0,1.0856187696102557,0.015190246157726272,1.4720446861318601,0.5991625844388841,0.28624759754871193
0.19232927508371683,-0.7638230904455068,-0.42906627849049117,-0.41537045259550376,1.5520040682057579,-0.6017766833729703,0.19240287606072592,-1.110586170929225,1.050338199690425,0.0,-1.2165074415142423,-1.2093507338753493,1.4720446861318601,0.5991625844388841,0.28624759754871193
0.19232927508371683,1.2455817169491499,-0.42906627849049117,-0.41537045259550376,1.5520040682057579,-0.6017766833729703,0.19240287606072592,-0.40795392247237444,1.5085501568649273,0.0,1.469306471464339,-1.2093507338753493,1.4720446861318601,0.5991625844388841,0.28624759754871193
0.19232927508371683,1.2455817169491499,-0.42906627849049117,-0.41537045259550376,1.5520040682057579,-0.6017766833729703,0.19240287606072592,0.9387578870699224,-1.0116156075948353,0.0,-0.4491320378060763,-1.2093507338753493,1.4720446861318601,0.5991625844388841,0.28624759754871193
0.42854532034754755,1.2455817169491499,-0.42906627849049117,-0.41537045259550376,1.5520040682057579,-0.6017766833729703,0.428627521746913,0.9387578870699224,-1.5271040594161502,0.0,1.469306471464339,-1.2093507338753493,1.4720446861318601,0.5991625844388841,0.28624759754871193
0.900977410875209,-0.7638230904455068,-0.42906627849049117,-0.41537045259550376,1.5520040682057579,-0.6017766833729703,0.901076813119287,-0.29084854772956603,-1.5271040594161502,0.0,0.31824336590208974,1.239731226190802,1.4720446861318601,0.5991625844388841,0.28624759754871193
0.900977410875209,1.2455817169491499,-0.42906627849049117,-0.41537045259550376,1.5520040682057579,-0.6017766833729703,0.901076813119287,-0.29084854772956603,1.6803796408053657,0.0,1.469306471464339,1.239731226190802,1.4720446861318601,0.5991625844388841,0.28624759754871193
1.3734095014028704,1.2455817169491499,-0.42906627849049117,-0.41537045259550376,1.5520040682057579,-0.6017766833729703,1.3735261044916611,0.06046757649885921,0.7066792318095484,0.0,1.0856187696102557,1.239731226190802,1.4720446861318601,0.5991625844388841,0.28624759754871193
1.3734095014028704,1.2455817169491499,-0.42906627849049117,-0.41537045259550376,1.5520040682057579,-0.6017766833729703,1.3735261044916611,0.17757295124166764,0.30574376928185887,0.0,-0.0654443359519933,1.239731226190802,1.4720446861318601,0.5991625844388841,0.28624759754871193
-1.4611830417630982,1.2455817169491499,0.07823308477809952,-0.41537045259550376,1.6676398794464802,-0.6017766833729703,-1.4611696437425834,0.0019148891274550072,-1.3552745754757118,0.0,-0.4491320378060763,0.015190246157726272,0.4906815620439534,0.5991625844388841,0.28624759754871193
-1.4611830417630982,1.2455817169491499,0.07823308477809952,-0.41537045259550376,1.6676398794464802,-0.6017766833729703,-1.4611696437425834,0.06046757649885921,-0.4961271557735201,0.0,1.469306471464339,0.015190246157726272,0.4906815620439534,0.5991625844388841,0.28624759754871193
-1.4611830417630982,0.2408793132518215,0.07823308477809952,-0.41537045259550376,1.6676398794464802,-0.6017766833729703,-1.4611696437425834,0.47033638809868866,-1.4125510701225246,0.0,-0.8328197396601593,0.015190246157726272,0.4906815620439534,0.5991625844388841,0.28624759754871193
-1.2249669964992675,1.2455817169491499,0.07823308477809952,-0.41537045259550376,1.6676398794464802,-0.6017766833729703,-1.2249449980563965,1.0558632618127308,1.6803796408053657,0.0,1.469306471464339,0.015190246157726272,0.4906815620439534,0.5991625844388841,0.28624759754871193
-0.0438867701801139,0.2408793132518215,0.07823308477809952,-0.41537045259550376,1.6676398794464802,-0.6017766833729703,-0.043821769625461124,1.5828374481553686,-0.8397861236543969,0.0,-0.8328197396601593,-1.2093507338753493,0.4906815620439534,0.5991625844388841,0.28624759754871193
0.19232927508371683,-1.7685254941428359,0.07823308477809952,-0.41537045259550376,1.6676398794464802,-0.6017766833729703,0.19240287606072592,-0.7592700467007997,-0.8397861236543969,0.0,0.7019310677561728,-1.2093507338753493,0.4906815620439534,0.5991625844388841,0.28624759754871193
0.19232927508371683,-1.7685254941428359,0.07823308477809952,-0.41537045259550376,1.6676398794464802,-0.6017766833729703,0.19240287606072592,-0.7007173593293955,0.4775732532222972,0.0,0.7019310677561728,-1.2093507338753493,0.4906815620439534,0.5991625844388841,0.28624759754871193
1.1371934561390398,1.2455817169491499,0.07823308477809952,-0.41537045259550376,1.6676398794464802,-0.6017766833729703,1.1373014588054742,1.407179386041156,-1.068892102241648,0.0,-0.4491320378060763,1.239731226190802,0.4906815620439534,0.5991625844388841,0.28624759754871193
1.3734095014028704,1.2455817169491499,0.07823308477809952,-0.41537045259550376,1.6676398794464802,-0.6017766833729703,1.3735261044916611,0.11902026387026342,-1.4125510701225246,0.0,1.469306471464339,1.239731226190802,0.4906815620439534,0.5991625844388841,0.28624759754871193
1.3734095014028704,1.2455817169491499,0.07823308477809952,-0.41537045259550376,1.6676398794464802,-0.6017766833729703,1.3735261044916611,0.9973105744413265,-0.9543391129480224,0.0,1.0856187696102557,1.239731226190802,0.4906815620439534,0.5991625844388841,0.28624759754871193
1.3734095014028704,0.2408793132518215,0.07823308477809952,-0.41537045259550376,1.6676398794464802,-0.6017766833729703,1.3735261044916611,1.0558632618127308,-0.4961271557735201,0.0,-0.8328197396601593,1.239731226190802,0.4906815620439534,0.5991625844388841,0.28624759754871193
-1.697399087026929,0.2408793132518215,0.5855324480466901,-0.41537045259550376,1.7832756906872023,-0.6017766833729703,-1.6973942894287704,1.407179386041156,1.56582665151174,0.0,-0.8328197396601593,0.015190246157726272,-1.4720446861318601,0.5991625844388841,0.28624759754871193
-1.2249669964992675,1.2455817169491499,0.5855324480466901,-0.41537045259550376,1.7832756906872023,-0.6017766833729703,-1.2249449980563965,-0.4665066098437787,-1.2979980808288991,0.0,1.469306471464339,0.015190246157726272,-1.4720446861318601,0.5991625844388841,0.28624759754871193
-0.9887509512354369,1.2455817169491499,0.5855324480466901,-0.41537045259550376,1.7832756906872023,-0.6017766833729703,-0.9887203523702093,0.5288890754700929,-1.2979980808288991,0.0,1.0856187696102557,0.015190246157726272,-1.4720446861318601,0.5991625844388841,0.28624759754871193
-0.9887509512354369,1.2455817169491499,0.5855324480466901,-0.41537045259550376,1.7832756906872023,-0.6017766833729703,-0.9887203523702093,0.5874417628414971,-1.3552745754757118,0.0,-0.0654443359519933,0.015190246157726272,-1.4720446861318601,0.5991625844388841,0.28624759754871193
-0.0438867701801139,0.2408793132518215,0.5855324480466901,-0.41537045259550376,1.7832756906872023,-0.6017766833729703,-0.043821769625461124,1.2315213239269434,-1.0116156075948353,0.0,-0.8328197396601593,-1.2093507338753493,-1.4720446861318601,0.5991625844388841,0.28624759754871193
0.900977410875209,1.2455817169491499,0.5855324480466901,-0.41537045259550376,1.7832756906872023,-0.6017766833729703,0.901076813119287,-0.34940123510097026,0.821232221103174,0.0,1.469306471464339,1.239731226190802,-1.4720446861318601,0.5991625844388841,0.28624759754871193
0.900977410875209,1.2455817169491499,0.5855324480466901,-0.41537045259550376,1.7832756906872023,-0.6017766833729703,0.901076813119287,-0.23229586035816183,-1.5271040594161502,0.0,1.469306471464339,1.239731226190802,-1.4720446861318601,0.5991625844388841,0.28624759754871193
1.3734095014028704,1.2455817169491499,0.5855324480466901,-0.41537045259550376,1.7832756906872023,-0.6017766833729703,1.3735261044916611,-1.3447969204148418,0.53484974786911,0.0,-0.4491320378060763,1.239731226190802,-1.4720446861318601,0.5991625844388841,0.28624759754871193
1.3734095014028704,0.2408793132518215,0.5855324480466901,-0.41537045259550376,1.7832756906872023,-0.6017766833729703,1.3735261044916611,0.23612563861307184,-1.3552745754757118,0.0,-0.8328197396601593,1.239731226190802,-1.4720446861318601,0.5991625844388841,0.28624759754871193
1.3734095014028704,1.2455817169491499,0.5855324480466901,-0.41537045259550376,1.7832756906872023,-0.6017766833729703,1.3735261044916611,0.2946783259844761,0.1339142853414205,0.0,1.469306471464339,1.239731226190802,-1.4720446861318601,0.5991625844388841,0.28624759754871193
1.845841591930532,1.2455817169491499,0.5855324480466901,-0.41537045259550376,1.7832756906872023,-0.6017766833729703,1.8459753958640353,-1.403349607786246,0.9930617050436122,0.0,-0.4491320378060763,1.239731226190802,-1.4720446861318601,0.5991625844388841,0.28624759754871193
1.845841591930532,0.2408793132518215,0.5855324480466901,-0.41537045259550376,1.7832756906872023,-0.6017766833729703,1.8459753958640353,-1.3447969204148418,1.2794441782776762,0.0,-0.8328197396601593,1.239731226190802,-1.4720446861318601,0.5991625844388841,0.28624759754871193
1.845841591930532,-0.7638230904455068,0.5855324480466901,-0.41537045259550376,1.7832756906872023,-0.6017766833729703,1.8459753958640353,-1.2862442330434376,1.4512736622181146,0.0,0.31824336590208974,1.239731226190802,-1.4720446861318601,0.5991625844388841,0.28624759754871193
-1.4611830417630982,-0.7638230904455068,1.0928318113152808,-0.12967741490765197,-1.6857986465344652,-0.6017766833729703,-1.4611696437425834,-0.11519048561535342,-1.641657048709776,0.0,0.31824336590208974,0.015190246157726272,-0.4906815620439534,0.011189230723371002,-0.00113429560308022
-1.2249669964992675,1.2455817169491499,1.0928318113152808,-0.12967741490765197,-1.6857986465344652,-0.6017766833729703,-1.2249449980563965,1.114415949184135,-0.3242976718330818,0.0,1.469306471464339,0.015190246157726272,-0.4906815620439534,0.011189230723371002,-0.00113429560308022
-0.7525349059716061,1.2455817169491499,1.0928318113152808,-0.12967741490765197,-1.6857986465344652,-0.6017766833729703,-0.7524957066840222,0.5288890754700929,-1.1834450915352734,0.0,1.469306471464339,0.015190246157726272,-0.4906815620439534,0.011189230723371002,-0.00113429560308022
-0.0438867701801139,0.2408793132518215,1.0928318113152808,-0.12967741490765197,-1.6857986465344652,-0.6017766833729703,-0.043821769625461124,-0.056637798243949204,1.336720672924489,0.0,-0.8328197396601593,-1.2093507338753493,-0.4906815620439534,0.011189230723371002,-0.00113429560308022
0.900977410875209,0.2408793132518215,1.0928318113152808,-0.12967741490765197,-1.6857986465344652,-0.6017766833729703,0.901076813119287,-0.5250592972151829,-1.0116156075948353,0.0,-0.8328197396601593,1.239731226190802,-0.4906815620439534,0.011189230723371002,-0.00113429560308022
0.900977410875209,0.2408793132518215,1.0928318113152808,-0.12967741490765197,-1.6857986465344652,-0.6017766833729703,0.901076813119287,-0.4665066098437787,-0.8397861236543969,0.0,-0.8328197396601593,1.239731226190802,-0.4906815620439534,0.011189230723371002,-0.00113429560308022
1.3734095014028704,1.2455817169491499,1.0928318113152808,-0.12967741490765197,-1.6857986465344652,-0.6017766833729703,1.3735261044916611,1.2315213239269434,-1.1261685968884607,0.0,-0.4491320378060763,1.239731226190802,-0.4906815620439534,0.011189230723371002,-0.00113429560308022
1.3734095014028704,1.2455817169491499,1.0928318113152808,-0.12967741490765197,-1.6857986465344652,-0.6017766833729703,1.3735261044916611,1.2900740112983475,-0.9543391129480224,0.0,-0.4491320378060763,1.239731226190802,-0.4906815620439534,0.011189230723371002,-0.00113429560308022
1.3734095014028704,1.2455817169491499,1.0928318113152808,-0.12967741490765197,-1.6857986465344652,-0.6017766833729703,1.3735261044916611,1.7584955102695812,-1.1834450915352734,0.0,-0.0654443359519933,1.239731226190802,-0.4906815620439534,0.011189230723371002,-0.00113429560308022
1.6096255466667013,0.2408793132518215,1.0928318113152808,-0.12967741490765197,-1.6857986465344652,-0.6017766833729703,1.609750750177848,1.2900740112983475,-1.4698275647693375,0.0,-0.8328197396601593,1.239731226190802,-0.4906815620439534,0.011189230723371002,-0.00113429560308022
1.3734095014028704,1.2455817169491499,1.6001311745838716,-0.12967741490765197,-1.570162835293743,-0.6017766833729703,1.3735261044916611,-1.5204549825290543,-0.267021177186269,0.0,1.469306471464339,1.239731226190802,0.0,0.011189230723371002,-0.00113429560308022
1.3734095014028704,0.2408793132518215,1.6001311745838716,-0.12967741490765197,-1.570162835293743,-0.6017766833729703,1.3735261044916611,-0.29084854772956603,-1.584380554062963,0.0,-0.8328197396601593,1.239731226190802,0.0,0.011189230723371002,-0.00113429560308022
1.3734095014028704,1.2455817169491499,1.6001311745838716,-0.12967741490765197,-1.570162835293743,-0.6017766833729703,1.3735261044916611,-0.23229586035816183,-1.2979980808288991,0.0,-0.4491320378060763,1.239731226190802,0.0,0.011189230723371002,-0.00113429560308022
1.6096255466667013,0.2408793132518215,1.6001311745838716,-0.12967741490765197,-1.570162835293743,-0.6017766833729703,1.609750750177848,-1.2862442330434376,-0.5534036504203329,0.0,-0.8328197396601593,1.239731226190802,0.0,0.011189230723371002,-0.00113429560308022
1.6096255466667013,1.2455817169491499,1.6001311745838716,-0.12967741490765197,-1.570162835293743,-0.6017766833729703,1.609750750177848,0.06046757649885921,-1.0116156075948353,0.0,1.469306471464339,1.239731226190802,0.0,0.011189230723371002,-0.00113429560308022
-0.9887509512354369,1.2455817169491499,-1.4436650050276725,-0.12967741490765197,-1.4545270240530206,-0.6017766833729703,-0.9887203523702093,-0.9934807961864165,-1.4698275647693375,0.0,1.469306471464339,0.015190246157726272,-0.9813631240879068,0.011189230723371002,-0.00113429560308022
-0.9887509512354369,1.2455817169491499,-1.4436650050276725,-0.12967741490765197,-1.4545270240530206,-0.6017766833729703,-0.9887203523702093,-0.11519048561535342,1.1076146943372378,0.0,1.469306471464339,0.015190246157726272,-0.9813631240879068,0.011189230723371002,-0.00113429560308022
-0.0438867701801139,1.2455817169491499,-1.4436650050276725,-0.12967741490765197,-1.4545270240530206,-0.6017766833729703,-0.043821769625461124,0.11902026387026342,0.7066792318095484,0.0,-0.4491320378060763,-1.2093507338753493,-0.9813631240879068,0.011189230723371002,-0.00113429560308022
-0.0438867701801139,0.2408793132518215,-1.4436650050276725,-0.12967741490765197,-1.4545270240530206,-0.6017766833729703,-0.043821769625461124,0.23612563861307184,-1.6989335433565886,0.0,-0.8328197396601593,-1.2093507338753493,-0.9813631240879068,0.011189230723371002,-0.00113429560308022
-0.0438867701801139,1.2455817169491499,-1.4436650050276725,-0.12967741490765197,-1.4545270240530206,-0.6017766833729703,-0.043821769625461124,0.2946783259844761,-1.3552745754757118,0.0,1.469306471464339,-1.2093507338753493,-0.9813631240879068,0.011189230723371002,-0.00113429560308022
-1.2249669964992675,-0.7638230904455068,-0.9363656417590819,-0.12967741490765197,-1.3388912128122985,-0.6017766833729703,-1.2249449980563965,-0.34940123510097026,0.7066792318095484,0.0,0.31824336590208974,0.015190246157726272,0.9813631240879068,0.011189230723371002,-0.00113429560308022
-0.9887509512354369,0.2408793132518215,-0.9363656417590819,-0.12967741490765197,-1.3388912128122985,-0.6017766833729703,-0.9887203523702093,-0.11519048561535342,-0.9543391129480224,0.0,-0.8328197396601593,0.015190246157726272,0.9813631240879068,0.011189230723371002,-0.00113429560308022
-0.5163188607077753,1.2455817169491499,-0.9363656417590819,-0.12967741490765197,-1.3388912128122985,-0.6017766833729703,-0.5162710609978353,-1.5790076699004587,-1.1261685968884607,0.0,1.469306471464339,-1.2093507338753493,0.9813631240879068,0.011189230723371002,-0.00113429560308022
-0.5163188607077753,1.2455817169491499,-0.9363656417590819,-0.12967741490765197,-1.3388912128122985,-0.6017766833729703,-0.5162710609978353,-1.403349607786246,-0.037915198599017846,0.0,1.0856187696102557,-1.2093507338753493,0.9813631240879068,0.011189230723371002,-0.00113429560308022
0.19232927508371683,1.2455817169491499,-0.9363656417590819,-0.12967741490765197,-1.3388912128122985,-0.6017766833729703,0.19240287606072592,0.06046757649885921,0.1339142853414205,0.0,1.469306471464339,-1.2093507338753493,0.9813631240879068,0.011189230723371002,-0.00113429560308022
0.6647613656113783,-0.7638230904455068,-0.9363656417590819,-0.12967741490765197,-1.3388912128122985,-0.6017766833729703,0.6648521674331,0.9973105744413265,0.36302026392867165,0.0,0.31824336590208974,1.239731226190802,0.9813631240879068,0.011189230723371002,-0.00113429560308022
0.6647613656113783,1.2455817169491499,-0.9363656417590819,-0.12967741490765197,-1.3388912128122985,-0.6017766833729703,0.6648521674331,1.0558632618127308,-0.09519169324583063,0.0,-0.4491320378060763,1.239731226190802,0.9813631240879068,0.011189230723371002,-0.00113429560308022
1.3734095014028704,1.2455817169491499,-0.9363656417590819,-0.12967741490765197,-1.3388912128122985,-0.6017766833729703,1.3735261044916611,-0.9349281088150123,-1.641657048709776,0.0,1.0856187696102557,1.239731226190802,0.9813631240879068,0.011189230723371002,-0.00113429560308022
1.3734095014028704,1.2455817169491499,-0.9363656417590819,-0.12967741490765197,-1.3388912128122985,-0.6017766833729703,1.3735261044916611,1.2315213239269434,0.19119077998823328,0.0,-0.4491320378060763,1.239731226190802,0.9813631240879068,0.011189230723371002,-0.00113429560308022
1.6096255466667013,-0.7638230904455068,-0.9363656417590819,-0.12967741490765197,-1.3388912128122985,-0.6017766833729703,1.609750750177848,0.11902026387026342,1.623103146158553,0.0,0.31824336590208974,1.239731226190802,0.9813631240879068,0.011189230723371002,-0.00113429560308022
1.6096255466667013,0.2408793132518215,-0.9363656417590819,-0.12967741490765197,-1.3388912128122985,-0.6017766833729703,1.609750750177848,0.23612563861307184,-1.584380554062963,0.0,-0.8328197396601593,1.239731226190802,0.9813631240879068,0.011189230723371002,-0.00113429560308022
1.6096255466667013,0.2408793132518215,-0.9363656417590819,-0.12967741490765197,-1.3388912128122985,-0.6017766833729703,1.609750750177848,0.2946783259844761,1.4512736622181146,0.0,-0.8328197396601593,1.239731226190802,0.9813631240879068,0.011189230723371002,-0.00113429560308022
1.6096255466667013,0.2408793132518215,-0.9363656417590819,-0.12967741490765197,-1.3388912128122985,-0.6017766833729703,1.609750750177848,0.4117837007272845,-1.3552745754757118,0.0,-0.8328197396601593,1.239731226190802,0.9813631240879068,0.011189230723371002,-0.00113429560308022
1.6096255466667013,0.2408793132518215,-0.9363656417590819,-0.12967741490765197,-1.3388912128122985,-0.6017766833729703,1.609750750177848,0.47033638809868866,-0.8397861236543969,0.0,-0.8328197396601593,1.239731226190802,0.9813631240879068,0.011189230723371002,-0.00113429560308022
-1.4611830417630982,1.2455817169491499,-0.42906627849049117,-0.12967741490765197,-1.2232554015715762,-0.6017766833729703,-1.4611696437425834,-0.4665066098437787,1.050338199690425,0.0,-0.4491320378060763,0.015190246157726272,1.4720446861318601,0.011189230723371002,-0.00113429560308022
-1.4611830417630982,1.2455817169491499,-0.42906627849049117,-0.12967741490765197,-1.2232554015715762,-0.6017766833729703,-1.4611696437425834,-0.34940123510097026,-1.3552745754757118,0.0,-0.4491320378060763,0.015190246157726272,1.4720446861318601,0.011189230723371002,-0.00113429560308022
-1.2249669964992675,-0.7638230904455068,-0.42906627849049117,-0.12967741490765197,-1.2232554015715762,-0.6017766833729703,-1.2249449980563965,-0.40795392247237444,0.7639557264563611,0.0,-1.2165074415142423,0.015190246157726272,1.4720446861318601,0.011189230723371002,-0.00113429560308022
-0.9887509512354369,1.2455817169491499,-0.42906627849049117,-0.12967741490765197,-1.2232554015715762,-0.6017766833729703,-0.9887203523702093,-0.056637798243949204,1.1648911889840505,0.0,1.469306471464339,0.015190246157726272,1.4720446861318601,0.011189230723371002,-0.00113429560308022
-0.9887509512354369,0.2408793132518215,-0.42906627849049117,-0.12967741490765197,-1.2232554015715762,-0.6017766833729703,-0.9887203523702093,0.6459944502129013,1.336720672924489,0.0,-0.8328197396601593,0.015190246157726272,1.4720446861318601,0.011189230723371002,-0.00113429560308022
1.1371934561390398,0.2408793132518215,-0.42906627849049117,-0.12967741490765197,-1.2232554015715762,-0.6017766833729703,1.1373014588054742,0.8216525123271139,1.56582665151174,0.0,-0.8328197396601593,1.239731226190802,1.4720446861318601,0.011189230723371002,-0.00113429560308022
1.1371934561390398,1.2455817169491499,-0.42906627849049117,-0.12967741490765197,-1.2232554015715762,-0.6017766833729703,1.1373014588054742,1.7584955102695812,1.336720672924489,0.0,1.469306471464339,1.239731226190802,1.4720446861318601,0.011189230723371002,-0.00113429560308022
1.3734095014028704,1.2455817169491499,-0.42906627849049117,-0.12967741490765197,-1.2232554015715762,-0.6017766833729703,1.3735261044916611,-1.110586170929225,0.9930617050436122,0.0,-0.0654443359519933,1.239731226190802,1.4720446861318601,0.011189230723371002,-0.00113429560308022
1.3734095014028704,-0.7638230904455068,-0.42906627849049117,-0.12967741490765197,-1.2232554015715762,-0.6017766833729703,1.3735261044916611,-0.9934807961864165,-1.641657048709776,0.0,0.31824336590208974,1.239731226190802,1.4720446861318601,0.011189230723371002,-0.00113429560308022
-1.4611830417630982,0.2408793132518215,0.07823308477809952,-0.12967741490765197,-1.1076195903308539,-0.6017766833729703,-1.4611696437425834,1.3486266986697517,1.5085501568649273,0.0,-0.8328197396601593,0.015190246157726272,0.4906815620439534,0.011189230723371002,-0.00113429560308022
-1.4611830417630982,0.2408793132518215,0.07823308477809952,-0.12967741490765197,-1.1076195903308539,-0.6017766833729703,-1.4611696437425834,1.4657320734125603,-1.2407215861820864,0.0,-0.8328197396601593,0.015190246157726272,0.4906815620439534,0.011189230723371002,-0.00113429560308022
-0.9887509512354369,1.2455817169491499,0.07823308477809952,-0.12967741490765197,-1.1076195903308539,-0.6017766833729703,-0.9887203523702093,0.4117837007272845,-1.1834450915352734,0.0,1.469306471464339,0.015190246157726272,0.4906815620439534,0.011189230723371002,-0.00113429560308022
-0.5163188607077753,-0.7638230904455068,0.07823308477809952,-0.12967741490765197,-1.1076195903308539,-0.6017766833729703,-0.5162710609978353,-0.7007173593293955,0.6494027371627356,0.0,-1.2165074415142423,-1.2093507338753493,0.4906815620439534,0.011189230723371002,-0.00113429560308022
0.19232927508371683,0.2408793132518215,0.07823308477809952,-0.12967741490765197,-1.1076195903308539,-0.6017766833729703,0.19240287606072592,-1.0520334835578207,-0.8970626183012096,0.0,-0.8328197396601593,-1.2093507338753493,0.4906815620439534,0.011189230723371002,-0.00113429560308022
0.19232927508371683,1.2455817169491499,0.07823308477809952,-0.12967741490765197,-1.1076195903308539,-0.6017766833729703,0.19240287606072592,-0.29084854772956603,-1.3552745754757118,0.0,-0.4491320378060763,-1.2093507338753493,0.4906815620439534,0.011189230723371002,-0.00113429560308022
1.6096255466667013,1.2455817169491499,0.07823308477809952,-0.12967741490765197,-1.1076195903308539,-0.6017766833729703,1.609750750177848,-0.8763754214436081,-1.4125510701225246,0.0,1.469306471464339,1.239731226190802,0.4906815620439534,0.011189230723371002,-0.00113429560308022
1.6096255466667013,1.2455817169491499,0.07823308477809952,-0.12967741490765197,-1.1076195903308539,-0.6017766833729703,1.609750750177848,-0.817822734072204,0.7066792318095484,0.0,1.469306471464339,1.239731226190802,0.4906815620439534,0.011189230723371002,-0.00113429560308022
1.6096255466667013,1.2455817169491499,0.07823308477809952,-0.12967741490765197,-1.1076195903308539,-0.6017766833729703,1.609750750177848,-0.6421646719579913,-0.2097446825394562,0.0,-0.4491320378060763,1.239731226190802,0.4906815620439534,0.011189230723371002,-0.00113429560308022
1.6096255466667013,0.2408793132518215,0.07823308477809952,-0.12967741490765197,-1.1076195903308539,-0.6017766833729703,1.609750750177848,-0.583611984586587,0.019361296047794935,0.0,-0.8328197396601593,1.239731226190802,0.4906815620439534,0.011189230723371002,-0.00113429560308022
1.6096255466667013,1.2455817169491499,0.07823308477809952,-0.12967741490765197,-1.1076195903308539,-0.6017766833729703,1.609750750177848,-0.4665066098437787,-1.4698275647693375,0.0,1.469306471464339,1.239731226190802,0.4906815620439534,0.011189230723371002,-0.00113429560308022
-1.4611830417630982,1.2455817169491499,0.5855324480466901,-0.12967741490765197,-0.9919837790901317,-0.6017766833729703,-1.4611696437425834,-0.6421646719579913,-1.4698275647693375,0.0,-0.4491320378060763,0.015190246157726272,-1.4720446861318601,0.011189230723371002,-0.00113429560308022
-0.9887509512354369,-1.7685254941428359,0.5855324480466901,-0.12967741490765197,-0.9919837790901317,-0.6017766833729703,-0.9887203523702093,0.35323101335588025,-0.09519169324583063,0.0,0.7019310677561728,0.015190246157726272,-1.4720446861318601,0.011189230723371002,-0.00113429560308022
-0.2801028154439446,0.2408793132518215,0.5855324480466901,-0.12967741490765197,-0.9919837790901317,-0.6017766833729703,-0.28004641531164814,0.2946783259844761,-0.6679566397139585,0.0,-0.8328197396601593,-1.2093507338753493,-1.4720446861318601,0.011189230723371002,-0.00113429560308022
0.42854532034754755,-0.7638230904455068,0.5855324480466901,-0.12967741490765197,-0.9919837790901317,-0.6017766833729703,0.428627521746913,0.9387578870699224,0.7066792318095484,0.0,0.31824336590208974,-1.2093507338753493,-1.4720446861318601,0.011189230723371002,-0.00113429560308022
0.42854532034754755,-0.7638230904455068,0.5855324480466901,-0.12967741490765197,-0.9919837790901317,-0.6017766833729703,0.428627521746913,1.0558632618127308,-0.8397861236543969,0.0,0.31824336590208974,-1.2093507338753493,-1.4720446861318601,0.011189230723371002,-0.00113429560308022
-1.2249669964992675,-0.7638230904455068,1.0928318113152808,-0.12967741490765197,-0.8763479678494094,-0.6017766833729703,-1.2249449980563965,-1.4619022951576501,-0.5534036504203329,0.0,0.31824336590208974,0.015190246157726272,-0.4906815620439534,0.011189230723371002,-0.00113429560308022
-1.2249669964992675,0.2408793132518215,1.0928318113152808,-0.12967741490765197,-0.8763479678494094,-0.6017766833729703,-1.2249449980563965,-0.17374317298675762,-1.068892102241648,0.0,-0.8328197396601593,0.015190246157726272,-0.4906815620439534,0.011189230723371002,-0.00113429560308022
1.3734095014028704,1.2455817169491499,1.0928318113152808,-0.12967741490765197,-0.8763479678494094,-0.6017766833729703,1.3735261044916611,-0.29084854772956603,1.3939971675713017,0.0,-0.4491320378060763,1.239731226190802,-0.4906815620439534,0.011189230723371002,-0.00113429560308022
1.3734095014028704,1.2455817169491499,1.0928318113152808,-0.12967741490765197,-0.8763479678494094,-0.6017766833729703,1.3735261044916611,-0.23229586035816183,1.5085501568649273,0.0,-0.4491320378060763,1.239731226190802,-0.4906815620439534,0.011189230723371002,-0.00113429560308022
-1.4611830417630982,1.2455817169491499,1.6001311745838716,-0.12967741490765197,-0.7607121566086872,-0.6017766833729703,-1.4611696437425834,-0.817822734072204,1.2794441782776762,0.0,1.469306471464339,0.015190246157726272,0.0,0.011189230723371002,-0.00113429560308022
-0.9887509512354369,1.2455817169491499,1.6001311745838716,-0.12967741490765197,-0.7607121566086872,-0.6017766833729703,-0.9887203523702093,0.06046757649885921,-1.4698275647693375,0.0,1.469306471464339,0.015190246157726272,0.0,0.011189230723371002,-0.00113429560308022
-0.9887509512354369,1.2455817169491499,1.6001311745838716,-0.12967741490765197,-0.7607121566086872,-0.6017766833729703,-0.9887203523702093,1.3486266986697517,-1.4125510701225246,0.0,-0.4491320378060763,0.015190246157726272,0.0,0.011189230723371002,-0.00113429560308022
-0.7525349059716061,-0.7638230904455068,1.6001311745838716,-0.12967741490765197,-0.7607121566086872,-0.6017766833729703,-0.7524957066840222,-1.4619022951576501,0.6494027371627356,0.0,0.31824336590208974,0.015190246157726272,0.0,0.011189230723371002,-0.00113429560308022
-0.7525349059716061,-1.7685254941428359,1.6001311745838716,-0.12967741490765197,-0.7607121566086872,-0.6017766833729703,-0.7524957066840222,-1.2862442330434376,-1.2407215861820864,0.0,0.7019310677561728,0.015190246157726272,0.0,0.011189230723371002,-0.00113429560308022
-0.7525349059716061,1.2455817169491499,1.6001311745838716,-0.12967741490765197,-0.7607121566086872,-0.6017766833729703,-0.7524957066840222,1.3486266986697517,1.1076146943372378,0.0,-0.4491320378060763,0.015190246157726272,0.0,0.011189230723371002,-0.00113429560308022
-0.5163188607077753,0.2408793132518215,1.6001311745838716,-0.12967741490765197,-0.7607121566086872,-0.6017766833729703,-0.5162710609978353,-1.0520334835578207,-0.38157416647989456,0.0,-0.8328197396601593,-1.2093507338753493,0.0,0.011189230723371002,-0.00113429560308022
-0.5163188607077753,1.2455817169491499,1.6001311745838716,-0.12967741490765197,-0.7607121566086872,-0.6017766833729703,-0.5162710609978353,-0.9349281088150123,-1.2407215861820864,0.0,1.469306471464339,-1.2093507338753493,0.0,0.011189230723371002,-0.00113429560308022
-0.5163188607077753,1.2455817169491499,1.6001311745838716,-0.12967741490765197,-0.7607121566086872,-0.6017766833729703,-0.5162710609978353,-0.8763754214436081,-1.1261685968884607,0.0,1.469306471464339,-1.2093507338753493,0.0,0.011189230723371002,-0.00113429560308022
0.19232927508371683,-0.7638230904455068,1.6001311745838716,-0.12967741490765197,-0.7607121566086872,-0.6017766833729703,0.19240287606072592,-1.110586170929225,0.019361296047794935,0.0,0.31824336590208974,-1.2093507338753493,0.0,0.011189230723371002,-0.00113429560308022
0.42854532034754755,1.2455817169491499,1.6001311745838716,-0.12967741490765197,-0.7607121566086872,-0.6017766833729703,0.428627521746913,-0.7007173593293955,-0.09519169324583063,0.0,-0.4491320378060763,-1.2093507338753493,0.0,0.011189230723371002,-0.00113429560308022
1.1371934561390398,0.2408793132518215,1.6001311745838716,-0.12967741490765197,-0.7607121566086872,-0.6017766833729703,1.1373014588054742,-0.4665066098437787,-0.6106801450671457,0.0,-0.8328197396601593,1.239731226190802,0.0,0.011189230723371002,-0.00113429560308022
1.6096255466667013,-0.7638230904455068,1.6001311745838716,-0.12967741490765197,-0.7607121566086872,-0.6017766833729703,1.609750750177848,-1.403349607786246,-1.2407215861820864,0.0,-1.2165074415142423,1.239731226190802,0.0,0.011189230723371002,-0.00113429560308022
-0.5163188607077753,1.2455817169491499,-1.4436650050276725,-0.12967741490765197,-0.6450763453679649,-0.6017766833729703,-0.5162710609978353,1.0558632618127308,1.1076146943372378,0.0,-0.4491320378060763,-1.2093507338753493,-0.9813631240879068,0.011189230723371002,-0.00113429560308022
-0.5163188607077753,1.2455817169491499,-1.4436650050276725,-0.12967741490765197,-0.6450763453679649,-0.6017766833729703,-0.5162710609978353,1.5828374481553686,1.050338199690425,0.0,1.469306471464339,-1.2093507338753493,-0.9813631240879068,0.011189230723371002,-0.00113429560308022
1.1371934561390398,1.2455817169491499,-1.4436650050276725,-0.12967741490765197,-0.6450763453679649,-0.6017766833729703,1.1373014588054742,-1.4619022951576501,-0.09519169324583063,0.0,1.0856187696102557,1.239731226190802,-0.9813631240879068,0.011189230723371002,-0.00113429560308022
1.1371934561390398,1.2455817169491499,-1.4436650050276725,-0.12967741490765197,-0.6450763453679649,-0.6017766833729703,1.1373014588054742,-1.403349607786246,-0.43885066112670734,0.0,1.0856187696102557,1.239731226190802,-0.9813631240879068,0.011189230723371002,-0.00113429560308022
1.1371934561390398,1.2455817169491499,-1.4436650050276725,-0.12967741490765197,-0.6450763453679649,-0.6017766833729703,1.1373014588054742,0.47033638809868866,-0.38157416647989456,0.0,1.469306471464339,1.239731226190802,-0.9813631240879068,0.011189230723371002,-0.00113429560308022
1.1371934561390398,1.2455817169491499,-1.4436650050276725,-0.12967741490765197,-0.6450763453679649,-0.6017766833729703,1.1373014588054742,0.5288890754700929,-0.6106801450671457,0.0,1.469306471464339,1.239731226190802,-0.9813631240879068,0.011189230723371002,-0.00113429560308022
-0.9887509512354369,0.2408793132518215,-0.9363656417590819,-0.12967741490765197,-0.5294405341272427,-0.6017766833729703,-0.9887203523702093,0.5288890754700929,-1.5271040594161502,0.0,-0.8328197396601593,0.015190246157726272,0.9813631240879068,0.011189230723371002,-0.00113429560308022
0.900977410875209,1.2455817169491499,-0.9363656417590819,-0.12967741490765197,-0.5294405341272427,-0.6017766833729703,0.901076813119287,1.114415949184135,-0.267021177186269,0.0,1.469306471464339,1.239731226190802,0.9813631240879068,0.011189230723371002,-0.00113429560308022
0.900977410875209,1.2455817169491499,-0.9363656417590819,-0.12967741490765197,-0.5294405341272427,-0.6017766833729703,0.901076813119287,1.1729686365555392,0.36302026392867165,0.0,1.469306471464339,1.239731226190802,0.9813631240879068,0.011189230723371002,-0.00113429560308022
1.6096255466667013,1.2455817169491499,-0.9363656417590819,-0.12967741490765197,-0.5294405341272427,-0.6017766833729703,1.609750750177848,-0.7007173593293955,-1.5271040594161502,0.0,1.0856187696102557,1.239731226190802,0.9813631240879068,0.011189230723371002,-0.00113429560308022
1.6096255466667013,0.2408793132518215,-0.9363656417590819,-0.12967741490765197,-0.5294405341272427,-0.6017766833729703,1.609750750177848,-0.11519048561535342,0.6494027371627356,0.0,-0.8328197396601593,1.239731226190802,0.9813631240879068,0.011189230723371002,-0.00113429560308022
1.6096255466667013,0.2408793132518215,-0.9363656417590819,-0.12967741490765197,-0.5294405341272427,-0.6017766833729703,1.609750750177848,-0.056637798243949204,1.1648911889840505,0.0,-0.8328197396601593,1.239731226190802,0.9813631240879068,0.011189230723371002,-0.00113429560308022
-0.9887509512354369,1.2455817169491499,-0.42906627849049117,-0.12967741490765197,-0.4138047228865204,-0.6017766833729703,-0.9887203523702093,-0.6421646719579913,-0.6679566397139585,0.0,1.0856187696102557,0.015190246157726272,1.4720446861318601,0.011189230723371002,-0.00113429560308022
-0.7525349059716061,1.2455817169491499,-0.42906627849049117,-0.12967741490765197,-0.4138047228865204,-0.6017766833729703,-0.7524957066840222,1.2900740112983475,0.7639557264563611,0.0,-0.4491320378060763,0.015190246157726272,1.4720446861318601,0.011189230723371002,-0.00113429560308022
0.6647613656113783,1.2455817169491499,-0.42906627849049117,-0.12967741490765197,-0.4138047228865204,-0.6017766833729703,0.6648521674331,0.7045471375843055,-0.7252331343607713,0.0,1.469306471464339,1.239731226190802,1.4720446861318601,0.011189230723371002,-0.00113429560308022
0.6647613656113783,1.2455817169491499,-0.42906627849049117,-0.12967741490765197,-0.4138047228865204,-0.6017766833729703,0.6648521674331,1.0558632618127308,-0.1524681878926434,0.0,1.469306471464339,1.239731226190802,1.4720446861318601,0.011189230723371002,-0.00113429560308022
1.3734095014028704,1.2455817169491499,-0.42906627849049117,-0.12967741490765197,-0.4138047228865204,-0.6017766833729703,1.3735261044916611,-0.7592700467007997,0.19119077998823328,0.0,1.0856187696102557,1.239731226190802,1.4720446861318601,0.011189230723371002,-0.00113429560308022
1.3734095014028704,0.2408793132518215,-0.42906627849049117,-0.12967741490765197,-0.4138047228865204,-0.6017766833729703,1.3735261044916611,-0.23229586035816183,0.24846727463504606,0.0,-0.8328197396601593,1.239731226190802,1.4720446861318601,0.011189230723371002,-0.00113429560308022
-1.4611830417630982,-0.7638230904455068,0.07823308477809952,-0.12967741490765197,-0.2981689116457982,-0.6017766833729703,-1.4611696437425834,1.4657320734125603,-0.3242976718330818,0.0,-1.2165074415142423,0.015190246157726272,0.4906815620439534,0.011189230723371002,-0.00113429560308022
-1.4611830417630982,1.2455817169491499,0.07823308477809952,-0.12967741490765197,-0.2981689116457982,-0.6017766833729703,-1.4611696437425834,1.6413901355267728,-0.267021177186269,0.0,1.469306471464339,0.015190246157726272,0.4906815620439534,0.011189230723371002,-0.00113429560308022
-1.2249669964992675,0.2408793132518215,0.07823308477809952,-0.12967741490765197,-0.2981689116457982,-0.6017766833729703,-1.2249449980563965,1.2315213239269434,-0.267021177186269,0.0,-0.8328197396601593,0.015190246157726272,0.4906815620439534,0.011189230723371002,-0.00113429560308022
-1.2249669964992675,-0.7638230904455068,0.07823308477809952,-0.12967741490765197,-0.2981689116457982,-0.6017766833729703,-1.2249449980563965,1.6413901355267728,-1.068892102241648,0.0,0.31824336590208974,0.015190246157726272,0.4906815620439534,0.011189230723371002,-0.00113429560308022
0.6647613656113783,0.2408793132518215,0.07823308477809952,-0.12967741490765197,-0.2981689116457982,-0.6017766833729703,0.6648521674331,-1.4619022951576501,1.623103146158553,0.0,-0.8328197396601593,1.239731226190802,0.4906815620439534,0.011189230723371002,-0.00113429560308022
0.6647613656113783,1.2455817169491499,0.07823308477809952,-0.12967741490765197,-0.2981689116457982,-0.6017766833729703,0.6648521674331,-0.11519048561535342,0.9357852103967995,0.0,1.0856187696102557,1.239731226190802,0.4906815620439534,0.011189230723371002,-0.00113429560308022
1.1371934561390398,1.2455817169491499,0.07823308477809952,-0.12967741490765197,-0.2981689116457982,-0.6017766833729703,1.1373014588054742,-0.40795392247237444,-0.6106801450671457,0.0,1.469306471464339,1.239731226190802,0.4906815620439534,0.011189230723371002,-0.00113429560308022
1.3734095014028704,0.2408793132518215,0.07823308477809952,-0.12967741490765197,-0.2981689116457982,-0.6017766833729703,1.3735261044916611,-0.5250592972151829,1.2221676836308635,0.0,-0.8328197396601593,1.239731226190802,0.4906815620439534,0.011189230723371002,-0.00113429560308022
1.3734095014028704,-1.7685254941428359,0.07823308477809952,-0.12967741490765197,-0.2981689116457982,-0.6017766833729703,1.3735261044916611,0.8216525123271139,0.8785087157499867,0.0,0.7019310677561728,1.239731226190802,0.4906815620439534,0.011189230723371002,-0.00113429560308022
1.3734095014028704,-1.7685254941428359,0.07823308477809952,-0.12967741490765197,-0.2981689116457982,-0.6017766833729703,1.3735261044916611,0.9387578870699224,-1.6989335433565886,0.0,0.7019310677561728,1.239731226190802,0.4906815620439534,0.011189230723371002,-0.00113429560308022
1.3734095014028704,0.2408793132518215,0.07823308477809952,-0.12967741490765197,-0.2981689116457982,-0.6017766833729703,1.3735261044916611,1.114415949184135,-0.7252331343607713,0.0,-0.8328197396601593,1.239731226190802,0.4906815620439534,0.011189230723371002,-0.00113429560308022
1.6096255466667013,0.2408793132518215,0.07823308477809952,-0.12967741490765197,-0.2981689116457982,-0.6017766833729703,1.609750750177848,-1.5790076699004587,-0.09519169324583063,0.0,-0.8328197396601593,1.239731226190802,0.4906815620439534,0.011189230723371002,-0.00113429560308022
-1.697399087026929,-0.7638230904455068,0.5855324480466901,-0.12967741490765197,-0.1825331004050759,-0.6017766833729703,-1.6973942894287704,0.9973105744413265,-0.9543391129480224,0.0,0.31824336590208974,0.015190246157726272,-1.4720446861318601,0.011189230723371002,-0.00113429560308022
-0.9887509512354369,-0.7638230904455068,0.5855324480466901,-0.12967741490765197,-0.1825331004050759,-0.6017766833729703,-0.9887203523702093,0.06046757649885921,0.07663779069460772,0.0,-1.2165074415142423,0.015190246157726272,-1.4720446861318601,0.011189230723371002,-0.00113429560308022
-0.5163188607077753,1.2455817169491499,0.5855324480466901,-0.12967741490765197,-0.1825331004050759,-0.6017766833729703,-0.5162710609978353,-0.8763754214436081,0.6494027371627356,0.0,1.469306471464339,-1.2093507338753493,-1.4720446861318601,0.011189230723371002,-0.00113429560308022
0.900977410875209,0.2408793132518215,0.5855324480466901,-0.12967741490765197,-0.1825331004050759,-0.6017766833729703,0.901076813119287,0.0019148891274550072,1.336720672924489,0.0,-0.8328197396601593,1.239731226190802,-1.4720446861318601,0.011189230723371002,-0.00113429560308022
-0.7525349059716061,1.2455817169491499,1.0928318113152808,-0.12967741490765197,-0.06689728916435364,-0.6017766833729703,-0.7524957066840222,-0.17374317298675762,-1.641657048709776,0.0,-0.4491320378060763,0.015190246157726272,-0.4906815620439534,0.011189230723371002,-0.00113429560308022
-0.5163188607077753,1.2455817169491499,1.0928318113152808,-0.12967741490765197,-0.06689728916435364,-0.6017766833729703,-0.5162710609978353,-0.4665066098437787,-0.09519169324583063,0.0,1.469306471464339,-1.2093507338753493,-0.4906815620439534,0.011189230723371002,-0.00113429560308022
-0.5163188607077753,0.2408793132518215,1.0928318113152808,-0.12967741490765197,-0.06689728916435364,-0.6017766833729703,-0.5162710609978353,-0.40795392247237444,0.9357852103967995,0.0,-0.8328197396601593,-1.2093507338753493,-0.4906815620439534,0.011189230723371002,-0.00113429560308022
-0.5163188607077753,-1.7685254941428359,1.0928318113152808,-0.12967741490765197,-0.06689728916435364,-0.6017766833729703,-0.5162710609978353,-0.34940123510097026,1.2794441782776762,0.0,0.7019310677561728,-1.2093507338753493,-0.4906815620439534,0.011189230723371002,-0.00113429560308022
-0.5163188607077753,1.2455817169491499,1.0928318113152808,-0.12967741490765197,-0.06689728916435364,-0.6017766833729703,-0.5162710609978353,-0.29084854772956603,0.30574376928185887,0.0,-0.0654443359519933,-1.2093507338753493,-0.4906815620439534,0.011189230723371002,-0.00113429560308022
-0.5163188607077753,0.2408793132518215,1.0928318113152808,-0.12967741490765197,-0.06689728916435364,-0.6017766833729703,-0.5162710609978353,-0.23229586035816183,-0.38157416647989456,0.0,-0.8328197396601593,-1.2093507338753493,-0.4906815620439534,0.011189230723371002,-0.00113429560308022
0.42854532034754755,0.2408793132518215,1.0928318113152808,-0.12967741490765197,-0.06689728916435364,-0.6017766833729703,0.428627521746913,-1.5204549825290543,-0.037915198599017846,0.0,-0.8328197396601593,-1.2093507338753493,-0.4906815620439534,0.011189230723371002,-0.00113429560308022
0.900977410875209,-0.7638230904455068,1.0928318113152808,-0.12967741490765197,-0.06689728916435364,-0.6017766833729703,0.901076813119287,-0.8763754214436081,-1.4698275647693375,0.0,-1.2165074415142423,1.239731226190802,-0.4906815620439534,0.011189230723371002,-0.00113429560308022
-0.9887509512354369,0.2408793132518215,1.6001311745838716,-0.12967741490765197,0.048738522076368605,-0.6017766833729703,-0.9887203523702093,0.8216525123271139,1.2221676836308635,0.0,-0.8328197396601593,0.015190246157726272,0.0,0.011189230723371002,-0.00113429560308022
-0.9887509512354369,1.2455817169491499,1.6001311745838716,-0.12967741490765197,0.048738522076368605,-0.6017766833729703,-0.9887203523702093,1.699942822898177,0.6494027371627356,0.0,1.469306471464339,0.015190246157726272,0.0,0.011189230723371002,-0.00113429560308022
-0.7525349059716061,1.2455817169491499,1.6001311745838716,-0.12967741490765197,0.048738522076368605,-0.6017766833729703,-0.7524957066840222,-1.696113044643267,0.4775732532222972,0.0,1.0856187696102557,0.015190246157726272,0.0,0.011189230723371002,-0.00113429560308022
-0.7525349059716061,1.2455817169491499,1.6001311745838716,-0.12967741490765197,0.048738522076368605,-0.6017766833729703,-0.7524957066840222,-1.6375603572718629,0.6494027371627356,0.0,1.0856187696102557,0.015190246157726272,0.0,0.011189230723371002,-0.00113429560308022
-0.5163188607077753,0.2408793132518215,1.6001311745838716,-0.12967741490765197,0.048738522076368605,-0.6017766833729703,-0.5162710609978353,1.1729686365555392,-0.1524681878926434,0.0,-0.8328197396601593,-1.2093507338753493,0.0,0.011189230723371002,-0.00113429560308022
-0.0438867701801139,-1.7685254941428359,1.6001311745838716,-0.12967741490765197,0.048738522076368605,-0.6017766833729703,-0.043821769625461124,-1.696113044643267,0.4775732532222972,0.0,0.7019310677561728,-1.2093507338753493,0.0,0.011189230723371002,-0.00113429560308022
0.19232927508371683,0.2408793132518215,1.6001311745838716,-0.12967741490765197,0.048738522076368605,-0.6017766833729703,0.19240287606072592,-1.5790076699004587,0.36302026392867165,0.0,-0.8328197396601593,-1.2093507338753493,0.0,0.011189230723371002,-0.00113429560308022
0.19232927508371683,0.2408793132518215,1.6001311745838716,-0.12967741490765197,0.048738522076368605,-0.6017766833729703,0.19240287606072592,-1.403349607786246,-1.1261685968884607,0.0,-0.8328197396601593,-1.2093507338753493,0.0,0.011189230723371002,-0.00113429560308022
0.19232927508371683,1.2455817169491499,1.6001311745838716,-0.12967741490765197,0.048738522076368605,-0.6017766833729703,0.19240287606072592,0.8216525123271139,1.6803796408053657,0.0,1.0856187696102557,-1.2093507338753493,0.0,0.011189230723371002,-0.00113429560308022
0.42854532034754755,1.2455817169491499,1.6001311745838716,-0.12967741490765197,0.048738522076368605,-0.6017766833729703,0.428627521746913,1.0558632618127308,0.36302026392867165,0.0,1.0856187696102557,-1.2093507338753493,0.0,0.011189230723371002,-0.00113429560308022
0.6647613656113783,0.2408793132518215,1.6001311745838716,-0.12967741490765197,0.048738522076368605,-0.6017766833729703,0.6648521674331,0.9387578870699224,-0.7252331343607713,0.0,-0.8328197396601593,1.239731226190802,0.0,0.011189230723371002,-0.00113429560308022
0.6647613656113783,0.2408793132518215,1.6001311745838716,-0.12967741490765197,0.048738522076368605,-0.6017766833729703,0.6648521674331,0.9973105744413265,-0.782509629007584,0.0,-0.8328197396601593,1.239731226190802,0.0,0.011189230723371002,-0.00113429560308022
-1.4611830417630982,-0.7638230904455068,-1.4436650050276725,-0.12967741490765197,0.16437433331709086,-0.6017766833729703,-1.4611696437425834,1.6413901355267728,-0.3242976718330818,0.0,-1.2165074415142423,0.015190246157726272,-0.9813631240879068,0.011189230723371002,-0.00113429560308022
-0.9887509512354369,-0.7638230904455068,-1.4436650050276725,-0.12967741490765197,0.16437433331709086,-0.6017766833729703,-0.9887203523702093,-0.9934807961864165,-1.4125510701225246,0.0,0.31824336590208974,0.015190246157726272,-0.9813631240879068,0.011189230723371002,-0.00113429560308022
-0.9887509512354369,-0.7638230904455068,-1.4436650050276725,-0.12967741490765197,0.16437433331709086,-0.6017766833729703,-0.9887203523702093,-0.9349281088150123,0.42029675857548443,0.0,0.31824336590208974,0.015190246157726272,-0.9813631240879068,0.011189230723371002,-0.00113429560308022
-0.9887509512354369,1.2455817169491499,-1.4436650050276725,-0.12967741490765197,0.16437433331709086,-0.6017766833729703,-0.9887203523702093,1.5242847607839645,1.2221676836308635,0.0,-0.4491320378060763,0.015190246157726272,-0.9813631240879068,0.011189230723371002,-0.00113429560308022
-0.0438867701801139,1.2455817169491499,-1.4436650050276725,-0.12967741490765197,0.16437433331709086,-0.6017766833729703,-0.043821769625461124,1.2900740112983475,0.30574376928185887,0.0,-0.4491320378060763,-1.2093507338753493,-0.9813631240879068,0.011189230723371002,-0.00113429560308022
0.42854532034754755,1.2455817169491499,-1.4436650050276725,-0.12967741490765197,0.16437433331709086,-0.6017766833729703,0.428627521746913,1.2315213239269434,-0.9543391129480224,0.0,-0.4491320378060763,-1.2093507338753493,-0.9813631240879068,0.011189230723371002,-0.00113429560308022
0.42854532034754755,1.2455817169491499,-1.4436650050276725,-0.12967741490765197,0.16437433331709086,-0.6017766833729703,0.428627521746913,1.2900740112983475,-1.068892102241648,0.0,-0.4491320378060763,-1.2093507338753493,-0.9813631240879068,0.011189230723371002,-0.00113429560308022
0.42854532034754755,-0.7638230904455068,-1.4436650050276725,-0.12967741490765197,0.16437433331709086,-0.6017766833729703,0.428627521746913,1.3486266986697517,0.36302026392867165,0.0,-1.2165074415142423,-1.2093507338753493,-0.9813631240879068,0.011189230723371002,-0.00113429560308022
0.900977410875209,-0.7638230904455068,-1.4436650050276725,-0.12967741490765197,0.16437433331709086,-0.6017766833729703,0.901076813119287,1.2900740112983475,-0.6106801450671457,0.0,-1.2165074415142423,1.239731226190802,-0.9813631240879068,0.011189230723371002,-0.00113429560308022
1.6096255466667013,0.2408793132518215,-1.4436650050276725,-0.12967741490765197,0.16437433331709086,-0.6017766833729703,1.609750750177848,-0.7592700467007997,-1.068892102241648,0.0,-0.8328197396601593,1.239731226190802,-0.9813631240879068,0.011189230723371002,-0.00113429560308022
-0.0438867701801139,-0.7638230904455068,-0.9363656417590819,-0.12967741490765197,0.2800101445578131,-0.6017766833729703,-0.043821769625461124,-1.4619022951576501,-1.3552745754757118,0.0,-1.2165074415142423,-1.2093507338753493,0.9813631240879068,0.011189230723371002,-0.00113429560308022
-0.0438867701801139,1.2455817169491499,-0.9363656417590819,-0.12967741490765197,0.2800101445578131,-0.6017766833729703,-0.043821769625461124,-1.403349607786246,-1.0116156075948353,0.0,-0.4491320378060763,-1.2093507338753493,0.9813631240879068,0.011189230723371002,-0.00113429560308022
1.1371934561390398,1.2455817169491499,-0.9363656417590819,-0.12967741490765197,0.2800101445578131,-0.6017766833729703,1.1373014588054742,-0.5250592972151829,0.5921262425159228,0.0,-0.4491320378060763,1.239731226190802,0.9813631240879068,0.011189230723371002,-0.00113429560308022
1.1371934561390398,1.2455817169491499,-0.9363656417590819,-0.12967741490765197,0.2800101445578131,-0.6017766833729703,1.1373014588054742,-0.4665066098437787,0.4775732532222972,0.0,-0.4491320378060763,1.239731226190802,0.9813631240879068,0.011189230723371002,-0.00113429560308022
1.3734095014028704,-0.7638230904455068,-0.9363656417590819,-0.12967741490765197,0.2800101445578131,-0.6017766833729703,1.3735261044916611,0.35323101335588025,1.1076146943372378,0.0,0.31824336590208974,1.239731226190802,0.9813631240879068,0.011189230723371002,-0.00113429560308022
1.6096255466667013,0.2408793132518215,-0.9363656417590819,-0.12967741490765197,0.2800101445578131,-0.6017766833729703,1.609750750177848,-0.5250592972151829,1.1076146943372378,0.0,-0.8328197396601593,1.239731226190802,0.9813631240879068,0.011189230723371002,-0.00113429560308022
1.6096255466667013,0.2408793132518215,-0.9363656417590819,-0.12967741490765197,0.2800101445578131,-0.6017766833729703,1.609750750177848,-0.40795392247237444,-0.6679566397139585,0.0,-0.8328197396601593,1.239731226190802,0.9813631240879068,0.011189230723371002,-0.00113429560308022
-1.697399087026929,1.2455817169491499,-0.42906627849049117,-0.12967741490765197,0.39564595579853534,-0.6017766833729703,-1.6973942894287704,1.0558632618127308,-0.6106801450671457,0.0,1.469306471464339,0.015190246157726272,1.4720446861318601,0.011189230723371002,-0.00113429560308022
-1.4611830417630982,-0.7638230904455068,-0.42906627849049117,-0.12967741490765197,0.39564595579853534,-0.6017766833729703,-1.4611696437425834,-0.7007173593293955,1.3939971675713017,0.0,0.31824336590208974,0.015190246157726272,1.4720446861318601,0.011189230723371002,-0.00113429560308022
-0.9887509512354369,-0.7638230904455068,-0.42906627849049117,-0.12967741490765197,0.39564595579853534,-0.6017766833729703,-0.9887203523702093,1.4657320734125603,-1.6989335433565886,0.0,-1.2165074415142423,0.015190246157726272,1.4720446861318601,0.011189230723371002,-0.00113429560308022
-0.7525349059716061,1.2455817169491499,-0.42906627849049117,-0.12967741490765197,0.39564595579853534,-0.6017766833729703,-0.7524957066840222,-1.0520334835578207,-0.1524681878926434,0.0,1.469306471464339,0.015190246157726272,1.4720446861318601,0.011189230723371002,-0.00113429560308022
-0.7525349059716061,1.2455817169491499,-0.42906627849049117,-0.12967741490765197,0.39564595579853534,-0.6017766833729703,-0.7524957066840222,-0.9934807961864165,0.07663779069460772,0.0,-0.0654443359519933,0.015190246157726272,1.4720446861318601,0.011189230723371002,-0.00113429560308022
-0.0438867701801139,0.2408793132518215,-0.42906627849049117,-0.12967741490765197,0.39564595579853534,-0.6017766833729703,-0.043821769625461124,-0.4665066098437787,0.36302026392867165,0.0,-0.8328197396601593,-1.2093507338753493,1.4720446861318601,0.011189230723371002,-0.00113429560308022
0.900977410875209,1.2455817169491499,-0.42906627849049117,-0.12967741490765197,0.39564595579853534,-0.6017766833729703,0.901076813119287,-0.056637798243949204,0.7639557264563611,0.0,-0.4491320378060763,1.239731226190802,1.4720446861318601,0.011189230723371002,-0.00113429560308022
0.900977410875209,1.2455817169491499,-0.42906627849049117,-0.12967741490765197,0.39564595579853534,-0.6017766833729703,0.901076813119287,0.0019148891274550072,1.623103146158553,0.0,1.469306471464339,1.239731226190802,1.4720446861318601,0.011189230723371002,-0.00113429560308022
1.1371934561390398,0.2408793132518215,-0.42906627849049117,-0.12967741490765197,0.39564595579853534,-0.6017766833729703,1.1373014588054742,0.11902026387026342,0.07663779069460772,0.0,-0.8328197396601593,1.239731226190802,1.4720446861318601,0.011189230723371002,-0.00113429560308022
1.6096255466667013,1.2455817169491499,-0.42906627849049117,-0.12967741490765197,0.39564595579853534,-0.6017766833729703,1.609750750177848,-0.056637798243949204,1.6803796408053657,0.0,-0.4491320378060763,1.239731226190802,1.4720446861318601,0.011189230723371002,-0.00113429560308022
1.6096255466667013,0.2408793132518215,-0.42906627849049117,-0.12967741490765197,0.39564595579853534,-0.6017766833729703,1.609750750177848,0.06046757649885921,-1.5271040594161502,0.0,-0.8328197396601593,1.239731226190802,1.4720446861318601,0.011189230723371002,-0.00113429560308022
-0.9887509512354369,1.2455817169491499,0.07823308477809952,-0.12967741490765197,0.5112817670392577,-0.6017766833729703,-0.9887203523702093,1.2315213239269434,-1.3552745754757118,0.0,1.469306471464339,0.015190246157726272,0.4906815620439534,0.011189230723371002,-0.00113429560308022
0.900977410875209,1.2455817169491499,0.07823308477809952,-0.12967741490765197,0.5112817670392577,-0.6017766833729703,0.901076813119287,1.7584955102695812,-1.584380554062963,0.0,1.469306471464339,1.239731226190802,0.4906815620439534,0.011189230723371002,-0.00113429560308022
1.1371934561390398,1.2455817169491499,0.07823308477809952,-0.12967741490765197,0.5112817670392577,-0.6017766833729703,1.1373014588054742,-1.696113044643267,-1.6989335433565886,0.0,1.469306471464339,1.239731226190802,0.4906815620439534,0.011189230723371002,-0.00113429560308022
1.6096255466667013,1.2455817169491499,0.07823308477809952,-0.12967741490765197,0.5112817670392577,-0.6017766833729703,1.609750750177848,0.5874417628414971,-1.1261685968884607,0.0,1.469306471464339,1.239731226190802,0.4906815620439534,0.011189230723371002,-0.00113429560308022
1.6096255466667013,1.2455817169491499,0.07823308477809952,-0.12967741490765197,0.5112817670392577,-0.6017766833729703,1.609750750177848,1.6413901355267728,0.5921262425159228,0.0,1.469306471464339,1.239731226190802,0.4906815620439534,0.011189230723371002,-0.00113429560308022
1.6096255466667013,0.2408793132518215,0.07823308477809952,-0.12967741490765197,0.5112817670392577,-0.6017766833729703,1.609750750177848,1.7584955102695812,-0.7252331343607713,0.0,-0.8328197396601593,1.239731226190802,0.4906815620439534,0.011189230723371002,-0.00113429560308022
-1.2249669964992675,1.2455817169491499,0.5855324480466901,-0.12967741490765197,0.6269175782799798,-0.6017766833729703,-1.2249449980563965,1.7584955102695812,1.4512736622181146,0.0,1.469306471464339,0.015190246157726272,-1.4720446861318601,0.011189230723371002,-0.00113429560308022
-0.9887509512354369,-0.7638230904455068,0.5855324480466901,-0.12967741490765197,0.6269175782799798,-0.6017766833729703,-0.9887203523702093,-1.6375603572718629,0.5921262425159228,0.0,-1.2165074415142423,0.015190246157726272,-1.4720446861318601,0.011189230723371002,-0.00113429560308022
-0.2801028154439446,0.2408793132518215,0.5855324480466901,-0.12967741490765197,0.6269175782799798,-0.6017766833729703,-0.28004641531164814,-0.583611984586587,-0.6106801450671457,0.0,-0.8328197396601593,-1.2093507338753493,-1.4720446861318601,0.011189230723371002,-0.00113429560308022
-0.2801028154439446,0.2408793132518215,0.5855324480466901,-0.12967741490765197,0.6269175782799798,-0.6017766833729703,-0.28004641531164814,-0.5250592972151829,0.07663779069460772,0.0,-0.8328197396601593,-1.2093507338753493,-1.4720446861318601,0.011189230723371002,-0.00113429560308022
0.900977410875209,-1.7685254941428359,0.5855324480466901,-0.12967741490765197,0.6269175782799798,-0.6017766833729703,0.901076813119287,-0.9934807961864165,-0.782509629007584,0.0,0.7019310677561728,1.239731226190802,-1.4720446861318601,0.011189230723371002,-0.00113429560308022
1.1371934561390398,1.2455817169491499,0.5855324480466901,-0.12967741490765197,0.6269175782799798,-0.6017766833729703,1.1373014588054742,0.06046757649885921,-0.2097446825394562,0.0,1.469306471464339,1.239731226190802,-1.4720446861318601,0.011189230723371002,-0.00113429560308022
1.1371934561390398,1.2455817169491499,0.5855324480466901,-0.12967741490765197,0.6269175782799798,-0.6017766833729703,1.1373014588054742,1.0558632618127308,-1.3552745754757118,0.0,-0.4491320378060763,1.239731226190802,-1.4720446861318601,0.011189230723371002,-0.00113429560308022
1.1371934561390398,1.2455817169491499,0.5855324480466901,-0.12967741490765197,0.6269175782799798,-0.6017766833729703,1.1373014588054742,1.114415949184135,-1.3552745754757118,0.0,-0.4491320378060763,1.239731226190802,-1.4720446861318601,0.011189230723371002,-0.00113429560308022
1.1371934561390398,1.2455817169491499,0.5855324480466901,-0.12967741490765197,0.6269175782799798,-0.6017766833729703,1.1373014588054742,1.1729686365555392,1.3939971675713017,0.0,-0.4491320378060763,1.239731226190802,-1.4720446861318601,0.011189230723371002,-0.00113429560308022
1.1371934561390398,1.2455817169491499,0.5855324480466901,-0.12967741490765197,0.6269175782799798,-0.6017766833729703,1.1373014588054742,1.2900740112983475,-1.6989335433565886,0.0,-0.4491320378060763,1.239731226190802,-1.4720446861318601,0.011189230723371002,-0.00113429560308022
1.1371934561390398,-0.7638230904455068,0.5855324480466901,-0.12967741490765197,0.6269175782799798,-0.6017766833729703,1.1373014588054742,1.3486266986697517,-0.6679566397139585,0.0,-1.2165074415142423,1.239731226190802,-1.4720446861318601,0.011189230723371002,-0.00113429560308022
1.1371934561390398,0.2408793132518215,0.5855324480466901,-0.12967741490765197,0.6269175782799798,-0.6017766833729703,1.1373014588054742,1.5242847607839645,0.42029675857548443,0.0,-0.8328197396601593,1.239731226190802,-1.4720446861318601,0.011189230723371002,-0.00113429560308022
-1.4611830417630982,-0.7638230904455068,1.0928318113152808,-0.12967741490765197,0.7425533895207022,-0.6017766833729703,-1.4611696437425834,0.5874417628414971,1.1648911889840505,0.0,0.31824336590208974,0.015190246157726272,-0.4906815620439534,0.011189230723371002,-0.00113429560308022
-1.2249669964992675,0.2408793132518215,1.0928318113152808,-0.12967741490765197,0.7425533895207022,-0.6017766833729703,-1.2249449980563965,0.47033638809868866,1.050338199690425,0.0,-0.8328197396601593,0.015190246157726272,-0.4906815620439534,0.011189230723371002,-0.00113429560308022
-0.5163188607077753,0.2408793132518215,1.0928318113152808,-0.12967741490765197,0.7425533895207022,-0.6017766833729703,-0.5162710609978353,1.407179386041156,-0.8397861236543969,0.0,-0.8328197396601593,-1.2093507338753493,-0.4906815620439534,0.011189230723371002,-0.00113429560308022
0.19232927508371683,1.2455817169491499,1.0928318113152808,-0.12967741490765197,0.7425533895207022,-0.6017766833729703,0.19240287606072592,0.47033638809868866,-0.5534036504203329,0.0,1.469306471464339,-1.2093507338753493,-0.4906815620439534,0.011189230723371002,-0.00113429560308022
1.845841591930532,1.2455817169491499,1.0928318113152808,-0.12967741490765197,0.7425533895207022,-0.6017766833729703,1.8459753958640353,-1.110586170929225,-0.43885066112670734,0.0,-0.4491320378060763,1.239731226190802,-0.4906815620439534,0.011189230723371002,-0.00113429560308022
0.900977410875209,0.2408793132518215,1.6001311745838716,-0.12967741490765197,0.8581892007614244,-0.6017766833729703,0.901076813119287,-0.9934807961864165,-1.641657048709776,0.0,-0.8328197396601593,1.239731226190802,0.0,0.011189230723371002,-0.00113429560308022
0.900977410875209,0.2408793132518215,1.6001311745838716,-0.12967741490765197,0.8581892007614244,-0.6017766833729703,0.901076813119287,-0.9349281088150123,1.1648911889840505,0.0,-0.8328197396601593,1.239731226190802,0.0,0.011189230723371002,-0.00113429560308022
1.6096255466667013,1.2455817169491499,1.6001311745838716,-0.12967741490765197,0.8581892007614244,-0.6017766833729703,1.609750750177848,-1.3447969204148418,0.9357852103967995,0.0,-0.4491320378060763,1.239731226190802,0.0,0.011189230723371002,-0.00113429560308022
1.6096255466667013,1.2455817169491499,1.6001311745838716,-0.12967741490765197,0.8581892007614244,-0.6017766833729703,1.609750750177848,0.0019148891274550072,-1.2979980808288991,0.0,1.469306471464339,1.239731226190802,0.0,0.011189230723371002,-0.00113429560308022
1.6096255466667013,1.2455817169491499,1.6001311745838716,-0.12967741490765197,0.8581892007614244,-0.6017766833729703,1.609750750177848,0.06046757649885921,0.36302026392867165,0.0,-0.4491320378060763,1.239731226190802,0.0,0.011189230723371002,-0.00113429560308022
-0.7525349059716061,0.2408793132518215,-1.4436650050276725,-0.12967741490765197,0.9738250120021467,-0.6017766833729703,-0.7524957066840222,0.8802051996985182,0.53484974786911,0.0,-0.8328197396601593,0.015190246157726272,-0.9813631240879068,0.011189230723371002,-0.00113429560308022
-0.7525349059716061,1.2455817169491499,-1.4436650050276725,-0.12967741490765197,0.9738250120021467,-0.6017766833729703,-0.7524957066840222,1.1729686365555392,0.36302026392867165,0.0,-0.4491320378060763,0.015190246157726272,-0.9813631240879068,0.011189230723371002,-0.00113429560308022
-0.7525349059716061,1.2455817169491499,-1.4436650050276725,-0.12967741490765197,0.9738250120021467,-0.6017766833729703,-0.7524957066840222,1.2315213239269434,0.821232221103174,0.0,-0.4491320378060763,0.015190246157726272,-0.9813631240879068,0.011189230723371002,-0.00113429560308022
0.19232927508371683,1.2455817169491499,-1.4436650050276725,-0.12967741490765197,0.9738250120021467,-0.6017766833729703,0.19240287606072592,-1.5790076699004587,-0.09519169324583063,0.0,1.469306471464339,-1.2093507338753493,-0.9813631240879068,0.011189230723371002,-0.00113429560308022
0.42854532034754755,1.2455817169491499,-1.4436650050276725,-0.12967741490765197,0.9738250120021467,-0.6017766833729703,0.428627521746913,0.9973105744413265,-1.6989335433565886,0.0,-0.4491320378060763,-1.2093507338753493,-0.9813631240879068,0.011189230723371002,-0.00113429560308022
0.42854532034754755,1.2455817169491499,-1.4436650050276725,-0.12967741490765197,0.9738250120021467,-0.6017766833729703,0.428627521746913,1.0558632618127308,-1.6989335433565886,0.0,-0.4491320378060763,-1.2093507338753493,-0.9813631240879068,0.011189230723371002,-0.00113429560308022
-1.4611830417630982,1.2455817169491499,-0.9363656417590819,-0.12967741490765197,1.0894608232428689,-0.6017766833729703,-1.4611696437425834,-0.583611984586587,-0.3242976718330818,0.0,1.469306471464339,0.015190246157726272,0.9813631240879068,0.011189230723371002,-0.00113429560308022
-0.9887509512354369,0.2408793132518215,-0.9363656417590819,-0.12967741490765197,1.0894608232428689,-0.6017766833729703,-0.9887203523702093,-0.056637798243949204,-0.2097446825394562,0.0,-0.8328197396601593,0.015190246157726272,0.9813631240879068,0.011189230723371002,-0.00113429560308022
-0.9887509512354369,0.2408793132518215,-0.9363656417590819,-0.12967741490765197,1.0894608232428689,-0.6017766833729703,-0.9887203523702093,0.0019148891274550072,0.7066792318095484,0.0,-0.8328197396601593,0.015190246157726272,0.9813631240879068,0.011189230723371002,-0.00113429560308022
-0.7525349059716061,1.2455817169491499,-0.9363656417590819,-0.12967741490765197,1.0894608232428689,-0.6017766833729703,-0.7524957066840222,0.2946783259844761,1.2794441782776762,0.0,-0.4491320378060763,0.015190246157726272,0.9813631240879068,0.011189230723371002,-0.00113429560308022
-1.2249669964992675,1.2455817169491499,-0.42906627849049117,-0.12967741490765197,1.2050966344835912,-0.6017766833729703,-1.2249449980563965,0.23612563861307184,-1.641657048709776,0.0,1.469306471464339,0.015190246157726272,1.4720446861318601,0.011189230723371002,-0.00113429560308022
0.42854532034754755,-1.7685254941428359,-0.42906627849049117,-0.12967741490765197,1.2050966344835912,-0.6017766833729703,0.428627521746913,0.17757295124166764,-0.037915198599017846,0.0,0.7019310677561728,-1.2093507338753493,1.4720446861318601,0.011189230723371002,-0.00113429560308022
0.42854532034754755,-0.7638230904455068,-0.42906627849049117,-0.12967741490765197,1.2050966344835912,-0.6017766833729703,0.428627521746913,0.2946783259844761,-1.641657048709776,0.0,-1.2165074415142423,-1.2093507338753493,1.4720446861318601,0.011189230723371002,-0.00113429560308022
1.6096255466667013,1.2455817169491499,-0.42906627849049117,-0.12967741490765197,1.2050966344835912,-0.6017766833729703,1.609750750177848,-0.4665066098437787,1.336720672924489,0.0,1.469306471464339,1.239731226190802,1.4720446861318601,0.011189230723371002,-0.00113429560308022
1.6096255466667013,1.2455817169491499,-0.42906627849049117,-0.12967741490765197,1.2050966344835912,-0.6017766833729703,1.609750750177848,-0.11519048561535342,-1.6989335433565886,0.0,-0.4491320378060763,1.239731226190802,1.4720446861318601,0.011189230723371002,-0.00113429560308022
1.6096255466667013,0.2408793132518215,-0.42906627849049117,-0.12967741490765197,1.2050966344835912,-0.6017766833729703,1.609750750177848,-0.056637798243949204,-0.8970626183012096,0.0,-0.8328197396601593,1.239731226190802,1.4720446861318601,0.011189230723371002,-0.00113429560308022
-1.2249669964992675,0.2408793132518215,0.07823308477809952,-0.12967741490765197,1.3207324457243135,-0.6017766833729703,-1.2249449980563965,-0.817822734072204,0.7639557264563611,0.0,-0.8328197396601593,0.015190246157726272,0.4906815620439534,0.011189230723371002,-0.00113429560308022
0.42854532034754755,-0.7638230904455068,0.07823308477809952,-0.12967741490765197,1.3207324457243135,-0.6017766833729703,0.428627521746913,-1.0520334835578207,1.050338199690425,0.0,0.31824336590208974,-1.2093507338753493,0.4906815620439534,0.011189230723371002,-0.00113429560308022
1.6096255466667013,0.2408793132518215,0.07823308477809952,-0.12967741490765197,1.3207324457243135,-0.6017766833729703,1.609750750177848,0.8802051996985182,-1.5271040594161502,0.0,-0.8328197396601593,1.239731226190802,0.4906815620439534,0.011189230723371002,-0.00113429560308022
1.6096255466667013,1.2455817169491499,0.07823308477809952,-0.12967741490765197,1.3207324457243135,-0.6017766833729703,1.609750750177848,1.2315213239269434,0.07663779069460772,0.0,-0.4491320378060763,1.239731226190802,0.4906815620439534,0.011189230723371002,-0.00113429560308022
-1.4611830417630982,-0.7638230904455068,0.5855324480466901,-0.12967741490765197,1.4363682569650356,-0.6017766833729703,-1.4611696437425834,-1.2276915456720334,0.30574376928185887,0.0,0.31824336590208974,0.015190246157726272,-1.4720446861318601,0.011189230723371002,-0.00113429560308022
0.6647613656113783,-1.7685254941428359,0.5855324480466901,-0.12967741490765197,1.4363682569650356,-0.6017766833729703,0.6648521674331,1.2900740112983475,1.336720672924489,0.0,0.7019310677561728,1.239731226190802,-1.4720446861318601,0.011189230723371002,-0.00113429560308022
1.6096255466667013,0.2408793132518215,0.5855324480466901,-0.12967741490765197,1.4363682569650356,-0.6017766833729703,1.609750750177848,1.2315213239269434,1.4512736622181146,0.0,-0.8328197396601593,1.239731226190802,-1.4720446861318601,0.011189230723371002,-0.00113429560308022
1.6096255466667013,1.2455817169491499,0.5855324480466901,-0.12967741490765197,1.4363682569650356,-0.6017766833729703,1.609750750177848,1.3486266986697517,-1.641657048709776,0.0,1.469306471464339,1.239731226190802,-1.4720446861318601,0.011189230723371002,-0.00113429560308022
1.845841591930532,1.2455817169491499,0.5855324480466901,-0.12967741490765197,1.4363682569650356,-0.6017766833729703,1.8459753958640353,-0.056637798243949204,-0.6106801450671457,0.0,-0.4491320378060763,1.239731226190802,-1.4720446861318601,0.011189230723371002,-0.00113429560308022
-1.2249669964992675,0.2408793132518215,1.0928318113152808,-0.12967741490765197,1.5520040682057579,-0.6017766833729703,-1.2249449980563965,1.0558632618127308,-1.1261685968884607,0.0,-0.8328197396601593,0.015190246157726272,-0.4906815620439534,0.011189230723371002,-0.00113429560308022
-0.7525349059716061,0.2408793132518215,1.0928318113152808,-0.12967741490765197,1.5520040682057579,-0.6017766833729703,-0.7524957066840222,0.6459944502129013,-0.6106801450671457,0.0,-0.8328197396601593,0.015190246157726272,-0.4906815620439534,0.011189230723371002,-0.00113429560308022
-0.7525349059716061,0.2408793132518215,1.0928318113152808,-0.12967741490765197,1.5520040682057579,-0.6017766833729703,-0.7524957066840222,0.7045471375843055,-0.2097446825394562,0.0,-0.8328197396601593,0.015190246157726272,-0.4906815620439534,0.011189230723371002,-0.00113429560308022
-0.5163188607077753,1.2455817169491499,1.0928318113152808,-0.12967741490765197,1.5520040682057579,-0.6017766833729703,-0.5162710609978353,0.06046757649885921,-0.3242976718330818,0.0,-0.4491320378060763,-1.2093507338753493,-0.4906815620439534,0.011189230723371002,-0.00113429560308022
-0.5163188607077753,1.2455817169491499,1.0928318113152808,-0.12967741490765197,1.5520040682057579,-0.6017766833729703,-0.5162710609978353,0.11902026387026342,0.7066792318095484,0.0,-0.4491320378060763,-1.2093507338753493,-0.4906815620439534,0.011189230723371002,-0.00113429560308022
0.6647613656113783,1.2455817169491499,1.0928318113152808,-0.12967741490765197,1.5520040682057579,-0.6017766833729703,0.6648521674331,-0.34940123510097026,0.7639557264563611,0.0,-0.4491320378060763,1.239731226190802,-0.4906815620439534,0.011189230723371002,-0.00113429560308022
0.6647613656113783,1.2455817169491499,1.0928318113152808,-0.12967741490765197,1.5520040682057579,-0.6017766833729703,0.6648521674331,-0.29084854772956603,1.2794441782776762,0.0,1.0856187696102557,1.239731226190802,-0.4906815620439534,0.011189230723371002,-0.00113429560308022
1.6096255466667013,1.2455817169491499,1.0928318113152808,-0.12967741490765197,1.5520040682057579,-0.6017766833729703,1.609750750177848,-0.11519048561535342,-0.43885066112670734,0.0,1.469306471464339,1.239731226190802,-0.4906815620439534,0.011189230723371002,-0.00113429560308022
-0.9887509512354369,1.2455817169491499,1.6001311745838716,-0.12967741490765197,1.6676398794464802,-0.6017766833729703,-0.9887203523702093,-0.056637798243949204,-1.1834450915352734,0.0,1.469306471464339,0.015190246157726272,0.0,0.011189230723371002,-0.00113429560308022
-0.2801028154439446,-1.7685254941428359,1.6001311745838716,-0.12967741490765197,1.6676398794464802,-0.6017766833729703,-0.28004641531164814,-1.403349607786246,1.1648911889840505,0.0,0.7019310677561728,-1.2093507338753493,0.0,0.011189230723371002,-0.00113429560308022
0.42854532034754755,1.2455817169491499,1.6001311745838716,-0.12967741490765197,1.6676398794464802,-0.6017766833729703,0.428627521746913,1.4657320734125603,0.6494027371627356,0.0,1.0856187696102557,-1.2093507338753493,0.0,0.011189230723371002,-0.00113429560308022
1.6096255466667013,0.2408793132518215,1.6001311745838716,-0.12967741490765197,1.6676398794464802,-0.6017766833729703,1.609750750177848,-1.4619022951576501,-1.1834450915352734,0.0,-0.8328197396601593,1.239731226190802,0.0,0.011189230723371002,-0.00113429560308022
0.900977410875209,-1.7685254941428359,-1.4436650050276725,0.15601562278019981,-1.6857986465344652,-0.6017766833729703,0.901076813119287,-1.2862442330434376,-0.2097446825394562,0.0,0.7019310677561728,1.239731226190802,-0.9813631240879068,-0.28279744613438557,-0.2885161887548724
0.900977410875209,1.2455817169491499,-1.4436650050276725,0.15601562278019981,-1.6857986465344652,-0.6017766833729703,0.901076813119287,1.5828374481553686,1.2221676836308635,0.0,-0.4491320378060763,1.239731226190802,-0.9813631240879068,-0.28279744613438557,-0.2885161887548724
0.900977410875209,1.2455817169491499,-1.4436650050276725,0.15601562278019981,-1.6857986465344652,-0.6017766833729703,0.901076813119287,1.6413901355267728,1.3939971675713017,0.0,-0.4491320378060763,1.239731226190802,-0.9813631240879068,-0.28279744613438557,-0.2885161887548724
-0.9887509512354369,0.2408793132518215,-0.9363656417590819,0.15601562278019981,-1.570162835293743,-0.6017766833729703,-0.9887203523702093,0.7630998249557097,1.3939971675713017,0.0,-0.8328197396601593,0.015190246157726272,0.9813631240879068,-0.28279744613438557,-0.2885161887548724
-0.9887509512354369,-0.7638230904455068,-0.9363656417590819,0.15601562278019981,-1.570162835293743,-0.6017766833729703,-0.9887203523702093,0.9387578870699224,-1.6989335433565886,0.0,-1.2165074415142423,0.015190246157726272,0.9813631240879068,-0.28279744613438557,-0.2885161887548724
-0.5163188607077753,1.2455817169491499,-0.9363656417590819,0.15601562278019981,-1.570162835293743,-0.6017766833729703,-0.5162710609978353,1.114415949184135,-1.4125510701225246,0.0,1.469306471464339,-1.2093507338753493,0.9813631240879068,-0.28279744613438557,-0.2885161887548724
-0.0438867701801139,-0.7638230904455068,-0.9363656417590819,0.15601562278019981,-1.570162835293743,-0.6017766833729703,-0.043821769625461124,-1.5204549825290543,-0.9543391129480224,0.0,-1.2165074415142423,-1.2093507338753493,0.9813631240879068,-0.28279744613438557,-0.2885161887548724
0.42854532034754755,0.2408793132518215,-0.9363656417590819,0.15601562278019981,-1.570162835293743,-0.6017766833729703,0.428627521746913,0.11902026387026342,-0.3242976718330818,0.0,-0.8328197396601593,-1.2093507338753493,0.9813631240879068,-0.28279744613438557,-0.2885161887548724
1.845841591930532,0.2408793132518215,-0.9363656417590819,0.15601562278019981,-1.570162835293743,-0.6017766833729703,1.8459753958640353,-1.5790076699004587,-0.38157416647989456,0.0,-0.8328197396601593,1.239731226190802,0.9813631240879068,-0.28279744613438557,-0.2885161887548724
-0.2801028154439446,0.2408793132518215,-0.42906627849049117,0.15601562278019981,-1.4545270240530206,-0.6017766833729703,-0.28004641531164814,1.2900740112983475,-0.8970626183012096,0.0,-0.8328197396601593,-1.2093507338753493,1.4720446861318601,-0.28279744613438557,-0.2885161887548724
0.42854532034754755,1.2455817169491499,-0.42906627849049117,0.15601562278019981,-1.4545270240530206,-0.6017766833729703,0.428627521746913,-1.6375603572718629,-0.782509629007584,0.0,-0.4491320378060763,-1.2093507338753493,1.4720446861318601,-0.28279744613438557,-0.2885161887548724
0.42854532034754755,1.2455817169491499,-0.42906627849049117,0.15601562278019981,-1.4545270240530206,-0.6017766833729703,0.428627521746913,1.2315213239269434,-0.267021177186269,0.0,-0.4491320378060763,-1.2093507338753493,1.4720446861318601,-0.28279744613438557,-0.2885161887548724
0.42854532034754755,0.2408793132518215,-0.42906627849049117,0.15601562278019981,-1.4545270240530206,-0.6017766833729703,0.428627521746913,1.407179386041156,-0.8397861236543969,0.0,-0.8328197396601593,-1.2093507338753493,1.4720446861318601,-0.28279744613438557,-0.2885161887548724
0.42854532034754755,0.2408793132518215,-0.42906627849049117,0.15601562278019981,-1.4545270240530206,-0.6017766833729703,0.428627521746913,1.4657320734125603,-0.43885066112670734,0.0,-0.8328197396601593,-1.2093507338753493,1.4720446861318601,-0.28279744613438557,-0.2885161887548724
0.42854532034754755,1.2455817169491499,-0.42906627849049117,0.15601562278019981,-1.4545270240530206,-0.6017766833729703,0.428627521746913,1.5242847607839645,0.07663779069460772,0.0,1.469306471464339,-1.2093507338753493,1.4720446861318601,-0.28279744613438557,-0.2885161887548724
0.42854532034754755,-1.7685254941428359,-0.42906627849049117,0.15601562278019981,-1.4545270240530206,-0.6017766833729703,0.428627521746913,1.7584955102695812,-0.267021177186269,0.0,0.7019310677561728,-1.2093507338753493,1.4720446861318601,-0.28279744613438557,-0.2885161887548724
0.6647613656113783,1.2455817169491499,-0.42906627849049117,0.15601562278019981,-1.4545270240530206,-0.6017766833729703,0.6648521674331,1.7584955102695812,-1.641657048709776,0.0,-0.4491320378060763,1.239731226190802,1.4720446861318601,-0.28279744613438557,-0.2885161887548724
1.1371934561390398,1.2455817169491499,-0.42906627849049117,0.15601562278019981,-1.4545270240530206,-0.6017766833729703,1.1373014588054742,-1.3447969204148418,-1.1834450915352734,0.0,1.469306471464339,1.239731226190802,1.4720446861318601,-0.28279744613438557,-0.2885161887548724
-0.9887509512354369,0.2408793132518215,0.07823308477809952,0.15601562278019981,-1.3388912128122985,-0.6017766833729703,-0.9887203523702093,-0.17374317298675762,-0.38157416647989456,0.0,-0.8328197396601593,0.015190246157726272,0.4906815620439534,-0.28279744613438557,-0.2885161887548724
-0.9887509512354369,-0.7638230904455068,0.07823308477809952,0.15601562278019981,-1.3388912128122985,-0.6017766833729703,-0.9887203523702093,-0.11519048561535342,0.019361296047794935,0.0,-1.2165074415142423,0.015190246157726272,0.4906815620439534,-0.28279744613438557,-0.2885161887548724
-0.5163188607077753,1.2455817169491499,0.5855324480466901,0.15601562278019981,-1.2232554015715762,-0.6017766833729703,-0.5162710609978353,-0.5250592972151829,-0.09519169324583063,0.0,-0.0654443359519933,-1.2093507338753493,-1.4720446861318601,-0.28279744613438557,-0.2885161887548724
-0.2801028154439446,0.2408793132518215,0.5855324480466901,0.15601562278019981,-1.2232554015715762,-0.6017766833729703,-0.28004641531164814,0.8216525123271139,0.7639557264563611,0.0,-0.8328197396601593,-1.2093507338753493,-1.4720446861318601,-0.28279744613438557,-0.2885161887548724
-0.2801028154439446,0.2408793132518215,0.5855324480466901,0.15601562278019981,-1.2232554015715762,-0.6017766833729703,-0.28004641531164814,0.8802051996985182,0.7639557264563611,0.0,-0.8328197396601593,-1.2093507338753493,-1.4720446861318601,-0.28279744613438557,-0.2885161887548724
0.900977410875209,-1.7685254941428359,0.5855324480466901,0.15601562278019981,-1.2232554015715762,-0.6017766833729703,0.901076813119287,1.5242847607839645,1.5085501568649273,0.0,0.7019310677561728,1.239731226190802,-1.4720446861318601,-0.28279744613438557,-0.2885161887548724
1.1371934561390398,-0.7638230904455068,0.5855324480466901,0.15601562278019981,-1.2232554015715762,-0.6017766833729703,1.1373014588054742,1.5242847607839645,-1.2979980808288991,0.0,-1.2165074415142423,1.239731226190802,-1.4720446861318601,-0.28279744613438557,-0.2885161887548724
1.845841591930532,-1.7685254941428359,0.5855324480466901,0.15601562278019981,-1.2232554015715762,-0.6017766833729703,1.8459753958640353,-1.0520334835578207,1.5085501568649273,0.0,0.7019310677561728,1.239731226190802,-1.4720446861318601,-0.28279744613438557,-0.2885161887548724
1.845841591930532,-0.7638230904455068,0.5855324480466901,0.15601562278019981,-1.2232554015715762,-0.6017766833729703,1.8459753958640353,-0.6421646719579913,-1.5271040594161502,0.0,-1.2165074415142423,1.239731226190802,-1.4720446861318601,-0.28279744613438557,-0.2885161887548724
1.845841591930532,-0.7638230904455068,0.5855324480466901,0.15601562278019981,-1.2232554015715762,-0.6017766833729703,1.8459753958640353,-0.6421646719579913,1.5085501568649273,0.0,-1.2165074415142423,1.239731226190802,-1.4720446861318601,-0.28279744613438557,-0.2885161887548724
1.845841591930532,1.2455817169491499,0.5855324480466901,0.15601562278019981,-1.2232554015715762,-0.6017766833729703,1.8459753958640353,-0.5250592972151829,-1.641657048709776,0.0,-0.4491320378060763,1.239731226190802,-1.4720446861318601,-0.28279744613438557,-0.2885161887548724
1.845841591930532,0.2408793132518215,0.5855324480466901,0.15601562278019981,-1.2232554015715762,-0.6017766833729703,1.8459753958640353,-0.4665066098437787,-1.1834450915352734,0.0,-0.8328197396601593,1.239731226190802,-1.4720446861318601,-0.28279744613438557,-0.2885161887548724
-0.9887509512354369,1.2455817169491499,1.0928318113152808,0.15601562278019981,-1.1076195903308539,-0.6017766833729703,-0.9887203523702093,-0.056637798243949204,-1.3552745754757118,0.0,1.469306471464339,0.015190246157726272,-0.4906815620439534,-0.28279744613438557,-0.2885161887548724
0.6647613656113783,0.2408793132518215,1.0928318113152808,0.15601562278019981,-1.1076195903308539,-0.6017766833729703,0.6648521674331,-0.817822734072204,0.9357852103967995,0.0,1.469306471464339,1.239731226190802,-0.4906815620439534,-0.28279744613438557,-0.2885161887548724
0.6647613656113783,0.2408793132518215,1.0928318113152808,0.15601562278019981,-1.1076195903308539,-0.6017766833729703,0.6648521674331,-0.7007173593293955,-1.641657048709776,0.0,1.469306471464339,1.239731226190802,-0.4906815620439534,-0.28279744613438557,-0.2885161887548724
1.1371934561390398,0.2408793132518215,1.0928318113152808,0.15601562278019981,-1.1076195903308539,-0.6017766833729703,1.1373014588054742,-1.1691388583006292,0.9357852103967995,0.0,1.469306471464339,1.239731226190802,-0.4906815620439534,-0.28279744613438557,-0.2885161887548724
1.1371934561390398,-0.7638230904455068,1.0928318113152808,0.15601562278019981,-1.1076195903308539,-0.6017766833729703,1.1373014588054742,-1.110586170929225,0.53484974786911,0.0,-0.8328197396601593,1.239731226190802,-0.4906815620439534,-0.28279744613438557,-0.2885161887548724
-1.2249669964992675,0.2408793132518215,1.6001311745838716,0.15601562278019981,-0.9919837790901317,-0.6017766833729703,-1.2249449980563965,-1.4619022951576501,-0.5534036504203329,0.0,-0.4491320378060763,0.015190246157726272,0.0,-0.28279744613438557,-0.2885161887548724
-1.2249669964992675,-0.7638230904455068,1.6001311745838716,0.15601562278019981,-0.9919837790901317,-0.6017766833729703,-1.2249449980563965,-0.8763754214436081,-0.037915198599017846,0.0,-0.8328197396601593,0.015190246157726272,0.0,-0.28279744613438557,-0.2885161887548724
-1.2249669964992675,-0.7638230904455068,1.6001311745838716,0.15601562278019981,-0.9919837790901317,-0.6017766833729703,-1.2249449980563965,-0.817822734072204,0.36302026392867165,0.0,-0.8328197396601593,0.015190246157726272,0.0,-0.28279744613438557,-0.2885161887548724
-1.2249669964992675,0.2408793132518215,1.6001311745838716,0.15601562278019981,-0.9919837790901317,-0.6017766833729703,-1.2249449980563965,-0.056637798243949204,1.050338199690425,0.0,-0.4491320378060763,0.015190246157726272,0.0,-0.28279744613438557,-0.2885161887548724
-1.2249669964992675,0.2408793132518215,1.6001311745838716,0.15601562278019981,-0.9919837790901317,-0.6017766833729703,-1.2249449980563965,0.0019148891274550072,1.5085501568649273,0.0,-0.4491320378060763,0.015190246157726272,0.0,-0.28279744613438557,-0.2885161887548724
-0.0438867701801139,0.2408793132518215,1.6001311745838716,0.15601562278019981,-0.9919837790901317,-0.6017766833729703,-0.043821769625461124,1.5828374481553686,0.019361296047794935,0.0,1.0856187696102557,-1.2093507338753493,0.0,-0.28279744613438557,-0.2885161887548724
-0.0438867701801139,0.2408793132518215,1.6001311745838716,0.15601562278019981,-0.9919837790901317,-0.6017766833729703,-0.043821769625461124,1.6413901355267728,0.9930617050436122,0.0,-0.0654443359519933,-1.2093507338753493,0.0,-0.28279744613438557,-0.2885161887548724
0.6647613656113783,0.2408793132518215,1.6001311745838716,0.15601562278019981,-0.9919837790901317,-0.6017766833729703,0.6648521674331,-1.2862442330434376,1.1648911889840505,0.0,1.469306471464339,1.239731226190802,0.0,-0.28279744613438557,-0.2885161887548724
1.1371934561390398,0.2408793132518215,1.6001311745838716,0.15601562278019981,-0.9919837790901317,-0.6017766833729703,1.1373014588054742,0.23612563861307184,-0.1524681878926434,0.0,-0.4491320378060763,1.239731226190802,0.0,-0.28279744613438557,-0.2885161887548724
1.3734095014028704,0.2408793132518215,1.6001311745838716,0.15601562278019981,-0.9919837790901317,-0.6017766833729703,1.3735261044916611,-1.6375603572718629,0.07663779069460772,0.0,1.0856187696102557,1.239731226190802,0.0,-0.28279744613438557,-0.2885161887548724
1.845841591930532,-0.7638230904455068,1.6001311745838716,0.15601562278019981,-0.9919837790901317,-0.6017766833729703,1.8459753958640353,0.23612563861307184,0.36302026392867165,0.0,-0.8328197396601593,1.239731226190802,0.0,-0.28279744613438557,-0.2885161887548724
-1.697399087026929,0.2408793132518215,-1.4436650050276725,0.15601562278019981,-0.8763479678494094,-0.6017766833729703,-1.6973942894287704,0.23612563861307184,-1.2979980808288991,0.0,1.469306471464339,0.015190246157726272,-0.9813631240879068,-0.28279744613438557,-0.2885161887548724
-0.5163188607077753,-1.7685254941428359,-1.4436650050276725,0.15601562278019981,-0.8763479678494094,-0.6017766833729703,-0.5162710609978353,-1.5790076699004587,1.1648911889840505,0.0,-1.2165074415142423,-1.2093507338753493,-0.9813631240879068,-0.28279744613438557,-0.2885161887548724
-0.0438867701801139,-1.7685254941428359,-1.4436650050276725,0.15601562278019981,-0.8763479678494094,-0.6017766833729703,-0.043821769625461124,0.6459944502129013,-0.3242976718330818,0.0,-1.2165074415142423,-1.2093507338753493,-0.9813631240879068,-0.28279744613438557,-0.2885161887548724
1.1371934561390398,-0.7638230904455068,-1.4436650050276725,0.15601562278019981,-0.8763479678494094,-0.6017766833729703,1.1373014588054742,0.06046757649885921,0.24846727463504606,0.0,-0.8328197396601593,1.239731226190802,-0.9813631240879068,-0.28279744613438557,-0.2885161887548724
1.845841591930532,0.2408793132518215,-1.4436650050276725,0.15601562278019981,-0.8763479678494094,-0.6017766833729703,1.8459753958640353,-0.8763754214436081,0.9357852103967995,0.0,1.469306471464339,1.239731226190802,-0.9813631240879068,-0.28279744613438557,-0.2885161887548724
-0.9887509512354369,-0.7638230904455068,-0.9363656417590819,0.15601562278019981,-0.7607121566086872,-0.6017766833729703,-0.9887203523702093,-0.17374317298675762,1.2794441782776762,0.0,-0.8328197396601593,0.015190246157726272,0.9813631240879068,-0.28279744613438557,-0.2885161887548724
-0.9887509512354369,-0.7638230904455068,-0.9363656417590819,0.15601562278019981,-0.7607121566086872,-0.6017766833729703,-0.9887203523702093,0.6459944502129013,-0.09519169324583063,0.0,-0.8328197396601593,0.015190246157726272,0.9813631240879068,-0.28279744613438557,-0.2885161887548724
-0.7525349059716061,-0.7638230904455068,-0.9363656417590819,0.15601562278019981,-0.7607121566086872,-0.6017766833729703,-0.7524957066840222,-0.4665066098437787,0.36302026392867165,0.0,-0.8328197396601593,0.015190246157726272,0.9813631240879068,-0.28279744613438557,-0.2885161887548724
-0.7525349059716061,0.2408793132518215,-0.9363656417590819,0.15601562278019981,-0.7607121566086872,-0.6017766833729703,-0.7524957066840222,-0.40795392247237444,1.1076146943372378,0.0,-0.4491320378060763,0.015190246157726272,0.9813631240879068,-0.28279744613438557,-0.2885161887548724
0.42854532034754755,-0.7638230904455068,-0.9363656417590819,0.15601562278019981,-0.7607121566086872,-0.6017766833729703,0.428627521746913,0.7630998249557097,1.6803796408053657,0.0,-0.8328197396601593,-1.2093507338753493,0.9813631240879068,-0.28279744613438557,-0.2885161887548724
-0.7525349059716061,-1.7685254941428359,-0.42906627849049117,0.15601562278019981,-0.6450763453679649,-0.6017766833729703,-0.7524957066840222,-1.110586170929225,0.6494027371627356,0.0,-1.2165074415142423,0.015190246157726272,1.4720446861318601,-0.28279744613438557,-0.2885161887548724
-0.5163188607077753,-0.7638230904455068,-0.42906627849049117,0.15601562278019981,-0.6450763453679649,-0.6017766833729703,-0.5162710609978353,-0.056637798243949204,1.336720672924489,0.0,-0.8328197396601593,-1.2093507338753493,1.4720446861318601,-0.28279744613438557,-0.2885161887548724
1.845841591930532,0.2408793132518215,-0.42906627849049117,0.15601562278019981,-0.6450763453679649,-0.6017766833729703,1.8459753958640353,-0.9349281088150123,-1.1261685968884607,0.0,1.469306471464339,1.239731226190802,1.4720446861318601,-0.28279744613438557,-0.2885161887548724
-0.7525349059716061,0.2408793132518215,0.07823308477809952,0.15601562278019981,-0.5294405341272427,-0.6017766833729703,-0.7524957066840222,-0.11519048561535342,-0.1524681878926434,0.0,1.0856187696102557,0.015190246157726272,0.4906815620439534,-0.28279744613438557,-0.2885161887548724
0.42854532034754755,-0.7638230904455068,0.07823308477809952,0.15601562278019981,-0.5294405341272427,-0.6017766833729703,0.428627521746913,1.114415949184135,-0.6679566397139585,0.0,-0.8328197396601593,-1.2093507338753493,0.4906815620439534,-0.28279744613438557,-0.2885161887548724
1.845841591930532,0.2408793132518215,0.07823308477809952,0.15601562278019981,-0.5294405341272427,-0.6017766833729703,1.8459753958640353,-0.40795392247237444,-0.9543391129480224,0.0,1.469306471464339,1.239731226190802,0.4906815620439534,-0.28279744613438557,-0.2885161887548724
1.845841591930532,-1.7685254941428359,0.07823308477809952,0.15601562278019981,-0.5294405341272427,-0.6017766833729703,1.8459753958640353,0.06046757649885921,1.623103146158553,0.0,-1.2165074415142423,1.239731226190802,0.4906815620439534,-0.28279744613438557,-0.2885161887548724
-1.4611830417630982,-1.7685254941428359,0.5855324480466901,0.15601562278019981,-0.4138047228865204,-0.6017766833729703,-1.4611696437425834,-1.5204549825290543,-0.7252331343607713,0.0,0.31824336590208974,0.015190246157726272,-1.4720446861318601,-0.28279744613438557,-0.2885161887548724
-0.7525349059716061,0.2408793132518215,0.5855324480466901,0.15601562278019981,-0.4138047228865204,-0.6017766833729703,-0.7524957066840222,1.114415949184135,0.19119077998823328,0.0,1.0856187696102557,0.015190246157726272,-1.4720446861318601,-0.28279744613438557,-0.2885161887548724
1.845841591930532,0.2408793132518215,0.5855324480466901,0.15601562278019981,-0.4138047228865204,-0.6017766833729703,1.8459753958640353,0.23612563861307184,-0.267021177186269,0.0,1.0856187696102557,1.239731226190802,-1.4720446861318601,-0.28279744613438557,-0.2885161887548724
1.845841591930532,0.2408793132518215,0.5855324480466901,0.15601562278019981,-0.4138047228865204,-0.6017766833729703,1.8459753958640353,0.2946783259844761,-0.8970626183012096,0.0,1.0856187696102557,1.239731226190802,-1.4720446861318601,-0.28279744613438557,-0.2885161887548724
1.845841591930532,0.2408793132518215,0.5855324480466901,0.15601562278019981,-0.4138047228865204,-0.6017766833729703,1.8459753958640353,0.35323101335588025,-0.037915198599017846,0.0,1.0856187696102557,1.239731226190802,-1.4720446861318601,-0.28279744613438557,-0.2885161887548724
-0.9887509512354369,0.2408793132518215,1.0928318113152808,0.15601562278019981,-0.2981689116457982,-0.6017766833729703,-0.9887203523702093,0.5288890754700929,-1.1261685968884607,0.0,1.469306471464339,0.015190246157726272,-0.4906815620439534,-0.28279744613438557,-0.2885161887548724
-0.7525349059716061,0.2408793132518215,1.0928318113152808,0.15601562278019981,-0.2981689116457982,-0.6017766833729703,-0.7524957066840222,0.7045471375843055,0.4775732532222972,0.0,1.469306471464339,0.015190246157726272,-0.4906815620439534,-0.28279744613438557,-0.2885161887548724
-0.9887509512354369,-1.7685254941428359,1.6001311745838716,0.15601562278019981,-0.1825331004050759,-0.6017766833729703,-0.9887203523702093,1.4657320734125603,-0.3242976718330818,0.0,-1.2165074415142423,0.015190246157726272,0.0,-0.28279744613438557,-0.2885161887548724
-0.9887509512354369,-0.7638230904455068,1.6001311745838716,0.15601562278019981,-0.1825331004050759,-0.6017766833729703,-0.9887203523702093,1.5242847607839645,0.019361296047794935,0.0,-0.8328197396601593,0.015190246157726272,0.0,-0.28279744613438557,-0.2885161887548724
-0.9887509512354369,0.2408793132518215,1.6001311745838716,0.15601562278019981,-0.1825331004050759,-0.6017766833729703,-0.9887203523702093,1.5828374481553686,0.019361296047794935,0.0,-0.4491320378060763,0.015190246157726272,0.0,-0.28279744613438557,-0.2885161887548724
-0.9887509512354369,0.2408793132518215,1.6001311745838716,0.15601562278019981,-0.1825331004050759,-0.6017766833729703,-0.9887203523702093,1.6413901355267728,1.3939971675713017,0.0,1.469306471464339,0.015190246157726272,0.0,-0.28279744613438557,-0.2885161887548724
-0.7525349059716061,-1.7685254941428359,1.6001311745838716,0.15601562278019981,-0.1825331004050759,-0.6017766833729703,-0.7524957066840222,-1.5790076699004587,-1.068892102241648,0.0,-1.2165074415142423,0.015190246157726272,0.0,-0.28279744613438557,-0.2885161887548724
1.845841591930532,0.2408793132518215,1.6001311745838716,0.15601562278019981,-0.1825331004050759,-0.6017766833729703,1.8459753958640353,0.11902026387026342,-0.037915198599017846,0.0,1.469306471464339,1.239731226190802,0.0,-0.28279744613438557,-0.2885161887548724
-1.697399087026929,0.2408793132518215,-1.4436650050276725,0.15601562278019981,-0.06689728916435364,-0.6017766833729703,-1.6973942894287704,0.23612563861307184,-1.4125510701225246,0.0,-0.4491320378060763,0.015190246157726272,-0.9813631240879068,-0.28279744613438557,-0.2885161887548724
-0.5163188607077753,-0.7638230904455068,-0.9363656417590819,0.15601562278019981,0.048738522076368605,-0.6017766833729703,-0.5162710609978353,-0.34940123510097026,0.42029675857548443,0.0,-0.8328197396601593,-1.2093507338753493,0.9813631240879068,-0.28279744613438557,-0.2885161887548724
1.1371934561390398,0.2408793132518215,-0.9363656417590819,0.15601562278019981,0.048738522076368605,-0.6017766833729703,1.1373014588054742,0.0019148891274550072,-0.267021177186269,0.0,1.0856187696102557,1.239731226190802,0.9813631240879068,-0.28279744613438557,-0.2885161887548724
-0.2801028154439446,-0.7638230904455068,-0.42906627849049117,0.15601562278019981,0.16437433331709086,-0.6017766833729703,-0.28004641531164814,-1.4619022951576501,1.6803796408053657,0.0,-0.8328197396601593,-1.2093507338753493,1.4720446861318601,-0.28279744613438557,-0.2885161887548724
-0.7525349059716061,-0.7638230904455068,0.07823308477809952,0.15601562278019981,0.2800101445578131,-0.6017766833729703,-0.7524957066840222,-1.110586170929225,-0.9543391129480224,0.0,-0.8328197396601593,0.015190246157726272,0.4906815620439534,-0.28279744613438557,-0.2885161887548724
-0.7525349059716061,-2.7732278978401643,0.07823308477809952,0.15601562278019981,0.2800101445578131,-0.6017766833729703,-0.7524957066840222,-1.0520334835578207,-0.38157416647989456,0.0,0.7019310677561728,0.015190246157726272,0.4906815620439534,-0.28279744613438557,-0.2885161887548724
-0.7525349059716061,-1.7685254941428359,0.07823308477809952,0.15601562278019981,0.2800101445578131,-0.6017766833729703,-0.7524957066840222,0.17757295124166764,1.6803796408053657,0.0,-1.2165074415142423,0.015190246157726272,0.4906815620439534,-0.28279744613438557,-0.2885161887548724
-0.7525349059716061,-1.7685254941428359,0.07823308477809952,0.15601562278019981,0.2800101445578131,-0.6017766833729703,-0.7524957066840222,0.2946783259844761,1.050338199690425,0.0,-1.2165074415142423,0.015190246157726272,0.4906815620439534,-0.28279744613438557,-0.2885161887548724
-0.7525349059716061,-1.7685254941428359,0.07823308477809952,0.15601562278019981,0.2800101445578131,-0.6017766833729703,-0.7524957066840222,0.35323101335588025,1.2221676836308635,0.0,0.31824336590208974,0.015190246157726272,0.4906815620439534,-0.28279744613438557,-0.2885161887548724
-0.2801028154439446,0.2408793132518215,0.07823308477809952,0.15601562278019981,0.2800101445578131,-0.6017766833729703,-0.28004641531164814,-0.34940123510097026,0.19119077998823328,0.0,1.469306471464339,-1.2093507338753493,0.4906815620439534,-0.28279744613438557,-0.2885161887548724
0.900977410875209,0.2408793132518215,0.07823308477809952,0.15601562278019981,0.2800101445578131,-0.6017766833729703,0.901076813119287,-0.6421646719579913,-0.38157416647989456,0.0,-0.4491320378060763,1.239731226190802,0.4906815620439534,-0.28279744613438557,-0.2885161887548724
1.1371934561390398,0.2408793132518215,0.07823308477809952,0.15601562278019981,0.2800101445578131,-0.6017766833729703,1.1373014588054742,0.06046757649885921,1.1648911889840505,0.0,1.469306471464339,1.239731226190802,0.4906815620439534,-0.28279744613438557,-0.2885161887548724
1.6096255466667013,0.2408793132518215,0.07823308477809952,0.15601562278019981,0.2800101445578131,-0.6017766833729703,1.609750750177848,-0.583611984586587,0.6494027371627356,0.0,1.0856187696102557,1.239731226190802,0.4906815620439534,-0.28279744613438557,-0.2885161887548724
1.6096255466667013,0.2408793132518215,0.07823308477809952,0.15601562278019981,0.2800101445578131,-0.6017766833729703,1.609750750177848,-0.4665066098437787,1.6803796408053657,0.0,1.469306471464339,1.239731226190802,0.4906815620439534,-0.28279744613438557,-0.2885161887548724
1.6096255466667013,0.2408793132518215,0.07823308477809952,0.15601562278019981,0.2800101445578131,-0.6017766833729703,1.609750750177848,0.9973105744413265,-0.6679566397139585,0.0,1.469306471464339,1.239731226190802,0.4906815620439534,-0.28279744613438557,-0.2885161887548724
-0.7525349059716061,-1.7685254941428359,0.5855324480466901,0.15601562278019981,0.39564595579853534,-0.6017766833729703,-0.7524957066840222,-1.5204549825290543,-1.584380554062963,0.0,-1.2165074415142423,0.015190246157726272,-1.4720446861318601,-0.28279744613438557,-0.2885161887548724
-0.7525349059716061,-0.7638230904455068,0.5855324480466901,0.15601562278019981,0.39564595579853534,-0.6017766833729703,-0.7524957066840222,-0.7592700467007997,-0.5534036504203329,0.0,-0.8328197396601593,0.015190246157726272,-1.4720446861318601,-0.28279744613438557,-0.2885161887548724
-0.5163188607077753,0.2408793132518215,0.5855324480466901,0.15601562278019981,0.39564595579853534,-0.6017766833729703,-0.5162710609978353,1.699942822898177,0.42029675857548443,0.0,1.469306471464339,-1.2093507338753493,-1.4720446861318601,-0.28279744613438557,-0.2885161887548724
-0.5163188607077753,-0.7638230904455068,0.5855324480466901,0.15601562278019981,0.39564595579853534,-0.6017766833729703,-0.5162710609978353,1.7584955102695812,1.4512736622181146,0.0,-0.8328197396601593,-1.2093507338753493,-1.4720446861318601,-0.28279744613438557,-0.2885161887548724
-0.0438867701801139,0.2408793132518215,0.5855324480466901,0.15601562278019981,0.39564595579853534,-0.6017766833729703,-0.043821769625461124,-1.1691388583006292,-0.5534036504203329,0.0,1.469306471464339,-1.2093507338753493,-1.4720446861318601,-0.28279744613438557,-0.2885161887548724
-0.0438867701801139,0.2408793132518215,0.5855324480466901,0.15601562278019981,0.39564595579853534,-0.6017766833729703,-0.043821769625461124,-1.0520334835578207,-0.43885066112670734,0.0,-0.0654443359519933,-1.2093507338753493,-1.4720446861318601,-0.28279744613438557,-0.2885161887548724
0.42854532034754755,0.2408793132518215,0.5855324480466901,0.15601562278019981,0.39564595579853534,-0.6017766833729703,0.428627521746913,0.4117837007272845,-0.6106801450671457,0.0,1.469306471464339,-1.2093507338753493,-1.4720446861318601,-0.28279744613438557,-0.2885161887548724
0.42854532034754755,0.2408793132518215,0.5855324480466901,0.15601562278019981,0.39564595579853534,-0.6017766833729703,0.428627521746913,0.47033638809868866,0.30574376928185887,0.0,1.469306471464339,-1.2093507338753493,-1.4720446861318601,-0.28279744613438557,-0.2885161887548724
-1.4611830417630982,-1.7685254941428359,1.0928318113152808,0.15601562278019981,0.5112817670392577,-0.6017766833729703,-1.4611696437425834,-1.403349607786246,0.821232221103174,0.0,-1.2165074415142423,0.015190246157726272,-0.4906815620439534,-0.28279744613438557,-0.2885161887548724
-1.4611830417630982,0.2408793132518215,1.0928318113152808,0.15601562278019981,0.5112817670392577,-0.6017766833729703,-1.4611696437425834,-1.3447969204148418,1.050338199690425,0.0,1.469306471464339,0.015190246157726272,-0.4906815620439534,-0.28279744613438557,-0.2885161887548724
-1.4611830417630982,-1.7685254941428359,1.0928318113152808,0.15601562278019981,0.5112817670392577,-0.6017766833729703,-1.4611696437425834,-1.2862442330434376,1.2221676836308635,0.0,-1.2165074415142423,0.015190246157726272,-0.4906815620439534,-0.28279744613438557,-0.2885161887548724
-1.2249669964992675,0.2408793132518215,1.0928318113152808,0.15601562278019981,0.5112817670392577,-0.6017766833729703,-1.2249449980563965,-1.696113044643267,1.336720672924489,0.0,1.469306471464339,0.015190246157726272,-0.4906815620439534,-0.28279744613438557,-0.2885161887548724
-1.2249669964992675,0.2408793132518215,1.0928318113152808,0.15601562278019981,0.5112817670392577,-0.6017766833729703,-1.2249449980563965,-1.5790076699004587,-0.1524681878926434,0.0,1.469306471464339,0.015190246157726272,-0.4906815620439534,-0.28279744613438557,-0.2885161887548724
-0.9887509512354369,-1.7685254941428359,1.0928318113152808,0.15601562278019981,0.5112817670392577,-0.6017766833729703,-0.9887203523702093,0.5874417628414971,-0.4961271557735201,0.0,-1.2165074415142423,0.015190246157726272,-0.4906815620439534,-0.28279744613438557,-0.2885161887548724
0.19232927508371683,0.2408793132518215,1.0928318113152808,0.15601562278019981,0.5112817670392577,-0.6017766833729703,0.19240287606072592,-0.817822734072204,-1.1834450915352734,0.0,1.469306471464339,-1.2093507338753493,-0.4906815620439534,-0.28279744613438557,-0.2885161887548724
-0.9887509512354369,0.2408793132518215,1.6001311745838716,0.15601562278019981,0.6269175782799798,-0.6017766833729703,-0.9887203523702093,0.06046757649885921,1.4512736622181146,0.0,-0.0654443359519933,0.015190246157726272,0.0,-0.28279744613438557,-0.2885161887548724
-0.7525349059716061,0.2408793132518215,1.6001311745838716,0.15601562278019981,0.6269175782799798,-0.6017766833729703,-0.7524957066840222,0.5874417628414971,-0.09519169324583063,0.0,-0.4491320378060763,0.015190246157726272,0.0,-0.28279744613438557,-0.2885161887548724
-0.2801028154439446,-1.7685254941428359,1.6001311745838716,0.15601562278019981,0.6269175782799798,-0.6017766833729703,-0.28004641531164814,0.2946783259844761,0.019361296047794935,0.0,0.31824336590208974,-1.2093507338753493,0.0,-0.28279744613438557,-0.2885161887548724
-0.2801028154439446,0.2408793132518215,1.6001311745838716,0.15601562278019981,0.6269175782799798,-0.6017766833729703,-0.28004641531164814,0.7630998249557097,0.07663779069460772,0.0,1.469306471464339,-1.2093507338753493,0.0,-0.28279744613438557,-0.2885161887548724
-1.4611830417630982,-1.7685254941428359,-1.4436650050276725,0.15601562278019981,0.7425533895207022,-0.6017766833729703,-1.4611696437425834,-0.9349281088150123,-0.38157416647989456,0.0,-1.2165074415142423,0.015190246157726272,-0.9813631240879068,-0.28279744613438557,-0.2885161887548724
-1.4611830417630982,-1.7685254941428359,-1.4436650050276725,0.15601562278019981,0.7425533895207022,-0.6017766833729703,-1.4611696437425834,0.6459944502129013,1.1076146943372378,0.0,-1.2165074415142423,0.015190246157726272,-0.9813631240879068,-0.28279744613438557,-0.2885161887548724
-0.9887509512354369,-0.7638230904455068,-1.4436650050276725,0.15601562278019981,0.7425533895207022,-0.6017766833729703,-0.9887203523702093,-0.817822734072204,0.42029675857548443,0.0,-0.8328197396601593,0.015190246157726272,-0.9813631240879068,-0.28279744613438557,-0.2885161887548724
0.42854532034754755,0.2408793132518215,-1.4436650050276725,0.15601562278019981,0.7425533895207022,-0.6017766833729703,0.428627521746913,0.8802051996985182,0.42029675857548443,0.0,1.469306471464339,-1.2093507338753493,-0.9813631240879068,-0.28279744613438557,-0.2885161887548724
-1.4611830417630982,0.2408793132518215,-0.9363656417590819,0.15601562278019981,0.8581892007614244,-0.6017766833729703,-1.4611696437425834,-0.9934807961864165,1.5085501568649273,0.0,1.469306471464339,0.015190246157726272,0.9813631240879068,-0.28279744613438557,-0.2885161887548724
-1.4611830417630982,-1.7685254941428359,-0.9363656417590819,0.15601562278019981,0.8581892007614244,-0.6017766833729703,-1.4611696437425834,0.6459944502129013,-0.6679566397139585,0.0,-1.2165074415142423,0.015190246157726272,0.9813631240879068,-0.28279744613438557,-0.2885161887548724
-1.4611830417630982,-0.7638230904455068,-0.9363656417590819,0.15601562278019981,0.8581892007614244,-0.6017766833729703,-1.4611696437425834,0.8802051996985182,1.336720672924489,0.0,-0.8328197396601593,0.015190246157726272,0.9813631240879068,-0.28279744613438557,-0.2885161887548724
-1.4611830417630982,0.2408793132518215,-0.9363656417590819,0.15601562278019981,0.8581892007614244,-0.6017766833729703,-1.4611696437425834,1.1729686365555392,-0.267021177186269,0.0,-0.0654443359519933,0.015190246157726272,0.9813631240879068,-0.28279744613438557,-0.2885161887548724
-1.4611830417630982,0.2408793132518215,-0.9363656417590819,0.15601562278019981,0.8581892007614244,-0.6017766833729703,-1.4611696437425834,1.2900740112983475,-1.1261685968884607,0.0,1.469306471464339,0.015190246157726272,0.9813631240879068,-0.28279744613438557,-0.2885161887548724
-1.2249669964992675,-1.7685254941428359,-0.9363656417590819,0.15601562278019981,0.8581892007614244,-0.6017766833729703,-1.2249449980563965,-1.6375603572718629,0.8785087157499867,0.0,-1.2165074415142423,0.015190246157726272,0.9813631240879068,-0.28279744613438557,-0.2885161887548724
-0.9887509512354369,-0.7638230904455068,-0.9363656417590819,0.15601562278019981,0.8581892007614244,-0.6017766833729703,-0.9887203523702093,-1.5204549825290543,0.36302026392867165,0.0,-0.8328197396601593,0.015190246157726272,0.9813631240879068,-0.28279744613438557,-0.2885161887548724
0.19232927508371683,-0.7638230904455068,-0.9363656417590819,0.15601562278019981,0.8581892007614244,-0.6017766833729703,0.19240287606072592,-0.5250592972151829,-1.4698275647693375,0.0,-0.8328197396601593,-1.2093507338753493,0.9813631240879068,-0.28279744613438557,-0.2885161887548724
0.19232927508371683,0.2408793132518215,-0.9363656417590819,0.15601562278019981,0.8581892007614244,-0.6017766833729703,0.19240287606072592,-0.4665066098437787,-1.641657048709776,0.0,1.469306471464339,-1.2093507338753493,0.9813631240879068,-0.28279744613438557,-0.2885161887548724
1.6096255466667013,0.2408793132518215,-0.9363656417590819,0.15601562278019981,0.8581892007614244,-0.6017766833729703,1.609750750177848,-1.6375603572718629,0.5921262425159228,0.0,1.469306471464339,1.239731226190802,0.9813631240879068,-0.28279744613438557,-0.2885161887548724
1.6096255466667013,-1.7685254941428359,-0.9363656417590819,0.15601562278019981,0.8581892007614244,-0.6017766833729703,1.609750750177848,-0.34940123510097026,-0.9543391129480224,0.0,-1.2165074415142423,1.239731226190802,0.9813631240879068,-0.28279744613438557,-0.2885161887548724
1.6096255466667013,-1.7685254941428359,-0.9363656417590819,0.15601562278019981,0.8581892007614244,-0.6017766833729703,1.609750750177848,-0.29084854772956603,-0.43885066112670734,0.0,-1.2165074415142423,1.239731226190802,0.9813631240879068,-0.28279744613438557,-0.2885161887548724
-1.2249669964992675,-0.7638230904455068,-0.42906627849049117,0.15601562278019981,0.9738250120021467,-0.6017766833729703,-1.2249449980563965,-0.7592700467007997,-1.1834450915352734,0.0,-0.8328197396601593,0.015190246157726272,1.4720446861318601,-0.28279744613438557,-0.2885161887548724
-1.2249669964992675,-0.7638230904455068,-0.42906627849049117,0.15601562278019981,0.9738250120021467,-0.6017766833729703,-1.2249449980563965,0.5288890754700929,1.4512736622181146,0.0,-0.8328197396601593,0.015190246157726272,1.4720446861318601,-0.28279744613438557,-0.2885161887548724
-1.2249669964992675,-2.7732278978401643,-0.42906627849049117,0.15601562278019981,0.9738250120021467,-0.6017766833729703,-1.2249449980563965,1.4657320734125603,0.42029675857548443,0.0,0.7019310677561728,0.015190246157726272,1.4720446861318601,-0.28279744613438557,-0.2885161887548724
-0.7525349059716061,0.2408793132518215,-0.42906627849049117,0.15601562278019981,0.9738250120021467,-0.6017766833729703,-0.7524957066840222,0.8216525123271139,1.336720672924489,0.0,-0.4491320378060763,0.015190246157726272,1.4720446861318601,-0.28279744613438557,-0.2885161887548724
-0.2801028154439446,0.2408793132518215,-0.42906627849049117,0.15601562278019981,0.9738250120021467,-0.6017766833729703,-0.28004641531164814,1.5242847607839645,-0.9543391129480224,0.0,1.469306471464339,-1.2093507338753493,1.4720446861318601,-0.28279744613438557,-0.2885161887548724
-0.0438867701801139,-2.7732278978401643,-0.42906627849049117,0.15601562278019981,0.9738250120021467,-0.6017766833729703,-0.043821769625461124,0.9387578870699224,1.1076146943372378,0.0,0.7019310677561728,-1.2093507338753493,1.4720446861318601,-0.28279744613438557,-0.2885161887548724
0.19232927508371683,0.2408793132518215,-0.42906627849049117,0.15601562278019981,0.9738250120021467,-0.6017766833729703,0.19240287606072592,-0.6421646719579913,0.019361296047794935,0.0,1.469306471464339,-1.2093507338753493,1.4720446861318601,-0.28279744613438557,-0.2885161887548724
1.1371934561390398,0.2408793132518215,-0.42906627849049117,0.15601562278019981,0.9738250120021467,-0.6017766833729703,1.1373014588054742,-0.817822734072204,-1.4125510701225246,0.0,-0.4491320378060763,1.239731226190802,1.4720446861318601,-0.28279744613438557,-0.2885161887548724
1.1371934561390398,0.2408793132518215,-0.42906627849049117,0.15601562278019981,0.9738250120021467,-0.6017766833729703,1.1373014588054742,-0.7592700467007997,1.6803796408053657,0.0,-0.4491320378060763,1.239731226190802,1.4720446861318601,-0.28279744613438557,-0.2885161887548724
1.6096255466667013,-0.7638230904455068,-0.42906627849049117,0.15601562278019981,0.9738250120021467,-0.6017766833729703,1.609750750177848,-0.7007173593293955,0.36302026392867165,0.0,-0.8328197396601593,1.239731226190802,1.4720446861318601,-0.28279744613438557,-0.2885161887548724
1.6096255466667013,-1.7685254941428359,-0.42906627849049117,0.15601562278019981,0.9738250120021467,-0.6017766833729703,1.609750750177848,-0.6421646719579913,0.6494027371627356,0.0,-1.2165074415142423,1.239731226190802,1.4720446861318601,-0.28279744613438557,-0.2885161887548724
1.6096255466667013,-1.7685254941428359,-0.42906627849049117,0.15601562278019981,0.9738250120021467,-0.6017766833729703,1.609750750177848,-0.23229586035816183,-0.7252331343607713,0.0,-1.2165074415142423,1.239731226190802,1.4720446861318601,-0.28279744613438557,-0.2885161887548724
-1.697399087026929,-1.7685254941428359,0.07823308477809952,0.15601562278019981,1.0894608232428689,-0.6017766833729703,-1.6973942894287704,1.4657320734125603,0.9930617050436122,0.0,-1.2165074415142423,0.015190246157726272,0.4906815620439534,-0.28279744613438557,-0.2885161887548724
-1.4611830417630982,0.2408793132518215,0.07823308477809952,0.15601562278019981,1.0894608232428689,-0.6017766833729703,-1.4611696437425834,1.1729686365555392,-0.6679566397139585,0.0,1.469306471464339,0.015190246157726272,0.4906815620439534,-0.28279744613438557,-0.2885161887548724
-0.9887509512354369,-0.7638230904455068,0.07823308477809952,0.15601562278019981,1.0894608232428689,-0.6017766833729703,-0.9887203523702093,0.0019148891274550072,0.821232221103174,0.0,-0.8328197396601593,0.015190246157726272,0.4906815620439534,-0.28279744613438557,-0.2885161887548724
-0.7525349059716061,-1.7685254941428359,0.07823308477809952,0.15601562278019981,1.0894608232428689,-0.6017766833729703,-0.7524957066840222,-0.17374317298675762,-1.4698275647693375,0.0,-1.2165074415142423,0.015190246157726272,0.4906815620439534,-0.28279744613438557,-0.2885161887548724
0.19232927508371683,0.2408793132518215,0.07823308477809952,0.15601562278019981,1.0894608232428689,-0.6017766833729703,0.19240287606072592,-0.23229586035816183,-1.3552745754757118,0.0,-0.4491320378060763,-1.2093507338753493,0.4906815620439534,-0.28279744613438557,-0.2885161887548724
1.1371934561390398,0.2408793132518215,0.07823308477809952,0.15601562278019981,1.0894608232428689,-0.6017766833729703,1.1373014588054742,-0.4665066098437787,-1.6989335433565886,0.0,-0.4491320378060763,1.239731226190802,0.4906815620439534,-0.28279744613438557,-0.2885161887548724
1.6096255466667013,-1.7685254941428359,0.07823308477809952,0.15601562278019981,1.0894608232428689,-0.6017766833729703,1.609750750177848,-1.3447969204148418,-1.641657048709776,0.0,0.31824336590208974,1.239731226190802,0.4906815620439534,-0.28279744613438557,-0.2885161887548724
1.6096255466667013,-2.7732278978401643,0.07823308477809952,0.15601562278019981,1.0894608232428689,-0.6017766833729703,1.609750750177848,-1.3447969204148418,1.1648911889840505,0.0,0.7019310677561728,1.239731226190802,0.4906815620439534,-0.28279744613438557,-0.2885161887548724
1.845841591930532,-1.7685254941428359,0.07823308477809952,0.15601562278019981,1.0894608232428689,-0.6017766833729703,1.8459753958640353,0.5288890754700929,1.2221676836308635,0.0,0.31824336590208974,1.239731226190802,0.4906815620439534,-0.28279744613438557,-0.2885161887548724
1.845841591930532,0.2408793132518215,0.07823308477809952,0.15601562278019981,1.0894608232428689,-0.6017766833729703,1.8459753958640353,0.5874417628414971,0.9357852103967995,0.0,-0.0654443359519933,1.239731226190802,0.4906815620439534,-0.28279744613438557,-0.2885161887548724
-1.4611830417630982,0.2408793132518215,0.5855324480466901,0.15601562278019981,1.2050966344835912,-0.6017766833729703,-1.4611696437425834,0.23612563861307184,-1.641657048709776,0.0,1.469306471464339,0.015190246157726272,-1.4720446861318601,-0.28279744613438557,-0.2885161887548724
-1.2249669964992675,-0.7638230904455068,0.5855324480466901,0.15601562278019981,1.2050966344835912,-0.6017766833729703,-1.2249449980563965,-0.583611984586587,0.42029675857548443,0.0,-0.8328197396601593,0.015190246157726272,-1.4720446861318601,-0.28279744613438557,-0.2885161887548724
-1.2249669964992675,-2.7732278978401643,0.5855324480466901,0.15601562278019981,1.2050966344835912,-0.6017766833729703,-1.2249449980563965,-0.5250592972151829,0.24846727463504606,0.0,0.7019310677561728,0.015190246157726272,-1.4720446861318601,-0.28279744613438557,-0.2885161887548724
-1.2249669964992675,-1.7685254941428359,0.5855324480466901,0.15601562278019981,1.2050966344835912,-0.6017766833729703,-1.2249449980563965,0.23612563861307184,-1.068892102241648,0.0,0.31824336590208974,0.015190246157726272,-1.4720446861318601,-0.28279744613438557,-0.2885161887548724
-1.2249669964992675,-1.7685254941428359,0.5855324480466901,0.15601562278019981,1.2050966344835912,-0.6017766833729703,-1.2249449980563965,0.2946783259844761,-0.782509629007584,0.0,0.31824336590208974,0.015190246157726272,-1.4720446861318601,-0.28279744613438557,-0.2885161887548724
-1.2249669964992675,0.2408793132518215,0.5855324480466901,0.15601562278019981,1.2050966344835912,-0.6017766833729703,-1.2249449980563965,1.7584955102695812,-1.2979980808288991,0.0,1.469306471464339,0.015190246157726272,-1.4720446861318601,-0.28279744613438557,-0.2885161887548724
-0.9887509512354369,0.2408793132518215,0.5855324480466901,0.15601562278019981,1.2050966344835912,-0.6017766833729703,-0.9887203523702093,-1.696113044643267,-1.584380554062963,0.0,1.469306471464339,0.015190246157726272,-1.4720446861318601,-0.28279744613438557,-0.2885161887548724
-0.7525349059716061,-0.7638230904455068,0.5855324480466901,0.15601562278019981,1.2050966344835912,-0.6017766833729703,-0.7524957066840222,1.0558632618127308,-0.9543391129480224,0.0,-0.8328197396601593,0.015190246157726272,-1.4720446861318601,-0.28279744613438557,-0.2885161887548724
-0.5163188607077753,-0.7638230904455068,0.5855324480466901,0.15601562278019981,1.2050966344835912,-0.6017766833729703,-0.5162710609978353,-1.2862442330434376,-1.641657048709776,0.0,-0.8328197396601593,-1.2093507338753493,-1.4720446861318601,-0.28279744613438557,-0.2885161887548724
-0.5163188607077753,0.2408793132518215,0.5855324480466901,0.15601562278019981,1.2050966344835912,-0.6017766833729703,-0.5162710609978353,-0.056637798243949204,-1.2407215861820864,0.0,-0.4491320378060763,-1.2093507338753493,-1.4720446861318601,-0.28279744613438557,-0.2885161887548724
-0.5163188607077753,0.2408793132518215,0.5855324480466901,0.15601562278019981,1.2050966344835912,-0.6017766833729703,-0.5162710609978353,0.0019148891274550072,-0.7252331343607713,0.0,-0.4491320378060763,-1.2093507338753493,-1.4720446861318601,-0.28279744613438557,-0.2885161887548724
-0.2801028154439446,0.2408793132518215,0.5855324480466901,0.15601562278019981,1.2050966344835912,-0.6017766833729703,-0.28004641531164814,-1.1691388583006292,1.5085501568649273,0.0,1.469306471464339,-1.2093507338753493,-1.4720446861318601,-0.28279744613438557,-0.2885161887548724
0.6647613656113783,-1.7685254941428359,0.5855324480466901,0.15601562278019981,1.2050966344835912,-0.6017766833729703,0.6648521674331,-0.34940123510097026,-0.037915198599017846,0.0,-1.2165074415142423,1.239731226190802,-1.4720446861318601,-0.28279744613438557,-0.2885161887548724
0.6647613656113783,0.2408793132518215,0.5855324480466901,0.15601562278019981,1.2050966344835912,-0.6017766833729703,0.6648521674331,1.699942822898177,-0.037915198599017846,0.0,-0.4491320378060763,1.239731226190802,-1.4720446861318601,-0.28279744613438557,-0.2885161887548724
1.6096255466667013,0.2408793132518215,0.5855324480466901,0.15601562278019981,1.2050966344835912,-0.6017766833729703,1.609750750177848,-0.817822734072204,-1.1834450915352734,0.0,1.469306471464339,1.239731226190802,-1.4720446861318601,-0.28279744613438557,-0.2885161887548724
1.845841591930532,-0.7638230904455068,0.5855324480466901,0.15601562278019981,1.2050966344835912,-0.6017766833729703,1.8459753958640353,1.1729686365555392,1.2794441782776762,0.0,-0.8328197396601593,1.239731226190802,-1.4720446861318601,-0.28279744613438557,-0.2885161887548724
-1.2249669964992675,0.2408793132518215,1.0928318113152808,0.15601562278019981,1.3207324457243135,-0.6017766833729703,-1.2249449980563965,-1.1691388583006292,-0.782509629007584,0.0,-0.4491320378060763,0.015190246157726272,-0.4906815620439534,-0.28279744613438557,-0.2885161887548724
-0.7525349059716061,-0.7638230904455068,1.0928318113152808,0.15601562278019981,1.3207324457243135,-0.6017766833729703,-0.7524957066840222,1.5242847607839645,0.07663779069460772,0.0,-0.8328197396601593,0.015190246157726272,-0.4906815620439534,-0.28279744613438557,-0.2885161887548724
-0.5163188607077753,-0.7638230904455068,1.0928318113152808,0.15601562278019981,1.3207324457243135,-0.6017766833729703,-0.5162710609978353,-0.23229586035816183,-1.1261685968884607,0.0,-0.8328197396601593,-1.2093507338753493,-0.4906815620439534,-0.28279744613438557,-0.2885161887548724
-0.5163188607077753,-2.7732278978401643,1.0928318113152808,0.15601562278019981,1.3207324457243135,-0.6017766833729703,-0.5162710609978353,-0.17374317298675762,-0.9543391129480224,0.0,0.7019310677561728,-1.2093507338753493,-0.4906815620439534,-0.28279744613438557,-0.2885161887548724
-0.5163188607077753,-0.7638230904455068,1.0928318113152808,0.15601562278019981,1.3207324457243135,-0.6017766833729703,-0.5162710609978353,0.23612563861307184,-0.38157416647989456,0.0,-0.8328197396601593,-1.2093507338753493,-0.4906815620439534,-0.28279744613438557,-0.2885161887548724
-0.0438867701801139,-2.7732278978401643,1.0928318113152808,0.15601562278019981,1.3207324457243135,-0.6017766833729703,-0.043821769625461124,-0.056637798243949204,0.6494027371627356,0.0,0.7019310677561728,-1.2093507338753493,-0.4906815620439534,-0.28279744613438557,-0.2885161887548724
-0.0438867701801139,0.2408793132518215,1.0928318113152808,0.15601562278019981,1.3207324457243135,-0.6017766833729703,-0.043821769625461124,1.2900740112983475,1.336720672924489,0.0,1.469306471464339,-1.2093507338753493,-0.4906815620439534,-0.28279744613438557,-0.2885161887548724
0.6647613656113783,0.2408793132518215,1.0928318113152808,0.15601562278019981,1.3207324457243135,-0.6017766833729703,0.6648521674331,-1.5790076699004587,0.19119077998823328,0.0,-0.4491320378060763,1.239731226190802,-0.4906815620439534,-0.28279744613438557,-0.2885161887548724
0.6647613656113783,0.2408793132518215,1.0928318113152808,0.15601562278019981,1.3207324457243135,-0.6017766833729703,0.6648521674331,-1.5204549825290543,0.53484974786911,0.0,-0.4491320378060763,1.239731226190802,-0.4906815620439534,-0.28279744613438557,-0.2885161887548724
0.6647613656113783,-0.7638230904455068,1.0928318113152808,0.15601562278019981,1.3207324457243135,-0.6017766833729703,0.6648521674331,-1.1691388583006292,-1.6989335433565886,0.0,-0.8328197396601593,1.239731226190802,-0.4906815620439534,-0.28279744613438557,-0.2885161887548724
0.6647613656113783,-0.7638230904455068,1.0928318113152808,0.15601562278019981,1.3207324457243135,-0.6017766833729703,0.6648521674331,-1.110586170929225,-1.2407215861820864,0.0,-0.8328197396601593,1.239731226190802,-0.4906815620439534,-0.28279744613438557,-0.2885161887548724
1.3734095014028704,0.2408793132518215,1.0928318113152808,0.15601562278019981,1.3207324457243135,-0.6017766833729703,1.3735261044916611,1.5242847607839645,-0.5534036504203329,0.0,1.469306471464339,1.239731226190802,-0.4906815620439534,-0.28279744613438557,-0.2885161887548724
1.845841591930532,0.2408793132518215,1.0928318113152808,0.15601562278019981,1.3207324457243135,-0.6017766833729703,1.8459753958640353,1.5828374481553686,-0.38157416647989456,0.0,-0.4491320378060763,1.239731226190802,-0.4906815620439534,-0.28279744613438557,-0.2885161887548724
-0.7525349059716061,-2.7732278978401643,1.6001311745838716,0.15601562278019981,1.4363682569650356,-0.6017766833729703,-0.7524957066840222,-1.2862442330434376,-0.267021177186269,0.0,0.7019310677561728,0.015190246157726272,0.0,-0.28279744613438557,-0.2885161887548724
-0.0438867701801139,-0.7638230904455068,1.6001311745838716,0.15601562278019981,1.4363682569650356,-0.6017766833729703,-0.043821769625461124,-0.7007173593293955,1.3939971675713017,0.0,-0.8328197396601593,-1.2093507338753493,0.0,-0.28279744613438557,-0.2885161887548724
-0.0438867701801139,0.2408793132518215,1.6001311745838716,0.15601562278019981,1.4363682569650356,-0.6017766833729703,-0.043821769625461124,-0.6421646719579913,1.2794441782776762,0.0,1.469306471464339,-1.2093507338753493,0.0,-0.28279744613438557,-0.2885161887548724
-1.4611830417630982,0.2408793132518215,-1.4436650050276725,0.15601562278019981,1.5520040682057579,-0.6017766833729703,-1.4611696437425834,-0.9934807961864165,-1.3552745754757118,0.0,1.469306471464339,0.015190246157726272,-0.9813631240879068,-0.28279744613438557,-0.2885161887548724
-1.2249669964992675,-1.7685254941428359,-1.4436650050276725,0.15601562278019981,1.5520040682057579,-0.6017766833729703,-1.2249449980563965,-1.4619022951576501,0.9930617050436122,0.0,-1.2165074415142423,0.015190246157726272,-0.9813631240879068,-0.28279744613438557,-0.2885161887548724
-1.2249669964992675,-0.7638230904455068,-1.4436650050276725,0.15601562278019981,1.5520040682057579,-0.6017766833729703,-1.2249449980563965,-0.817822734072204,0.9357852103967995,0.0,-0.8328197396601593,0.015190246157726272,-0.9813631240879068,-0.28279744613438557,-0.2885161887548724
-1.2249669964992675,-1.7685254941428359,-1.4436650050276725,0.15601562278019981,1.5520040682057579,-0.6017766833729703,-1.2249449980563965,-0.583611984586587,0.821232221103174,0.0,-1.2165074415142423,0.015190246157726272,-0.9813631240879068,-0.28279744613438557,-0.2885161887548724
-1.2249669964992675,-0.7638230904455068,-1.4436650050276725,0.15601562278019981,1.5520040682057579,-0.6017766833729703,-1.2249449980563965,1.2900740112983475,-0.3242976718330818,0.0,-0.8328197396601593,0.015190246157726272,-0.9813631240879068,-0.28279744613438557,-0.2885161887548724
-1.2249669964992675,0.2408793132518215,-1.4436650050276725,0.15601562278019981,1.5520040682057579,-0.6017766833729703,-1.2249449980563965,1.699942822898177,-0.037915198599017846,0.0,-0.4491320378060763,0.015190246157726272,-0.9813631240879068,-0.28279744613438557,-0.2885161887548724
-0.9887509512354369,0.2408793132518215,-1.4436650050276725,0.15601562278019981,1.5520040682057579,-0.6017766833729703,-0.9887203523702093,0.8216525123271139,0.7639557264563611,0.0,1.0856187696102557,0.015190246157726272,-0.9813631240879068,-0.28279744613438557,-0.2885161887548724
-0.9887509512354369,0.2408793132518215,-1.4436650050276725,0.15601562278019981,1.5520040682057579,-0.6017766833729703,-0.9887203523702093,0.8802051996985182,1.4512736622181146,0.0,1.0856187696102557,0.015190246157726272,-0.9813631240879068,-0.28279744613438557,-0.2885161887548724
1.1371934561390398,0.2408793132518215,-1.4436650050276725,0.15601562278019981,1.5520040682057579,-0.6017766833729703,1.1373014588054742,-1.3447969204148418,0.07663779069460772,0.0,-0.4491320378060763,1.239731226190802,-0.9813631240879068,-0.28279744613438557,-0.2885161887548724
1.1371934561390398,-1.7685254941428359,-1.4436650050276725,0.15601562278019981,1.5520040682057579,-0.6017766833729703,1.1373014588054742,0.06046757649885921,-0.782509629007584,0.0,-1.2165074415142423,1.239731226190802,-0.9813631240879068,-0.28279744613438557,-0.2885161887548724
1.6096255466667013,0.2408793132518215,-1.4436650050276725,0.15601562278019981,1.5520040682057579,-0.6017766833729703,1.609750750177848,1.6413901355267728,0.24846727463504606,0.0,-0.0654443359519933,1.239731226190802,-0.9813631240879068,-0.28279744613438557,-0.2885161887548724
-1.697399087026929,-0.7638230904455068,-0.9363656417590819,0.15601562278019981,1.6676398794464802,-0.6017766833729703,-1.6973942894287704,0.7045471375843055,-1.1261685968884607,0.0,-0.8328197396601593,0.015190246157726272,0.9813631240879068,-0.28279744613438557,-0.2885161887548724
-1.4611830417630982,-1.7685254941428359,-0.9363656417590819,0.15601562278019981,1.6676398794464802,-0.6017766833729703,-1.4611696437425834,-1.403349607786246,-1.2979980808288991,0.0,0.31824336590208974,0.015190246157726272,0.9813631240879068,-0.28279744613438557,-0.2885161887548724
-1.4611830417630982,0.2408793132518215,-0.9363656417590819,0.15601562278019981,1.6676398794464802,-0.6017766833729703,-1.4611696437425834,-0.5250592972151829,1.2221676836308635,0.0,-0.4491320378060763,0.015190246157726272,0.9813631240879068,-0.28279744613438557,-0.2885161887548724
-1.2249669964992675,-0.7638230904455068,-0.9363656417590819,0.15601562278019981,1.6676398794464802,-0.6017766833729703,-1.2249449980563965,-0.9349281088150123,0.7639557264563611,0.0,-0.8328197396601593,0.015190246157726272,0.9813631240879068,-0.28279744613438557,-0.2885161887548724
-0.9887509512354369,-1.7685254941428359,-0.9363656417590819,0.15601562278019981,1.6676398794464802,-0.6017766833729703,-0.9887203523702093,-0.7007173593293955,-1.068892102241648,0.0,0.31824336590208974,0.015190246157726272,0.9813631240879068,-0.28279744613438557,-0.2885161887548724
-0.9887509512354369,-0.7638230904455068,-0.9363656417590819,0.15601562278019981,1.6676398794464802,-0.6017766833729703,-0.9887203523702093,-0.583611984586587,0.24846727463504606,0.0,-0.8328197396601593,0.015190246157726272,0.9813631240879068,-0.28279744613438557,-0.2885161887548724
-0.9887509512354369,0.2408793132518215,-0.9363656417590819,0.15601562278019981,1.6676398794464802,-0.6017766833729703,-0.9887203523702093,-0.34940123510097026,-0.5534036504203329,0.0,1.469306471464339,0.015190246157726272,0.9813631240879068,-0.28279744613438557,-0.2885161887548724
-0.7525349059716061,-1.7685254941428359,-0.9363656417590819,0.15601562278019981,1.6676398794464802,-0.6017766833729703,-0.7524957066840222,-0.9934807961864165,-1.2979980808288991,0.0,-1.2165074415142423,0.015190246157726272,0.9813631240879068,-0.28279744613438557,-0.2885161887548724
-0.7525349059716061,-2.7732278978401643,-0.9363656417590819,0.15601562278019981,1.6676398794464802,-0.6017766833729703,-0.7524957066840222,-0.9349281088150123,-0.782509629007584,0.0,0.7019310677561728,0.015190246157726272,0.9813631240879068,-0.28279744613438557,-0.2885161887548724
-0.7525349059716061,-0.7638230904455068,-0.9363656417590819,0.15601562278019981,1.6676398794464802,-0.6017766833729703,-0.7524957066840222,-0.8763754214436081,0.6494027371627356,0.0,-0.8328197396601593,0.015190246157726272,0.9813631240879068,-0.28279744613438557,-0.2885161887548724
-0.7525349059716061,-0.7638230904455068,-0.9363656417590819,0.15601562278019981,1.6676398794464802,-0.6017766833729703,-0.7524957066840222,-0.7592700467007997,-1.641657048709776,0.0,-0.8328197396601593,0.015190246157726272,0.9813631240879068,-0.28279744613438557,-0.2885161887548724
-0.7525349059716061,-0.7638230904455068,-0.9363656417590819,0.15601562278019981,1.6676398794464802,-0.6017766833729703,-0.7524957066840222,0.06046757649885921,0.24846727463504606,0.0,-0.8328197396601593,0.015190246157726272,0.9813631240879068,-0.28279744613438557,-0.2885161887548724
-0.7525349059716061,-0.7638230904455068,-0.9363656417590819,0.15601562278019981,1.6676398794464802,-0.6017766833729703,-0.7524957066840222,0.11902026387026342,0.5921262425159228,0.0,-0.8328197396601593,0.015190246157726272,0.9813631240879068,-0.28279744613438557,-0.2885161887548724
-0.5163188607077753,0.2408793132518215,-0.9363656417590819,0.15601562278019981,1.6676398794464802,-0.6017766833729703,-0.5162710609978353,-1.2276915456720334,-1.2979980808288991,0.0,1.469306471464339,-1.2093507338753493,0.9813631240879068,-0.28279744613438557,-0.2885161887548724
0.19232927508371683,-0.7638230904455068,-0.9363656417590819,0.15601562278019981,1.6676398794464802,-0.6017766833729703,0.19240287606072592,-0.7592700467007997,-1.1834450915352734,0.0,-0.8328197396601593,-1.2093507338753493,0.9813631240879068,-0.28279744613438557,-0.2885161887548724
0.42854532034754755,-1.7685254941428359,-0.9363656417590819,0.15601562278019981,1.6676398794464802,-0.6017766833729703,0.428627521746913,-1.2276915456720334,1.2794441782776762,0.0,0.31824336590208974,-1.2093507338753493,0.9813631240879068,-0.28279744613438557,-0.2885161887548724
0.42854532034754755,-0.7638230904455068,-0.9363656417590819,0.15601562278019981,1.6676398794464802,-0.6017766833729703,0.428627521746913,-1.1691388583006292,0.7639557264563611,0.0,-0.8328197396601593,-1.2093507338753493,0.9813631240879068,-0.28279744613438557,-0.2885161887548724
1.3734095014028704,-2.7732278978401643,-0.9363656417590819,0.15601562278019981,1.6676398794464802,-0.6017766833729703,1.3735261044916611,-0.29084854772956603,-0.6106801450671457,0.0,0.7019310677561728,1.239731226190802,0.9813631240879068,-0.28279744613438557,-0.2885161887548724
1.3734095014028704,-0.7638230904455068,-0.9363656417590819,0.15601562278019981,1.6676398794464802,-0.6017766833729703,1.3735261044916611,1.407179386041156,1.2221676836308635,0.0,-0.8328197396601593,1.239731226190802,0.9813631240879068,-0.28279744613438557,-0.2885161887548724
1.3734095014028704,-0.7638230904455068,-0.9363656417590819,0.15601562278019981,1.6676398794464802,-0.6017766833729703,1.3735261044916611,1.4657320734125603,0.9357852103967995,0.0,-0.8328197396601593,1.239731226190802,0.9813631240879068,-0.28279744613438557,-0.2885161887548724
1.3734095014028704,-0.7638230904455068,-0.9363656417590819,0.15601562278019981,1.6676398794464802,-0.6017766833729703,1.3735261044916611,1.6413901355267728,-1.584380554062963,0.0,-0.8328197396601593,1.239731226190802,0.9813631240879068,-0.28279744613438557,-0.2885161887548724
1.6096255466667013,0.2408793132518215,-0.9363656417590819,0.15601562278019981,1.6676398794464802,-0.6017766833729703,1.609750750177848,0.23612563861307184,-0.6106801450671457,0.0,1.469306471464339,1.239731226190802,0.9813631240879068,-0.28279744613438557,-0.2885161887548724
1.845841591930532,-1.7685254941428359,-0.9363656417590819,0.15601562278019981,1.6676398794464802,-0.6017766833729703,1.8459753958640353,-0.817822734072204,-0.4961271557735201,0.0,-1.2165074415142423,1.239731226190802,0.9813631240879068,-0.28279744613438557,-0.2885161887548724
1.845841591930532,0.2408793132518215,-0.9363656417590819,0.15601562278019981,1.6676398794464802,-0.6017766833729703,1.8459753958640353,-0.7592700467007997,-0.6106801450671457,0.0,-0.4491320378060763,1.239731226190802,0.9813631240879068,-0.28279744613438557,-0.2885161887548724
-1.697399087026929,-0.7638230904455068,-0.42906627849049117,0.15601562278019981,1.7832756906872023,-0.6017766833729703,-1.6973942894287704,1.7584955102695812,1.2794441782776762,0.0,-0.8328197396601593,0.015190246157726272,1.4720446861318601,-0.28279744613438557,-0.2885161887548724
-1.4611830417630982,-0.7638230904455068,-0.42906627849049117,0.15601562278019981,1.7832756906872023,-0.6017766833729703,-1.4611696437425834,0.47033638809868866,0.6494027371627356,0.0,-0.8328197396601593,0.015190246157726272,1.4720446861318601,-0.28279744613438557,-0.2885161887548724
-1.4611830417630982,-0.7638230904455068,-0.42906627849049117,0.15601562278019981,1.7832756906872023,-0.6017766833729703,-1.4611696437425834,0.5288890754700929,0.4775732532222972,0.0,-0.8328197396601593,0.015190246157726272,1.4720446861318601,-0.28279744613438557,-0.2885161887548724
-1.2249669964992675,-1.7685254941428359,-0.42906627849049117,0.15601562278019981,1.7832756906872023,-0.6017766833729703,-1.2249449980563965,1.4657320734125603,0.8785087157499867,0.0,-1.2165074415142423,0.015190246157726272,1.4720446861318601,-0.28279744613438557,-0.2885161887548724
-1.2249669964992675,-1.7685254941428359,-0.42906627849049117,0.15601562278019981,1.7832756906872023,-0.6017766833729703,-1.2249449980563965,1.5242847607839645,0.8785087157499867,0.0,-1.2165074415142423,0.015190246157726272,1.4720446861318601,-0.28279744613438557,-0.2885161887548724
-1.2249669964992675,-0.7638230904455068,-0.42906627849049117,0.15601562278019981,1.7832756906872023,-0.6017766833729703,-1.2249449980563965,1.699942822898177,-0.8397861236543969,0.0,-0.8328197396601593,0.015190246157726272,1.4720446861318601,-0.28279744613438557,-0.2885161887548724
-0.2801028154439446,0.2408793132518215,-0.42906627849049117,0.15601562278019981,1.7832756906872023,-0.6017766833729703,-0.28004641531164814,-1.0520334835578207,0.7066792318095484,0.0,-0.0654443359519933,-1.2093507338753493,1.4720446861318601,-0.28279744613438557,-0.2885161887548724
-0.2801028154439446,0.2408793132518215,-0.42906627849049117,0.15601562278019981,1.7832756906872023,-0.6017766833729703,-0.28004641531164814,-0.8763754214436081,-1.6989335433565886,0.0,1.469306471464339,-1.2093507338753493,1.4720446861318601,-0.28279744613438557,-0.2885161887548724
-0.2801028154439446,-0.7638230904455068,-0.42906627849049117,0.15601562278019981,1.7832756906872023,-0.6017766833729703,-0.28004641531164814,-0.29084854772956603,1.1076146943372378,0.0,-0.8328197396601593,-1.2093507338753493,1.4720446861318601,-0.28279744613438557,-0.2885161887548724
0.6647613656113783,-1.7685254941428359,-0.42906627849049117,0.15601562278019981,1.7832756906872023,-0.6017766833729703,0.6648521674331,1.114415949184135,-1.3552745754757118,0.0,0.31824336590208974,1.239731226190802,1.4720446861318601,-0.28279744613438557,-0.2885161887548724
0.900977410875209,0.2408793132518215,-0.42906627849049117,0.15601562278019981,1.7832756906872023,-0.6017766833729703,0.901076813119287,-1.4619022951576501,-0.8970626183012096,0.0,1.469306471464339,1.239731226190802,1.4720446861318601,-0.28279744613438557,-0.2885161887548724
1.1371934561390398,-1.7685254941428359,-0.42906627849049117,0.15601562278019981,1.7832756906872023,-0.6017766833729703,1.1373014588054742,-0.40795392247237444,0.4775732532222972,0.0,0.31824336590208974,1.239731226190802,1.4720446861318601,-0.28279744613438557,-0.2885161887548724
1.1371934561390398,0.2408793132518215,-0.42906627849049117,0.15601562278019981,1.7832756906872023,-0.6017766833729703,1.1373014588054742,-0.056637798243949204,0.8785087157499867,0.0,1.469306471464339,1.239731226190802,1.4720446861318601,-0.28279744613438557,-0.2885161887548724
1.3734095014028704,0.2408793132518215,-0.42906627849049117,0.15601562278019981,1.7832756906872023,-0.6017766833729703,1.3735261044916611,0.9973105744413265,0.7066792318095484,0.0,-0.0654443359519933,1.239731226190802,1.4720446861318601,-0.28279744613438557,-0.2885161887548724
1.3734095014028704,-1.7685254941428359,-0.42906627849049117,0.15601562278019981,1.7832756906872023,-0.6017766833729703,1.3735261044916611,1.2315213239269434,-1.2979980808288991,0.0,0.31824336590208974,1.239731226190802,1.4720446861318601,-0.28279744613438557,-0.2885161887548724
1.3734095014028704,0.2408793132518215,-0.42906627849049117,0.15601562278019981,1.7832756906872023,-0.6017766833729703,1.3735261044916611,1.2900740112983475,-1.1261685968884607,0.0,1.469306471464339,1.239731226190802,1.4720446861318601,-0.28279744613438557,-0.2885161887548724
1.3734095014028704,0.2408793132518215,-0.42906627849049117,0.15601562278019981,1.7832756906872023,-0.6017766833729703,1.3735261044916611,1.3486266986697517,-0.8970626183012096,0.0,-0.4491320378060763,1.239731226190802,1.4720446861318601,-0.28279744613438557,-0.2885161887548724
1.3734095014028704,-1.7685254941428359,-0.42906627849049117,0.15601562278019981,1.7832756906872023,-0.6017766833729703,1.3735261044916611,1.407179386041156,0.30574376928185887,0.0,0.31824336590208974,1.239731226190802,1.4720446861318601,-0.28279744613438557,-0.2885161887548724
1.3734095014028704,-0.7638230904455068,-0.42906627849049117,0.15601562278019981,1.7832756906872023,-0.6017766833729703,1.3735261044916611,1.7584955102695812,-0.267021177186269,0.0,-0.8328197396601593,1.239731226190802,1.4720446861318601,-0.28279744613438557,-0.2885161887548724
1.6096255466667013,0.2408793132518215,-0.42906627849049117,0.15601562278019981,1.7832756906872023,-0.6017766833729703,1.609750750177848,-0.17374317298675762,-0.2097446825394562,0.0,1.469306471464339,1.239731226190802,1.4720446861318601,-0.28279744613438557,-0.2885161887548724
1.6096255466667013,0.2408793132518215,-0.42906627849049117,0.15601562278019981,1.7832756906872023,-0.6017766833729703,1.609750750177848,1.4657320734125603,-1.068892102241648,0.0,1.469306471464339,1.239731226190802,1.4720446861318601,-0.28279744613438557,-0.2885161887548724
1.6096255466667013,0.2408793132518215,-0.42906627849049117,0.15601562278019981,1.7832756906872023,-0.6017766833729703,1.609750750177848,1.5242847607839645,-0.782509629007584,0.0,1.469306471464339,1.239731226190802,1.4720446861318601,-0.28279744613438557,-0.2885161887548724
-1.697399087026929,-0.7638230904455068,0.07823308477809952,0.44170866046805163,-1.6857986465344652,-0.6017766833729703,-1.6973942894287704,0.11902026387026342,-1.6989335433565886,0.0,-0.8328197396601593,0.015190246157726272,0.4906815620439534,-1.4587441535654118,-1.7254256545138333
-1.2249669964992675,-0.7638230904455068,0.07823308477809952,0.44170866046805163,-1.6857986465344652,-0.6017766833729703,-1.2249449980563965,-0.23229586035816183,-0.5534036504203329,0.0,-0.8328197396601593,0.015190246157726272,0.4906815620439534,-1.4587441535654118,-1.7254256545138333
-0.7525349059716061,-0.7638230904455068,0.07823308477809952,0.44170866046805163,-1.6857986465344652,-0.6017766833729703,-0.7524957066840222,-1.4619022951576501,-0.8970626183012096,0.0,-0.8328197396601593,0.015190246157726272,0.4906815620439534,-1.4587441535654118,-1.7254256545138333
-0.7525349059716061,-0.7638230904455068,0.07823308477809952,0.44170866046805163,-1.6857986465344652,-0.6017766833729703,-0.7524957066840222,-0.40795392247237444,0.9357852103967995,0.0,-0.8328197396601593,0.015190246157726272,0.4906815620439534,-1.4587441535654118,-1.7254256545138333
-0.2801028154439446,-1.7685254941428359,0.07823308477809952,0.44170866046805163,-1.6857986465344652,-0.6017766833729703,-0.28004641531164814,-0.40795392247237444,0.9357852103967995,0.0,0.31824336590208974,-1.2093507338753493,0.4906815620439534,-1.4587441535654118,-1.7254256545138333
-0.2801028154439446,0.2408793132518215,0.07823308477809952,0.44170866046805163,-1.6857986465344652,-0.6017766833729703,-0.28004641531164814,-0.34940123510097026,0.42029675857548443,0.0,-0.4491320378060763,-1.2093507338753493,0.4906815620439534,-1.4587441535654118,-1.7254256545138333
-0.2801028154439446,0.2408793132518215,0.07823308477809952,0.44170866046805163,-1.6857986465344652,-0.6017766833729703,-0.28004641531164814,1.1729686365555392,-1.2979980808288991,0.0,-0.4491320378060763,-1.2093507338753493,0.4906815620439534,-1.4587441535654118,-1.7254256545138333
0.19232927508371683,-0.7638230904455068,0.07823308477809952,0.44170866046805163,-1.6857986465344652,-0.6017766833729703,0.19240287606072592,0.8216525123271139,0.7639557264563611,0.0,-0.8328197396601593,-1.2093507338753493,0.4906815620439534,-1.4587441535654118,-1.7254256545138333
0.42854532034754755,-0.7638230904455068,0.07823308477809952,0.44170866046805163,-1.6857986465344652,-0.6017766833729703,0.428627521746913,-0.29084854772956603,-1.6989335433565886,0.0,-0.8328197396601593,-1.2093507338753493,0.4906815620439534,-1.4587441535654118,-1.7254256545138333
0.42854532034754755,-1.7685254941428359,0.07823308477809952,0.44170866046805163,-1.6857986465344652,-0.6017766833729703,0.428627521746913,-0.17374317298675762,-1.2979980808288991,0.0,-1.2165074415142423,-1.2093507338753493,0.4906815620439534,-1.4587441535654118,-1.7254256545138333
0.6647613656113783,-1.7685254941428359,0.07823308477809952,0.44170866046805163,-1.6857986465344652,-0.6017766833729703,0.6648521674331,-0.34940123510097026,0.30574376928185887,0.0,-1.2165074415142423,1.239731226190802,0.4906815620439534,-1.4587441535654118,-1.7254256545138333
1.3734095014028704,0.2408793132518215,0.07823308477809952,0.44170866046805163,-1.6857986465344652,-0.6017766833729703,1.3735261044916611,0.7045471375843055,-0.09519169324583063,0.0,-0.4491320378060763,1.239731226190802,0.4906815620439534,-1.4587441535654118,-1.7254256545138333
-1.2249669964992675,-0.7638230904455068,0.5855324480466901,0.44170866046805163,-1.570162835293743,-0.6017766833729703,-1.2249449980563965,-1.6375603572718629,1.3939971675713017,0.0,-0.8328197396601593,0.015190246157726272,-1.4720446861318601,-1.4587441535654118,-1.7254256545138333
-1.2249669964992675,-0.7638230904455068,0.5855324480466901,0.44170866046805163,-1.570162835293743,-0.6017766833729703,-1.2249449980563965,0.35323101335588025,-1.584380554062963,0.0,-0.8328197396601593,0.015190246157726272,-1.4720446861318601,-1.4587441535654118,-1.7254256545138333
-0.7525349059716061,-1.7685254941428359,0.5855324480466901,0.44170866046805163,-1.570162835293743,-0.6017766833729703,-0.7524957066840222,-1.1691388583006292,-0.6106801450671457,0.0,0.31824336590208974,0.015190246157726272,-1.4720446861318601,-1.4587441535654118,-1.7254256545138333
0.900977410875209,-0.7638230904455068,0.5855324480466901,0.44170866046805163,-1.570162835293743,-0.6017766833729703,0.901076813119287,-1.2276915456720334,0.30574376928185887,0.0,-0.8328197396601593,1.239731226190802,-1.4720446861318601,-1.4587441535654118,-1.7254256545138333
1.6096255466667013,0.2408793132518215,0.5855324480466901,0.44170866046805163,-1.570162835293743,-0.6017766833729703,1.609750750177848,-0.34940123510097026,-1.4698275647693375,0.0,1.469306471464339,1.239731226190802,-1.4720446861318601,-1.4587441535654118,-1.7254256545138333
-1.4611830417630982,-0.7638230904455068,1.0928318113152808,0.44170866046805163,-1.4545270240530206,-0.6017766833729703,-1.4611696437425834,1.407179386041156,0.9357852103967995,0.0,-0.8328197396601593,0.015190246157726272,-0.4906815620439534,-1.4587441535654118,-1.7254256545138333
-1.2249669964992675,-0.7638230904455068,1.0928318113152808,0.44170866046805163,-1.4545270240530206,-0.6017766833729703,-1.2249449980563965,0.47033638809868866,-0.6106801450671457,0.0,-0.8328197396601593,0.015190246157726272,-0.4906815620439534,-1.4587441535654118,-1.7254256545138333
-1.2249669964992675,-0.7638230904455068,1.0928318113152808,0.44170866046805163,-1.4545270240530206,-0.6017766833729703,-1.2249449980563965,0.5288890754700929,0.6494027371627356,0.0,-0.8328197396601593,0.015190246157726272,-0.4906815620439534,-1.4587441535654118,-1.7254256545138333
-0.9887509512354369,-0.7638230904455068,1.0928318113152808,0.44170866046805163,-1.4545270240530206,-0.6017766833729703,-0.9887203523702093,-0.9934807961864165,-0.267021177186269,0.0,-0.8328197396601593,0.015190246157726272,-0.4906815620439534,-1.4587441535654118,-1.7254256545138333
-0.7525349059716061,-1.7685254941428359,1.0928318113152808,0.44170866046805163,-1.4545270240530206,-0.6017766833729703,-0.7524957066840222,-0.5250592972151829,-0.2097446825394562,0.0,0.31824336590208974,0.015190246157726272,-0.4906815620439534,-1.4587441535654118,-1.7254256545138333
-0.7525349059716061,-1.7685254941428359,1.0928318113152808,0.44170866046805163,-1.4545270240530206,-0.6017766833729703,-0.7524957066840222,-0.4665066098437787,-0.43885066112670734,0.0,0.31824336590208974,0.015190246157726272,-0.4906815620439534,-1.4587441535654118,-1.7254256545138333
-0.7525349059716061,-2.7732278978401643,1.0928318113152808,0.44170866046805163,-1.4545270240530206,-0.6017766833729703,-0.7524957066840222,1.5828374481553686,0.36302026392867165,0.0,0.7019310677561728,0.015190246157726272,-0.4906815620439534,-1.4587441535654118,-1.7254256545138333
-0.7525349059716061,-0.7638230904455068,1.0928318113152808,0.44170866046805163,-1.4545270240530206,-0.6017766833729703,-0.7524957066840222,1.6413901355267728,0.07663779069460772,0.0,-0.8328197396601593,0.015190246157726272,-0.4906815620439534,-1.4587441535654118,-1.7254256545138333
-0.5163188607077753,-0.7638230904455068,1.0928318113152808,0.44170866046805163,-1.4545270240530206,-0.6017766833729703,-0.5162710609978353,-1.5204549825290543,0.30574376928185887,0.0,-0.8328197396601593,-1.2093507338753493,-0.4906815620439534,-1.4587441535654118,-1.7254256545138333
0.42854532034754755,-0.7638230904455068,1.0928318113152808,0.44170866046805163,-1.4545270240530206,-0.6017766833729703,0.428627521746913,1.407179386041156,1.6803796408053657,0.0,-0.8328197396601593,-1.2093507338753493,-0.4906815620439534,-1.4587441535654118,-1.7254256545138333
0.900977410875209,0.2408793132518215,1.0928318113152808,0.44170866046805163,-1.4545270240530206,-0.6017766833729703,0.901076813119287,0.5288890754700929,0.7066792318095484,0.0,-0.4491320378060763,1.239731226190802,-0.4906815620439534,-1.4587441535654118,-1.7254256545138333
1.6096255466667013,0.2408793132518215,1.0928318113152808,0.44170866046805163,-1.4545270240530206,-0.6017766833729703,1.609750750177848,0.06046757649885921,1.050338199690425,0.0,1.469306471464339,1.239731226190802,-0.4906815620439534,-1.4587441535654118,-1.7254256545138333
1.6096255466667013,0.2408793132518215,1.0928318113152808,0.44170866046805163,-1.4545270240530206,-0.6017766833729703,1.609750750177848,0.23612563861307184,-1.3552745754757118,0.0,1.469306471464339,1.239731226190802,-0.4906815620439534,-1.4587441535654118,-1.7254256545138333
-1.4611830417630982,0.2408793132518215,1.6001311745838716,0.44170866046805163,-1.3388912128122985,-0.6017766833729703,-1.4611696437425834,-0.6421646719579913,0.42029675857548443,0.0,-0.4491320378060763,0.015190246157726272,0.0,-1.4587441535654118,-1.7254256545138333
-0.9887509512354369,-0.7638230904455068,1.6001311745838716,0.44170866046805163,-1.3388912128122985,-0.6017766833729703,-0.9887203523702093,0.47033638809868866,1.2221676836308635,0.0,-0.8328197396601593,0.015190246157726272,0.0,-1.4587441535654118,-1.7254256545138333
-0.7525349059716061,0.2408793132518215,1.6001311745838716,0.44170866046805163,-1.3388912128122985,-0.6017766833729703,-0.7524957066840222,1.2315213239269434,1.3939971675713017,0.0,-0.4491320378060763,0.015190246157726272,0.0,-1.4587441535654118,-1.7254256545138333
-0.7525349059716061,-0.7638230904455068,1.6001311745838716,0.44170866046805163,-1.3388912128122985,-0.6017766833729703,-0.7524957066840222,1.3486266986697517,0.19119077998823328,0.0,-0.8328197396601593,0.015190246157726272,0.0,-1.4587441535654118,-1.7254256545138333
0.19232927508371683,0.2408793132518215,1.6001311745838716,0.44170866046805163,-1.3388912128122985,-0.6017766833729703,0.19240287606072592,0.23612563861307184,1.2794441782776762,0.0,-0.4491320378060763,-1.2093507338753493,0.0,-1.4587441535654118,-1.7254256545138333
0.19232927508371683,0.2408793132518215,1.6001311745838716,0.44170866046805163,-1.3388912128122985,-0.6017766833729703,0.19240287606072592,0.35323101335588025,-1.4125510701225246,0.0,-0.4491320378060763,-1.2093507338753493,0.0,-1.4587441535654118,-1.7254256545138333
-1.4611830417630982,-1.7685254941428359,-1.4436650050276725,0.44170866046805163,-1.2232554015715762,-0.6017766833729703,-1.4611696437425834,1.2315213239269434,-1.4125510701225246,0.0,0.31824336590208974,0.015190246157726272,-0.9813631240879068,-1.4587441535654118,-1.7254256545138333
-1.2249669964992675,-0.7638230904455068,-1.4436650050276725,0.44170866046805163,-1.2232554015715762,-0.6017766833729703,-1.2249449980563965,-0.583611984586587,-0.6106801450671457,0.0,-0.8328197396601593,0.015190246157726272,-0.9813631240879068,-1.4587441535654118,-1.7254256545138333
-0.7525349059716061,-1.7685254941428359,-1.4436650050276725,0.44170866046805163,-1.2232554015715762,-0.6017766833729703,-0.7524957066840222,-0.5250592972151829,0.9930617050436122,0.0,0.31824336590208974,0.015190246157726272,-0.9813631240879068,-1.4587441535654118,-1.7254256545138333
-0.2801028154439446,0.2408793132518215,-1.4436650050276725,0.44170866046805163,-1.2232554015715762,-0.6017766833729703,-0.28004641531164814,0.9387578870699224,-0.43885066112670734,0.0,-0.4491320378060763,-1.2093507338753493,-0.9813631240879068,-1.4587441535654118,-1.7254256545138333
0.42854532034754755,0.2408793132518215,-1.4436650050276725,0.44170866046805163,-1.2232554015715762,-0.6017766833729703,0.428627521746913,-1.403349607786246,1.56582665151174,0.0,1.469306471464339,-1.2093507338753493,-0.9813631240879068,-1.4587441535654118,-1.7254256545138333
0.42854532034754755,0.2408793132518215,-1.4436650050276725,0.44170866046805163,-1.2232554015715762,-0.6017766833729703,0.428627521746913,-1.2862442330434376,-0.6679566397139585,0.0,1.469306471464339,-1.2093507338753493,-0.9813631240879068,-1.4587441535654118,-1.7254256545138333
0.6647613656113783,0.2408793132518215,-1.4436650050276725,0.44170866046805163,-1.2232554015715762,-0.6017766833729703,0.6648521674331,0.8802051996985182,-0.3242976718330818,0.0,1.469306471464339,1.239731226190802,-0.9813631240879068,-1.4587441535654118,-1.7254256545138333
0.6647613656113783,-0.7638230904455068,-1.4436650050276725,0.44170866046805163,-1.2232554015715762,-0.6017766833729703,0.6648521674331,0.9387578870699224,0.1339142853414205,0.0,-0.8328197396601593,1.239731226190802,-0.9813631240879068,-1.4587441535654118,-1.7254256545138333
1.1371934561390398,0.2408793132518215,-1.4436650050276725,0.44170866046805163,-1.2232554015715762,-0.6017766833729703,1.1373014588054742,-0.5250592972151829,-1.584380554062963,0.0,1.469306471464339,1.239731226190802,-0.9813631240879068,-1.4587441535654118,-1.7254256545138333
1.1371934561390398,0.2408793132518215,-1.4436650050276725,0.44170866046805163,-1.2232554015715762,-0.6017766833729703,1.1373014588054742,0.2946783259844761,1.2221676836308635,0.0,1.469306471464339,1.239731226190802,-0.9813631240879068,-1.4587441535654118,-1.7254256545138333
1.3734095014028704,0.2408793132518215,-1.4436650050276725,0.44170866046805163,-1.2232554015715762,-0.6017766833729703,1.3735261044916611,1.1729686365555392,0.019361296047794935,0.0,-0.0654443359519933,1.239731226190802,-0.9813631240879068,-1.4587441535654118,-1.7254256545138333
1.3734095014028704,0.2408793132518215,-1.4436650050276725,0.44170866046805163,-1.2232554015715762,-0.6017766833729703,1.3735261044916611,1.2315213239269434,-0.4961271557735201,0.0,-0.0654443359519933,1.239731226190802,-0.9813631240879068,-1.4587441535654118,-1.7254256545138333
1.845841591930532,-0.7638230904455068,-1.4436650050276725,0.44170866046805163,-1.2232554015715762,-0.6017766833729703,1.8459753958640353,0.8216525123271139,1.050338199690425,0.0,-0.8328197396601593,1.239731226190802,-0.9813631240879068,-1.4587441535654118,-1.7254256545138333
-0.9887509512354369,-1.7685254941428359,-0.9363656417590819,0.44170866046805163,-1.1076195903308539,-0.6017766833729703,-0.9887203523702093,-0.4665066098437787,-1.5271040594161502,0.0,0.31824336590208974,0.015190246157726272,0.9813631240879068,-1.4587441535654118,-1.7254256545138333
-0.9887509512354369,0.2408793132518215,-0.9363656417590819,0.44170866046805163,-1.1076195903308539,-0.6017766833729703,-0.9887203523702093,0.17757295124166764,0.1339142853414205,0.0,1.0856187696102557,0.015190246157726272,0.9813631240879068,-1.4587441535654118,-1.7254256545138333
0.6647613656113783,0.2408793132518215,-0.9363656417590819,0.44170866046805163,-1.1076195903308539,-0.6017766833729703,0.6648521674331,0.6459944502129013,1.1076146943372378,0.0,-0.4491320378060763,1.239731226190802,0.9813631240879068,-1.4587441535654118,-1.7254256545138333
0.6647613656113783,0.2408793132518215,-0.9363656417590819,0.44170866046805163,-1.1076195903308539,-0.6017766833729703,0.6648521674331,0.7630998249557097,1.2794441782776762,0.0,1.469306471464339,1.239731226190802,0.9813631240879068,-1.4587441535654118,-1.7254256545138333
0.6647613656113783,0.2408793132518215,-0.9363656417590819,0.44170866046805163,-1.1076195903308539,-0.6017766833729703,0.6648521674331,0.8802051996985182,-1.4125510701225246,0.0,-0.0654443359519933,1.239731226190802,0.9813631240879068,-1.4587441535654118,-1.7254256545138333
1.1371934561390398,0.2408793132518215,-0.9363656417590819,0.44170866046805163,-1.1076195903308539,-0.6017766833729703,1.1373014588054742,-1.4619022951576501,-1.4698275647693375,0.0,1.469306471464339,1.239731226190802,0.9813631240879068,-1.4587441535654118,-1.7254256545138333
1.1371934561390398,-0.7638230904455068,-0.9363656417590819,0.44170866046805163,-1.1076195903308539,-0.6017766833729703,1.1373014588054742,-1.403349607786246,-0.38157416647989456,0.0,-0.8328197396601593,1.239731226190802,0.9813631240879068,-1.4587441535654118,-1.7254256545138333
1.3734095014028704,0.2408793132518215,-0.9363656417590819,0.44170866046805163,-1.1076195903308539,-0.6017766833729703,1.3735261044916611,-1.4619022951576501,-0.1524681878926434,0.0,1.469306471464339,1.239731226190802,0.9813631240879068,-1.4587441535654118,-1.7254256545138333
-1.4611830417630982,-0.7638230904455068,-0.42906627849049117,0.44170866046805163,-0.9919837790901317,-0.6017766833729703,-1.4611696437425834,1.5242847607839645,1.050338199690425,0.0,-0.8328197396601593,0.015190246157726272,1.4720446861318601,-1.4587441535654118,-1.7254256545138333
-0.5163188607077753,-1.7685254941428359,-0.42906627849049117,0.44170866046805163,-0.9919837790901317,-0.6017766833729703,-0.5162710609978353,-0.9934807961864165,-0.2097446825394562,0.0,-1.2165074415142423,-1.2093507338753493,1.4720446861318601,-1.4587441535654118,-1.7254256545138333
-0.5163188607077753,-1.7685254941428359,-0.42906627849049117,0.44170866046805163,-0.9919837790901317,-0.6017766833729703,-0.5162710609978353,-0.9349281088150123,0.5921262425159228,0.0,-1.2165074415142423,-1.2093507338753493,1.4720446861318601,-1.4587441535654118,-1.7254256545138333
-0.2801028154439446,-2.7732278978401643,-0.42906627849049117,0.44170866046805163,-0.9919837790901317,-0.6017766833729703,-0.28004641531164814,-1.0520334835578207,-0.782509629007584,0.0,0.7019310677561728,-1.2093507338753493,1.4720446861318601,-1.4587441535654118,-1.7254256545138333
0.42854532034754755,-1.7685254941428359,-0.42906627849049117,0.44170866046805163,-0.9919837790901317,-0.6017766833729703,0.428627521746913,-0.583611984586587,-1.641657048709776,0.0,-1.2165074415142423,-1.2093507338753493,1.4720446861318601,-1.4587441535654118,-1.7254256545138333
1.1371934561390398,0.2408793132518215,-0.42906627849049117,0.44170866046805163,-0.9919837790901317,-0.6017766833729703,1.1373014588054742,0.4117837007272845,-0.43885066112670734,0.0,1.469306471464339,1.239731226190802,1.4720446861318601,-1.4587441535654118,-1.7254256545138333
1.3734095014028704,0.2408793132518215,-0.42906627849049117,0.44170866046805163,-0.9919837790901317,-0.6017766833729703,1.3735261044916611,0.6459944502129013,-1.1834450915352734,0.0,-0.0654443359519933,1.239731226190802,1.4720446861318601,-1.4587441535654118,-1.7254256545138333
1.6096255466667013,0.2408793132518215,-0.42906627849049117,0.44170866046805163,-0.9919837790901317,-0.6017766833729703,1.609750750177848,-0.6421646719579913,-1.068892102241648,0.0,-0.4491320378060763,1.239731226190802,1.4720446861318601,-1.4587441535654118,-1.7254256545138333
1.845841591930532,0.2408793132518215,-0.42906627849049117,0.44170866046805163,-0.9919837790901317,-0.6017766833729703,1.8459753958640353,-0.056637798243949204,1.5085501568649273,0.0,1.469306471464339,1.239731226190802,1.4720446861318601,-1.4587441535654118,-1.7254256545138333
1.845841591930532,0.2408793132518215,-0.42906627849049117,0.44170866046805163,-0.9919837790901317,-0.6017766833729703,1.8459753958640353,0.17757295124166764,-0.8397861236543969,0.0,1.469306471464339,1.239731226190802,1.4720446861318601,-1.4587441535654118,-1.7254256545138333
-1.4611830417630982,-2.7732278978401643,0.07823308477809952,0.44170866046805163,-0.8763479678494094,-0.6017766833729703,-1.4611696437425834,0.9973105744413265,0.36302026392867165,0.0,0.7019310677561728,0.015190246157726272,0.4906815620439534,-1.4587441535654118,-1.7254256545138333
-1.4611830417630982,-1.7685254941428359,0.07823308477809952,0.44170866046805163,-0.8763479678494094,-0.6017766833729703,-1.4611696437425834,1.0558632618127308,-0.09519169324583063,0.0,0.31824336590208974,0.015190246157726272,0.4906815620439534,-1.4587441535654118,-1.7254256545138333
-0.5163188607077753,-0.7638230904455068,0.07823308477809952,0.44170866046805163,-0.8763479678494094,-0.6017766833729703,-0.5162710609978353,-0.11519048561535342,-1.4125510701225246,0.0,-0.8328197396601593,-1.2093507338753493,0.4906815620439534,-1.4587441535654118,-1.7254256545138333
-0.5163188607077753,-1.7685254941428359,0.07823308477809952,0.44170866046805163,-0.8763479678494094,-0.6017766833729703,-0.5162710609978353,0.8216525123271139,-0.6106801450671457,0.0,0.31824336590208974,-1.2093507338753493,0.4906815620439534,-1.4587441535654118,-1.7254256545138333
-0.5163188607077753,-1.7685254941428359,0.07823308477809952,0.44170866046805163,-0.8763479678494094,-0.6017766833729703,-0.5162710609978353,0.8802051996985182,-0.8970626183012096,0.0,0.31824336590208974,-1.2093507338753493,0.4906815620439534,-1.4587441535654118,-1.7254256545138333
0.42854532034754755,0.2408793132518215,0.07823308477809952,0.44170866046805163,-0.8763479678494094,-0.6017766833729703,0.428627521746913,1.6413901355267728,1.336720672924489,0.0,-0.4491320378060763,-1.2093507338753493,0.4906815620439534,-1.4587441535654118,-1.7254256545138333
0.6647613656113783,0.2408793132518215,0.07823308477809952,0.44170866046805163,-0.8763479678494094,-0.6017766833729703,0.6648521674331,-0.7007173593293955,1.2221676836308635,0.0,-0.4491320378060763,1.239731226190802,0.4906815620439534,-1.4587441535654118,-1.7254256545138333
1.6096255466667013,-0.7638230904455068,0.07823308477809952,0.44170866046805163,-0.8763479678494094,-0.6017766833729703,1.609750750177848,-0.23229586035816183,1.6803796408053657,0.0,-0.8328197396601593,1.239731226190802,0.4906815620439534,-1.4587441535654118,-1.7254256545138333
-1.697399087026929,0.2408793132518215,0.5855324480466901,0.44170866046805163,-0.7607121566086872,-0.6017766833729703,-1.6973942894287704,0.35323101335588025,-0.43885066112670734,0.0,1.469306471464339,0.015190246157726272,-1.4720446861318601,-1.4587441535654118,-1.7254256545138333
-1.2249669964992675,-1.7685254941428359,0.5855324480466901,0.44170866046805163,-0.7607121566086872,-0.6017766833729703,-1.2249449980563965,1.407179386041156,0.24846727463504606,0.0,-1.2165074415142423,0.015190246157726272,-1.4720446861318601,-1.4587441535654118,-1.7254256545138333
-0.9887509512354369,-1.7685254941428359,0.5855324480466901,0.44170866046805163,-0.7607121566086872,-0.6017766833729703,-0.9887203523702093,-0.9349281088150123,-1.2979980808288991,0.0,0.31824336590208974,0.015190246157726272,-1.4720446861318601,-1.4587441535654118,-1.7254256545138333
-0.9887509512354369,-0.7638230904455068,0.5855324480466901,0.44170866046805163,-0.7607121566086872,-0.6017766833729703,-0.9887203523702093,-0.17374317298675762,0.9930617050436122,0.0,-0.8328197396601593,0.015190246157726272,-1.4720446861318601,-1.4587441535654118,-1.7254256545138333
-0.7525349059716061,0.2408793132518215,0.5855324480466901,0.44170866046805163,-0.7607121566086872,-0.6017766833729703,-0.7524957066840222,-0.056637798243949204,-1.2407215861820864,0.0,1.469306471464339,0.015190246157726272,-1.4720446861318601,-1.4587441535654118,-1.7254256545138333
-0.7525349059716061,-1.7685254941428359,0.5855324480466901,0.44170866046805163,-0.7607121566086872,-0.6017766833729703,-0.7524957066840222,0.0019148891274550072,1.050338199690425,0.0,-1.2165074415142423,0.015190246157726272,-1.4720446861318601,-1.4587441535654118,-1.7254256545138333
0.900977410875209,-1.7685254941428359,0.5855324480466901,0.44170866046805163,-0.7607121566086872,-0.6017766833729703,0.901076813119287,1.5828374481553686,-0.1524681878926434,0.0,-1.2165074415142423,1.239731226190802,-1.4720446861318601,-1.4587441535654118,-1.7254256545138333
1.1371934561390398,0.2408793132518215,0.5855324480466901,0.44170866046805163,-0.7607121566086872,-0.6017766833729703,1.1373014588054742,-1.5204549825290543,-1.3552745754757118,0.0,1.0856187696102557,1.239731226190802,-1.4720446861318601,-1.4587441535654118,-1.7254256545138333
-1.4611830417630982,0.2408793132518215,1.0928318113152808,0.44170866046805163,-0.6450763453679649,-0.6017766833729703,-1.4611696437425834,0.4117837007272845,0.821232221103174,0.0,-0.4491320378060763,0.015190246157726272,-0.4906815620439534,-1.4587441535654118,-1.7254256545138333
-1.4611830417630982,-0.7638230904455068,1.0928318113152808,0.44170866046805163,-0.6450763453679649,-0.6017766833729703,-1.4611696437425834,0.47033638809868866,1.56582665151174,0.0,-0.8328197396601593,0.015190246157726272,-0.4906815620439534,-1.4587441535654118,-1.7254256545138333
-1.4611830417630982,-1.7685254941428359,1.0928318113152808,0.44170866046805163,-0.6450763453679649,-0.6017766833729703,-1.4611696437425834,0.9387578870699224,-1.1834450915352734,0.0,0.31824336590208974,0.015190246157726272,-0.4906815620439534,-1.4587441535654118,-1.7254256545138333
-0.7525349059716061,-1.7685254941428359,1.0928318113152808,0.44170866046805163,-0.6450763453679649,-0.6017766833729703,-0.7524957066840222,1.3486266986697517,0.19119077998823328,0.0,0.31824336590208974,0.015190246157726272,-0.4906815620439534,-1.4587441535654118,-1.7254256545138333
-0.7525349059716061,-1.7685254941428359,1.0928318113152808,0.44170866046805163,-0.6450763453679649,-0.6017766833729703,-0.7524957066840222,1.4657320734125603,-0.38157416647989456,0.0,-1.2165074415142423,0.015190246157726272,-0.4906815620439534,-1.4587441535654118,-1.7254256545138333
-0.5163188607077753,0.2408793132518215,1.0928318113152808,0.44170866046805163,-0.6450763453679649,-0.6017766833729703,-0.5162710609978353,-0.817822734072204,-1.1261685968884607,0.0,1.469306471464339,-1.2093507338753493,-0.4906815620439534,-1.4587441535654118,-1.7254256545138333
-0.5163188607077753,-0.7638230904455068,1.0928318113152808,0.44170866046805163,-0.6450763453679649,-0.6017766833729703,-0.5162710609978353,0.23612563861307184,-1.0116156075948353,0.0,-0.8328197396601593,-1.2093507338753493,-0.4906815620439534,-1.4587441535654118,-1.7254256545138333
0.42854532034754755,0.2408793132518215,1.0928318113152808,0.44170866046805163,-0.6450763453679649,-0.6017766833729703,0.428627521746913,-1.3447969204148418,-1.0116156075948353,0.0,1.469306471464339,-1.2093507338753493,-0.4906815620439534,-1.4587441535654118,-1.7254256545138333
1.6096255466667013,0.2408793132518215,1.0928318113152808,0.44170866046805163,-0.6450763453679649,-0.6017766833729703,1.609750750177848,-0.7592700467007997,1.050338199690425,0.0,-0.0654443359519933,1.239731226190802,-0.4906815620439534,-1.4587441535654118,-1.7254256545138333
1.6096255466667013,0.2408793132518215,1.0928318113152808,0.44170866046805163,-0.6450763453679649,-0.6017766833729703,1.609750750177848,-0.7007173593293955,0.6494027371627356,0.0,-0.0654443359519933,1.239731226190802,-0.4906815620439534,-1.4587441535654118,-1.7254256545138333
1.6096255466667013,0.2408793132518215,1.0928318113152808,0.44170866046805163,-0.6450763453679649,-0.6017766833729703,1.609750750177848,0.47033638809868866,0.6494027371627356,0.0,-0.0654443359519933,1.239731226190802,-0.4906815620439534,-1.4587441535654118,-1.7254256545138333
-1.2249669964992675,0.2408793132518215,1.6001311745838716,0.44170866046805163,-0.5294405341272427,-0.6017766833729703,-1.2249449980563965,1.3486266986697517,0.36302026392867165,0.0,1.469306471464339,0.015190246157726272,0.0,-1.4587441535654118,-1.7254256545138333
-1.2249669964992675,0.2408793132518215,1.6001311745838716,0.44170866046805163,-0.5294405341272427,-0.6017766833729703,-1.2249449980563965,1.407179386041156,0.7639557264563611,0.0,1.469306471464339,0.015190246157726272,0.0,-1.4587441535654118,-1.7254256545138333
-0.9887509512354369,-0.7638230904455068,1.6001311745838716,0.44170866046805163,-0.5294405341272427,-0.6017766833729703,-0.9887203523702093,-0.7007173593293955,-0.38157416647989456,0.0,-0.8328197396601593,0.015190246157726272,0.0,-1.4587441535654118,-1.7254256545138333
-0.7525349059716061,0.2408793132518215,1.6001311745838716,0.44170866046805163,-0.5294405341272427,-0.6017766833729703,-0.7524957066840222,1.5828374481553686,0.6494027371627356,0.0,-0.4491320378060763,0.015190246157726272,0.0,-1.4587441535654118,-1.7254256545138333
-0.7525349059716061,-0.7638230904455068,1.6001311745838716,0.44170866046805163,-0.5294405341272427,-0.6017766833729703,-0.7524957066840222,1.6413901355267728,0.6494027371627356,0.0,-0.8328197396601593,0.015190246157726272,0.0,-1.4587441535654118,-1.7254256545138333
-0.5163188607077753,-1.7685254941428359,1.6001311745838716,0.44170866046805163,-0.5294405341272427,-0.6017766833729703,-0.5162710609978353,-0.5250592972151829,-0.6106801450671457,0.0,0.31824336590208974,-1.2093507338753493,0.0,-1.4587441535654118,-1.7254256545138333
0.19232927508371683,0.2408793132518215,1.6001311745838716,0.44170866046805163,-0.5294405341272427,-0.6017766833729703,0.19240287606072592,1.407179386041156,1.2221676836308635,0.0,1.469306471464339,-1.2093507338753493,0.0,-1.4587441535654118,-1.7254256545138333
0.19232927508371683,-0.7638230904455068,1.6001311745838716,0.44170866046805163,-0.5294405341272427,-0.6017766833729703,0.19240287606072592,1.5242847607839645,-0.8970626183012096,0.0,-0.8328197396601593,-1.2093507338753493,0.0,-1.4587441535654118,-1.7254256545138333
0.19232927508371683,0.2408793132518215,1.6001311745838716,0.44170866046805163,-0.5294405341272427,-0.6017766833729703,0.19240287606072592,1.5828374481553686,-0.1524681878926434,0.0,-0.0654443359519933,-1.2093507338753493,0.0,-1.4587441535654118,-1.7254256545138333
0.42854532034754755,0.2408793132518215,1.6001311745838716,0.44170866046805163,-0.5294405341272427,-0.6017766833729703,0.428627521746913,-0.11519048561535342,0.30574376928185887,0.0,-0.4491320378060763,-1.2093507338753493,0.0,-1.4587441535654118,-1.7254256545138333
0.42854532034754755,-2.7732278978401643,1.6001311745838716,0.44170866046805163,-0.5294405341272427,-0.6017766833729703,0.428627521746913,-0.056637798243949204,0.4775732532222972,0.0,0.7019310677561728,-1.2093507338753493,0.0,-1.4587441535654118,-1.7254256545138333
1.6096255466667013,-1.7685254941428359,1.6001311745838716,0.44170866046805163,-0.5294405341272427,-0.6017766833729703,1.609750750177848,0.06046757649885921,0.1339142853414205,0.0,0.31824336590208974,1.239731226190802,0.0,-1.4587441535654118,-1.7254256545138333
1.6096255466667013,0.2408793132518215,1.6001311745838716,0.44170866046805163,-0.5294405341272427,-0.6017766833729703,1.609750750177848,0.7045471375843055,-1.1834450915352734,0.0,1.469306471464339,1.239731226190802,0.0,-1.4587441535654118,-1.7254256545138333
1.6096255466667013,0.2408793132518215,1.6001311745838716,0.44170866046805163,-0.5294405341272427,-0.6017766833729703,1.609750750177848,0.8216525123271139,-1.1261685968884607,0.0,1.469306471464339,1.239731226190802,0.0,-1.4587441535654118,-1.7254256545138333
1.845841591930532,0.2408793132518215,1.6001311745838716,0.44170866046805163,-0.5294405341272427,-0.6017766833729703,1.8459753958640353,0.5874417628414971,-0.037915198599017846,0.0,-0.4491320378060763,1.239731226190802,0.0,-1.4587441535654118,-1.7254256545138333
-1.4611830417630982,0.2408793132518215,-1.4436650050276725,0.44170866046805163,-0.4138047228865204,-0.6017766833729703,-1.4611696437425834,-0.17374317298675762,-0.6106801450671457,0.0,1.0856187696102557,0.015190246157726272,-0.9813631240879068,-1.4587441535654118,-1.7254256545138333
-0.7525349059716061,-0.7638230904455068,-1.4436650050276725,0.44170866046805163,-0.4138047228865204,-0.6017766833729703,-0.7524957066840222,-0.817822734072204,-1.4698275647693375,0.0,-0.8328197396601593,0.015190246157726272,-0.9813631240879068,-1.4587441535654118,-1.7254256545138333
-0.7525349059716061,-1.7685254941428359,-1.4436650050276725,0.44170866046805163,-0.4138047228865204,-0.6017766833729703,-0.7524957066840222,-0.583611984586587,-0.037915198599017846,0.0,-1.2165074415142423,0.015190246157726272,-0.9813631240879068,-1.4587441535654118,-1.7254256545138333
-0.7525349059716061,0.2408793132518215,-1.4436650050276725,0.44170866046805163,-0.4138047228865204,-0.6017766833729703,-0.7524957066840222,-0.5250592972151829,-0.38157416647989456,0.0,1.469306471464339,0.015190246157726272,-0.9813631240879068,-1.4587441535654118,-1.7254256545138333
-0.7525349059716061,0.2408793132518215,-1.4436650050276725,0.44170866046805163,-0.4138047228865204,-0.6017766833729703,-0.7524957066840222,0.8802051996985182,-0.09519169324583063,0.0,1.469306471464339,0.015190246157726272,-0.9813631240879068,-1.4587441535654118,-1.7254256545138333
-0.0438867701801139,-2.7732278978401643,-1.4436650050276725,0.44170866046805163,-0.4138047228865204,-0.6017766833729703,-0.043821769625461124,-1.4619022951576501,-1.5271040594161502,0.0,0.7019310677561728,-1.2093507338753493,-0.9813631240879068,-1.4587441535654118,-1.7254256545138333
-0.0438867701801139,-0.7638230904455068,-1.4436650050276725,0.44170866046805163,-0.4138047228865204,-0.6017766833729703,-0.043821769625461124,-1.403349607786246,-1.3552745754757118,0.0,-0.8328197396601593,-1.2093507338753493,-0.9813631240879068,-1.4587441535654118,-1.7254256545138333
0.19232927508371683,-0.7638230904455068,-1.4436650050276725,0.44170866046805163,-0.4138047228865204,-0.6017766833729703,0.19240287606072592,0.23612563861307184,0.19119077998823328,0.0,-0.8328197396601593,-1.2093507338753493,-0.9813631240879068,-1.4587441535654118,-1.7254256545138333
0.900977410875209,-0.7638230904455068,-1.4436650050276725,0.44170866046805163,-0.4138047228865204,-0.6017766833729703,0.901076813119287,-1.403349607786246,-1.4698275647693375,0.0,-0.8328197396601593,1.239731226190802,-0.9813631240879068,-1.4587441535654118,-1.7254256545138333
1.6096255466667013,-0.7638230904455068,-1.4436650050276725,0.44170866046805163,-0.4138047228865204,-0.6017766833729703,1.609750750177848,-0.23229586035816183,1.1076146943372378,0.0,-0.8328197396601593,1.239731226190802,-0.9813631240879068,-1.4587441535654118,-1.7254256545138333
1.6096255466667013,0.2408793132518215,-1.4436650050276725,0.44170866046805163,-0.4138047228865204,-0.6017766833729703,1.609750750177848,0.47033638809868866,0.4775732532222972,0.0,1.469306471464339,1.239731226190802,-0.9813631240879068,-1.4587441535654118,-1.7254256545138333
1.845841591930532,0.2408793132518215,-1.4436650050276725,0.44170866046805163,-0.4138047228865204,-0.6017766833729703,1.8459753958640353,1.699942822898177,-0.5534036504203329,0.0,-0.4491320378060763,1.239731226190802,-0.9813631240879068,-1.4587441535654118,-1.7254256545138333
1.845841591930532,0.2408793132518215,-1.4436650050276725,0.44170866046805163,-0.4138047228865204,-0.6017766833729703,1.8459753958640353,1.7584955102695812,-0.6679566397139585,0.0,-0.4491320378060763,1.239731226190802,-0.9813631240879068,-1.4587441535654118,-1.7254256545138333
-1.4611830417630982,-0.7638230904455068,-0.9363656417590819,0.44170866046805163,-0.2981689116457982,-0.6017766833729703,-1.4611696437425834,0.8802051996985182,0.019361296047794935,0.0,-0.8328197396601593,0.015190246157726272,0.9813631240879068,-1.4587441535654118,-1.7254256545138333
-1.2249669964992675,-0.7638230904455068,-0.9363656417590819,0.44170866046805163,-0.2981689116457982,-0.6017766833729703,-1.2249449980563965,-0.8763754214436081,-0.4961271557735201,0.0,-0.8328197396601593,0.015190246157726272,0.9813631240879068,-1.4587441535654118,-1.7254256545138333
-1.2249669964992675,-0.7638230904455068,-0.9363656417590819,0.44170866046805163,-0.2981689116457982,-0.6017766833729703,-1.2249449980563965,0.9387578870699224,1.5085501568649273,0.0,-0.8328197396601593,0.015190246157726272,0.9813631240879068,-1.4587441535654118,-1.7254256545138333
-0.9887509512354369,-1.7685254941428359,-0.9363656417590819,0.44170866046805163,-0.2981689116457982,-0.6017766833729703,-0.9887203523702093,0.7630998249557097,-1.2407215861820864,0.0,0.31824336590208974,0.015190246157726272,0.9813631240879068,-1.4587441535654118,-1.7254256545138333
-0.7525349059716061,0.2408793132518215,-0.9363656417590819,0.44170866046805163,-0.2981689116457982,-0.6017766833729703,-0.7524957066840222,1.7584955102695812,0.9930617050436122,0.0,1.469306471464339,0.015190246157726272,0.9813631240879068,-1.4587441535654118,-1.7254256545138333
-0.2801028154439446,-0.7638230904455068,-0.9363656417590819,0.44170866046805163,-0.2981689116457982,-0.6017766833729703,-0.28004641531164814,-1.6375603572718629,0.6494027371627356,0.0,-0.8328197396601593,-1.2093507338753493,0.9813631240879068,-1.4587441535654118,-1.7254256545138333
-0.0438867701801139,0.2408793132518215,-0.9363656417590819,0.44170866046805163,-0.2981689116457982,-0.6017766833729703,-0.043821769625461124,0.9387578870699224,0.53484974786911,0.0,1.469306471464339,-1.2093507338753493,0.9813631240879068,-1.4587441535654118,-1.7254256545138333
0.19232927508371683,0.2408793132518215,-0.9363656417590819,0.44170866046805163,-0.2981689116457982,-0.6017766833729703,0.19240287606072592,1.0558632618127308,1.5085501568649273,0.0,-0.4491320378060763,-1.2093507338753493,0.9813631240879068,-1.4587441535654118,-1.7254256545138333
0.19232927508371683,-0.7638230904455068,-0.9363656417590819,0.44170866046805163,-0.2981689116457982,-0.6017766833729703,0.19240287606072592,1.5242847607839645,-0.037915198599017846,0.0,-0.8328197396601593,-1.2093507338753493,0.9813631240879068,-1.4587441535654118,-1.7254256545138333
1.3734095014028704,0.2408793132518215,-0.9363656417590819,0.44170866046805163,-0.2981689116457982,-0.6017766833729703,1.3735261044916611,0.0019148891274550072,0.24846727463504606,0.0,1.469306471464339,1.239731226190802,0.9813631240879068,-1.4587441535654118,-1.7254256545138333
1.3734095014028704,0.2408793132518215,-0.9363656417590819,0.44170866046805163,-0.2981689116457982,-0.6017766833729703,1.3735261044916611,0.06046757649885921,0.42029675857548443,0.0,-0.0654443359519933,1.239731226190802,0.9813631240879068,-1.4587441535654118,-1.7254256545138333
1.3734095014028704,0.2408793132518215,-0.9363656417590819,0.44170866046805163,-0.2981689116457982,-0.6017766833729703,1.3735261044916611,0.8802051996985182,-0.43885066112670734,0.0,-0.4491320378060763,1.239731226190802,0.9813631240879068,-1.4587441535654118,-1.7254256545138333
1.6096255466667013,-1.7685254941428359,-0.9363656417590819,0.44170866046805163,-0.2981689116457982,-0.6017766833729703,1.609750750177848,-1.696113044643267,0.821232221103174,0.0,0.31824336590208974,1.239731226190802,0.9813631240879068,-1.4587441535654118,-1.7254256545138333
-1.697399087026929,0.2408793132518215,-0.42906627849049117,0.44170866046805163,-0.1825331004050759,-0.6017766833729703,-1.6973942894287704,0.35323101335588025,1.050338199690425,0.0,1.469306471464339,0.015190246157726272,1.4720446861318601,-1.4587441535654118,-1.7254256545138333
-1.697399087026929,0.2408793132518215,-0.42906627849049117,0.44170866046805163,-0.1825331004050759,-0.6017766833729703,-1.6973942894287704,0.4117837007272845,1.4512736622181146,0.0,-0.4491320378060763,0.015190246157726272,1.4720446861318601,-1.4587441535654118,-1.7254256545138333
-0.9887509512354369,-1.7685254941428359,-0.42906627849049117,0.44170866046805163,-0.1825331004050759,-0.6017766833729703,-0.9887203523702093,-1.1691388583006292,-0.037915198599017846,0.0,0.31824336590208974,0.015190246157726272,1.4720446861318601,-1.4587441535654118,-1.7254256545138333
-0.7525349059716061,-2.7732278978401643,-0.42906627849049117,0.44170866046805163,-0.1825331004050759,-0.6017766833729703,-0.7524957066840222,0.5874417628414971,-1.2979980808288991,0.0,0.7019310677561728,0.015190246157726272,1.4720446861318601,-1.4587441535654118,-1.7254256545138333
-0.5163188607077753,-1.7685254941428359,-0.42906627849049117,0.44170866046805163,-0.1825331004050759,-0.6017766833729703,-0.5162710609978353,1.1729686365555392,-0.782509629007584,0.0,-1.2165074415142423,-1.2093507338753493,1.4720446861318601,-1.4587441535654118,-1.7254256545138333
-0.5163188607077753,-1.7685254941428359,-0.42906627849049117,0.44170866046805163,-0.1825331004050759,-0.6017766833729703,-0.5162710609978353,1.2900740112983475,-1.4698275647693375,0.0,-1.2165074415142423,-1.2093507338753493,1.4720446861318601,-1.4587441535654118,-1.7254256545138333
0.19232927508371683,0.2408793132518215,-0.42906627849049117,0.44170866046805163,-0.1825331004050759,-0.6017766833729703,0.19240287606072592,-0.4665066098437787,-0.1524681878926434,0.0,1.469306471464339,-1.2093507338753493,1.4720446861318601,-1.4587441535654118,-1.7254256545138333
0.6647613656113783,-1.7685254941428359,-0.42906627849049117,0.44170866046805163,-0.1825331004050759,-0.6017766833729703,0.6648521674331,-0.29084854772956603,-0.43885066112670734,0.0,-1.2165074415142423,1.239731226190802,1.4720446861318601,-1.4587441535654118,-1.7254256545138333
0.900977410875209,-1.7685254941428359,-0.42906627849049117,0.44170866046805163,-0.1825331004050759,-0.6017766833729703,0.901076813119287,-1.110586170929225,-1.5271040594161502,0.0,0.31824336590208974,1.239731226190802,1.4720446861318601,-1.4587441535654118,-1.7254256545138333
0.900977410875209,-0.7638230904455068,-0.42906627849049117,0.44170866046805163,-0.1825331004050759,-0.6017766833729703,0.901076813119287,1.7584955102695812,-0.6679566397139585,0.0,-0.8328197396601593,1.239731226190802,1.4720446861318601,-1.4587441535654118,-1.7254256545138333
1.1371934561390398,0.2408793132518215,-0.42906627849049117,0.44170866046805163,-0.1825331004050759,-0.6017766833729703,1.1373014588054742,0.2946783259844761,1.2221676836308635,0.0,1.469306471464339,1.239731226190802,1.4720446861318601,-1.4587441535654118,-1.7254256545138333
1.1371934561390398,-1.7685254941428359,-0.42906627849049117,0.44170866046805163,-0.1825331004050759,-0.6017766833729703,1.1373014588054742,0.35323101335588025,1.050338199690425,0.0,0.31824336590208974,1.239731226190802,1.4720446861318601,-1.4587441535654118,-1.7254256545138333
1.6096255466667013,0.2408793132518215,-0.42906627849049117,0.44170866046805163,-0.1825331004050759,-0.6017766833729703,1.609750750177848,0.7045471375843055,0.19119077998823328,0.0,1.469306471464339,1.239731226190802,1.4720446861318601,-1.4587441535654118,-1.7254256545138333
-1.2249669964992675,-1.7685254941428359,0.07823308477809952,0.44170866046805163,-0.06689728916435364,-0.6017766833729703,-1.2249449980563965,0.4117837007272845,-1.068892102241648,0.0,0.31824336590208974,0.015190246157726272,0.4906815620439534,-1.4587441535654118,-1.7254256545138333
-1.2249669964992675,0.2408793132518215,0.07823308477809952,0.44170866046805163,-0.06689728916435364,-0.6017766833729703,-1.2249449980563965,0.47033638809868866,-1.584380554062963,0.0,-0.4491320378060763,0.015190246157726272,0.4906815620439534,-1.4587441535654118,-1.7254256545138333
-1.2249669964992675,0.2408793132518215,0.07823308477809952,0.44170866046805163,-0.06689728916435364,-0.6017766833729703,-1.2249449980563965,0.5288890754700929,-1.4698275647693375,0.0,1.0856187696102557,0.015190246157726272,0.4906815620439534,-1.4587441535654118,-1.7254256545138333
-1.2249669964992675,0.2408793132518215,0.07823308477809952,0.44170866046805163,-0.06689728916435364,-0.6017766833729703,-1.2249449980563965,0.5288890754700929,1.1076146943372378,0.0,1.469306471464339,0.015190246157726272,0.4906815620439534,-1.4587441535654118,-1.7254256545138333
-0.5163188607077753,0.2408793132518215,0.07823308477809952,0.44170866046805163,-0.06689728916435364,-0.6017766833729703,-0.5162710609978353,0.5288890754700929,0.42029675857548443,0.0,1.469306471464339,-1.2093507338753493,0.4906815620439534,-1.4587441535654118,-1.7254256545138333
-0.2801028154439446,0.2408793132518215,0.07823308477809952,0.44170866046805163,-0.06689728916435364,-0.6017766833729703,-0.28004641531164814,1.114415949184135,-0.9543391129480224,0.0,1.469306471464339,-1.2093507338753493,0.4906815620439534,-1.4587441535654118,-1.7254256545138333
-0.0438867701801139,-1.7685254941428359,0.07823308477809952,0.44170866046805163,-0.06689728916435364,-0.6017766833729703,-0.043821769625461124,-0.7007173593293955,1.050338199690425,0.0,-1.2165074415142423,-1.2093507338753493,0.4906815620439534,-1.4587441535654118,-1.7254256545138333
-0.0438867701801139,-2.7732278978401643,0.07823308477809952,0.44170866046805163,-0.06689728916435364,-0.6017766833729703,-0.043821769625461124,-0.6421646719579913,1.1648911889840505,0.0,0.7019310677561728,-1.2093507338753493,0.4906815620439534,-1.4587441535654118,-1.7254256545138333
0.6647613656113783,-0.7638230904455068,0.07823308477809952,0.44170866046805163,-0.06689728916435364,-0.6017766833729703,0.6648521674331,1.407179386041156,1.2794441782776762,0.0,-0.8328197396601593,1.239731226190802,0.4906815620439534,-1.4587441535654118,-1.7254256545138333
1.1371934561390398,0.2408793132518215,0.07823308477809952,0.44170866046805163,-0.06689728916435364,-0.6017766833729703,1.1373014588054742,-1.110586170929225,1.623103146158553,0.0,1.0856187696102557,1.239731226190802,0.4906815620439534,-1.4587441535654118,-1.7254256545138333
1.1371934561390398,-0.7638230904455068,0.07823308477809952,0.44170866046805163,-0.06689728916435364,-0.6017766833729703,1.1373014588054742,-1.0520334835578207,1.3939971675713017,0.0,-0.8328197396601593,1.239731226190802,0.4906815620439534,-1.4587441535654118,-1.7254256545138333
1.1371934561390398,-0.7638230904455068,0.07823308477809952,0.44170866046805163,-0.06689728916435364,-0.6017766833729703,1.1373014588054742,0.7045471375843055,0.019361296047794935,0.0,-0.8328197396601593,1.239731226190802,0.4906815620439534,-1.4587441535654118,-1.7254256545138333
1.1371934561390398,-1.7685254941428359,0.07823308477809952,0.44170866046805163,-0.06689728916435364,-0.6017766833729703,1.1373014588054742,0.7630998249557097,0.42029675857548443,0.0,-1.2165074415142423,1.239731226190802,0.4906815620439534,-1.4587441535654118,-1.7254256545138333
1.3734095014028704,0.2408793132518215,0.07823308477809952,0.44170866046805163,-0.06689728916435364,-0.6017766833729703,1.3735261044916611,0.6459944502129013,0.6494027371627356,0.0,-0.4491320378060763,1.239731226190802,0.4906815620439534,-1.4587441535654118,-1.7254256545138333
1.6096255466667013,-2.7732278978401643,0.07823308477809952,0.44170866046805163,-0.06689728916435364,-0.6017766833729703,1.609750750177848,0.35323101335588025,-0.5534036504203329,0.0,0.7019310677561728,1.239731226190802,0.4906815620439534,-1.4587441535654118,-1.7254256545138333
1.6096255466667013,-0.7638230904455068,0.07823308477809952,0.44170866046805163,-0.06689728916435364,-0.6017766833729703,1.609750750177848,0.4117837007272845,-1.068892102241648,0.0,-0.8328197396601593,1.239731226190802,0.4906815620439534,-1.4587441535654118,-1.7254256545138333
-0.5163188607077753,0.2408793132518215,0.5855324480466901,0.44170866046805163,0.048738522076368605,-0.6017766833729703,-0.5162710609978353,0.0019148891274550072,-0.782509629007584,0.0,1.469306471464339,-1.2093507338753493,-1.4720446861318601,-1.4587441535654118,-1.7254256545138333
-0.5163188607077753,-1.7685254941428359,0.5855324480466901,0.44170866046805163,0.048738522076368605,-0.6017766833729703,-0.5162710609978353,1.4657320734125603,-0.7252331343607713,0.0,-1.2165074415142423,-1.2093507338753493,-1.4720446861318601,-1.4587441535654118,-1.7254256545138333
-0.2801028154439446,-0.7638230904455068,0.5855324480466901,0.44170866046805163,0.048738522076368605,-0.6017766833729703,-0.28004641531164814,0.4117837007272845,-1.0116156075948353,0.0,-0.8328197396601593,-1.2093507338753493,-1.4720446861318601,-1.4587441535654118,-1.7254256545138333
0.19232927508371683,-2.7732278978401643,0.5855324480466901,0.44170866046805163,0.048738522076368605,-0.6017766833729703,0.19240287606072592,-0.6421646719579913,1.2221676836308635,0.0,0.7019310677561728,-1.2093507338753493,-1.4720446861318601,-1.4587441535654118,-1.7254256545138333
0.19232927508371683,-2.7732278978401643,0.5855324480466901,0.44170866046805163,0.048738522076368605,-0.6017766833729703,0.19240287606072592,-0.583611984586587,0.53484974786911,0.0,0.7019310677561728,-1.2093507338753493,-1.4720446861318601,-1.4587441535654118,-1.7254256545138333
-1.2249669964992675,-0.7638230904455068,1.0928318113152808,0.44170866046805163,0.16437433331709086,-0.6017766833729703,-1.2249449980563965,-0.7592700467007997,1.336720672924489,0.0,-0.8328197396601593,0.015190246157726272,-0.4906815620439534,-1.4587441535654118,-1.7254256545138333
-1.2249669964992675,0.2408793132518215,1.0928318113152808,0.44170866046805163,0.16437433331709086,-0.6017766833729703,-1.2249449980563965,-0.6421646719579913,-1.2407215861820864,0.0,-0.4491320378060763,0.015190246157726272,-0.4906815620439534,-1.4587441535654118,-1.7254256545138333
-0.9887509512354369,-0.7638230904455068,1.0928318113152808,0.44170866046805163,0.16437433331709086,-0.6017766833729703,-0.9887203523702093,1.407179386041156,0.6494027371627356,0.0,-0.8328197396601593,0.015190246157726272,-0.4906815620439534,-1.4587441535654118,-1.7254256545138333
-0.7525349059716061,-1.7685254941428359,1.0928318113152808,0.44170866046805163,0.16437433331709086,-0.6017766833729703,-0.7524957066840222,1.699942822898177,0.6494027371627356,0.0,0.31824336590208974,0.015190246157726272,-0.4906815620439534,-1.4587441535654118,-1.7254256545138333
-0.7525349059716061,-1.7685254941428359,1.0928318113152808,0.44170866046805163,0.16437433331709086,-0.6017766833729703,-0.7524957066840222,1.7584955102695812,-0.09519169324583063,0.0,0.31824336590208974,0.015190246157726272,-0.4906815620439534,-1.4587441535654118,-1.7254256545138333
-0.2801028154439446,-0.7638230904455068,1.0928318113152808,0.44170866046805163,0.16437433331709086,-0.6017766833729703,-0.28004641531164814,-0.6421646719579913,0.5921262425159228,0.0,-0.8328197396601593,-1.2093507338753493,-0.4906815620439534,-1.4587441535654118,-1.7254256545138333
0.42854532034754755,-1.7685254941428359,1.0928318113152808,0.44170866046805163,0.16437433331709086,-0.6017766833729703,0.428627521746913,0.11902026387026342,1.3939971675713017,0.0,0.31824336590208974,-1.2093507338753493,-0.4906815620439534,-1.4587441535654118,-1.7254256545138333
0.42854532034754755,0.2408793132518215,1.0928318113152808,0.44170866046805163,0.16437433331709086,-0.6017766833729703,0.428627521746913,0.23612563861307184,1.050338199690425,0.0,1.469306471464339,-1.2093507338753493,-0.4906815620439534,-1.4587441535654118,-1.7254256545138333
0.900977410875209,0.2408793132518215,1.0928318113152808,0.44170866046805163,0.16437433331709086,-0.6017766833729703,0.901076813119287,1.114415949184135,1.623103146158553,0.0,-0.4491320378060763,1.239731226190802,-0.4906815620439534,-1.4587441535654118,-1.7254256545138333
1.6096255466667013,-0.7638230904455068,1.0928318113152808,0.44170866046805163,0.16437433331709086,-0.6017766833729703,1.609750750177848,-0.6421646719579913,1.5085501568649273,0.0,-0.8328197396601593,1.239731226190802,-0.4906815620439534,-1.4587441535654118,-1.7254256545138333
1.845841591930532,0.2408793132518215,1.0928318113152808,0.44170866046805163,0.16437433331709086,-0.6017766833729703,1.8459753958640353,0.7630998249557097,0.53484974786911,0.0,1.469306471464339,1.239731226190802,-0.4906815620439534,-1.4587441535654118,-1.7254256545138333
-1.4611830417630982,0.2408793132518215,1.6001311745838716,0.44170866046805163,0.2800101445578131,-0.6017766833729703,-1.4611696437425834,-1.1691388583006292,0.7066792318095484,0.0,-0.4491320378060763,0.015190246157726272,0.0,-1.4587441535654118,-1.7254256545138333
-1.4611830417630982,0.2408793132518215,1.6001311745838716,0.44170866046805163,0.2800101445578131,-0.6017766833729703,-1.4611696437425834,0.17757295124166764,-1.4125510701225246,0.0,-0.4491320378060763,0.015190246157726272,0.0,-1.4587441535654118,-1.7254256545138333
-1.4611830417630982,-1.7685254941428359,1.6001311745838716,0.44170866046805163,0.2800101445578131,-0.6017766833729703,-1.4611696437425834,0.7045471375843055,-1.3552745754757118,0.0,0.31824336590208974,0.015190246157726272,0.0,-1.4587441535654118,-1.7254256545138333
-1.4611830417630982,-0.7638230904455068,1.6001311745838716,0.44170866046805163,0.2800101445578131,-0.6017766833729703,-1.4611696437425834,1.5828374481553686,-1.641657048709776,0.0,-0.8328197396601593,0.015190246157726272,0.0,-1.4587441535654118,-1.7254256545138333
-0.5163188607077753,0.2408793132518215,1.6001311745838716,0.44170866046805163,0.2800101445578131,-0.6017766833729703,-0.5162710609978353,0.11902026387026342,0.5921262425159228,0.0,-0.4491320378060763,-1.2093507338753493,0.0,-1.4587441535654118,-1.7254256545138333
-0.0438867701801139,-0.7638230904455068,1.6001311745838716,0.44170866046805163,0.2800101445578131,-0.6017766833729703,-0.043821769625461124,0.06046757649885921,-0.4961271557735201,0.0,-0.8328197396601593,-1.2093507338753493,0.0,-1.4587441535654118,-1.7254256545138333
0.900977410875209,-0.7638230904455068,1.6001311745838716,0.44170866046805163,0.2800101445578131,-0.6017766833729703,0.901076813119287,-0.29084854772956603,-1.1261685968884607,0.0,-0.8328197396601593,1.239731226190802,0.0,-1.4587441535654118,-1.7254256545138333
0.900977410875209,-0.7638230904455068,1.6001311745838716,0.44170866046805163,0.2800101445578131,-0.6017766833729703,0.901076813119287,-0.17374317298675762,-1.5271040594161502,0.0,-0.8328197396601593,1.239731226190802,0.0,-1.4587441535654118,-1.7254256545138333
0.900977410875209,-1.7685254941428359,1.6001311745838716,0.44170866046805163,0.2800101445578131,-0.6017766833729703,0.901076813119287,-0.11519048561535342,-0.7252331343607713,0.0,-1.2165074415142423,1.239731226190802,0.0,-1.4587441535654118,-1.7254256545138333
0.900977410875209,-1.7685254941428359,1.6001311745838716,0.44170866046805163,0.2800101445578131,-0.6017766833729703,0.901076813119287,-0.056637798243949204,-0.9543391129480224,0.0,-1.2165074415142423,1.239731226190802,0.0,-1.4587441535654118,-1.7254256545138333
0.19232927508371683,-0.7638230904455068,-1.4436650050276725,0.44170866046805163,0.39564595579853534,-0.6017766833729703,0.19240287606072592,-1.1691388583006292,1.050338199690425,0.0,-0.8328197396601593,-1.2093507338753493,-0.9813631240879068,-1.4587441535654118,-1.7254256545138333
0.19232927508371683,-0.7638230904455068,-1.4436650050276725,0.44170866046805163,0.39564595579853534,-0.6017766833729703,0.19240287606072592,-1.110586170929225,1.2221676836308635,0.0,-0.8328197396601593,-1.2093507338753493,-0.9813631240879068,-1.4587441535654118,-1.7254256545138333
1.6096255466667013,0.2408793132518215,-1.4436650050276725,0.44170866046805163,0.39564595579853534,-0.6017766833729703,1.609750750177848,-0.4665066098437787,-1.0116156075948353,0.0,1.469306471464339,1.239731226190802,-0.9813631240879068,-1.4587441535654118,-1.7254256545138333
1.6096255466667013,0.2408793132518215,-1.4436650050276725,0.44170866046805163,0.39564595579853534,-0.6017766833729703,1.609750750177848,0.11902026387026342,1.56582665151174,0.0,-0.0654443359519933,1.239731226190802,-0.9813631240879068,-1.4587441535654118,-1.7254256545138333
-1.4611830417630982,-1.7685254941428359,-0.9363656417590819,0.44170866046805163,0.5112817670392577,-0.6017766833729703,-1.4611696437425834,-0.11519048561535342,-0.782509629007584,0.0,0.31824336590208974,0.015190246157726272,0.9813631240879068,-1.4587441535654118,-1.7254256545138333
-1.4611830417630982,0.2408793132518215,-0.9363656417590819,0.44170866046805163,0.5112817670392577,-0.6017766833729703,-1.4611696437425834,0.0019148891274550072,-0.8970626183012096,0.0,1.469306471464339,0.015190246157726272,0.9813631240879068,-1.4587441535654118,-1.7254256545138333
-1.4611830417630982,-2.7732278978401643,-0.9363656417590819,0.44170866046805163,0.5112817670392577,-0.6017766833729703,-1.4611696437425834,1.1729686365555392,0.9930617050436122,0.0,0.7019310677561728,0.015190246157726272,0.9813631240879068,-1.4587441535654118,-1.7254256545138333
-1.4611830417630982,-1.7685254941428359,-0.9363656417590819,0.44170866046805163,0.5112817670392577,-0.6017766833729703,-1.4611696437425834,1.2315213239269434,0.36302026392867165,0.0,0.31824336590208974,0.015190246157726272,0.9813631240879068,-1.4587441535654118,-1.7254256545138333
-1.2249669964992675,-0.7638230904455068,-0.9363656417590819,0.44170866046805163,0.5112817670392577,-0.6017766833729703,-1.2249449980563965,-0.8763754214436081,1.3939971675713017,0.0,-0.8328197396601593,0.015190246157726272,0.9813631240879068,-1.4587441535654118,-1.7254256545138333
-0.7525349059716061,-1.7685254941428359,-0.9363656417590819,0.44170866046805163,0.5112817670392577,-0.6017766833729703,-0.7524957066840222,-1.1691388583006292,1.4512736622181146,0.0,-1.2165074415142423,0.015190246157726272,0.9813631240879068,-1.4587441535654118,-1.7254256545138333
-0.7525349059716061,-1.7685254941428359,-0.9363656417590819,0.44170866046805163,0.5112817670392577,-0.6017766833729703,-0.7524957066840222,-1.0520334835578207,0.53484974786911,0.0,-1.2165074415142423,0.015190246157726272,0.9813631240879068,-1.4587441535654118,-1.7254256545138333
-0.7525349059716061,-1.7685254941428359,-0.9363656417590819,0.44170866046805163,0.5112817670392577,-0.6017766833729703,-0.7524957066840222,-0.9934807961864165,0.07663779069460772,0.0,-1.2165074415142423,0.015190246157726272,0.9813631240879068,-1.4587441535654118,-1.7254256545138333
-0.7525349059716061,0.2408793132518215,-0.9363656417590819,0.44170866046805163,0.5112817670392577,-0.6017766833729703,-0.7524957066840222,0.7630998249557097,-0.5534036504203329,0.0,1.469306471464339,0.015190246157726272,0.9813631240879068,-1.4587441535654118,-1.7254256545138333
1.3734095014028704,0.2408793132518215,-0.9363656417590819,0.44170866046805163,0.5112817670392577,-0.6017766833729703,1.3735261044916611,0.7630998249557097,0.5921262425159228,0.0,1.469306471464339,1.239731226190802,0.9813631240879068,-1.4587441535654118,-1.7254256545138333
1.3734095014028704,0.2408793132518215,-0.9363656417590819,0.44170866046805163,0.5112817670392577,-0.6017766833729703,1.3735261044916611,0.8802051996985182,-0.8970626183012096,0.0,1.469306471464339,1.239731226190802,0.9813631240879068,-1.4587441535654118,-1.7254256545138333
1.3734095014028704,0.2408793132518215,-0.9363656417590819,0.44170866046805163,0.5112817670392577,-0.6017766833729703,1.3735261044916611,0.9387578870699224,-1.0116156075948353,0.0,1.469306471464339,1.239731226190802,0.9813631240879068,-1.4587441535654118,-1.7254256545138333
1.3734095014028704,0.2408793132518215,-0.9363656417590819,0.44170866046805163,0.5112817670392577,-0.6017766833729703,1.3735261044916611,0.9973105744413265,-1.5271040594161502,0.0,1.469306471464339,1.239731226190802,0.9813631240879068,-1.4587441535654118,-1.7254256545138333
-1.697399087026929,-0.7638230904455068,-0.42906627849049117,0.44170866046805163,0.6269175782799798,-0.6017766833729703,-1.6973942894287704,1.7584955102695812,-0.9543391129480224,0.0,-0.8328197396601593,0.015190246157726272,1.4720446861318601,-1.4587441535654118,-1.7254256545138333
-1.4611830417630982,-1.7685254941428359,-0.42906627849049117,0.44170866046805163,0.6269175782799798,-0.6017766833729703,-1.4611696437425834,0.6459944502129013,-0.1524681878926434,0.0,0.31824336590208974,0.015190246157726272,1.4720446861318601,-1.4587441535654118,-1.7254256545138333
-0.9887509512354369,-1.7685254941428359,-0.42906627849049117,0.44170866046805163,0.6269175782799798,-0.6017766833729703,-0.9887203523702093,-0.9349281088150123,0.1339142853414205,0.0,-1.2165074415142423,0.015190246157726272,1.4720446861318601,-1.4587441535654118,-1.7254256545138333
-0.9887509512354369,-0.7638230904455068,-0.42906627849049117,0.44170866046805163,0.6269175782799798,-0.6017766833729703,-0.9887203523702093,0.5288890754700929,0.821232221103174,0.0,-0.8328197396601593,0.015190246157726272,1.4720446861318601,-1.4587441535654118,-1.7254256545138333
-0.7525349059716061,-1.7685254941428359,-0.42906627849049117,0.44170866046805163,0.6269175782799798,-0.6017766833729703,-0.7524957066840222,1.2900740112983475,0.6494027371627356,0.0,0.31824336590208974,0.015190246157726272,1.4720446861318601,-1.4587441535654118,-1.7254256545138333
-0.2801028154439446,0.2408793132518215,-0.42906627849049117,0.44170866046805163,0.6269175782799798,-0.6017766833729703,-0.28004641531164814,-0.7007173593293955,-1.1261685968884607,0.0,1.469306471464339,-1.2093507338753493,1.4720446861318601,-1.4587441535654118,-1.7254256545138333
1.1371934561390398,0.2408793132518215,-0.42906627849049117,0.44170866046805163,0.6269175782799798,-0.6017766833729703,1.1373014588054742,0.7630998249557097,-1.5271040594161502,0.0,1.469306471464339,1.239731226190802,1.4720446861318601,-1.4587441535654118,-1.7254256545138333
-1.2249669964992675,-1.7685254941428359,0.07823308477809952,0.44170866046805163,0.7425533895207022,-0.6017766833729703,-1.2249449980563965,-0.40795392247237444,-0.2097446825394562,0.0,0.31824336590208974,0.015190246157726272,0.4906815620439534,-1.4587441535654118,-1.7254256545138333
-0.9887509512354369,-0.7638230904455068,0.07823308477809952,0.44170866046805163,0.7425533895207022,-0.6017766833729703,-0.9887203523702093,-1.1691388583006292,-0.38157416647989456,0.0,-0.8328197396601593,0.015190246157726272,0.4906815620439534,-1.4587441535654118,-1.7254256545138333
-0.9887509512354369,-0.7638230904455068,0.07823308477809952,0.44170866046805163,0.7425533895207022,-0.6017766833729703,-0.9887203523702093,1.0558632618127308,1.6803796408053657,0.0,-0.8328197396601593,0.015190246157726272,0.4906815620439534,-1.4587441535654118,-1.7254256545138333
-0.0438867701801139,0.2408793132518215,0.07823308477809952,0.44170866046805163,0.7425533895207022,-0.6017766833729703,-0.043821769625461124,-0.7592700467007997,-1.0116156075948353,0.0,1.469306471464339,-1.2093507338753493,0.4906815620439534,-1.4587441535654118,-1.7254256545138333
-0.0438867701801139,0.2408793132518215,0.07823308477809952,0.44170866046805163,0.7425533895207022,-0.6017766833729703,-0.043821769625461124,-0.17374317298675762,1.623103146158553,0.0,1.469306471464339,-1.2093507338753493,0.4906815620439534,-1.4587441535654118,-1.7254256545138333
0.19232927508371683,0.2408793132518215,0.07823308477809952,0.44170866046805163,0.7425533895207022,-0.6017766833729703,0.19240287606072592,-1.2862442330434376,-1.2979980808288991,0.0,-0.4491320378060763,-1.2093507338753493,0.4906815620439534,-1.4587441535654118,-1.7254256545138333
0.19232927508371683,-1.7685254941428359,0.07823308477809952,0.44170866046805163,0.7425533895207022,-0.6017766833729703,0.19240287606072592,-0.11519048561535342,-0.1524681878926434,0.0,-1.2165074415142423,-1.2093507338753493,0.4906815620439534,-1.4587441535654118,-1.7254256545138333
-1.697399087026929,0.2408793132518215,0.5855324480466901,0.44170866046805163,0.8581892007614244,-0.6017766833729703,-1.6973942894287704,0.8216525123271139,-0.782509629007584,0.0,1.469306471464339,0.015190246157726272,-1.4720446861318601,-1.4587441535654118,-1.7254256545138333
-1.4611830417630982,-1.7685254941428359,0.5855324480466901,0.44170866046805163,0.8581892007614244,-0.6017766833729703,-1.4611696437425834,-0.4665066098437787,1.050338199690425,0.0,0.31824336590208974,0.015190246157726272,-1.4720446861318601,-1.4587441535654118,-1.7254256545138333
-1.4611830417630982,0.2408793132518215,0.5855324480466901,0.44170866046805163,0.8581892007614244,-0.6017766833729703,-1.4611696437425834,-0.40795392247237444,1.5085501568649273,0.0,1.469306471464339,0.015190246157726272,-1.4720446861318601,-1.4587441535654118,-1.7254256545138333
-1.4611830417630982,-1.7685254941428359,0.5855324480466901,0.44170866046805163,0.8581892007614244,-0.6017766833729703,-1.4611696437425834,0.23612563861307184,0.4775732532222972,0.0,-1.2165074415142423,0.015190246157726272,-1.4720446861318601,-1.4587441535654118,-1.7254256545138333
-1.4611830417630982,-1.7685254941428359,0.5855324480466901,0.44170866046805163,0.8581892007614244,-0.6017766833729703,-1.4611696437425834,0.2946783259844761,0.30574376928185887,0.0,-1.2165074415142423,0.015190246157726272,-1.4720446861318601,-1.4587441535654118,-1.7254256545138333
-1.2249669964992675,-0.7638230904455068,0.5855324480466901,0.44170866046805163,0.8581892007614244,-0.6017766833729703,-1.2249449980563965,-0.8763754214436081,1.2794441782776762,0.0,-0.8328197396601593,0.015190246157726272,-1.4720446861318601,-1.4587441535654118,-1.7254256545138333
-0.9887509512354369,0.2408793132518215,0.5855324480466901,0.44170866046805163,0.8581892007614244,-0.6017766833729703,-0.9887203523702093,-1.110586170929225,1.623103146158553,0.0,-0.0654443359519933,0.015190246157726272,-1.4720446861318601,-1.4587441535654118,-1.7254256545138333
-0.9887509512354369,-1.7685254941428359,0.5855324480466901,0.44170866046805163,0.8581892007614244,-0.6017766833729703,-0.9887203523702093,-1.0520334835578207,1.4512736622181146,0.0,-1.2165074415142423,0.015190246157726272,-1.4720446861318601,-1.4587441535654118,-1.7254256545138333
-0.9887509512354369,-1.7685254941428359,0.5855324480466901,0.44170866046805163,0.8581892007614244,-0.6017766833729703,-0.9887203523702093,0.5874417628414971,-1.0116156075948353,0.0,0.31824336590208974,0.015190246157726272,-1.4720446861318601,-1.4587441535654118,-1.7254256545138333
-0.7525349059716061,0.2408793132518215,0.5855324480466901,0.44170866046805163,0.8581892007614244,-0.6017766833729703,-0.7524957066840222,-0.9934807961864165,1.6803796408053657,0.0,1.0856187696102557,0.015190246157726272,-1.4720446861318601,-1.4587441535654118,-1.7254256545138333
-0.2801028154439446,-1.7685254941428359,0.5855324480466901,0.44170866046805163,0.8581892007614244,-0.6017766833729703,-0.28004641531164814,-0.29084854772956603,1.3939971675713017,0.0,-1.2165074415142423,-1.2093507338753493,-1.4720446861318601,-1.4587441535654118,-1.7254256545138333
0.19232927508371683,-1.7685254941428359,0.5855324480466901,0.44170866046805163,0.8581892007614244,-0.6017766833729703,0.19240287606072592,-0.056637798243949204,1.2794441782776762,0.0,-1.2165074415142423,-1.2093507338753493,-1.4720446861318601,-1.4587441535654118,-1.7254256545138333
1.1371934561390398,0.2408793132518215,0.5855324480466901,0.44170866046805163,0.8581892007614244,-0.6017766833729703,1.1373014588054742,1.114415949184135,-1.584380554062963,0.0,1.469306471464339,1.239731226190802,-1.4720446861318601,-1.4587441535654118,-1.7254256545138333
-1.4611830417630982,-1.7685254941428359,1.0928318113152808,0.44170866046805163,0.9738250120021467,-0.6017766833729703,-1.4611696437425834,-0.9349281088150123,0.7066792318095484,0.0,0.31824336590208974,0.015190246157726272,-0.4906815620439534,-1.4587441535654118,-1.7254256545138333
-1.4611830417630982,-1.7685254941428359,1.0928318113152808,0.44170866046805163,0.9738250120021467,-0.6017766833729703,-1.4611696437425834,-0.8763754214436081,0.9930617050436122,0.0,0.31824336590208974,0.015190246157726272,-0.4906815620439534,-1.4587441535654118,-1.7254256545138333
-1.4611830417630982,-1.7685254941428359,1.0928318113152808,0.44170866046805163,0.9738250120021467,-0.6017766833729703,-1.4611696437425834,0.8802051996985182,-1.068892102241648,0.0,0.31824336590208974,0.015190246157726272,-0.4906815620439534,-1.4587441535654118,-1.7254256545138333
-0.9887509512354369,-2.7732278978401643,1.0928318113152808,0.44170866046805163,0.9738250120021467,-0.6017766833729703,-0.9887203523702093,-0.6421646719579913,-1.1834450915352734,0.0,0.7019310677561728,0.015190246157726272,-0.4906815620439534,-1.4587441535654118,-1.7254256545138333
-0.9887509512354369,-2.7732278978401643,1.0928318113152808,0.44170866046805163,0.9738250120021467,-0.6017766833729703,-0.9887203523702093,-0.6421646719579913,1.2794441782776762,0.0,0.7019310677561728,0.015190246157726272,-0.4906815620439534,-1.4587441535654118,-1.7254256545138333
-0.9887509512354369,-1.7685254941428359,1.0928318113152808,0.44170866046805163,0.9738250120021467,-0.6017766833729703,-0.9887203523702093,-0.583611984586587,1.1076146943372378,0.0,-1.2165074415142423,0.015190246157726272,-0.4906815620439534,-1.4587441535654118,-1.7254256545138333
-1.4611830417630982,-1.7685254941428359,1.6001311745838716,0.44170866046805163,1.0894608232428689,-0.6017766833729703,-1.4611696437425834,-0.8763754214436081,0.42029675857548443,0.0,0.31824336590208974,0.015190246157726272,0.0,-1.4587441535654118,-1.7254256545138333
-1.4611830417630982,-1.7685254941428359,1.6001311745838716,0.44170866046805163,1.0894608232428689,-0.6017766833729703,-1.4611696437425834,-0.17374317298675762,-0.1524681878926434,0.0,-1.2165074415142423,0.015190246157726272,0.0,-1.4587441535654118,-1.7254256545138333
-1.4611830417630982,-1.7685254941428359,1.6001311745838716,0.44170866046805163,1.0894608232428689,-0.6017766833729703,-1.4611696437425834,-0.11519048561535342,0.36302026392867165,0.0,-1.2165074415142423,0.015190246157726272,0.0,-1.4587441535654118,-1.7254256545138333
-1.2249669964992675,0.2408793132518215,1.6001311745838716,0.44170866046805163,1.0894608232428689,-0.6017766833729703,-1.2249449980563965,-0.29084854772956603,-0.43885066112670734,0.0,-0.4491320378060763,0.015190246157726272,0.0,-1.4587441535654118,-1.7254256545138333
-0.5163188607077753,0.2408793132518215,1.6001311745838716,0.44170866046805163,1.0894608232428689,-0.6017766833729703,-0.5162710609978353,0.7045471375843055,0.7066792318095484,0.0,-0.4491320378060763,-1.2093507338753493,0.0,-1.4587441535654118,-1.7254256545138333
-0.0438867701801139,0.2408793132518215,1.6001311745838716,0.44170866046805163,1.0894608232428689,-0.6017766833729703,-0.043821769625461124,1.407179386041156,-1.584380554062963,0.0,1.469306471464339,-1.2093507338753493,0.0,-1.4587441535654118,-1.7254256545138333
-1.4611830417630982,-1.7685254941428359,-1.4436650050276725,0.44170866046805163,1.2050966344835912,-0.6017766833729703,-1.4611696437425834,-1.0520334835578207,0.9930617050436122,0.0,0.31824336590208974,0.015190246157726272,-0.9813631240879068,-1.4587441535654118,-1.7254256545138333
-1.4611830417630982,-1.7685254941428359,-1.4436650050276725,0.44170866046805163,1.2050966344835912,-0.6017766833729703,-1.4611696437425834,-0.7592700467007997,-1.1834450915352734,0.0,-1.2165074415142423,0.015190246157726272,-0.9813631240879068,-1.4587441535654118,-1.7254256545138333
-1.4611830417630982,-1.7685254941428359,-1.4436650050276725,0.44170866046805163,1.2050966344835912,-0.6017766833729703,-1.4611696437425834,-0.7007173593293955,-0.38157416647989456,0.0,-1.2165074415142423,0.015190246157726272,-0.9813631240879068,-1.4587441535654118,-1.7254256545138333
-1.2249669964992675,-0.7638230904455068,-1.4436650050276725,0.44170866046805163,1.2050966344835912,-0.6017766833729703,-1.2249449980563965,-0.4665066098437787,0.36302026392867165,0.0,-0.8328197396601593,0.015190246157726272,-0.9813631240879068,-1.4587441535654118,-1.7254256545138333
-0.9887509512354369,0.2408793132518215,-1.4436650050276725,0.44170866046805163,1.2050966344835912,-0.6017766833729703,-0.9887203523702093,0.47033638809868866,0.821232221103174,0.0,1.469306471464339,0.015190246157726272,-0.9813631240879068,-1.4587441535654118,-1.7254256545138333
-0.9887509512354369,0.2408793132518215,-1.4436650050276725,0.44170866046805163,1.2050966344835912,-0.6017766833729703,-0.9887203523702093,0.5288890754700929,1.1076146943372378,0.0,-0.4491320378060763,0.015190246157726272,-0.9813631240879068,-1.4587441535654118,-1.7254256545138333
-0.5163188607077753,-1.7685254941428359,-1.4436650050276725,0.44170866046805163,1.2050966344835912,-0.6017766833729703,-0.5162710609978353,0.9387578870699224,-0.9543391129480224,0.0,-1.2165074415142423,-1.2093507338753493,-0.9813631240879068,-1.4587441535654118,-1.7254256545138333
-0.5163188607077753,-1.7685254941428359,-1.4436650050276725,0.44170866046805163,1.2050966344835912,-0.6017766833729703,-0.5162710609978353,0.9973105744413265,-0.38157416647989456,0.0,-1.2165074415142423,-1.2093507338753493,-0.9813631240879068,-1.4587441535654118,-1.7254256545138333
0.900977410875209,-0.7638230904455068,-1.4436650050276725,0.44170866046805163,1.2050966344835912,-0.6017766833729703,0.901076813119287,1.407179386041156,-0.1524681878926434,0.0,-0.8328197396601593,1.239731226190802,-0.9813631240879068,-1.4587441535654118,-1.7254256545138333
0.900977410875209,0.2408793132518215,-1.4436650050276725,0.44170866046805163,1.2050966344835912,-0.6017766833729703,0.901076813119287,1.4657320734125603,0.07663779069460772,0.0,1.469306471464339,1.239731226190802,-0.9813631240879068,-1.4587441535654118,-1.7254256545138333
1.845841591930532,-0.7638230904455068,-1.4436650050276725,0.44170866046805163,1.2050966344835912,-0.6017766833729703,1.8459753958640353,1.5242847607839645,0.53484974786911,0.0,-0.8328197396601593,1.239731226190802,-0.9813631240879068,-1.4587441535654118,-1.7254256545138333
-0.9887509512354369,0.2408793132518215,-0.9363656417590819,0.44170866046805163,1.3207324457243135,-0.6017766833729703,-0.9887203523702093,-1.4619022951576501,-1.4698275647693375,0.0,1.469306471464339,0.015190246157726272,0.9813631240879068,-1.4587441535654118,-1.7254256545138333
-0.5163188607077753,-0.7638230904455068,-0.42906627849049117,0.44170866046805163,1.4363682569650356,-0.6017766833729703,-0.5162710609978353,-1.2276915456720334,-0.6679566397139585,0.0,-0.8328197396601593,-1.2093507338753493,1.4720446861318601,-1.4587441535654118,-1.7254256545138333
-0.5163188607077753,0.2408793132518215,-0.42906627849049117,0.44170866046805163,1.4363682569650356,-0.6017766833729703,-0.5162710609978353,-1.110586170929225,-1.4698275647693375,0.0,-0.4491320378060763,-1.2093507338753493,1.4720446861318601,-1.4587441535654118,-1.7254256545138333
-0.5163188607077753,-1.7685254941428359,-0.42906627849049117,0.44170866046805163,1.4363682569650356,-0.6017766833729703,-0.5162710609978353,0.35323101335588025,-1.3552745754757118,0.0,-1.2165074415142423,-1.2093507338753493,1.4720446861318601,-1.4587441535654118,-1.7254256545138333
-0.2801028154439446,-0.7638230904455068,-0.42906627849049117,0.44170866046805163,1.4363682569650356,-0.6017766833729703,-0.28004641531164814,1.114415949184135,0.30574376928185887,0.0,-0.8328197396601593,-1.2093507338753493,1.4720446861318601,-1.4587441535654118,-1.7254256545138333
-1.697399087026929,-1.7685254941428359,0.07823308477809952,0.44170866046805163,1.5520040682057579,-0.6017766833729703,-1.6973942894287704,0.0019148891274550072,0.019361296047794935,0.0,-1.2165074415142423,0.015190246157726272,0.4906815620439534,-1.4587441535654118,-1.7254256545138333
0.6647613656113783,0.2408793132518215,0.5855324480466901,0.44170866046805163,1.6676398794464802,-0.6017766833729703,0.6648521674331,-0.9349281088150123,0.019361296047794935,0.0,1.469306471464339,1.239731226190802,-1.4720446861318601,-1.4587441535654118,-1.7254256545138333
0.6647613656113783,-0.7638230904455068,0.5855324480466901,0.44170866046805163,1.6676398794464802,-0.6017766833729703,0.6648521674331,-0.8763754214436081,0.1339142853414205,0.0,-0.8328197396601593,1.239731226190802,-1.4720446861318601,-1.4587441535654118,-1.7254256545138333
0.6647613656113783,-0.7638230904455068,0.5855324480466901,0.44170866046805163,1.6676398794464802,-0.6017766833729703,0.6648521674331,-0.817822734072204,0.30574376928185887,0.0,-0.8328197396601593,1.239731226190802,-1.4720446861318601,-1.4587441535654118,-1.7254256545138333
-1.2249669964992675,-1.7685254941428359,1.0928318113152808,0.44170866046805163,1.7832756906872023,-0.6017766833729703,-1.2249449980563965,-1.2276915456720334,0.1339142853414205,0.0,0.31824336590208974,0.015190246157726272,-0.4906815620439534,-1.4587441535654118,-1.7254256545138333
-0.9887509512354369,-0.7638230904455068,1.0928318113152808,0.44170866046805163,1.7832756906872023,-0.6017766833729703,-0.9887203523702093,-1.5790076699004587,-1.2407215861820864,0.0,-0.8328197396601593,0.015190246157726272,-0.4906815620439534,-1.4587441535654118,-1.7254256545138333
-0.9887509512354369,-2.7732278978401643,1.0928318113152808,0.44170866046805163,1.7832756906872023,-0.6017766833729703,-0.9887203523702093,-0.40795392247237444,-0.2097446825394562,0.0,0.7019310677561728,0.015190246157726272,-0.4906815620439534,-1.4587441535654118,-1.7254256545138333
-0.7525349059716061,-0.7638230904455068,1.0928318113152808,0.44170866046805163,1.7832756906872023,-0.6017766833729703,-0.7524957066840222,0.0019148891274550072,1.3939971675713017,0.0,-0.8328197396601593,0.015190246157726272,-0.4906815620439534,-1.4587441535654118,-1.7254256545138333
-0.7525349059716061,-1.7685254941428359,1.0928318113152808,0.44170866046805163,1.7832756906872023,-0.6017766833729703,-0.7524957066840222,0.23612563861307184,0.53484974786911,0.0,0.31824336590208974,0.015190246157726272,-0.4906815620439534,-1.4587441535654118,-1.7254256545138333
-0.7525349059716061,-1.7685254941428359,1.0928318113152808,0.44170866046805163,1.7832756906872023,-0.6017766833729703,-0.7524957066840222,0.2946783259844761,0.1339142853414205,0.0,0.31824336590208974,0.015190246157726272,-0.4906815620439534,-1.4587441535654118,-1.7254256545138333
-1.2249669964992675,-1.7685254941428359,1.6001311745838716,0.7274016981559034,-1.6857986465344652,-0.6017766833729703,-1.2249449980563965,0.2946783259844761,-0.8397861236543969,0.0,0.31824336590208974,0.015190246157726272,0.0,1.4811226150121537,1.4357751701558807
-0.5163188607077753,0.2408793132518215,1.6001311745838716,0.7274016981559034,-1.6857986465344652,-0.6017766833729703,-0.5162710609978353,-1.0520334835578207,-0.3242976718330818,0.0,-0.4491320378060763,-1.2093507338753493,0.0,1.4811226150121537,1.4357751701558807
-0.5163188607077753,-0.7638230904455068,1.6001311745838716,0.7274016981559034,-1.6857986465344652,-0.6017766833729703,-0.5162710609978353,0.06046757649885921,-1.2407215861820864,0.0,-0.8328197396601593,-1.2093507338753493,0.0,1.4811226150121537,1.4357751701558807
-0.5163188607077753,-1.7685254941428359,1.6001311745838716,0.7274016981559034,-1.6857986465344652,-0.6017766833729703,-0.5162710609978353,0.17757295124166764,-0.43885066112670734,0.0,-1.2165074415142423,-1.2093507338753493,0.0,1.4811226150121537,1.4357751701558807
-0.5163188607077753,-0.7638230904455068,1.6001311745838716,0.7274016981559034,-1.6857986465344652,-0.6017766833729703,-0.5162710609978353,1.2315213239269434,-0.7252331343607713,0.0,-0.8328197396601593,-1.2093507338753493,0.0,1.4811226150121537,1.4357751701558807
-0.2801028154439446,0.2408793132518215,1.6001311745838716,0.7274016981559034,-1.6857986465344652,-0.6017766833729703,-0.28004641531164814,1.6413901355267728,0.19119077998823328,0.0,1.469306471464339,-1.2093507338753493,0.0,1.4811226150121537,1.4357751701558807
-0.0438867701801139,-0.7638230904455068,1.6001311745838716,0.7274016981559034,-1.6857986465344652,-0.6017766833729703,-0.043821769625461124,0.8802051996985182,-1.4698275647693375,0.0,-0.8328197396601593,-1.2093507338753493,0.0,1.4811226150121537,1.4357751701558807
0.6647613656113783,0.2408793132518215,1.6001311745838716,0.7274016981559034,-1.6857986465344652,-0.6017766833729703,0.6648521674331,-0.5250592972151829,0.9357852103967995,0.0,1.469306471464339,1.239731226190802,0.0,1.4811226150121537,1.4357751701558807
0.6647613656113783,0.2408793132518215,1.6001311745838716,0.7274016981559034,-1.6857986465344652,-0.6017766833729703,0.6648521674331,-0.34940123510097026,-0.9543391129480224,0.0,1.469306471464339,1.239731226190802,0.0,1.4811226150121537,1.4357751701558807
0.6647613656113783,0.2408793132518215,1.6001311745838716,0.7274016981559034,-1.6857986465344652,-0.6017766833729703,0.6648521674331,-0.29084854772956603,1.1076146943372378,0.0,1.469306471464339,1.239731226190802,0.0,1.4811226150121537,1.4357751701558807
-1.4611830417630982,0.2408793132518215,-1.4436650050276725,0.7274016981559034,-1.570162835293743,-0.6017766833729703,-1.4611696437425834,-0.29084854772956603,0.53484974786911,0.0,1.469306471464339,0.015190246157726272,-0.9813631240879068,1.4811226150121537,1.4357751701558807
-1.4611830417630982,-0.7638230904455068,-1.4436650050276725,0.7274016981559034,-1.570162835293743,-0.6017766833729703,-1.4611696437425834,1.2315213239269434,-0.7252331343607713,0.0,-0.8328197396601593,0.015190246157726272,-0.9813631240879068,1.4811226150121537,1.4357751701558807
-1.4611830417630982,0.2408793132518215,-1.4436650050276725,0.7274016981559034,-1.570162835293743,-0.6017766833729703,-1.4611696437425834,1.2900740112983475,0.19119077998823328,0.0,1.469306471464339,0.015190246157726272,-0.9813631240879068,1.4811226150121537,1.4357751701558807
-0.0438867701801139,-0.7638230904455068,-1.4436650050276725,0.7274016981559034,-1.570162835293743,-0.6017766833729703,-0.043821769625461124,1.699942822898177,0.9930617050436122,0.0,-0.8328197396601593,-1.2093507338753493,-0.9813631240879068,1.4811226150121537,1.4357751701558807
1.3734095014028704,0.2408793132518215,-1.4436650050276725,0.7274016981559034,-1.570162835293743,-0.6017766833729703,1.3735261044916611,-1.1691388583006292,0.7639557264563611,0.0,-0.4491320378060763,1.239731226190802,-0.9813631240879068,1.4811226150121537,1.4357751701558807
1.3734095014028704,0.2408793132518215,-1.4436650050276725,0.7274016981559034,-1.570162835293743,-0.6017766833729703,1.3735261044916611,-1.0520334835578207,-0.7252331343607713,0.0,-0.0654443359519933,1.239731226190802,-0.9813631240879068,1.4811226150121537,1.4357751701558807
1.3734095014028704,-1.7685254941428359,-1.4436650050276725,0.7274016981559034,-1.570162835293743,-0.6017766833729703,1.3735261044916611,1.3486266986697517,0.07663779069460772,0.0,-1.2165074415142423,1.239731226190802,-0.9813631240879068,1.4811226150121537,1.4357751701558807
1.3734095014028704,-1.7685254941428359,-1.4436650050276725,0.7274016981559034,-1.570162835293743,-0.6017766833729703,1.3735261044916611,1.407179386041156,-0.037915198599017846,0.0,-1.2165074415142423,1.239731226190802,-0.9813631240879068,1.4811226150121537,1.4357751701558807
-1.4611830417630982,0.2408793132518215,-0.9363656417590819,0.7274016981559034,-1.4545270240530206,-0.6017766833729703,-1.4611696437425834,-0.40795392247237444,-0.8397861236543969,0.0,-0.0654443359519933,0.015190246157726272,0.9813631240879068,1.4811226150121537,1.4357751701558807
-1.4611830417630982,0.2408793132518215,-0.9363656417590819,0.7274016981559034,-1.4545270240530206,-0.6017766833729703,-1.4611696437425834,-0.056637798243949204,-1.0116156075948353,0.0,-0.4491320378060763,0.015190246157726272,0.9813631240879068,1.4811226150121537,1.4357751701558807
-1.4611830417630982,0.2408793132518215,-0.9363656417590819,0.7274016981559034,-1.4545270240530206,-0.6017766833729703,-1.4611696437425834,0.7045471375843055,-1.068892102241648,0.0,1.469306471464339,0.015190246157726272,0.9813631240879068,1.4811226150121537,1.4357751701558807
-1.2249669964992675,-0.7638230904455068,-0.9363656417590819,0.7274016981559034,-1.4545270240530206,-0.6017766833729703,-1.2249449980563965,-1.5204549825290543,-1.0116156075948353,0.0,-0.8328197396601593,0.015190246157726272,0.9813631240879068,1.4811226150121537,1.4357751701558807
-1.2249669964992675,0.2408793132518215,-0.9363656417590819,0.7274016981559034,-1.4545270240530206,-0.6017766833729703,-1.2249449980563965,-1.4619022951576501,-1.068892102241648,0.0,-0.4491320378060763,0.015190246157726272,0.9813631240879068,1.4811226150121537,1.4357751701558807
-1.2249669964992675,0.2408793132518215,-0.9363656417590819,0.7274016981559034,-1.4545270240530206,-0.6017766833729703,-1.2249449980563965,-0.9934807961864165,1.050338199690425,0.0,-0.0654443359519933,0.015190246157726272,0.9813631240879068,1.4811226150121537,1.4357751701558807
-1.2249669964992675,0.2408793132518215,-0.9363656417590819,0.7274016981559034,-1.4545270240530206,-0.6017766833729703,-1.2249449980563965,-0.9349281088150123,0.19119077998823328,0.0,-0.0654443359519933,0.015190246157726272,0.9813631240879068,1.4811226150121537,1.4357751701558807
-1.2249669964992675,-0.7638230904455068,-0.9363656417590819,0.7274016981559034,-1.4545270240530206,-0.6017766833729703,-1.2249449980563965,-0.7007173593293955,-1.584380554062963,0.0,-0.8328197396601593,0.015190246157726272,0.9813631240879068,1.4811226150121537,1.4357751701558807
-1.2249669964992675,-0.7638230904455068,-0.9363656417590819,0.7274016981559034,-1.4545270240530206,-0.6017766833729703,-1.2249449980563965,-0.5250592972151829,-0.7252331343607713,0.0,-0.8328197396601593,0.015190246157726272,0.9813631240879068,1.4811226150121537,1.4357751701558807
-1.2249669964992675,0.2408793132518215,-0.9363656417590819,0.7274016981559034,-1.4545270240530206,-0.6017766833729703,-1.2249449980563965,0.47033638809868866,1.2794441782776762,0.0,1.469306471464339,0.015190246157726272,0.9813631240879068,1.4811226150121537,1.4357751701558807
-1.2249669964992675,0.2408793132518215,-0.9363656417590819,0.7274016981559034,-1.4545270240530206,-0.6017766833729703,-1.2249449980563965,0.5288890754700929,1.5085501568649273,0.0,-0.0654443359519933,0.015190246157726272,0.9813631240879068,1.4811226150121537,1.4357751701558807
-0.5163188607077753,-1.7685254941428359,-0.9363656417590819,0.7274016981559034,-1.4545270240530206,-0.6017766833729703,-0.5162710609978353,1.5828374481553686,1.336720672924489,0.0,0.31824336590208974,-1.2093507338753493,0.9813631240879068,1.4811226150121537,1.4357751701558807
-0.0438867701801139,-0.7638230904455068,-0.9363656417590819,0.7274016981559034,-1.4545270240530206,-0.6017766833729703,-0.043821769625461124,-0.8763754214436081,1.2221676836308635,0.0,-0.8328197396601593,-1.2093507338753493,0.9813631240879068,1.4811226150121537,1.4357751701558807
-0.0438867701801139,-0.7638230904455068,-0.9363656417590819,0.7274016981559034,-1.4545270240530206,-0.6017766833729703,-0.043821769625461124,-0.7592700467007997,-0.7252331343607713,0.0,-0.8328197396601593,-1.2093507338753493,0.9813631240879068,1.4811226150121537,1.4357751701558807
0.900977410875209,-0.7638230904455068,-0.9363656417590819,0.7274016981559034,-1.4545270240530206,-0.6017766833729703,0.901076813119287,1.114415949184135,0.24846727463504606,0.0,-0.8328197396601593,1.239731226190802,0.9813631240879068,1.4811226150121537,1.4357751701558807
1.1371934561390398,0.2408793132518215,-0.9363656417590819,0.7274016981559034,-1.4545270240530206,-0.6017766833729703,1.1373014588054742,-1.0520334835578207,-1.0116156075948353,0.0,1.469306471464339,1.239731226190802,0.9813631240879068,1.4811226150121537,1.4357751701558807
1.1371934561390398,-0.7638230904455068,-0.9363656417590819,0.7274016981559034,-1.4545270240530206,-0.6017766833729703,1.1373014588054742,-0.7007173593293955,-0.9543391129480224,0.0,-0.8328197396601593,1.239731226190802,0.9813631240879068,1.4811226150121537,1.4357751701558807
-0.7525349059716061,-0.7638230904455068,-0.42906627849049117,0.7274016981559034,-1.3388912128122985,-0.6017766833729703,-0.7524957066840222,-1.0520334835578207,-0.4961271557735201,0.0,-0.8328197396601593,0.015190246157726272,1.4720446861318601,1.4811226150121537,1.4357751701558807
-0.7525349059716061,0.2408793132518215,-0.42906627849049117,0.7274016981559034,-1.3388912128122985,-0.6017766833729703,-0.7524957066840222,0.23612563861307184,0.36302026392867165,0.0,1.469306471464339,0.015190246157726272,1.4720446861318601,1.4811226150121537,1.4357751701558807
-0.7525349059716061,-1.7685254941428359,-0.42906627849049117,0.7274016981559034,-1.3388912128122985,-0.6017766833729703,-0.7524957066840222,1.114415949184135,-1.5271040594161502,0.0,-1.2165074415142423,0.015190246157726272,1.4720446861318601,1.4811226150121537,1.4357751701558807
-0.7525349059716061,-0.7638230904455068,-0.42906627849049117,0.7274016981559034,-1.3388912128122985,-0.6017766833729703,-0.7524957066840222,1.5242847607839645,0.24846727463504606,0.0,-0.8328197396601593,0.015190246157726272,1.4720446861318601,1.4811226150121537,1.4357751701558807
-0.5163188607077753,0.2408793132518215,-0.42906627849049117,0.7274016981559034,-1.3388912128122985,-0.6017766833729703,-0.5162710609978353,1.407179386041156,0.07663779069460772,0.0,1.469306471464339,-1.2093507338753493,1.4720446861318601,1.4811226150121537,1.4357751701558807
-0.2801028154439446,0.2408793132518215,-0.42906627849049117,0.7274016981559034,-1.3388912128122985,-0.6017766833729703,-0.28004641531164814,-1.5204549825290543,1.1648911889840505,0.0,1.469306471464339,-1.2093507338753493,1.4720446861318601,1.4811226150121537,1.4357751701558807
-0.2801028154439446,-0.7638230904455068,-0.42906627849049117,0.7274016981559034,-1.3388912128122985,-0.6017766833729703,-0.28004641531164814,-1.403349607786246,-0.782509629007584,0.0,-0.8328197396601593,-1.2093507338753493,1.4720446861318601,1.4811226150121537,1.4357751701558807
0.900977410875209,0.2408793132518215,-0.42906627849049117,0.7274016981559034,-1.3388912128122985,-0.6017766833729703,0.901076813119287,-1.5204549825290543,0.9357852103967995,0.0,-0.4491320378060763,1.239731226190802,1.4720446861318601,1.4811226150121537,1.4357751701558807
1.1371934561390398,-0.7638230904455068,-0.42906627849049117,0.7274016981559034,-1.3388912128122985,-0.6017766833729703,1.1373014588054742,0.7045471375843055,0.6494027371627356,0.0,-0.8328197396601593,1.239731226190802,1.4720446861318601,1.4811226150121537,1.4357751701558807
1.6096255466667013,0.2408793132518215,-0.42906627849049117,0.7274016981559034,-1.3388912128122985,-0.6017766833729703,1.609750750177848,-0.583611984586587,0.30574376928185887,0.0,1.469306471464339,1.239731226190802,1.4720446861318601,1.4811226150121537,1.4357751701558807
-1.2249669964992675,-0.7638230904455068,0.07823308477809952,0.7274016981559034,-1.2232554015715762,-0.6017766833729703,-1.2249449980563965,0.11902026387026342,-0.7252331343607713,0.0,-0.8328197396601593,0.015190246157726272,0.4906815620439534,1.4811226150121537,1.4357751701558807
-0.9887509512354369,-0.7638230904455068,0.07823308477809952,0.7274016981559034,-1.2232554015715762,-0.6017766833729703,-0.9887203523702093,-0.056637798243949204,1.5085501568649273,0.0,-0.8328197396601593,0.015190246157726272,0.4906815620439534,1.4811226150121537,1.4357751701558807
-0.7525349059716061,-1.7685254941428359,0.07823308477809952,0.7274016981559034,-1.2232554015715762,-0.6017766833729703,-0.7524957066840222,-1.3447969204148418,0.019361296047794935,0.0,-1.2165074415142423,0.015190246157726272,0.4906815620439534,1.4811226150121537,1.4357751701558807
-0.0438867701801139,0.2408793132518215,0.07823308477809952,0.7274016981559034,-1.2232554015715762,-0.6017766833729703,-0.043821769625461124,-1.696113044643267,-0.1524681878926434,0.0,1.469306471464339,-1.2093507338753493,0.4906815620439534,1.4811226150121537,1.4357751701558807
0.19232927508371683,0.2408793132518215,0.07823308477809952,0.7274016981559034,-1.2232554015715762,-0.6017766833729703,0.19240287606072592,-0.23229586035816183,-1.0116156075948353,0.0,1.469306471464339,-1.2093507338753493,0.4906815620439534,1.4811226150121537,1.4357751701558807
0.42854532034754755,-1.7685254941428359,0.07823308477809952,0.7274016981559034,-1.2232554015715762,-0.6017766833729703,0.428627521746913,0.5288890754700929,1.1648911889840505,0.0,-1.2165074415142423,-1.2093507338753493,0.4906815620439534,1.4811226150121537,1.4357751701558807
0.42854532034754755,-0.7638230904455068,0.07823308477809952,0.7274016981559034,-1.2232554015715762,-0.6017766833729703,0.428627521746913,0.5874417628414971,1.6803796408053657,0.0,-0.8328197396601593,-1.2093507338753493,0.4906815620439534,1.4811226150121537,1.4357751701558807
0.6647613656113783,0.2408793132518215,0.07823308477809952,0.7274016981559034,-1.2232554015715762,-0.6017766833729703,0.6648521674331,-1.4619022951576501,-0.09519169324583063,0.0,-0.4491320378060763,1.239731226190802,0.4906815620439534,1.4811226150121537,1.4357751701558807
0.6647613656113783,0.2408793132518215,0.07823308477809952,0.7274016981559034,-1.2232554015715762,-0.6017766833729703,0.6648521674331,-1.403349607786246,0.07663779069460772,0.0,-0.4491320378060763,1.239731226190802,0.4906815620439534,1.4811226150121537,1.4357751701558807
1.3734095014028704,0.2408793132518215,0.07823308477809952,0.7274016981559034,-1.2232554015715762,-0.6017766833729703,1.3735261044916611,0.06046757649885921,-0.8970626183012096,0.0,-0.4491320378060763,1.239731226190802,0.4906815620439534,1.4811226150121537,1.4357751701558807
1.3734095014028704,-1.7685254941428359,0.07823308477809952,0.7274016981559034,-1.2232554015715762,-0.6017766833729703,1.3735261044916611,1.4657320734125603,-0.3242976718330818,0.0,-1.2165074415142423,1.239731226190802,0.4906815620439534,1.4811226150121537,1.4357751701558807
1.3734095014028704,0.2408793132518215,0.07823308477809952,0.7274016981559034,-1.2232554015715762,-0.6017766833729703,1.3735261044916611,1.5242847607839645,0.07663779069460772,0.0,-0.4491320378060763,1.239731226190802,0.4906815620439534,1.4811226150121537,1.4357751701558807
1.6096255466667013,-0.7638230904455068,0.07823308477809952,0.7274016981559034,-1.2232554015715762,-0.6017766833729703,1.609750750177848,-0.17374317298675762,-0.09519169324583063,0.0,-0.8328197396601593,1.239731226190802,0.4906815620439534,1.4811226150121537,1.4357751701558807
1.6096255466667013,-0.7638230904455068,0.07823308477809952,0.7274016981559034,-1.2232554015715762,-0.6017766833729703,1.609750750177848,-0.11519048561535342,-0.037915198599017846,0.0,-0.8328197396601593,1.239731226190802,0.4906815620439534,1.4811226150121537,1.4357751701558807
-1.4611830417630982,0.2408793132518215,0.5855324480466901,0.7274016981559034,-1.1076195903308539,-0.6017766833729703,-1.4611696437425834,-0.23229586035816183,0.19119077998823328,0.0,-0.4491320378060763,0.015190246157726272,-1.4720446861318601,1.4811226150121537,1.4357751701558807
-1.4611830417630982,0.2408793132518215,0.5855324480466901,0.7274016981559034,-1.1076195903308539,-0.6017766833729703,-1.4611696437425834,0.2946783259844761,0.9357852103967995,0.0,1.469306471464339,0.015190246157726272,-1.4720446861318601,1.4811226150121537,1.4357751701558807
-1.4611830417630982,-1.7685254941428359,0.5855324480466901,0.7274016981559034,-1.1076195903308539,-0.6017766833729703,-1.4611696437425834,1.4657320734125603,0.6494027371627356,0.0,-1.2165074415142423,0.015190246157726272,-1.4720446861318601,1.4811226150121537,1.4357751701558807
-1.2249669964992675,-2.7732278978401643,0.5855324480466901,0.7274016981559034,-1.1076195903308539,-0.6017766833729703,-1.2249449980563965,1.2315213239269434,0.53484974786911,0.0,0.7019310677561728,0.015190246157726272,-1.4720446861318601,1.4811226150121537,1.4357751701558807
-1.2249669964992675,0.2408793132518215,0.5855324480466901,0.7274016981559034,-1.1076195903308539,-0.6017766833729703,-1.2249449980563965,1.2900740112983475,1.2794441782776762,0.0,1.469306471464339,0.015190246157726272,-1.4720446861318601,1.4811226150121537,1.4357751701558807
-0.9887509512354369,0.2408793132518215,0.5855324480466901,0.7274016981559034,-1.1076195903308539,-0.6017766833729703,-0.9887203523702093,0.06046757649885921,-1.3552745754757118,0.0,1.0856187696102557,0.015190246157726272,-1.4720446861318601,1.4811226150121537,1.4357751701558807
-0.7525349059716061,-2.7732278978401643,0.5855324480466901,0.7274016981559034,-1.1076195903308539,-0.6017766833729703,-0.7524957066840222,-0.34940123510097026,-0.267021177186269,0.0,0.7019310677561728,0.015190246157726272,-1.4720446861318601,1.4811226150121537,1.4357751701558807
-0.7525349059716061,-2.7732278978401643,0.5855324480466901,0.7274016981559034,-1.1076195903308539,-0.6017766833729703,-0.7524957066840222,-0.29084854772956603,-0.037915198599017846,0.0,0.7019310677561728,0.015190246157726272,-1.4720446861318601,1.4811226150121537,1.4357751701558807
1.3734095014028704,0.2408793132518215,0.5855324480466901,0.7274016981559034,-1.1076195903308539,-0.6017766833729703,1.3735261044916611,-1.696113044643267,-1.0116156075948353,0.0,1.469306471464339,1.239731226190802,-1.4720446861318601,1.4811226150121537,1.4357751701558807
1.6096255466667013,0.2408793132518215,0.5855324480466901,0.7274016981559034,-1.1076195903308539,-0.6017766833729703,1.609750750177848,-1.1691388583006292,0.07663779069460772,0.0,1.469306471464339,1.239731226190802,-1.4720446861318601,1.4811226150121537,1.4357751701558807
-1.4611830417630982,0.2408793132518215,1.0928318113152808,0.7274016981559034,-0.9919837790901317,-0.6017766833729703,-1.4611696437425834,1.114415949184135,1.56582665151174,0.0,1.469306471464339,0.015190246157726272,-0.4906815620439534,1.4811226150121537,1.4357751701558807
-1.2249669964992675,-1.7685254941428359,1.0928318113152808,0.7274016981559034,-0.9919837790901317,-0.6017766833729703,-1.2249449980563965,1.3486266986697517,-1.584380554062963,0.0,0.31824336590208974,0.015190246157726272,-0.4906815620439534,1.4811226150121537,1.4357751701558807
-1.2249669964992675,-1.7685254941428359,1.0928318113152808,0.7274016981559034,-0.9919837790901317,-0.6017766833729703,-1.2249449980563965,1.407179386041156,-1.5271040594161502,0.0,0.31824336590208974,0.015190246157726272,-0.4906815620439534,1.4811226150121537,1.4357751701558807
-1.2249669964992675,-1.7685254941428359,1.0928318113152808,0.7274016981559034,-0.9919837790901317,-0.6017766833729703,-1.2249449980563965,1.4657320734125603,0.6494027371627356,0.0,0.31824336590208974,0.015190246157726272,-0.4906815620439534,1.4811226150121537,1.4357751701558807
-1.2249669964992675,-0.7638230904455068,1.0928318113152808,0.7274016981559034,-0.9919837790901317,-0.6017766833729703,-1.2249449980563965,1.6413901355267728,0.9930617050436122,0.0,-0.8328197396601593,0.015190246157726272,-0.4906815620439534,1.4811226150121537,1.4357751701558807
-1.2249669964992675,-0.7638230904455068,1.0928318113152808,0.7274016981559034,-0.9919837790901317,-0.6017766833729703,-1.2249449980563965,1.7584955102695812,-1.584380554062963,0.0,-0.8328197396601593,0.015190246157726272,-0.4906815620439534,1.4811226150121537,1.4357751701558807
-0.9887509512354369,-1.7685254941428359,1.0928318113152808,0.7274016981559034,-0.9919837790901317,-0.6017766833729703,-0.9887203523702093,-1.696113044643267,-0.6106801450671457,0.0,0.31824336590208974,0.015190246157726272,-0.4906815620439534,1.4811226150121537,1.4357751701558807
-0.9887509512354369,-1.7685254941428359,1.0928318113152808,0.7274016981559034,-0.9919837790901317,-0.6017766833729703,-0.9887203523702093,-0.40795392247237444,0.821232221103174,0.0,-1.2165074415142423,0.015190246157726272,-0.4906815620439534,1.4811226150121537,1.4357751701558807
-0.9887509512354369,-2.7732278978401643,1.0928318113152808,0.7274016981559034,-0.9919837790901317,-0.6017766833729703,-0.9887203523702093,0.47033638809868866,1.2794441782776762,0.0,0.7019310677561728,0.015190246157726272,-0.4906815620439534,1.4811226150121537,1.4357751701558807
-0.9887509512354369,-2.7732278978401643,1.0928318113152808,0.7274016981559034,-0.9919837790901317,-0.6017766833729703,-0.9887203523702093,0.6459944502129013,-1.0116156075948353,0.0,0.7019310677561728,0.015190246157726272,-0.4906815620439534,1.4811226150121537,1.4357751701558807
-0.9887509512354369,0.2408793132518215,1.0928318113152808,0.7274016981559034,-0.9919837790901317,-0.6017766833729703,-0.9887203523702093,1.407179386041156,0.1339142853414205,0.0,1.469306471464339,0.015190246157726272,-0.4906815620439534,1.4811226150121537,1.4357751701558807
-0.7525349059716061,-0.7638230904455068,1.0928318113152808,0.7274016981559034,-0.9919837790901317,-0.6017766833729703,-0.7524957066840222,-0.6421646719579913,1.5085501568649273,0.0,-0.8328197396601593,0.015190246157726272,-0.4906815620439534,1.4811226150121537,1.4357751701558807
-0.7525349059716061,-1.7685254941428359,1.0928318113152808,0.7274016981559034,-0.9919837790901317,-0.6017766833729703,-0.7524957066840222,-0.5250592972151829,-1.6989335433565886,0.0,-1.2165074415142423,0.015190246157726272,-0.4906815620439534,1.4811226150121537,1.4357751701558807
-0.7525349059716061,-2.7732278978401643,1.0928318113152808,0.7274016981559034,-0.9919837790901317,-0.6017766833729703,-0.7524957066840222,-0.5250592972151829,1.56582665151174,0.0,0.7019310677561728,0.015190246157726272,-0.4906815620439534,1.4811226150121537,1.4357751701558807
0.19232927508371683,0.2408793132518215,1.0928318113152808,0.7274016981559034,-0.9919837790901317,-0.6017766833729703,0.19240287606072592,1.5242847607839645,-1.2407215861820864,0.0,1.469306471464339,-1.2093507338753493,-0.4906815620439534,1.4811226150121537,1.4357751701558807
0.42854532034754755,-1.7685254941428359,1.0928318113152808,0.7274016981559034,-0.9919837790901317,-0.6017766833729703,0.428627521746913,-0.5250592972151829,-1.641657048709776,0.0,-1.2165074415142423,-1.2093507338753493,-0.4906815620439534,1.4811226150121537,1.4357751701558807
0.42854532034754755,-2.7732278978401643,1.0928318113152808,0.7274016981559034,-0.9919837790901317,-0.6017766833729703,0.428627521746913,-0.5250592972151829,1.6803796408053657,0.0,0.7019310677561728,-1.2093507338753493,-0.4906815620439534,1.4811226150121537,1.4357751701558807
1.1371934561390398,0.2408793132518215,1.0928318113152808,0.7274016981559034,-0.9919837790901317,-0.6017766833729703,1.1373014588054742,0.35323101335588025,-1.4698275647693375,0.0,-0.0654443359519933,1.239731226190802,-0.4906815620439534,1.4811226150121537,1.4357751701558807
1.1371934561390398,0.2408793132518215,1.0928318113152808,0.7274016981559034,-0.9919837790901317,-0.6017766833729703,1.1373014588054742,0.4117837007272845,-1.4125510701225246,0.0,1.469306471464339,1.239731226190802,-0.4906815620439534,1.4811226150121537,1.4357751701558807
1.1371934561390398,0.2408793132518215,1.0928318113152808,0.7274016981559034,-0.9919837790901317,-0.6017766833729703,1.1373014588054742,0.47033638809868866,-0.8397861236543969,0.0,1.469306471464339,1.239731226190802,-0.4906815620439534,1.4811226150121537,1.4357751701558807
1.3734095014028704,0.2408793132518215,1.0928318113152808,0.7274016981559034,-0.9919837790901317,-0.6017766833729703,1.3735261044916611,-0.9349281088150123,1.2221676836308635,0.0,1.469306471464339,1.239731226190802,-0.4906815620439534,1.4811226150121537,1.4357751701558807
1.3734095014028704,0.2408793132518215,1.0928318113152808,0.7274016981559034,-0.9919837790901317,-0.6017766833729703,1.3735261044916611,-0.8763754214436081,1.6803796408053657,0.0,1.469306471464339,1.239731226190802,-0.4906815620439534,1.4811226150121537,1.4357751701558807
-1.4611830417630982,-1.7685254941428359,1.6001311745838716,0.7274016981559034,-0.8763479678494094,-0.6017766833729703,-1.4611696437425834,-0.817822734072204,0.5921262425159228,0.0,0.31824336590208974,0.015190246157726272,0.0,1.4811226150121537,1.4357751701558807
-1.2249669964992675,-1.7685254941428359,1.6001311745838716,0.7274016981559034,-0.8763479678494094,-0.6017766833729703,-1.2249449980563965,-0.6421646719579913,-0.7252331343607713,0.0,0.31824336590208974,0.015190246157726272,0.0,1.4811226150121537,1.4357751701558807
-1.2249669964992675,-1.7685254941428359,1.6001311745838716,0.7274016981559034,-0.8763479678494094,-0.6017766833729703,-1.2249449980563965,-0.583611984586587,-1.0116156075948353,0.0,0.31824336590208974,0.015190246157726272,0.0,1.4811226150121537,1.4357751701558807
-0.9887509512354369,-1.7685254941428359,1.6001311745838716,0.7274016981559034,-0.8763479678494094,-0.6017766833729703,-0.9887203523702093,-1.403349607786246,1.5085501568649273,0.0,0.31824336590208974,0.015190246157726272,0.0,1.4811226150121537,1.4357751701558807
-0.5163188607077753,-1.7685254941428359,1.6001311745838716,0.7274016981559034,-0.8763479678494094,-0.6017766833729703,-0.5162710609978353,0.8216525123271139,-0.09519169324583063,0.0,0.31824336590208974,-1.2093507338753493,0.0,1.4811226150121537,1.4357751701558807
1.3734095014028704,-1.7685254941428359,1.6001311745838716,0.7274016981559034,-0.8763479678494094,-0.6017766833729703,1.3735261044916611,-0.9349281088150123,0.1339142853414205,0.0,-1.2165074415142423,1.239731226190802,0.0,1.4811226150121537,1.4357751701558807
-1.697399087026929,0.2408793132518215,-1.4436650050276725,0.7274016981559034,-0.7607121566086872,-0.6017766833729703,-1.6973942894287704,1.2900740112983475,-0.9543391129480224,0.0,1.469306471464339,0.015190246157726272,-0.9813631240879068,1.4811226150121537,1.4357751701558807
-1.697399087026929,0.2408793132518215,-1.4436650050276725,0.7274016981559034,-0.7607121566086872,-0.6017766833729703,-1.6973942894287704,1.407179386041156,1.2221676836308635,0.0,-0.4491320378060763,0.015190246157726272,-0.9813631240879068,1.4811226150121537,1.4357751701558807
-1.697399087026929,-0.7638230904455068,-1.4436650050276725,0.7274016981559034,-0.7607121566086872,-0.6017766833729703,-1.6973942894287704,1.5242847607839645,-0.4961271557735201,0.0,-0.8328197396601593,0.015190246157726272,-0.9813631240879068,1.4811226150121537,1.4357751701558807
-1.697399087026929,0.2408793132518215,-1.4436650050276725,0.7274016981559034,-0.7607121566086872,-0.6017766833729703,-1.6973942894287704,1.5828374481553686,0.42029675857548443,0.0,1.469306471464339,0.015190246157726272,-0.9813631240879068,1.4811226150121537,1.4357751701558807
-1.2249669964992675,0.2408793132518215,-1.4436650050276725,0.7274016981559034,-0.7607121566086872,-0.6017766833729703,-1.2249449980563965,1.1729686365555392,1.1648911889840505,0.0,1.469306471464339,0.015190246157726272,-0.9813631240879068,1.4811226150121537,1.4357751701558807
-1.2249669964992675,0.2408793132518215,-1.4436650050276725,0.7274016981559034,-0.7607121566086872,-0.6017766833729703,-1.2249449980563965,1.2315213239269434,1.2221676836308635,0.0,1.0856187696102557,0.015190246157726272,-0.9813631240879068,1.4811226150121537,1.4357751701558807
-1.2249669964992675,0.2408793132518215,-1.4436650050276725,0.7274016981559034,-0.7607121566086872,-0.6017766833729703,-1.2249449980563965,1.7584955102695812,-1.1261685968884607,0.0,1.469306471464339,0.015190246157726272,-0.9813631240879068,1.4811226150121537,1.4357751701558807
-0.7525349059716061,-0.7638230904455068,-1.4436650050276725,0.7274016981559034,-0.7607121566086872,-0.6017766833729703,-0.7524957066840222,-1.0520334835578207,0.36302026392867165,0.0,-0.8328197396601593,0.015190246157726272,-0.9813631240879068,1.4811226150121537,1.4357751701558807
-0.7525349059716061,-0.7638230904455068,-1.4436650050276725,0.7274016981559034,-0.7607121566086872,-0.6017766833729703,-0.7524957066840222,-0.9934807961864165,1.1648911889840505,0.0,-0.8328197396601593,0.015190246157726272,-0.9813631240879068,1.4811226150121537,1.4357751701558807
-0.7525349059716061,0.2408793132518215,-1.4436650050276725,0.7274016981559034,-0.7607121566086872,-0.6017766833729703,-0.7524957066840222,0.0019148891274550072,1.1076146943372378,0.0,1.469306471464339,0.015190246157726272,-0.9813631240879068,1.4811226150121537,1.4357751701558807
-0.5163188607077753,-2.7732278978401643,-1.4436650050276725,0.7274016981559034,-0.7607121566086872,-0.6017766833729703,-0.5162710609978353,-1.3447969204148418,1.6803796408053657,0.0,0.7019310677561728,-1.2093507338753493,-0.9813631240879068,1.4811226150121537,1.4357751701558807
0.19232927508371683,0.2408793132518215,-1.4436650050276725,0.7274016981559034,-0.7607121566086872,-0.6017766833729703,0.19240287606072592,-0.9934807961864165,-0.9543391129480224,0.0,1.469306471464339,-1.2093507338753493,-0.9813631240879068,1.4811226150121537,1.4357751701558807
0.19232927508371683,-1.7685254941428359,-1.4436650050276725,0.7274016981559034,-0.7607121566086872,-0.6017766833729703,0.19240287606072592,-0.9349281088150123,-0.3242976718330818,0.0,-1.2165074415142423,-1.2093507338753493,-0.9813631240879068,1.4811226150121537,1.4357751701558807
0.6647613656113783,0.2408793132518215,-1.4436650050276725,0.7274016981559034,-0.7607121566086872,-0.6017766833729703,0.6648521674331,-0.29084854772956603,-1.1261685968884607,0.0,1.469306471464339,1.239731226190802,-0.9813631240879068,1.4811226150121537,1.4357751701558807
0.900977410875209,0.2408793132518215,-1.4436650050276725,0.7274016981559034,-0.7607121566086872,-0.6017766833729703,0.901076813119287,-0.9349281088150123,0.9357852103967995,0.0,1.469306471464339,1.239731226190802,-0.9813631240879068,1.4811226150121537,1.4357751701558807
1.3734095014028704,0.2408793132518215,-1.4436650050276725,0.7274016981559034,-0.7607121566086872,-0.6017766833729703,1.3735261044916611,-1.2862442330434376,0.36302026392867165,0.0,-0.4491320378060763,1.239731226190802,-0.9813631240879068,1.4811226150121537,1.4357751701558807
1.3734095014028704,0.2408793132518215,-1.4436650050276725,0.7274016981559034,-0.7607121566086872,-0.6017766833729703,1.3735261044916611,-0.9349281088150123,0.7639557264563611,0.0,1.469306471464339,1.239731226190802,-0.9813631240879068,1.4811226150121537,1.4357751701558807
-1.4611830417630982,0.2408793132518215,-0.9363656417590819,0.7274016981559034,-0.6450763453679649,-0.6017766833729703,-1.4611696437425834,-0.9934807961864165,-1.584380554062963,0.0,1.0856187696102557,0.015190246157726272,0.9813631240879068,1.4811226150121537,1.4357751701558807
-1.2249669964992675,0.2408793132518215,-0.9363656417590819,0.7274016981559034,-0.6450763453679649,-0.6017766833729703,-1.2249449980563965,0.17757295124166764,0.9357852103967995,0.0,-0.4491320378060763,0.015190246157726272,0.9813631240879068,1.4811226150121537,1.4357751701558807
0.19232927508371683,-1.7685254941428359,-0.9363656417590819,0.7274016981559034,-0.6450763453679649,-0.6017766833729703,0.19240287606072592,-0.4665066098437787,1.3939971675713017,0.0,0.31824336590208974,-1.2093507338753493,0.9813631240879068,1.4811226150121537,1.4357751701558807
0.19232927508371683,-1.7685254941428359,-0.9363656417590819,0.7274016981559034,-0.6450763453679649,-0.6017766833729703,0.19240287606072592,-0.34940123510097026,-1.4125510701225246,0.0,0.31824336590208974,-1.2093507338753493,0.9813631240879068,1.4811226150121537,1.4357751701558807
0.900977410875209,0.2408793132518215,-0.9363656417590819,0.7274016981559034,-0.6450763453679649,-0.6017766833729703,0.901076813119287,0.8216525123271139,0.6494027371627356,0.0,-0.4491320378060763,1.239731226190802,0.9813631240879068,1.4811226150121537,1.4357751701558807
0.900977410875209,-0.7638230904455068,-0.9363656417590819,0.7274016981559034,-0.6450763453679649,-0.6017766833729703,0.901076813119287,0.9387578870699224,-0.43885066112670734,0.0,-0.8328197396601593,1.239731226190802,0.9813631240879068,1.4811226150121537,1.4357751701558807
1.1371934561390398,0.2408793132518215,-0.9363656417590819,0.7274016981559034,-0.6450763453679649,-0.6017766833729703,1.1373014588054742,-1.5790076699004587,0.7639557264563611,0.0,1.469306471464339,1.239731226190802,0.9813631240879068,1.4811226150121537,1.4357751701558807
1.1371934561390398,0.2408793132518215,-0.9363656417590819,0.7274016981559034,-0.6450763453679649,-0.6017766833729703,1.1373014588054742,-1.5204549825290543,1.336720672924489,0.0,1.469306471464339,1.239731226190802,0.9813631240879068,1.4811226150121537,1.4357751701558807
1.6096255466667013,-0.7638230904455068,-0.9363656417590819,0.7274016981559034,-0.6450763453679649,-0.6017766833729703,1.609750750177848,0.0019148891274550072,0.24846727463504606,0.0,-0.8328197396601593,1.239731226190802,0.9813631240879068,1.4811226150121537,1.4357751701558807
1.6096255466667013,-1.7685254941428359,-0.9363656417590819,0.7274016981559034,-0.6450763453679649,-0.6017766833729703,1.609750750177848,0.06046757649885921,-0.1524681878926434,0.0,-1.2165074415142423,1.239731226190802,0.9813631240879068,1.4811226150121537,1.4357751701558807
-1.4611830417630982,0.2408793132518215,-0.42906627849049117,0.7274016981559034,-0.5294405341272427,-0.6017766833729703,-1.4611696437425834,1.0558632618127308,-0.43885066112670734,0.0,1.469306471464339,0.015190246157726272,1.4720446861318601,1.4811226150121537,1.4357751701558807
-1.2249669964992675,-0.7638230904455068,-0.42906627849049117,0.7274016981559034,-0.5294405341272427,-0.6017766833729703,-1.2249449980563965,-0.056637798243949204,0.9357852103967995,0.0,-0.8328197396601593,0.015190246157726272,1.4720446861318601,1.4811226150121537,1.4357751701558807
-0.9887509512354369,0.2408793132518215,-0.42906627849049117,0.7274016981559034,-0.5294405341272427,-0.6017766833729703,-0.9887203523702093,1.3486266986697517,-1.1834450915352734,0.0,1.469306471464339,0.015190246157726272,1.4720446861318601,1.4811226150121537,1.4357751701558807
1.1371934561390398,0.2408793132518215,-0.42906627849049117,0.7274016981559034,-0.5294405341272427,-0.6017766833729703,1.1373014588054742,1.407179386041156,-1.0116156075948353,0.0,-0.4491320378060763,1.239731226190802,1.4720446861318601,1.4811226150121537,1.4357751701558807
1.3734095014028704,-0.7638230904455068,-0.42906627849049117,0.7274016981559034,-0.5294405341272427,-0.6017766833729703,1.3735261044916611,-0.9349281088150123,-0.8970626183012096,0.0,-0.8328197396601593,1.239731226190802,1.4720446861318601,1.4811226150121537,1.4357751701558807
1.3734095014028704,0.2408793132518215,-0.42906627849049117,0.7274016981559034,-0.5294405341272427,-0.6017766833729703,1.3735261044916611,-0.8763754214436081,-0.6679566397139585,0.0,1.469306471464339,1.239731226190802,1.4720446861318601,1.4811226150121537,1.4357751701558807
1.3734095014028704,0.2408793132518215,-0.42906627849049117,0.7274016981559034,-0.5294405341272427,-0.6017766833729703,1.3735261044916611,-0.817822734072204,-0.6106801450671457,0.0,1.469306471464339,1.239731226190802,1.4720446861318601,1.4811226150121537,1.4357751701558807
1.6096255466667013,-1.7685254941428359,-0.42906627849049117,0.7274016981559034,-0.5294405341272427,-0.6017766833729703,1.609750750177848,-1.6375603572718629,0.24846727463504606,0.0,0.31824336590208974,1.239731226190802,1.4720446861318601,1.4811226150121537,1.4357751701558807
-0.9887509512354369,-2.7732278978401643,0.07823308477809952,0.7274016981559034,-0.4138047228865204,-0.6017766833729703,-0.9887203523702093,1.6413901355267728,-0.267021177186269,0.0,0.7019310677561728,0.015190246157726272,0.4906815620439534,1.4811226150121537,1.4357751701558807
-0.9887509512354369,-0.7638230904455068,0.07823308477809952,0.7274016981559034,-0.4138047228865204,-0.6017766833729703,-0.9887203523702093,1.699942822898177,-0.6106801450671457,0.0,-0.8328197396601593,0.015190246157726272,0.4906815620439534,1.4811226150121537,1.4357751701558807
-0.7525349059716061,-0.7638230904455068,0.07823308477809952,0.7274016981559034,-0.4138047228865204,-0.6017766833729703,-0.7524957066840222,-0.11519048561535342,0.36302026392867165,0.0,-0.8328197396601593,0.015190246157726272,0.4906815620439534,1.4811226150121537,1.4357751701558807
-0.5163188607077753,0.2408793132518215,0.07823308477809952,0.7274016981559034,-0.4138047228865204,-0.6017766833729703,-0.5162710609978353,-1.2276915456720334,-0.43885066112670734,0.0,-0.4491320378060763,-1.2093507338753493,0.4906815620439534,1.4811226150121537,1.4357751701558807
-0.5163188607077753,-1.7685254941428359,0.07823308477809952,0.7274016981559034,-0.4138047228865204,-0.6017766833729703,-0.5162710609978353,0.11902026387026342,-1.3552745754757118,0.0,0.31824336590208974,-1.2093507338753493,0.4906815620439534,1.4811226150121537,1.4357751701558807
-0.5163188607077753,-1.7685254941428359,0.07823308477809952,0.7274016981559034,-0.4138047228865204,-0.6017766833729703,-0.5162710609978353,0.17757295124166764,-0.43885066112670734,0.0,0.31824336590208974,-1.2093507338753493,0.4906815620439534,1.4811226150121537,1.4357751701558807
-0.5163188607077753,-1.7685254941428359,0.07823308477809952,0.7274016981559034,-0.4138047228865204,-0.6017766833729703,-0.5162710609978353,0.47033638809868866,-0.5534036504203329,0.0,0.31824336590208974,-1.2093507338753493,0.4906815620439534,1.4811226150121537,1.4357751701558807
-0.5163188607077753,-1.7685254941428359,0.07823308477809952,0.7274016981559034,-0.4138047228865204,-0.6017766833729703,-0.5162710609978353,0.5288890754700929,-1.1834450915352734,0.0,0.31824336590208974,-1.2093507338753493,0.4906815620439534,1.4811226150121537,1.4357751701558807
0.6647613656113783,0.2408793132518215,0.07823308477809952,0.7274016981559034,-0.4138047228865204,-0.6017766833729703,0.6648521674331,-1.6375603572718629,-0.267021177186269,0.0,1.469306471464339,1.239731226190802,0.4906815620439534,1.4811226150121537,1.4357751701558807
1.6096255466667013,-1.7685254941428359,0.07823308477809952,0.7274016981559034,-0.4138047228865204,-0.6017766833729703,1.609750750177848,-1.1691388583006292,-1.1261685968884607,0.0,-1.2165074415142423,1.239731226190802,0.4906815620439534,1.4811226150121537,1.4357751701558807
1.6096255466667013,0.2408793132518215,0.07823308477809952,0.7274016981559034,-0.4138047228865204,-0.6017766833729703,1.609750750177848,-1.110586170929225,-0.4961271557735201,0.0,-0.4491320378060763,1.239731226190802,0.4906815620439534,1.4811226150121537,1.4357751701558807
1.6096255466667013,-1.7685254941428359,0.07823308477809952,0.7274016981559034,-0.4138047228865204,-0.6017766833729703,1.609750750177848,-0.9349281088150123,-0.782509629007584,0.0,0.31824336590208974,1.239731226190802,0.4906815620439534,1.4811226150121537,1.4357751701558807
-1.697399087026929,0.2408793132518215,0.5855324480466901,0.7274016981559034,-0.2981689116457982,-0.6017766833729703,-1.6973942894287704,1.5828374481553686,1.336720672924489,0.0,1.469306471464339,0.015190246157726272,-1.4720446861318601,1.4811226150121537,1.4357751701558807
-1.4611830417630982,0.2408793132518215,0.5855324480466901,0.7274016981559034,-0.2981689116457982,-0.6017766833729703,-1.4611696437425834,0.7045471375843055,-1.584380554062963,0.0,1.469306471464339,0.015190246157726272,-1.4720446861318601,1.4811226150121537,1.4357751701558807
-1.4611830417630982,0.2408793132518215,0.5855324480466901,0.7274016981559034,-0.2981689116457982,-0.6017766833729703,-1.4611696437425834,1.4657320734125603,-0.8397861236543969,0.0,1.469306471464339,0.015190246157726272,-1.4720446861318601,1.4811226150121537,1.4357751701558807
-1.2249669964992675,0.2408793132518215,0.5855324480466901,0.7274016981559034,-0.2981689116457982,-0.6017766833729703,-1.2249449980563965,1.2900740112983475,-0.6106801450671457,0.0,1.469306471464339,0.015190246157726272,-1.4720446861318601,1.4811226150121537,1.4357751701558807
0.19232927508371683,-0.7638230904455068,0.5855324480466901,0.7274016981559034,-0.2981689116457982,-0.6017766833729703,0.19240287606072592,0.5288890754700929,-0.6679566397139585,0.0,-0.8328197396601593,-1.2093507338753493,-1.4720446861318601,1.4811226150121537,1.4357751701558807
0.19232927508371683,-0.7638230904455068,0.5855324480466901,0.7274016981559034,-0.2981689116457982,-0.6017766833729703,0.19240287606072592,1.2315213239269434,1.336720672924489,0.0,-0.8328197396601593,-1.2093507338753493,-1.4720446861318601,1.4811226150121537,1.4357751701558807
0.42854532034754755,0.2408793132518215,1.0928318113152808,0.7274016981559034,-0.1825331004050759,-0.6017766833729703,0.428627521746913,0.0019148891274550072,-0.6106801450671457,0.0,-0.4491320378060763,-1.2093507338753493,-0.4906815620439534,1.4811226150121537,1.4357751701558807
0.42854532034754755,0.2408793132518215,1.0928318113152808,0.7274016981559034,-0.1825331004050759,-0.6017766833729703,0.428627521746913,0.06046757649885921,-0.782509629007584,0.0,-0.4491320378060763,-1.2093507338753493,-0.4906815620439534,1.4811226150121537,1.4357751701558807
-1.4611830417630982,-2.7732278978401643,1.6001311745838716,0.7274016981559034,-0.06689728916435364,-0.6017766833729703,-1.4611696437425834,0.7630998249557097,0.5921262425159228,0.0,0.7019310677561728,0.015190246157726272,0.0,1.4811226150121537,1.4357751701558807
-1.2249669964992675,-0.7638230904455068,1.6001311745838716,0.7274016981559034,-0.06689728916435364,-0.6017766833729703,-1.2249449980563965,1.1729686365555392,0.4775732532222972,0.0,-0.8328197396601593,0.015190246157726272,0.0,1.4811226150121537,1.4357751701558807
-0.2801028154439446,-1.7685254941428359,1.6001311745838716,0.7274016981559034,-0.06689728916435364,-0.6017766833729703,-0.28004641531164814,1.1729686365555392,0.42029675857548443,0.0,-1.2165074415142423,-1.2093507338753493,0.0,1.4811226150121537,1.4357751701558807
-0.0438867701801139,-1.7685254941428359,1.6001311745838716,0.7274016981559034,-0.06689728916435364,-0.6017766833729703,-0.043821769625461124,0.4117837007272845,-0.6106801450671457,0.0,0.31824336590208974,-1.2093507338753493,0.0,1.4811226150121537,1.4357751701558807
-0.0438867701801139,-1.7685254941428359,1.6001311745838716,0.7274016981559034,-0.06689728916435364,-0.6017766833729703,-0.043821769625461124,0.47033638809868866,-0.5534036504203329,0.0,0.31824336590208974,-1.2093507338753493,0.0,1.4811226150121537,1.4357751701558807
-0.0438867701801139,0.2408793132518215,1.6001311745838716,0.7274016981559034,-0.06689728916435364,-0.6017766833729703,-0.043821769625461124,1.407179386041156,-0.6679566397139585,0.0,-0.4491320378060763,-1.2093507338753493,0.0,1.4811226150121537,1.4357751701558807
-0.2801028154439446,0.2408793132518215,-1.4436650050276725,0.7274016981559034,0.048738522076368605,-0.6017766833729703,-0.28004641531164814,0.17757295124166764,-0.43885066112670734,0.0,1.469306471464339,-1.2093507338753493,-0.9813631240879068,1.4811226150121537,1.4357751701558807
-0.2801028154439446,-0.7638230904455068,-1.4436650050276725,0.7274016981559034,0.048738522076368605,-0.6017766833729703,-0.28004641531164814,0.23612563861307184,0.36302026392867165,0.0,-0.8328197396601593,-1.2093507338753493,-0.9813631240879068,1.4811226150121537,1.4357751701558807
0.19232927508371683,0.2408793132518215,-1.4436650050276725,0.7274016981559034,0.048738522076368605,-0.6017766833729703,0.19240287606072592,-0.34940123510097026,-0.6106801450671457,0.0,1.469306471464339,-1.2093507338753493,-0.9813631240879068,1.4811226150121537,1.4357751701558807
0.6647613656113783,-0.7638230904455068,-1.4436650050276725,0.7274016981559034,0.048738522076368605,-0.6017766833729703,0.6648521674331,-0.7592700467007997,-1.4125510701225246,0.0,-0.8328197396601593,1.239731226190802,-0.9813631240879068,1.4811226150121537,1.4357751701558807
0.6647613656113783,0.2408793132518215,-1.4436650050276725,0.7274016981559034,0.048738522076368605,-0.6017766833729703,0.6648521674331,-0.6421646719579913,-1.5271040594161502,0.0,1.469306471464339,1.239731226190802,-0.9813631240879068,1.4811226150121537,1.4357751701558807
0.900977410875209,0.2408793132518215,-1.4436650050276725,0.7274016981559034,0.048738522076368605,-0.6017766833729703,0.901076813119287,1.4657320734125603,0.8785087157499867,0.0,1.469306471464339,1.239731226190802,-0.9813631240879068,1.4811226150121537,1.4357751701558807
0.900977410875209,0.2408793132518215,-1.4436650050276725,0.7274016981559034,0.048738522076368605,-0.6017766833729703,0.901076813119287,1.5828374481553686,-1.4125510701225246,0.0,1.469306471464339,1.239731226190802,-0.9813631240879068,1.4811226150121537,1.4357751701558807
1.6096255466667013,-0.7638230904455068,-1.4436650050276725,0.7274016981559034,0.048738522076368605,-0.6017766833729703,1.609750750177848,-1.110586170929225,-0.6679566397139585,0.0,-0.8328197396601593,1.239731226190802,-0.9813631240879068,1.4811226150121537,1.4357751701558807
1.6096255466667013,0.2408793132518215,-1.4436650050276725,0.7274016981559034,0.048738522076368605,-0.6017766833729703,1.609750750177848,-1.0520334835578207,0.1339142853414205,0.0,1.469306471464339,1.239731226190802,-0.9813631240879068,1.4811226150121537,1.4357751701558807
1.6096255466667013,-0.7638230904455068,-1.4436650050276725,0.7274016981559034,0.048738522076368605,-0.6017766833729703,1.609750750177848,0.47033638809868866,0.9930617050436122,0.0,-0.8328197396601593,1.239731226190802,-0.9813631240879068,1.4811226150121537,1.4357751701558807
1.6096255466667013,-0.7638230904455068,-1.4436650050276725,0.7274016981559034,0.048738522076368605,-0.6017766833729703,1.609750750177848,0.5288890754700929,1.050338199690425,0.0,-0.8328197396601593,1.239731226190802,-0.9813631240879068,1.4811226150121537,1.4357751701558807
-1.697399087026929,-1.7685254941428359,-0.9363656417590819,0.7274016981559034,0.16437433331709086,-0.6017766833729703,-1.6973942894287704,1.4657320734125603,1.56582665151174,0.0,0.31824336590208974,0.015190246157726272,0.9813631240879068,1.4811226150121537,1.4357751701558807
-1.4611830417630982,0.2408793132518215,-0.9363656417590819,0.7274016981559034,0.16437433331709086,-0.6017766833729703,-1.4611696437425834,-1.1691388583006292,-1.6989335433565886,0.0,1.469306471464339,0.015190246157726272,0.9813631240879068,1.4811226150121537,1.4357751701558807
-1.4611830417630982,-0.7638230904455068,-0.9363656417590819,0.7274016981559034,0.16437433331709086,-0.6017766833729703,-1.4611696437425834,0.47033638809868866,0.42029675857548443,0.0,-0.8328197396601593,0.015190246157726272,0.9813631240879068,1.4811226150121537,1.4357751701558807
-1.4611830417630982,-1.7685254941428359,-0.9363656417590819,0.7274016981559034,0.16437433331709086,-0.6017766833729703,-1.4611696437425834,0.7630998249557097,0.07663779069460772,0.0,0.31824336590208974,0.015190246157726272,0.9813631240879068,1.4811226150121537,1.4357751701558807
-1.2249669964992675,0.2408793132518215,-0.9363656417590819,0.7274016981559034,0.16437433331709086,-0.6017766833729703,-1.2249449980563965,-1.110586170929225,-1.5271040594161502,0.0,-0.4491320378060763,0.015190246157726272,0.9813631240879068,1.4811226150121537,1.4357751701558807
-1.2249669964992675,-0.7638230904455068,-0.9363656417590819,0.7274016981559034,0.16437433331709086,-0.6017766833729703,-1.2249449980563965,-1.0520334835578207,-1.2407215861820864,0.0,-0.8328197396601593,0.015190246157726272,0.9813631240879068,1.4811226150121537,1.4357751701558807
-1.2249669964992675,-0.7638230904455068,-0.9363656417590819,0.7274016981559034,0.16437433331709086,-0.6017766833729703,-1.2249449980563965,0.2946783259844761,1.5085501568649273,0.0,-0.8328197396601593,0.015190246157726272,0.9813631240879068,1.4811226150121537,1.4357751701558807
-0.5163188607077753,-2.7732278978401643,-0.9363656417590819,0.7274016981559034,0.16437433331709086,-0.6017766833729703,-0.5162710609978353,0.5288890754700929,0.19119077998823328,0.0,0.7019310677561728,-1.2093507338753493,0.9813631240879068,1.4811226150121537,1.4357751701558807
-0.5163188607077753,-0.7638230904455068,-0.9363656417590819,0.7274016981559034,0.16437433331709086,-0.6017766833729703,-0.5162710609978353,0.5874417628414971,0.19119077998823328,0.0,-0.8328197396601593,-1.2093507338753493,0.9813631240879068,1.4811226150121537,1.4357751701558807
-0.5163188607077753,0.2408793132518215,-0.9363656417590819,0.7274016981559034,0.16437433331709086,-0.6017766833729703,-0.5162710609978353,0.8802051996985182,-0.8397861236543969,0.0,1.469306471464339,-1.2093507338753493,0.9813631240879068,1.4811226150121537,1.4357751701558807
-0.2801028154439446,-0.7638230904455068,-0.9363656417590819,0.7274016981559034,0.16437433331709086,-0.6017766833729703,-0.28004641531164814,1.4657320734125603,-0.38157416647989456,0.0,-0.8328197396601593,-1.2093507338753493,0.9813631240879068,1.4811226150121537,1.4357751701558807
-0.2801028154439446,-1.7685254941428359,-0.9363656417590819,0.7274016981559034,0.16437433331709086,-0.6017766833729703,-0.28004641531164814,1.5242847607839645,0.07663779069460772,0.0,0.31824336590208974,-1.2093507338753493,0.9813631240879068,1.4811226150121537,1.4357751701558807
0.42854532034754755,0.2408793132518215,-0.9363656417590819,0.7274016981559034,0.16437433331709086,-0.6017766833729703,0.428627521746913,0.0019148891274550072,0.42029675857548443,0.0,-0.4491320378060763,-1.2093507338753493,0.9813631240879068,1.4811226150121537,1.4357751701558807
0.42854532034754755,0.2408793132518215,-0.9363656417590819,0.7274016981559034,0.16437433331709086,-0.6017766833729703,0.428627521746913,0.11902026387026342,-1.6989335433565886,0.0,1.469306471464339,-1.2093507338753493,0.9813631240879068,1.4811226150121537,1.4357751701558807
0.900977410875209,0.2408793132518215,-0.9363656417590819,0.7274016981559034,0.16437433331709086,-0.6017766833729703,0.901076813119287,1.4657320734125603,-0.38157416647989456,0.0,1.0856187696102557,1.239731226190802,0.9813631240879068,1.4811226150121537,1.4357751701558807
1.1371934561390398,-0.7638230904455068,-0.9363656417590819,0.7274016981559034,0.16437433331709086,-0.6017766833729703,1.1373014588054742,-1.696113044643267,0.8785087157499867,0.0,-0.8328197396601593,1.239731226190802,0.9813631240879068,1.4811226150121537,1.4357751701558807
1.1371934561390398,-0.7638230904455068,-0.9363656417590819,0.7274016981559034,0.16437433331709086,-0.6017766833729703,1.1373014588054742,-1.5204549825290543,1.336720672924489,0.0,-0.8328197396601593,1.239731226190802,0.9813631240879068,1.4811226150121537,1.4357751701558807
1.1371934561390398,0.2408793132518215,-0.9363656417590819,0.7274016981559034,0.16437433331709086,-0.6017766833729703,1.1373014588054742,-0.9934807961864165,0.9930617050436122,0.0,1.469306471464339,1.239731226190802,0.9813631240879068,1.4811226150121537,1.4357751701558807
1.1371934561390398,-0.7638230904455068,-0.9363656417590819,0.7274016981559034,0.16437433331709086,-0.6017766833729703,1.1373014588054742,-0.9349281088150123,1.6803796408053657,0.0,-0.8328197396601593,1.239731226190802,0.9813631240879068,1.4811226150121537,1.4357751701558807
1.1371934561390398,-0.7638230904455068,-0.9363656417590819,0.7274016981559034,0.16437433331709086,-0.6017766833729703,1.1373014588054742,-0.8763754214436081,1.6803796408053657,0.0,-0.8328197396601593,1.239731226190802,0.9813631240879068,1.4811226150121537,1.4357751701558807
1.1371934561390398,-0.7638230904455068,-0.9363656417590819,0.7274016981559034,0.16437433331709086,-0.6017766833729703,1.1373014588054742,0.11902026387026342,1.56582665151174,0.0,-0.8328197396601593,1.239731226190802,0.9813631240879068,1.4811226150121537,1.4357751701558807
1.845841591930532,0.2408793132518215,-0.9363656417590819,0.7274016981559034,0.16437433331709086,-0.6017766833729703,1.8459753958640353,-0.583611984586587,0.30574376928185887,0.0,1.0856187696102557,1.239731226190802,0.9813631240879068,1.4811226150121537,1.4357751701558807
1.845841591930532,0.2408793132518215,-0.9363656417590819,0.7274016981559034,0.16437433331709086,-0.6017766833729703,1.8459753958640353,-0.5250592972151829,-0.6106801450671457,0.0,1.0856187696102557,1.239731226190802,0.9813631240879068,1.4811226150121537,1.4357751701558807
-0.0438867701801139,0.2408793132518215,-0.42906627849049117,0.7274016981559034,0.2800101445578131,-0.6017766833729703,-0.043821769625461124,0.0019148891274550072,1.050338199690425,0.0,1.469306471464339,-1.2093507338753493,1.4720446861318601,1.4811226150121537,1.4357751701558807
0.6647613656113783,0.2408793132518215,-0.42906627849049117,0.7274016981559034,0.2800101445578131,-0.6017766833729703,0.6648521674331,0.2946783259844761,-0.6106801450671457,0.0,1.469306471464339,1.239731226190802,1.4720446861318601,1.4811226150121537,1.4357751701558807
1.6096255466667013,-0.7638230904455068,-0.42906627849049117,0.7274016981559034,0.2800101445578131,-0.6017766833729703,1.609750750177848,-0.817822734072204,0.4775732532222972,0.0,-0.8328197396601593,1.239731226190802,1.4720446861318601,1.4811226150121537,1.4357751701558807
1.6096255466667013,-0.7638230904455068,-0.42906627849049117,0.7274016981559034,0.2800101445578131,-0.6017766833729703,1.609750750177848,-0.6421646719579913,-0.4961271557735201,0.0,-0.8328197396601593,1.239731226190802,1.4720446861318601,1.4811226150121537,1.4357751701558807
-1.4611830417630982,-0.7638230904455068,0.07823308477809952,0.7274016981559034,0.39564595579853534,-0.6017766833729703,-1.4611696437425834,-0.7007173593293955,-0.6679566397139585,0.0,-0.8328197396601593,0.015190246157726272,0.4906815620439534,1.4811226150121537,1.4357751701558807
-1.4611830417630982,-1.7685254941428359,0.07823308477809952,0.7274016981559034,0.39564595579853534,-0.6017766833729703,-1.4611696437425834,0.06046757649885921,-0.037915198599017846,0.0,0.31824336590208974,0.015190246157726272,0.4906815620439534,1.4811226150121537,1.4357751701558807
-0.9887509512354369,0.2408793132518215,0.07823308477809952,0.7274016981559034,0.39564595579853534,-0.6017766833729703,-0.9887203523702093,-1.6375603572718629,0.019361296047794935,0.0,1.469306471464339,0.015190246157726272,0.4906815620439534,1.4811226150121537,1.4357751701558807
-0.5163188607077753,-1.7685254941428359,0.07823308477809952,0.7274016981559034,0.39564595579853534,-0.6017766833729703,-0.5162710609978353,1.7584955102695812,0.19119077998823328,0.0,-1.2165074415142423,-1.2093507338753493,0.4906815620439534,1.4811226150121537,1.4357751701558807
-0.2801028154439446,-0.7638230904455068,0.07823308477809952,0.7274016981559034,0.39564595579853534,-0.6017766833729703,-0.28004641531164814,-1.696113044643267,0.19119077998823328,0.0,-0.8328197396601593,-1.2093507338753493,0.4906815620439534,1.4811226150121537,1.4357751701558807
-0.2801028154439446,-1.7685254941428359,0.07823308477809952,0.7274016981559034,0.39564595579853534,-0.6017766833729703,-0.28004641531164814,0.9387578870699224,0.7066792318095484,0.0,0.31824336590208974,-1.2093507338753493,0.4906815620439534,1.4811226150121537,1.4357751701558807
-1.4611830417630982,-0.7638230904455068,0.5855324480466901,0.7274016981559034,0.5112817670392577,-0.6017766833729703,-1.4611696437425834,0.2946783259844761,1.5085501568649273,0.0,-0.8328197396601593,0.015190246157726272,-1.4720446861318601,1.4811226150121537,1.4357751701558807
-1.2249669964992675,-0.7638230904455068,0.5855324480466901,0.7274016981559034,0.5112817670392577,-0.6017766833729703,-1.2249449980563965,0.9973105744413265,-0.8397861236543969,0.0,-0.8328197396601593,0.015190246157726272,-1.4720446861318601,1.4811226150121537,1.4357751701558807
-0.2801028154439446,-0.7638230904455068,0.5855324480466901,0.7274016981559034,0.5112817670392577,-0.6017766833729703,-0.28004641531164814,0.5874417628414971,1.4512736622181146,0.0,-0.8328197396601593,-1.2093507338753493,-1.4720446861318601,1.4811226150121537,1.4357751701558807
0.42854532034754755,0.2408793132518215,0.5855324480466901,0.7274016981559034,0.5112817670392577,-0.6017766833729703,0.428627521746913,-1.5204549825290543,-0.037915198599017846,0.0,1.469306471464339,-1.2093507338753493,-1.4720446861318601,1.4811226150121537,1.4357751701558807
1.3734095014028704,-1.7685254941428359,0.5855324480466901,0.7274016981559034,0.5112817670392577,-0.6017766833729703,1.3735261044916611,0.5874417628414971,-0.38157416647989456,0.0,-1.2165074415142423,1.239731226190802,-1.4720446861318601,1.4811226150121537,1.4357751701558807
1.6096255466667013,-0.7638230904455068,0.5855324480466901,0.7274016981559034,0.5112817670392577,-0.6017766833729703,1.609750750177848,0.11902026387026342,0.36302026392867165,0.0,-0.8328197396601593,1.239731226190802,-1.4720446861318601,1.4811226150121537,1.4357751701558807
1.6096255466667013,-0.7638230904455068,0.5855324480466901,0.7274016981559034,0.5112817670392577,-0.6017766833729703,1.609750750177848,0.17757295124166764,0.7639557264563611,0.0,-0.8328197396601593,1.239731226190802,-1.4720446861318601,1.4811226150121537,1.4357751701558807
-0.7525349059716061,0.2408793132518215,1.0928318113152808,0.7274016981559034,0.6269175782799798,-0.6017766833729703,-0.7524957066840222,-1.6375603572718629,-0.8970626183012096,0.0,1.469306471464339,0.015190246157726272,-0.4906815620439534,1.4811226150121537,1.4357751701558807
-0.7525349059716061,0.2408793132518215,1.0928318113152808,0.7274016981559034,0.6269175782799798,-0.6017766833729703,-0.7524957066840222,-1.5790076699004587,-0.9543391129480224,0.0,-0.0654443359519933,0.015190246157726272,-0.4906815620439534,1.4811226150121537,1.4357751701558807
-0.7525349059716061,-1.7685254941428359,1.0928318113152808,0.7274016981559034,0.6269175782799798,-0.6017766833729703,-0.7524957066840222,0.47033638809868866,0.9930617050436122,0.0,0.31824336590208974,0.015190246157726272,-0.4906815620439534,1.4811226150121537,1.4357751701558807
-0.7525349059716061,-1.7685254941428359,1.0928318113152808,0.7274016981559034,0.6269175782799798,-0.6017766833729703,-0.7524957066840222,0.5288890754700929,0.821232221103174,0.0,0.31824336590208974,0.015190246157726272,-0.4906815620439534,1.4811226150121537,1.4357751701558807
0.19232927508371683,0.2408793132518215,1.0928318113152808,0.7274016981559034,0.6269175782799798,-0.6017766833729703,0.19240287606072592,-1.110586170929225,-1.1834450915352734,0.0,-0.4491320378060763,-1.2093507338753493,-0.4906815620439534,1.4811226150121537,1.4357751701558807
0.19232927508371683,0.2408793132518215,1.0928318113152808,0.7274016981559034,0.6269175782799798,-0.6017766833729703,0.19240287606072592,0.4117837007272845,-0.9543391129480224,0.0,1.469306471464339,-1.2093507338753493,-0.4906815620439534,1.4811226150121537,1.4357751701558807
0.900977410875209,0.2408793132518215,1.0928318113152808,0.7274016981559034,0.6269175782799798,-0.6017766833729703,0.901076813119287,-0.7592700467007997,-0.09519169324583063,0.0,1.469306471464339,1.239731226190802,-0.4906815620439534,1.4811226150121537,1.4357751701558807
0.900977410875209,0.2408793132518215,1.0928318113152808,0.7274016981559034,0.6269175782799798,-0.6017766833729703,0.901076813119287,-0.7007173593293955,0.019361296047794935,0.0,1.469306471464339,1.239731226190802,-0.4906815620439534,1.4811226150121537,1.4357751701558807
1.3734095014028704,-1.7685254941428359,1.0928318113152808,0.7274016981559034,0.6269175782799798,-0.6017766833729703,1.3735261044916611,0.0019148891274550072,0.7066792318095484,0.0,-1.2165074415142423,1.239731226190802,-0.4906815620439534,1.4811226150121537,1.4357751701558807
1.3734095014028704,-1.7685254941428359,1.0928318113152808,0.7274016981559034,0.6269175782799798,-0.6017766833729703,1.3735261044916611,0.06046757649885921,0.4775732532222972,0.0,-1.2165074415142423,1.239731226190802,-0.4906815620439534,1.4811226150121537,1.4357751701558807
1.3734095014028704,0.2408793132518215,1.0928318113152808,0.7274016981559034,0.6269175782799798,-0.6017766833729703,1.3735261044916611,0.23612563861307184,1.623103146158553,0.0,1.469306471464339,1.239731226190802,-0.4906815620439534,1.4811226150121537,1.4357751701558807
1.3734095014028704,0.2408793132518215,1.0928318113152808,0.7274016981559034,0.6269175782799798,-0.6017766833729703,1.3735261044916611,0.35323101335588025,0.019361296047794935,0.0,1.469306471464339,1.239731226190802,-0.4906815620439534,1.4811226150121537,1.4357751701558807
1.845841591930532,-0.7638230904455068,1.0928318113152808,0.7274016981559034,0.6269175782799798,-0.6017766833729703,1.8459753958640353,-0.6421646719579913,0.9357852103967995,0.0,-0.8328197396601593,1.239731226190802,-0.4906815620439534,1.4811226150121537,1.4357751701558807
1.845841591930532,-1.7685254941428359,1.0928318113152808,0.7274016981559034,0.6269175782799798,-0.6017766833729703,1.8459753958640353,-0.583611984586587,1.1648911889840505,0.0,-1.2165074415142423,1.239731226190802,-0.4906815620439534,1.4811226150121537,1.4357751701558807
1.845841591930532,-1.7685254941428359,1.0928318113152808,0.7274016981559034,0.6269175782799798,-0.6017766833729703,1.8459753958640353,-0.5250592972151829,1.050338199690425,0.0,-1.2165074415142423,1.239731226190802,-0.4906815620439534,1.4811226150121537,1.4357751701558807
-1.4611830417630982,-1.7685254941428359,1.6001311745838716,0.7274016981559034,0.7425533895207022,-0.6017766833729703,-1.4611696437425834,0.17757295124166764,1.3939971675713017,0.0,-1.2165074415142423,0.015190246157726272,0.0,1.4811226150121537,1.4357751701558807
-0.9887509512354369,-0.7638230904455068,1.6001311745838716,0.7274016981559034,0.7425533895207022,-0.6017766833729703,-0.9887203523702093,-0.9934807961864165,-1.1834450915352734,0.0,-0.8328197396601593,0.015190246157726272,0.0,1.4811226150121537,1.4357751701558807
-0.9887509512354369,0.2408793132518215,1.6001311745838716,0.7274016981559034,0.7425533895207022,-0.6017766833729703,-0.9887203523702093,-0.9349281088150123,-1.2407215861820864,0.0,1.469306471464339,0.015190246157726272,0.0,1.4811226150121537,1.4357751701558807
-0.7525349059716061,-1.7685254941428359,1.6001311745838716,0.7274016981559034,0.7425533895207022,-0.6017766833729703,-0.7524957066840222,-1.3447969204148418,-0.2097446825394562,0.0,0.31824336590208974,0.015190246157726272,0.0,1.4811226150121537,1.4357751701558807
-0.7525349059716061,-1.7685254941428359,1.6001311745838716,0.7274016981559034,0.7425533895207022,-0.6017766833729703,-0.7524957066840222,-1.2862442330434376,0.36302026392867165,0.0,0.31824336590208974,0.015190246157726272,0.0,1.4811226150121537,1.4357751701558807
-0.7525349059716061,-0.7638230904455068,1.6001311745838716,0.7274016981559034,0.7425533895207022,-0.6017766833729703,-0.7524957066840222,1.2900740112983475,1.6803796408053657,0.0,-0.8328197396601593,0.015190246157726272,0.0,1.4811226150121537,1.4357751701558807
-0.7525349059716061,-1.7685254941428359,1.6001311745838716,0.7274016981559034,0.7425533895207022,-0.6017766833729703,-0.7524957066840222,1.5242847607839645,-1.0116156075948353,0.0,-1.2165074415142423,0.015190246157726272,0.0,1.4811226150121537,1.4357751701558807
-0.5163188607077753,-0.7638230904455068,1.6001311745838716,0.7274016981559034,0.7425533895207022,-0.6017766833729703,-0.5162710609978353,-1.2862442330434376,-0.5534036504203329,0.0,-0.8328197396601593,-1.2093507338753493,0.0,1.4811226150121537,1.4357751701558807
-0.2801028154439446,-0.7638230904455068,1.6001311745838716,0.7274016981559034,0.7425533895207022,-0.6017766833729703,-0.28004641531164814,-0.056637798243949204,-0.8970626183012096,0.0,-0.8328197396601593,-1.2093507338753493,0.0,1.4811226150121537,1.4357751701558807
-0.2801028154439446,-0.7638230904455068,1.6001311745838716,0.7274016981559034,0.7425533895207022,-0.6017766833729703,-0.28004641531164814,0.0019148891274550072,0.30574376928185887,0.0,-0.8328197396601593,-1.2093507338753493,0.0,1.4811226150121537,1.4357751701558807
-0.2801028154439446,-0.7638230904455068,1.6001311745838716,0.7274016981559034,0.7425533895207022,-0.6017766833729703,-0.28004641531164814,0.23612563861307184,0.24846727463504606,0.0,-0.8328197396601593,-1.2093507338753493,0.0,1.4811226150121537,1.4357751701558807
0.19232927508371683,0.2408793132518215,1.6001311745838716,0.7274016981559034,0.7425533895207022,-0.6017766833729703,0.19240287606072592,0.2946783259844761,-1.1261685968884607,0.0,1.469306471464339,-1.2093507338753493,0.0,1.4811226150121537,1.4357751701558807
0.19232927508371683,-0.7638230904455068,1.6001311745838716,0.7274016981559034,0.7425533895207022,-0.6017766833729703,0.19240287606072592,0.35323101335588025,-0.3242976718330818,0.0,-0.8328197396601593,-1.2093507338753493,0.0,1.4811226150121537,1.4357751701558807
0.42854532034754755,0.2408793132518215,1.6001311745838716,0.7274016981559034,0.7425533895207022,-0.6017766833729703,0.428627521746913,-0.23229586035816183,-1.5271040594161502,0.0,-0.0654443359519933,-1.2093507338753493,0.0,1.4811226150121537,1.4357751701558807
1.3734095014028704,0.2408793132518215,1.6001311745838716,0.7274016981559034,0.7425533895207022,-0.6017766833729703,1.3735261044916611,-0.583611984586587,-1.1261685968884607,0.0,1.469306471464339,1.239731226190802,0.0,1.4811226150121537,1.4357751701558807
1.3734095014028704,0.2408793132518215,1.6001311745838716,0.7274016981559034,0.7425533895207022,-0.6017766833729703,1.3735261044916611,-0.5250592972151829,0.30574376928185887,0.0,-0.4491320378060763,1.239731226190802,0.0,1.4811226150121537,1.4357751701558807
1.3734095014028704,-0.7638230904455068,1.6001311745838716,0.7274016981559034,0.7425533895207022,-0.6017766833729703,1.3735261044916611,0.9973105744413265,-0.2097446825394562,0.0,-0.8328197396601593,1.239731226190802,0.0,1.4811226150121537,1.4357751701558807
1.3734095014028704,-0.7638230904455068,1.6001311745838716,0.7274016981559034,0.7425533895207022,-0.6017766833729703,1.3735261044916611,1.0558632618127308,0.30574376928185887,0.0,-0.8328197396601593,1.239731226190802,0.0,1.4811226150121537,1.4357751701558807
1.6096255466667013,-0.7638230904455068,1.6001311745838716,0.7274016981559034,0.7425533895207022,-0.6017766833729703,1.609750750177848,-1.2862442330434376,-1.4698275647693375,0.0,-0.8328197396601593,1.239731226190802,0.0,1.4811226150121537,1.4357751701558807
1.6096255466667013,-0.7638230904455068,1.6001311745838716,0.7274016981559034,0.7425533895207022,-0.6017766833729703,1.609750750177848,-1.2276915456720334,-0.8970626183012096,0.0,-0.8328197396601593,1.239731226190802,0.0,1.4811226150121537,1.4357751701558807
1.6096255466667013,0.2408793132518215,1.6001311745838716,0.7274016981559034,0.7425533895207022,-0.6017766833729703,1.609750750177848,1.4657320734125603,-1.4698275647693375,0.0,1.0856187696102557,1.239731226190802,0.0,1.4811226150121537,1.4357751701558807
1.6096255466667013,0.2408793132518215,1.6001311745838716,0.7274016981559034,0.7425533895207022,-0.6017766833729703,1.609750750177848,1.4657320734125603,1.3939971675713017,0.0,1.0856187696102557,1.239731226190802,0.0,1.4811226150121537,1.4357751701558807
1.845841591930532,-1.7685254941428359,1.6001311745838716,0.7274016981559034,0.7425533895207022,-0.6017766833729703,1.8459753958640353,0.47033638809868866,-1.584380554062963,0.0,-1.2165074415142423,1.239731226190802,0.0,1.4811226150121537,1.4357751701558807
1.845841591930532,-0.7638230904455068,1.6001311745838716,0.7274016981559034,0.7425533895207022,-0.6017766833729703,1.8459753958640353,0.47033638809868866,1.623103146158553,0.0,-0.8328197396601593,1.239731226190802,0.0,1.4811226150121537,1.4357751701558807
-1.2249669964992675,-0.7638230904455068,-1.4436650050276725,0.7274016981559034,0.8581892007614244,-0.6017766833729703,-1.2249449980563965,-1.5204549825290543,0.36302026392867165,0.0,-0.8328197396601593,0.015190246157726272,-0.9813631240879068,1.4811226150121537,1.4357751701558807
-0.9887509512354369,-1.7685254941428359,-1.4436650050276725,0.7274016981559034,0.8581892007614244,-0.6017766833729703,-0.9887203523702093,-1.4619022951576501,-0.7252331343607713,0.0,0.31824336590208974,0.015190246157726272,-0.9813631240879068,1.4811226150121537,1.4357751701558807
-0.5163188607077753,-1.7685254941428359,-1.4436650050276725,0.7274016981559034,0.8581892007614244,-0.6017766833729703,-0.5162710609978353,-1.0520334835578207,-1.4698275647693375,0.0,-1.2165074415142423,-1.2093507338753493,-0.9813631240879068,1.4811226150121537,1.4357751701558807
-0.0438867701801139,-0.7638230904455068,-1.4436650050276725,0.7274016981559034,0.8581892007614244,-0.6017766833729703,-0.043821769625461124,-1.2276915456720334,1.2221676836308635,0.0,-0.8328197396601593,-1.2093507338753493,-0.9813631240879068,1.4811226150121537,1.4357751701558807
0.6647613656113783,0.2408793132518215,-1.4436650050276725,0.7274016981559034,0.8581892007614244,-0.6017766833729703,0.6648521674331,-0.11519048561535342,0.9930617050436122,0.0,-0.4491320378060763,1.239731226190802,-0.9813631240879068,1.4811226150121537,1.4357751701558807
0.900977410875209,-1.7685254941428359,-1.4436650050276725,0.7274016981559034,0.8581892007614244,-0.6017766833729703,0.901076813119287,1.114415949184135,0.019361296047794935,0.0,-1.2165074415142423,1.239731226190802,-0.9813631240879068,1.4811226150121537,1.4357751701558807
1.1371934561390398,0.2408793132518215,-1.4436650050276725,0.7274016981559034,0.8581892007614244,-0.6017766833729703,1.1373014588054742,1.0558632618127308,-0.4961271557735201,0.0,1.469306471464339,1.239731226190802,-0.9813631240879068,1.4811226150121537,1.4357751701558807
1.3734095014028704,0.2408793132518215,-1.4436650050276725,0.7274016981559034,0.8581892007614244,-0.6017766833729703,1.3735261044916611,-1.1691388583006292,0.8785087157499867,0.0,-0.4491320378060763,1.239731226190802,-0.9813631240879068,1.4811226150121537,1.4357751701558807
1.845841591930532,-0.7638230904455068,-1.4436650050276725,0.7274016981559034,0.8581892007614244,-0.6017766833729703,1.8459753958640353,-0.9349281088150123,0.019361296047794935,0.0,-0.8328197396601593,1.239731226190802,-0.9813631240879068,1.4811226150121537,1.4357751701558807
1.845841591930532,-0.7638230904455068,-1.4436650050276725,0.7274016981559034,0.8581892007614244,-0.6017766833729703,1.8459753958640353,-0.817822734072204,-0.8970626183012096,0.0,-0.8328197396601593,1.239731226190802,-0.9813631240879068,1.4811226150121537,1.4357751701558807
-1.4611830417630982,-0.7638230904455068,-0.9363656417590819,0.7274016981559034,0.9738250120021467,-0.6017766833729703,-1.4611696437425834,0.23612563861307184,0.1339142853414205,0.0,-0.8328197396601593,0.015190246157726272,0.9813631240879068,1.4811226150121537,1.4357751701558807
-0.5163188607077753,0.2408793132518215,-0.9363656417590819,0.7274016981559034,0.9738250120021467,-0.6017766833729703,-0.5162710609978353,-0.34940123510097026,1.5085501568649273,0.0,1.469306471464339,-1.2093507338753493,0.9813631240879068,1.4811226150121537,1.4357751701558807
-0.5163188607077753,0.2408793132518215,-0.9363656417590819,0.7274016981559034,0.9738250120021467,-0.6017766833729703,-0.5162710609978353,-0.29084854772956603,1.3939971675713017,0.0,1.469306471464339,-1.2093507338753493,0.9813631240879068,1.4811226150121537,1.4357751701558807
-0.5163188607077753,0.2408793132518215,-0.9363656417590819,0.7274016981559034,0.9738250120021467,-0.6017766833729703,-0.5162710609978353,0.9973105744413265,0.821232221103174,0.0,1.469306471464339,-1.2093507338753493,0.9813631240879068,1.4811226150121537,1.4357751701558807
-0.5163188607077753,0.2408793132518215,-0.9363656417590819,0.7274016981559034,0.9738250120021467,-0.6017766833729703,-0.5162710609978353,1.0558632618127308,1.1076146943372378,0.0,1.469306471464339,-1.2093507338753493,0.9813631240879068,1.4811226150121537,1.4357751701558807
-0.0438867701801139,0.2408793132518215,-0.9363656417590819,0.7274016981559034,0.9738250120021467,-0.6017766833729703,-0.043821769625461124,-1.0520334835578207,0.53484974786911,0.0,1.469306471464339,-1.2093507338753493,0.9813631240879068,1.4811226150121537,1.4357751701558807
-0.0438867701801139,-1.7685254941428359,-0.9363656417590819,0.7274016981559034,0.9738250120021467,-0.6017766833729703,-0.043821769625461124,0.11902026387026342,-0.09519169324583063,0.0,0.31824336590208974,-1.2093507338753493,0.9813631240879068,1.4811226150121537,1.4357751701558807
0.19232927508371683,0.2408793132518215,-0.9363656417590819,0.7274016981559034,0.9738250120021467,-0.6017766833729703,0.19240287606072592,0.47033638809868866,-0.38157416647989456,0.0,-0.4491320378060763,-1.2093507338753493,0.9813631240879068,1.4811226150121537,1.4357751701558807
0.42854532034754755,0.2408793132518215,-0.9363656417590819,0.7274016981559034,0.9738250120021467,-0.6017766833729703,0.428627521746913,0.5288890754700929,1.050338199690425,0.0,1.469306471464339,-1.2093507338753493,0.9813631240879068,1.4811226150121537,1.4357751701558807
0.900977410875209,-1.7685254941428359,-0.9363656417590819,0.7274016981559034,0.9738250120021467,-0.6017766833729703,0.901076813119287,0.8216525123271139,-1.584380554062963,0.0,-1.2165074415142423,1.239731226190802,0.9813631240879068,1.4811226150121537,1.4357751701558807
0.900977410875209,-1.7685254941428359,-0.9363656417590819,0.7274016981559034,0.9738250120021467,-0.6017766833729703,0.901076813119287,0.8216525123271139,1.3939971675713017,0.0,-1.2165074415142423,1.239731226190802,0.9813631240879068,1.4811226150121537,1.4357751701558807
1.3734095014028704,0.2408793132518215,-0.9363656417590819,0.7274016981559034,0.9738250120021467,-0.6017766833729703,1.3735261044916611,-0.817822734072204,1.1648911889840505,0.0,1.0856187696102557,1.239731226190802,0.9813631240879068,1.4811226150121537,1.4357751701558807
1.6096255466667013,0.2408793132518215,-0.9363656417590819,0.7274016981559034,0.9738250120021467,-0.6017766833729703,1.609750750177848,-1.403349607786246,-0.8970626183012096,0.0,1.469306471464339,1.239731226190802,0.9813631240879068,1.4811226150121537,1.4357751701558807
1.6096255466667013,-0.7638230904455068,-0.9363656417590819,0.7274016981559034,0.9738250120021467,-0.6017766833729703,1.609750750177848,-1.3447969204148418,0.1339142853414205,0.0,-0.8328197396601593,1.239731226190802,0.9813631240879068,1.4811226150121537,1.4357751701558807
1.6096255466667013,-0.7638230904455068,-0.9363656417590819,0.7274016981559034,0.9738250120021467,-0.6017766833729703,1.609750750177848,-1.2862442330434376,0.24846727463504606,0.0,-0.8328197396601593,1.239731226190802,0.9813631240879068,1.4811226150121537,1.4357751701558807
-1.697399087026929,0.2408793132518215,-0.42906627849049117,0.7274016981559034,1.0894608232428689,-0.6017766833729703,-1.6973942894287704,1.2900740112983475,-0.4961271557735201,0.0,-0.4491320378060763,0.015190246157726272,1.4720446861318601,1.4811226150121537,1.4357751701558807
-0.7525349059716061,-1.7685254941428359,-0.42906627849049117,0.7274016981559034,1.0894608232428689,-0.6017766833729703,-0.7524957066840222,0.35323101335588025,0.1339142853414205,0.0,0.31824336590208974,0.015190246157726272,1.4720446861318601,1.4811226150121537,1.4357751701558807
-0.7525349059716061,-0.7638230904455068,-0.42906627849049117,0.7274016981559034,1.0894608232428689,-0.6017766833729703,-0.7524957066840222,1.2900740112983475,-0.8397861236543969,0.0,-0.8328197396601593,0.015190246157726272,1.4720446861318601,1.4811226150121537,1.4357751701558807
-0.7525349059716061,0.2408793132518215,-0.42906627849049117,0.7274016981559034,1.0894608232428689,-0.6017766833729703,-0.7524957066840222,1.3486266986697517,1.336720672924489,0.0,1.469306471464339,0.015190246157726272,1.4720446861318601,1.4811226150121537,1.4357751701558807
-0.2801028154439446,-0.7638230904455068,-0.42906627849049117,0.7274016981559034,1.0894608232428689,-0.6017766833729703,-0.28004641531164814,1.4657320734125603,1.2221676836308635,0.0,-0.8328197396601593,-1.2093507338753493,1.4720446861318601,1.4811226150121537,1.4357751701558807
-0.2801028154439446,-0.7638230904455068,-0.42906627849049117,0.7274016981559034,1.0894608232428689,-0.6017766833729703,-0.28004641531164814,1.5242847607839645,1.6803796408053657,0.0,-0.8328197396601593,-1.2093507338753493,1.4720446861318601,1.4811226150121537,1.4357751701558807
0.6647613656113783,-0.7638230904455068,-0.42906627849049117,0.7274016981559034,1.0894608232428689,-0.6017766833729703,0.6648521674331,0.4117837007272845,0.42029675857548443,0.0,-0.8328197396601593,1.239731226190802,1.4720446861318601,1.4811226150121537,1.4357751701558807
0.6647613656113783,-0.7638230904455068,-0.42906627849049117,0.7274016981559034,1.0894608232428689,-0.6017766833729703,0.6648521674331,0.47033638809868866,0.07663779069460772,0.0,-0.8328197396601593,1.239731226190802,1.4720446861318601,1.4811226150121537,1.4357751701558807
1.6096255466667013,-1.7685254941428359,-0.42906627849049117,0.7274016981559034,1.0894608232428689,-0.6017766833729703,1.609750750177848,0.2946783259844761,0.6494027371627356,0.0,-1.2165074415142423,1.239731226190802,1.4720446861318601,1.4811226150121537,1.4357751701558807
1.845841591930532,-0.7638230904455068,-0.42906627849049117,0.7274016981559034,1.0894608232428689,-0.6017766833729703,1.8459753958640353,-0.6421646719579913,1.2221676836308635,0.0,-0.8328197396601593,1.239731226190802,1.4720446861318601,1.4811226150121537,1.4357751701558807
-1.4611830417630982,0.2408793132518215,0.07823308477809952,0.7274016981559034,1.2050966344835912,-0.6017766833729703,-1.4611696437425834,0.8216525123271139,0.30574376928185887,0.0,1.469306471464339,0.015190246157726272,0.4906815620439534,1.4811226150121537,1.4357751701558807
-0.9887509512354369,-0.7638230904455068,0.07823308477809952,0.7274016981559034,1.2050966344835912,-0.6017766833729703,-0.9887203523702093,0.47033638809868866,-1.3552745754757118,0.0,-0.8328197396601593,0.015190246157726272,0.4906815620439534,1.4811226150121537,1.4357751701558807
-0.9887509512354369,-2.7732278978401643,0.07823308477809952,0.7274016981559034,1.2050966344835912,-0.6017766833729703,-0.9887203523702093,1.5242847607839645,1.2794441782776762,0.0,0.7019310677561728,0.015190246157726272,0.4906815620439534,1.4811226150121537,1.4357751701558807
-0.7525349059716061,0.2408793132518215,0.07823308477809952,0.7274016981559034,1.2050966344835912,-0.6017766833729703,-0.7524957066840222,0.2946783259844761,1.050338199690425,0.0,-0.4491320378060763,0.015190246157726272,0.4906815620439534,1.4811226150121537,1.4357751701558807
-0.5163188607077753,0.2408793132518215,0.07823308477809952,0.7274016981559034,1.2050966344835912,-0.6017766833729703,-0.5162710609978353,1.114415949184135,-1.641657048709776,0.0,1.469306471464339,-1.2093507338753493,0.4906815620439534,1.4811226150121537,1.4357751701558807
0.900977410875209,0.2408793132518215,0.07823308477809952,0.7274016981559034,1.2050966344835912,-0.6017766833729703,0.901076813119287,-0.4665066098437787,1.4512736622181146,0.0,1.469306471464339,1.239731226190802,0.4906815620439534,1.4811226150121537,1.4357751701558807
1.845841591930532,0.2408793132518215,0.07823308477809952,0.7274016981559034,1.2050966344835912,-0.6017766833729703,1.8459753958640353,0.9387578870699224,-0.8397861236543969,0.0,1.469306471464339,1.239731226190802,0.4906815620439534,1.4811226150121537,1.4357751701558807
1.845841591930532,-1.7685254941428359,0.07823308477809952,0.7274016981559034,1.2050966344835912,-0.6017766833729703,1.8459753958640353,0.9973105744413265,-0.7252331343607713,0.0,0.31824336590208974,1.239731226190802,0.4906815620439534,1.4811226150121537,1.4357751701558807
1.845841591930532,-0.7638230904455068,0.07823308477809952,0.7274016981559034,1.2050966344835912,-0.6017766833729703,1.8459753958640353,1.0558632618127308,-0.3242976718330818,0.0,-0.8328197396601593,1.239731226190802,0.4906815620439534,1.4811226150121537,1.4357751701558807
-1.2249669964992675,-0.7638230904455068,0.5855324480466901,0.7274016981559034,1.3207324457243135,-0.6017766833729703,-1.2249449980563965,0.0019148891274550072,0.8785087157499867,0.0,-0.8328197396601593,0.015190246157726272,-1.4720446861318601,1.4811226150121537,1.4357751701558807
-1.2249669964992675,-1.7685254941428359,0.5855324480466901,0.7274016981559034,1.3207324457243135,-0.6017766833729703,-1.2249449980563965,0.23612563861307184,0.7639557264563611,0.0,0.31824336590208974,0.015190246157726272,-1.4720446861318601,1.4811226150121537,1.4357751701558807
-1.2249669964992675,0.2408793132518215,0.5855324480466901,0.7274016981559034,1.3207324457243135,-0.6017766833729703,-1.2249449980563965,0.7045471375843055,-1.4698275647693375,0.0,-0.4491320378060763,0.015190246157726272,-1.4720446861318601,1.4811226150121537,1.4357751701558807
-0.9887509512354369,-0.7638230904455068,0.5855324480466901,0.7274016981559034,1.3207324457243135,-0.6017766833729703,-0.9887203523702093,0.9973105744413265,1.5085501568649273,0.0,-0.8328197396601593,0.015190246157726272,-1.4720446861318601,1.4811226150121537,1.4357751701558807
-0.7525349059716061,-0.7638230904455068,0.5855324480466901,0.7274016981559034,1.3207324457243135,-0.6017766833729703,-0.7524957066840222,0.35323101335588025,-1.6989335433565886,0.0,-0.8328197396601593,0.015190246157726272,-1.4720446861318601,1.4811226150121537,1.4357751701558807
-0.2801028154439446,0.2408793132518215,0.5855324480466901,0.7274016981559034,1.3207324457243135,-0.6017766833729703,-0.28004641531164814,-0.5250592972151829,0.07663779069460772,0.0,-0.4491320378060763,-1.2093507338753493,-1.4720446861318601,1.4811226150121537,1.4357751701558807
-0.2801028154439446,0.2408793132518215,0.5855324480466901,0.7274016981559034,1.3207324457243135,-0.6017766833729703,-0.28004641531164814,-0.23229586035816183,-1.4125510701225246,0.0,-0.4491320378060763,-1.2093507338753493,-1.4720446861318601,1.4811226150121537,1.4357751701558807
-0.2801028154439446,-1.7685254941428359,0.5855324480466901,0.7274016981559034,1.3207324457243135,-0.6017766833729703,-0.28004641531164814,-0.056637798243949204,0.19119077998823328,0.0,-1.2165074415142423,-1.2093507338753493,-1.4720446861318601,1.4811226150121537,1.4357751701558807
-0.2801028154439446,-0.7638230904455068,0.5855324480466901,0.7274016981559034,1.3207324457243135,-0.6017766833729703,-0.28004641531164814,0.23612563861307184,1.2794441782776762,0.0,-0.8328197396601593,-1.2093507338753493,-1.4720446861318601,1.4811226150121537,1.4357751701558807
0.900977410875209,0.2408793132518215,0.5855324480466901,0.7274016981559034,1.3207324457243135,-0.6017766833729703,0.901076813119287,-1.2862442330434376,0.7639557264563611,0.0,1.469306471464339,1.239731226190802,-1.4720446861318601,1.4811226150121537,1.4357751701558807
0.900977410875209,0.2408793132518215,0.5855324480466901,0.7274016981559034,1.3207324457243135,-0.6017766833729703,0.901076813119287,-1.2276915456720334,1.623103146158553,0.0,1.469306471464339,1.239731226190802,-1.4720446861318601,1.4811226150121537,1.4357751701558807
0.900977410875209,0.2408793132518215,0.5855324480466901,0.7274016981559034,1.3207324457243135,-0.6017766833729703,0.901076813119287,0.47033638809868866,0.8785087157499867,0.0,-0.4491320378060763,1.239731226190802,-1.4720446861318601,1.4811226150121537,1.4357751701558807
0.900977410875209,0.2408793132518215,0.5855324480466901,0.7274016981559034,1.3207324457243135,-0.6017766833729703,0.901076813119287,0.6459944502129013,1.336720672924489,0.0,-0.4491320378060763,1.239731226190802,-1.4720446861318601,1.4811226150121537,1.4357751701558807
1.3734095014028704,0.2408793132518215,0.5855324480466901,0.7274016981559034,1.3207324457243135,-0.6017766833729703,1.3735261044916611,-0.6421646719579913,-0.9543391129480224,0.0,-0.4491320378060763,1.239731226190802,-1.4720446861318601,1.4811226150121537,1.4357751701558807
1.3734095014028704,0.2408793132518215,0.5855324480466901,0.7274016981559034,1.3207324457243135,-0.6017766833729703,1.3735261044916611,-0.583611984586587,-0.8970626183012096,0.0,-0.4491320378060763,1.239731226190802,-1.4720446861318601,1.4811226150121537,1.4357751701558807
1.3734095014028704,-0.7638230904455068,0.5855324480466901,0.7274016981559034,1.3207324457243135,-0.6017766833729703,1.3735261044916611,1.699942822898177,-0.8970626183012096,0.0,-0.8328197396601593,1.239731226190802,-1.4720446861318601,1.4811226150121537,1.4357751701558807
-1.4611830417630982,-0.7638230904455068,1.0928318113152808,0.7274016981559034,1.4363682569650356,-0.6017766833729703,-1.4611696437425834,-1.3447969204148418,0.8785087157499867,0.0,-0.8328197396601593,0.015190246157726272,-0.4906815620439534,1.4811226150121537,1.4357751701558807
-1.2249669964992675,-0.7638230904455068,1.0928318113152808,0.7274016981559034,1.4363682569650356,-0.6017766833729703,-1.2249449980563965,0.11902026387026342,-0.8970626183012096,0.0,-0.8328197396601593,0.015190246157726272,-0.4906815620439534,1.4811226150121537,1.4357751701558807
-0.0438867701801139,0.8437007554702182,1.0928318113152808,0.7274016981559034,1.4363682569650356,-0.6017766833729703,-0.043821769625461124,-0.23229586035816183,0.9930617050436122,0.0,1.469306471464339,-1.2093507338753493,-0.4906815620439534,1.4811226150121537,1.4357751701558807
0.42854532034754755,0.8437007554702182,1.0928318113152808,0.7274016981559034,1.4363682569650356,-0.6017766833729703,0.428627521746913,1.6413901355267728,-0.5534036504203329,0.0,1.469306471464339,-1.2093507338753493,-0.4906815620439534,1.4811226150121537,1.4357751701558807
0.6647613656113783,-0.16100164822711013,1.0928318113152808,0.7274016981559034,1.4363682569650356,-0.6017766833729703,0.6648521674331,-0.17374317298675762,-0.782509629007584,0.0,-0.8328197396601593,1.239731226190802,-0.4906815620439534,1.4811226150121537,1.4357751701558807
1.3734095014028704,0.8437007554702182,1.0928318113152808,0.7274016981559034,1.4363682569650356,-0.6017766833729703,1.3735261044916611,0.2946783259844761,0.07663779069460772,0.0,1.469306471464339,1.239731226190802,-0.4906815620439534,1.4811226150121537,1.4357751701558807
1.3734095014028704,0.8437007554702182,1.0928318113152808,0.7274016981559034,1.4363682569650356,-0.6017766833729703,1.3735261044916611,0.5288890754700929,0.36302026392867165,0.0,1.469306471464339,1.239731226190802,-0.4906815620439534,1.4811226150121537,1.4357751701558807
1.845841591930532,0.8437007554702182,1.0928318113152808,0.7274016981559034,1.4363682569650356,-0.6017766833729703,1.8459753958640353,-0.7592700467007997,0.36302026392867165,0.0,-0.4491320378060763,1.239731226190802,-0.4906815620439534,1.4811226150121537,1.4357751701558807
1.845841591930532,0.8437007554702182,1.0928318113152808,0.7274016981559034,1.4363682569650356,-0.6017766833729703,1.8459753958640353,-0.7007173593293955,-0.037915198599017846,0.0,-0.0654443359519933,1.239731226190802,-0.4906815620439534,1.4811226150121537,1.4357751701558807
1.845841591930532,-1.1657040519244384,1.0928318113152808,0.7274016981559034,1.4363682569650356,-0.6017766833729703,1.8459753958640353,-0.6421646719579913,-0.782509629007584,0.0,0.31824336590208974,1.239731226190802,-0.4906815620439534,1.4811226150121537,1.4357751701558807
1.845841591930532,0.8437007554702182,1.0928318113152808,0.7274016981559034,1.4363682569650356,-0.6017766833729703,1.8459753958640353,-0.583611984586587,-0.9543391129480224,0.0,1.0856187696102557,1.239731226190802,-0.4906815620439534,1.4811226150121537,1.4357751701558807
-0.9887509512354369,-1.1657040519244384,1.6001311745838716,0.7274016981559034,1.5520040682057579,-0.6017766833729703,-0.9887203523702093,1.114415949184135,0.8785087157499867,0.0,-1.2165074415142423,0.015190246157726272,0.0,1.4811226150121537,1.4357751701558807
-0.9887509512354369,0.8437007554702182,1.6001311745838716,0.7274016981559034,1.5520040682057579,-0.6017766833729703,-0.9887203523702093,1.2315213239269434,-1.4125510701225246,0.0,-0.4491320378060763,0.015190246157726272,0.0,1.4811226150121537,1.4357751701558807
-0.9887509512354369,0.8437007554702182,1.6001311745838716,0.7274016981559034,1.5520040682057579,-0.6017766833729703,-0.9887203523702093,1.2900740112983475,-1.5271040594161502,0.0,-0.4491320378060763,0.015190246157726272,0.0,1.4811226150121537,1.4357751701558807
-0.9887509512354369,0.8437007554702182,1.6001311745838716,0.7274016981559034,1.5520040682057579,-0.6017766833729703,-0.9887203523702093,1.3486266986697517,-0.38157416647989456,0.0,-0.4491320378060763,0.015190246157726272,0.0,1.4811226150121537,1.4357751701558807
-0.9887509512354369,-0.16100164822711013,1.6001311745838716,0.7274016981559034,1.5520040682057579,-0.6017766833729703,-0.9887203523702093,1.407179386041156,0.7066792318095484,0.0,-0.8328197396601593,0.015190246157726272,0.0,1.4811226150121537,1.4357751701558807
-0.5163188607077753,0.8437007554702182,1.6001311745838716,0.7274016981559034,1.5520040682057579,-0.6017766833729703,-0.5162710609978353,0.35323101335588025,0.7639557264563611,0.0,1.469306471464339,-1.2093507338753493,0.0,1.4811226150121537,1.4357751701558807
-0.5163188607077753,-1.1657040519244384,1.6001311745838716,0.7274016981559034,1.5520040682057579,-0.6017766833729703,-0.5162710609978353,1.2315213239269434,1.623103146158553,0.0,0.31824336590208974,-1.2093507338753493,0.0,1.4811226150121537,1.4357751701558807
-0.5163188607077753,0.8437007554702182,1.6001311745838716,0.7274016981559034,1.5520040682057579,-0.6017766833729703,-0.5162710609978353,1.4657320734125603,-0.8397861236543969,0.0,1.469306471464339,-1.2093507338753493,0.0,1.4811226150121537,1.4357751701558807
-0.5163188607077753,0.8437007554702182,1.6001311745838716,0.7274016981559034,1.5520040682057579,-0.6017766833729703,-0.5162710609978353,1.5242847607839645,-0.4961271557735201,0.0,1.469306471464339,-1.2093507338753493,0.0,1.4811226150121537,1.4357751701558807
0.900977410875209,0.8437007554702182,1.6001311745838716,0.7274016981559034,1.5520040682057579,-0.6017766833729703,0.901076813119287,-1.5790076699004587,-0.1524681878926434,0.0,-0.4491320378060763,1.239731226190802,0.0,1.4811226150121537,1.4357751701558807
1.845841591930532,0.8437007554702182,1.6001311745838716,0.7274016981559034,1.5520040682057579,-0.6017766833729703,1.8459753958640353,0.11902026387026342,-1.584380554062963,0.0,1.469306471464339,1.239731226190802,0.0,1.4811226150121537,1.4357751701558807
-1.4611830417630982,-1.1657040519244384,-1.4436650050276725,0.7274016981559034,1.6676398794464802,-0.6017766833729703,-1.4611696437425834,-1.2276915456720334,0.9930617050436122,0.0,0.31824336590208974,0.015190246157726272,-0.9813631240879068,1.4811226150121537,1.4357751701558807
-1.4611830417630982,-1.1657040519244384,-1.4436650050276725,0.7274016981559034,1.6676398794464802,-0.6017766833729703,-1.4611696437425834,1.699942822898177,1.3939971675713017,0.0,0.31824336590208974,0.015190246157726272,-0.9813631240879068,1.4811226150121537,1.4357751701558807
-1.2249669964992675,0.8437007554702182,-1.4436650050276725,0.7274016981559034,1.6676398794464802,-0.6017766833729703,-1.2249449980563965,-1.696113044643267,-1.4698275647693375,0.0,1.0856187696102557,0.015190246157726272,-0.9813631240879068,1.4811226150121537,1.4357751701558807
-0.9887509512354369,-0.16100164822711013,-1.4436650050276725,0.7274016981559034,1.6676398794464802,-0.6017766833729703,-0.9887203523702093,-1.6375603572718629,-1.1834450915352734,0.0,-0.8328197396601593,0.015190246157726272,-0.9813631240879068,1.4811226150121537,1.4357751701558807
-0.9887509512354369,-1.1657040519244384,-1.4436650050276725,0.7274016981559034,1.6676398794464802,-0.6017766833729703,-0.9887203523702093,-1.403349607786246,-0.6679566397139585,0.0,0.31824336590208974,0.015190246157726272,-0.9813631240879068,1.4811226150121537,1.4357751701558807
-0.7525349059716061,-0.16100164822711013,-1.4436650050276725,0.7274016981559034,1.6676398794464802,-0.6017766833729703,-0.7524957066840222,0.17757295124166764,1.3939971675713017,0.0,-0.8328197396601593,0.015190246157726272,-0.9813631240879068,1.4811226150121537,1.4357751701558807
0.42854532034754755,-0.16100164822711013,-1.4436650050276725,0.7274016981559034,1.6676398794464802,-0.6017766833729703,0.428627521746913,0.9387578870699224,0.821232221103174,0.0,-0.8328197396601593,-1.2093507338753493,-0.9813631240879068,1.4811226150121537,1.4357751701558807
1.1371934561390398,0.8437007554702182,-1.4436650050276725,0.7274016981559034,1.6676398794464802,-0.6017766833729703,1.1373014588054742,0.17757295124166764,-0.6679566397139585,0.0,1.469306471464339,1.239731226190802,-0.9813631240879068,1.4811226150121537,1.4357751701558807
1.1371934561390398,-0.16100164822711013,-1.4436650050276725,0.7274016981559034,1.6676398794464802,-0.6017766833729703,1.1373014588054742,1.407179386041156,-0.8970626183012096,0.0,-0.8328197396601593,1.239731226190802,-0.9813631240879068,1.4811226150121537,1.4357751701558807
1.1371934561390398,-1.1657040519244384,-1.4436650050276725,0.7274016981559034,1.6676398794464802,-0.6017766833729703,1.1373014588054742,1.4657320734125603,-0.7252331343607713,0.0,0.31824336590208974,1.239731226190802,-0.9813631240879068,1.4811226150121537,1.4357751701558807
1.1371934561390398,0.8437007554702182,-1.4436650050276725,0.7274016981559034,1.6676398794464802,-0.6017766833729703,1.1373014588054742,1.7584955102695812,-0.6679566397139585,0.0,1.469306471464339,1.239731226190802,-0.9813631240879068,1.4811226150121537,1.4357751701558807
1.3734095014028704,-0.16100164822711013,-1.4436650050276725,0.7274016981559034,1.6676398794464802,-0.6017766833729703,1.3735261044916611,-1.696113044643267,0.7066792318095484,0.0,-0.8328197396601593,1.239731226190802,-0.9813631240879068,1.4811226150121537,1.4357751701558807
1.3734095014028704,-0.16100164822711013,-1.4436650050276725,0.7274016981559034,1.6676398794464802,-0.6017766833729703,1.3735261044916611,-1.6375603572718629,0.7066792318095484,0.0,-0.8328197396601593,1.239731226190802,-0.9813631240879068,1.4811226150121537,1.4357751701558807
1.6096255466667013,-0.16100164822711013,-1.4436650050276725,0.7274016981559034,1.6676398794464802,-0.6017766833729703,1.609750750177848,0.7045471375843055,-1.2979980808288991,0.0,-0.8328197396601593,1.239731226190802,-0.9813631240879068,1.4811226150121537,1.4357751701558807
-1.697399087026929,0.8437007554702182,-0.9363656417590819,1.0130947358437552,-1.6857986465344652,-0.6017766833729703,-1.6973942894287704,1.0558632618127308,-1.2407215861820864,0.0,1.469306471464339,0.015190246157726272,0.9813631240879068,1.187135938154397,1.1483932770040886
-1.2249669964992675,-0.16100164822711013,-0.9363656417590819,1.0130947358437552,-1.6857986465344652,-0.6017766833729703,-1.2249449980563965,1.114415949184135,0.019361296047794935,0.0,-0.8328197396601593,0.015190246157726272,0.9813631240879068,1.187135938154397,1.1483932770040886
-0.9887509512354369,-0.16100164822711013,-0.9363656417590819,1.0130947358437552,-1.6857986465344652,-0.6017766833729703,-0.9887203523702093,-1.5790076699004587,-0.2097446825394562,0.0,-0.8328197396601593,0.015190246157726272,0.9813631240879068,1.187135938154397,1.1483932770040886
-0.9887509512354369,-0.16100164822711013,-0.9363656417590819,1.0130947358437552,-1.6857986465344652,-0.6017766833729703,-0.9887203523702093,-1.5204549825290543,0.9930617050436122,0.0,-0.8328197396601593,0.015190246157726272,0.9813631240879068,1.187135938154397,1.1483932770040886
-0.7525349059716061,-0.16100164822711013,-0.9363656417590819,1.0130947358437552,-1.6857986465344652,-0.6017766833729703,-0.7524957066840222,1.5242847607839645,0.07663779069460772,0.0,-0.8328197396601593,0.015190246157726272,0.9813631240879068,1.187135938154397,1.1483932770040886
-0.5163188607077753,-0.16100164822711013,-0.9363656417590819,1.0130947358437552,-1.6857986465344652,-0.6017766833729703,-0.5162710609978353,-0.9934807961864165,1.050338199690425,0.0,-0.8328197396601593,-1.2093507338753493,0.9813631240879068,1.187135938154397,1.1483932770040886
-0.5163188607077753,-0.16100164822711013,-0.9363656417590819,1.0130947358437552,-1.6857986465344652,-0.6017766833729703,-0.5162710609978353,-0.8763754214436081,-0.38157416647989456,0.0,-0.8328197396601593,-1.2093507338753493,0.9813631240879068,1.187135938154397,1.1483932770040886
-0.0438867701801139,-1.1657040519244384,-0.9363656417590819,1.0130947358437552,-1.6857986465344652,-0.6017766833729703,-0.043821769625461124,-0.7007173593293955,0.24846727463504606,0.0,-1.2165074415142423,-1.2093507338753493,0.9813631240879068,1.187135938154397,1.1483932770040886
-0.0438867701801139,-0.16100164822711013,-0.9363656417590819,1.0130947358437552,-1.6857986465344652,-0.6017766833729703,-0.043821769625461124,-0.6421646719579913,1.2794441782776762,0.0,-0.8328197396601593,-1.2093507338753493,0.9813631240879068,1.187135938154397,1.1483932770040886
0.42854532034754755,0.8437007554702182,-0.9363656417590819,1.0130947358437552,-1.6857986465344652,-0.6017766833729703,0.428627521746913,-1.2276915456720334,0.4775732532222972,0.0,1.0856187696102557,-1.2093507338753493,0.9813631240879068,1.187135938154397,1.1483932770040886
0.42854532034754755,-1.1657040519244384,-0.9363656417590819,1.0130947358437552,-1.6857986465344652,-0.6017766833729703,0.428627521746913,0.7045471375843055,1.3939971675713017,0.0,-1.2165074415142423,-1.2093507338753493,0.9813631240879068,1.187135938154397,1.1483932770040886
0.900977410875209,0.8437007554702182,-0.9363656417590819,1.0130947358437552,-1.6857986465344652,-0.6017766833729703,0.901076813119287,-1.2276915456720334,-0.2097446825394562,0.0,1.469306471464339,1.239731226190802,0.9813631240879068,1.187135938154397,1.1483932770040886
0.900977410875209,0.8437007554702182,-0.9363656417590819,1.0130947358437552,-1.6857986465344652,-0.6017766833729703,0.901076813119287,-0.34940123510097026,-1.068892102241648,0.0,1.469306471464339,1.239731226190802,0.9813631240879068,1.187135938154397,1.1483932770040886
0.900977410875209,0.8437007554702182,-0.9363656417590819,1.0130947358437552,-1.6857986465344652,-0.6017766833729703,0.901076813119287,-0.29084854772956603,-0.8970626183012096,0.0,1.0856187696102557,1.239731226190802,0.9813631240879068,1.187135938154397,1.1483932770040886
1.3734095014028704,0.8437007554702182,-0.9363656417590819,1.0130947358437552,-1.6857986465344652,-0.6017766833729703,1.3735261044916611,-1.5204549825290543,-0.43885066112670734,0.0,1.0856187696102557,1.239731226190802,0.9813631240879068,1.187135938154397,1.1483932770040886
-1.697399087026929,0.8437007554702182,-0.42906627849049117,1.0130947358437552,-1.570162835293743,-0.6017766833729703,-1.6973942894287704,1.6413901355267728,-0.6679566397139585,0.0,1.469306471464339,0.015190246157726272,1.4720446861318601,1.187135938154397,1.1483932770040886
-1.4611830417630982,-1.1657040519244384,-0.42906627849049117,1.0130947358437552,-1.570162835293743,-0.6017766833729703,-1.4611696437425834,0.7630998249557097,0.821232221103174,0.0,0.31824336590208974,0.015190246157726272,1.4720446861318601,1.187135938154397,1.1483932770040886
-1.2249669964992675,-0.16100164822711013,-0.42906627849049117,1.0130947358437552,-1.570162835293743,-0.6017766833729703,-1.2249449980563965,-0.583611984586587,-0.7252331343607713,0.0,-0.8328197396601593,0.015190246157726272,1.4720446861318601,1.187135938154397,1.1483932770040886
-0.9887509512354369,0.8437007554702182,-0.42906627849049117,1.0130947358437552,-1.570162835293743,-0.6017766833729703,-0.9887203523702093,-0.40795392247237444,-1.641657048709776,0.0,1.469306471464339,0.015190246157726272,1.4720446861318601,1.187135938154397,1.1483932770040886
-0.9887509512354369,-0.16100164822711013,-0.42906627849049117,1.0130947358437552,-1.570162835293743,-0.6017766833729703,-0.9887203523702093,-0.34940123510097026,1.4512736622181146,0.0,-0.8328197396601593,0.015190246157726272,1.4720446861318601,1.187135938154397,1.1483932770040886
-0.7525349059716061,0.8437007554702182,-0.42906627849049117,1.0130947358437552,-1.570162835293743,-0.6017766833729703,-0.7524957066840222,-0.056637798243949204,1.336720672924489,0.0,-0.4491320378060763,0.015190246157726272,1.4720446861318601,1.187135938154397,1.1483932770040886
0.19232927508371683,0.8437007554702182,-0.42906627849049117,1.0130947358437552,-1.570162835293743,-0.6017766833729703,0.19240287606072592,-0.9349281088150123,0.7066792318095484,0.0,-0.4491320378060763,-1.2093507338753493,1.4720446861318601,1.187135938154397,1.1483932770040886
0.900977410875209,0.8437007554702182,-0.42906627849049117,1.0130947358437552,-1.570162835293743,-0.6017766833729703,0.901076813119287,0.11902026387026342,-1.2979980808288991,0.0,1.0856187696102557,1.239731226190802,1.4720446861318601,1.187135938154397,1.1483932770040886
1.845841591930532,0.8437007554702182,-0.42906627849049117,1.0130947358437552,-1.570162835293743,-0.6017766833729703,1.8459753958640353,-0.6421646719579913,1.4512736622181146,0.0,1.0856187696102557,1.239731226190802,1.4720446861318601,1.187135938154397,1.1483932770040886
1.845841591930532,0.8437007554702182,-0.42906627849049117,1.0130947358437552,-1.570162835293743,-0.6017766833729703,1.8459753958640353,-0.583611984586587,0.5921262425159228,0.0,1.0856187696102557,1.239731226190802,1.4720446861318601,1.187135938154397,1.1483932770040886
1.845841591930532,0.8437007554702182,-0.42906627849049117,1.0130947358437552,-1.570162835293743,-0.6017766833729703,1.8459753958640353,-0.5250592972151829,-0.38157416647989456,0.0,1.0856187696102557,1.239731226190802,1.4720446861318601,1.187135938154397,1.1483932770040886
-0.2801028154439446,0.8437007554702182,0.07823308477809952,1.0130947358437552,-1.4545270240530206,-0.6017766833729703,-0.28004641531164814,1.0558632618127308,0.30574376928185887,0.0,-0.0654443359519933,-1.2093507338753493,0.4906815620439534,1.187135938154397,1.1483932770040886
0.19232927508371683,-0.16100164822711013,0.07823308477809952,1.0130947358437552,-1.4545270240530206,-0.6017766833729703,0.19240287606072592,-0.9934807961864165,-1.4125510701225246,0.0,-0.8328197396601593,-1.2093507338753493,0.4906815620439534,1.187135938154397,1.1483932770040886
1.3734095014028704,-1.1657040519244384,0.07823308477809952,1.0130947358437552,-1.4545270240530206,-0.6017766833729703,1.3735261044916611,-0.9934807961864165,1.56582665151174,0.0,0.31824336590208974,1.239731226190802,0.4906815620439534,1.187135938154397,1.1483932770040886
1.3734095014028704,0.8437007554702182,0.07823308477809952,1.0130947358437552,-1.4545270240530206,-0.6017766833729703,1.3735261044916611,-0.8763754214436081,-1.4698275647693375,0.0,1.0856187696102557,1.239731226190802,0.4906815620439534,1.187135938154397,1.1483932770040886
1.6096255466667013,0.8437007554702182,0.07823308477809952,1.0130947358437552,-1.4545270240530206,-0.6017766833729703,1.609750750177848,-0.4665066098437787,-1.3552745754757118,0.0,1.0856187696102557,1.239731226190802,0.4906815620439534,1.187135938154397,1.1483932770040886
1.6096255466667013,0.8437007554702182,0.07823308477809952,1.0130947358437552,-1.4545270240530206,-0.6017766833729703,1.609750750177848,-0.4665066098437787,0.9357852103967995,0.0,1.0856187696102557,1.239731226190802,0.4906815620439534,1.187135938154397,1.1483932770040886
1.6096255466667013,0.8437007554702182,0.07823308477809952,1.0130947358437552,-1.4545270240530206,-0.6017766833729703,1.609750750177848,0.0019148891274550072,-1.5271040594161502,0.0,-0.4491320378060763,1.239731226190802,0.4906815620439534,1.187135938154397,1.1483932770040886
1.6096255466667013,0.8437007554702182,0.07823308477809952,1.0130947358437552,-1.4545270240530206,-0.6017766833729703,1.609750750177848,0.11902026387026342,-1.6989335433565886,0.0,1.0856187696102557,1.239731226190802,0.4906815620439534,1.187135938154397,1.1483932770040886
-1.4611830417630982,-1.1657040519244384,0.5855324480466901,1.0130947358437552,-1.3388912128122985,-0.6017766833729703,-1.4611696437425834,0.8802051996985182,-1.6989335433565886,0.0,-1.2165074415142423,0.015190246157726272,-1.4720446861318601,1.187135938154397,1.1483932770040886
-1.4611830417630982,-1.1657040519244384,0.5855324480466901,1.0130947358437552,-1.3388912128122985,-0.6017766833729703,-1.4611696437425834,0.9387578870699224,0.4775732532222972,0.0,-1.2165074415142423,0.015190246157726272,-1.4720446861318601,1.187135938154397,1.1483932770040886
-1.2249669964992675,-0.16100164822711013,0.5855324480466901,1.0130947358437552,-1.3388912128122985,-0.6017766833729703,-1.2249449980563965,0.06046757649885921,-0.43885066112670734,0.0,-0.8328197396601593,0.015190246157726272,-1.4720446861318601,1.187135938154397,1.1483932770040886
-1.2249669964992675,-1.1657040519244384,0.5855324480466901,1.0130947358437552,-1.3388912128122985,-0.6017766833729703,-1.2249449980563965,0.11902026387026342,-0.1524681878926434,0.0,-1.2165074415142423,0.015190246157726272,-1.4720446861318601,1.187135938154397,1.1483932770040886
-1.2249669964992675,-1.1657040519244384,0.5855324480466901,1.0130947358437552,-1.3388912128122985,-0.6017766833729703,-1.2249449980563965,1.407179386041156,1.623103146158553,0.0,0.31824336590208974,0.015190246157726272,-1.4720446861318601,1.187135938154397,1.1483932770040886
-1.2249669964992675,-1.1657040519244384,0.5855324480466901,1.0130947358437552,-1.3388912128122985,-0.6017766833729703,-1.2249449980563965,1.5242847607839645,-1.4698275647693375,0.0,0.31824336590208974,0.015190246157726272,-1.4720446861318601,1.187135938154397,1.1483932770040886
0.6647613656113783,0.8437007554702182,0.5855324480466901,1.0130947358437552,-1.3388912128122985,-0.6017766833729703,0.6648521674331,0.35323101335588025,-0.8970626183012096,0.0,1.469306471464339,1.239731226190802,-1.4720446861318601,1.187135938154397,1.1483932770040886
0.6647613656113783,0.8437007554702182,0.5855324480466901,1.0130947358437552,-1.3388912128122985,-0.6017766833729703,0.6648521674331,0.7630998249557097,-0.43885066112670734,0.0,1.0856187696102557,1.239731226190802,-1.4720446861318601,1.187135938154397,1.1483932770040886
0.6647613656113783,0.8437007554702182,0.5855324480466901,1.0130947358437552,-1.3388912128122985,-0.6017766833729703,0.6648521674331,0.8802051996985182,0.36302026392867165,0.0,-0.0654443359519933,1.239731226190802,-1.4720446861318601,1.187135938154397,1.1483932770040886
-1.2249669964992675,-1.1657040519244384,1.0928318113152808,1.0130947358437552,-1.2232554015715762,-0.6017766833729703,-1.2249449980563965,-1.696113044643267,0.9357852103967995,0.0,0.31824336590208974,0.015190246157726272,-0.4906815620439534,1.187135938154397,1.1483932770040886
-1.2249669964992675,-1.1657040519244384,1.0928318113152808,1.0130947358437552,-1.2232554015715762,-0.6017766833729703,-1.2249449980563965,-1.6375603572718629,0.7066792318095484,0.0,0.31824336590208974,0.015190246157726272,-0.4906815620439534,1.187135938154397,1.1483932770040886
-1.2249669964992675,0.8437007554702182,1.0928318113152808,1.0130947358437552,-1.2232554015715762,-0.6017766833729703,-1.2249449980563965,0.35323101335588025,0.821232221103174,0.0,-0.0654443359519933,0.015190246157726272,-0.4906815620439534,1.187135938154397,1.1483932770040886
-0.2801028154439446,0.8437007554702182,1.0928318113152808,1.0130947358437552,-1.2232554015715762,-0.6017766833729703,-0.28004641531164814,-0.9934807961864165,-0.9543391129480224,0.0,-0.4491320378060763,-1.2093507338753493,-0.4906815620439534,1.187135938154397,1.1483932770040886
1.3734095014028704,-1.1657040519244384,1.0928318113152808,1.0130947358437552,-1.2232554015715762,-0.6017766833729703,1.3735261044916611,-1.2276915456720334,0.4775732532222972,0.0,-1.2165074415142423,1.239731226190802,-0.4906815620439534,1.187135938154397,1.1483932770040886
1.3734095014028704,-1.1657040519244384,1.0928318113152808,1.0130947358437552,-1.2232554015715762,-0.6017766833729703,1.3735261044916611,-1.1691388583006292,0.19119077998823328,0.0,-1.2165074415142423,1.239731226190802,-0.4906815620439534,1.187135938154397,1.1483932770040886
-1.4611830417630982,-1.1657040519244384,1.6001311745838716,1.0130947358437552,-1.1076195903308539,-0.6017766833729703,-1.4611696437425834,-0.40795392247237444,1.5085501568649273,0.0,0.31824336590208974,0.015190246157726272,0.0,1.187135938154397,1.1483932770040886
-0.9887509512354369,0.8437007554702182,1.6001311745838716,1.0130947358437552,-1.1076195903308539,-0.6017766833729703,-0.9887203523702093,-1.403349607786246,0.7639557264563611,0.0,-0.4491320378060763,0.015190246157726272,0.0,1.187135938154397,1.1483932770040886
-0.9887509512354369,-1.1657040519244384,1.6001311745838716,1.0130947358437552,-1.1076195903308539,-0.6017766833729703,-0.9887203523702093,-1.3447969204148418,0.9930617050436122,0.0,0.31824336590208974,0.015190246157726272,0.0,1.187135938154397,1.1483932770040886
-0.7525349059716061,0.8437007554702182,1.6001311745838716,1.0130947358437552,-1.1076195903308539,-0.6017766833729703,-0.7524957066840222,1.5242847607839645,-0.09519169324583063,0.0,1.469306471464339,0.015190246157726272,0.0,1.187135938154397,1.1483932770040886
-0.5163188607077753,0.8437007554702182,1.6001311745838716,1.0130947358437552,-1.1076195903308539,-0.6017766833729703,-0.5162710609978353,-1.1691388583006292,-1.5271040594161502,0.0,1.469306471464339,-1.2093507338753493,0.0,1.187135938154397,1.1483932770040886
-0.5163188607077753,0.8437007554702182,1.6001311745838716,1.0130947358437552,-1.1076195903308539,-0.6017766833729703,-0.5162710609978353,-1.110586170929225,-0.7252331343607713,0.0,-0.4491320378060763,-1.2093507338753493,0.0,1.187135938154397,1.1483932770040886
-0.5163188607077753,-0.16100164822711013,1.6001311745838716,1.0130947358437552,-1.1076195903308539,-0.6017766833729703,-0.5162710609978353,-1.0520334835578207,0.7639557264563611,0.0,-0.8328197396601593,-1.2093507338753493,0.0,1.187135938154397,1.1483932770040886
-0.2801028154439446,-1.1657040519244384,1.6001311745838716,1.0130947358437552,-1.1076195903308539,-0.6017766833729703,-0.28004641531164814,0.9973105744413265,-1.5271040594161502,0.0,-1.2165074415142423,-1.2093507338753493,0.0,1.187135938154397,1.1483932770040886
-0.2801028154439446,0.8437007554702182,1.6001311745838716,1.0130947358437552,-1.1076195903308539,-0.6017766833729703,-0.28004641531164814,1.0558632618127308,-1.641657048709776,0.0,-0.4491320378060763,-1.2093507338753493,0.0,1.187135938154397,1.1483932770040886
-0.2801028154439446,-0.16100164822711013,1.6001311745838716,1.0130947358437552,-1.1076195903308539,-0.6017766833729703,-0.28004641531164814,1.2315213239269434,-1.6989335433565886,0.0,-0.8328197396601593,-1.2093507338753493,0.0,1.187135938154397,1.1483932770040886
-0.2801028154439446,0.8437007554702182,1.6001311745838716,1.0130947358437552,-1.1076195903308539,-0.6017766833729703,-0.28004641531164814,1.2900740112983475,-1.4698275647693375,0.0,1.469306471464339,-1.2093507338753493,0.0,1.187135938154397,1.1483932770040886
-0.2801028154439446,0.8437007554702182,1.6001311745838716,1.0130947358437552,-1.1076195903308539,-0.6017766833729703,-0.28004641531164814,1.2900740112983475,1.5085501568649273,0.0,-0.4491320378060763,-1.2093507338753493,0.0,1.187135938154397,1.1483932770040886
0.42854532034754755,0.8437007554702182,1.6001311745838716,1.0130947358437552,-1.1076195903308539,-0.6017766833729703,0.428627521746913,0.11902026387026342,0.19119077998823328,0.0,-0.4491320378060763,-1.2093507338753493,0.0,1.187135938154397,1.1483932770040886
0.42854532034754755,-2.1704064556217677,1.6001311745838716,1.0130947358437552,-1.1076195903308539,-0.6017766833729703,0.428627521746913,0.35323101335588025,0.8785087157499867,0.0,0.7019310677561728,-1.2093507338753493,0.0,1.187135938154397,1.1483932770040886
0.900977410875209,-0.16100164822711013,1.6001311745838716,1.0130947358437552,-1.1076195903308539,-0.6017766833729703,0.901076813119287,-0.7007173593293955,0.821232221103174,0.0,-0.8328197396601593,1.239731226190802,0.0,1.187135938154397,1.1483932770040886
0.900977410875209,0.8437007554702182,1.6001311745838716,1.0130947358437552,-1.1076195903308539,-0.6017766833729703,0.901076813119287,0.35323101335588025,-0.782509629007584,0.0,1.0856187696102557,1.239731226190802,0.0,1.187135938154397,1.1483932770040886
1.6096255466667013,0.8437007554702182,1.6001311745838716,1.0130947358437552,-1.1076195903308539,-0.6017766833729703,1.609750750177848,-1.1691388583006292,-1.0116156075948353,0.0,1.0856187696102557,1.239731226190802,0.0,1.187135938154397,1.1483932770040886
1.6096255466667013,0.8437007554702182,1.6001311745838716,1.0130947358437552,-1.1076195903308539,-0.6017766833729703,1.609750750177848,-1.110586170929225,-1.6989335433565886,0.0,1.0856187696102557,1.239731226190802,0.0,1.187135938154397,1.1483932770040886
1.6096255466667013,0.8437007554702182,1.6001311745838716,1.0130947358437552,-1.1076195903308539,-0.6017766833729703,1.609750750177848,-1.110586170929225,0.8785087157499867,0.0,1.0856187696102557,1.239731226190802,0.0,1.187135938154397,1.1483932770040886
1.6096255466667013,0.8437007554702182,1.6001311745838716,1.0130947358437552,-1.1076195903308539,-0.6017766833729703,1.609750750177848,-0.7592700467007997,1.050338199690425,0.0,1.469306471464339,1.239731226190802,0.0,1.187135938154397,1.1483932770040886
-1.4611830417630982,0.8437007554702182,-1.4436650050276725,1.0130947358437552,-0.9919837790901317,-0.6017766833729703,-1.4611696437425834,0.23612563861307184,0.36302026392867165,0.0,1.469306471464339,0.015190246157726272,-0.9813631240879068,1.187135938154397,1.1483932770040886
-1.4611830417630982,0.8437007554702182,-1.4436650050276725,1.0130947358437552,-0.9919837790901317,-0.6017766833729703,-1.4611696437425834,1.1729686365555392,0.36302026392867165,0.0,1.469306471464339,0.015190246157726272,-0.9813631240879068,1.187135938154397,1.1483932770040886
-1.4611830417630982,-0.16100164822711013,-1.4436650050276725,1.0130947358437552,-0.9919837790901317,-0.6017766833729703,-1.4611696437425834,1.2315213239269434,0.6494027371627356,0.0,-0.8328197396601593,0.015190246157726272,-0.9813631240879068,1.187135938154397,1.1483932770040886
-1.2249669964992675,0.8437007554702182,-1.4436650050276725,1.0130947358437552,-0.9919837790901317,-0.6017766833729703,-1.2249449980563965,-1.403349607786246,-0.09519169324583063,0.0,-0.0654443359519933,0.015190246157726272,-0.9813631240879068,1.187135938154397,1.1483932770040886
-1.2249669964992675,0.8437007554702182,-1.4436650050276725,1.0130947358437552,-0.9919837790901317,-0.6017766833729703,-1.2249449980563965,-1.1691388583006292,1.623103146158553,0.0,1.469306471464339,0.015190246157726272,-0.9813631240879068,1.187135938154397,1.1483932770040886
-0.5163188607077753,-0.16100164822711013,-1.4436650050276725,1.0130947358437552,-0.9919837790901317,-0.6017766833729703,-0.5162710609978353,-0.7007173593293955,1.5085501568649273,0.0,-0.8328197396601593,-1.2093507338753493,-0.9813631240879068,1.187135938154397,1.1483932770040886
-0.0438867701801139,-1.1657040519244384,-1.4436650050276725,1.0130947358437552,-0.9919837790901317,-0.6017766833729703,-0.043821769625461124,0.11902026387026342,0.8785087157499867,0.0,-1.2165074415142423,-1.2093507338753493,-0.9813631240879068,1.187135938154397,1.1483932770040886
-0.0438867701801139,-1.1657040519244384,-1.4436650050276725,1.0130947358437552,-0.9919837790901317,-0.6017766833729703,-0.043821769625461124,0.17757295124166764,0.4775732532222972,0.0,-1.2165074415142423,-1.2093507338753493,-0.9813631240879068,1.187135938154397,1.1483932770040886
0.6647613656113783,0.8437007554702182,-1.4436650050276725,1.0130947358437552,-0.9919837790901317,-0.6017766833729703,0.6648521674331,1.114415949184135,1.4512736622181146,0.0,1.469306471464339,1.239731226190802,-0.9813631240879068,1.187135938154397,1.1483932770040886
1.6096255466667013,0.8437007554702182,-1.4436650050276725,1.0130947358437552,-0.9919837790901317,-0.6017766833729703,1.609750750177848,-0.8763754214436081,0.7066792318095484,0.0,1.0856187696102557,1.239731226190802,-0.9813631240879068,1.187135938154397,1.1483932770040886
1.6096255466667013,0.8437007554702182,-1.4436650050276725,1.0130947358437552,-0.9919837790901317,-0.6017766833729703,1.609750750177848,-0.817822734072204,-0.5534036504203329,0.0,1.0856187696102557,1.239731226190802,-0.9813631240879068,1.187135938154397,1.1483932770040886
1.6096255466667013,0.8437007554702182,-1.4436650050276725,1.0130947358437552,-0.9919837790901317,-0.6017766833729703,1.609750750177848,0.6459944502129013,1.050338199690425,0.0,1.469306471464339,1.239731226190802,-0.9813631240879068,1.187135938154397,1.1483932770040886
-1.4611830417630982,0.8437007554702182,-0.9363656417590819,1.0130947358437552,-0.8763479678494094,-0.6017766833729703,-1.4611696437425834,-1.0520334835578207,1.1648911889840505,0.0,1.469306471464339,0.015190246157726272,0.9813631240879068,1.187135938154397,1.1483932770040886
-1.2249669964992675,-0.16100164822711013,-0.9363656417590819,1.0130947358437552,-0.8763479678494094,-0.6017766833729703,-1.2249449980563965,-1.403349607786246,-0.8970626183012096,0.0,-0.8328197396601593,0.015190246157726272,0.9813631240879068,1.187135938154397,1.1483932770040886
-0.9887509512354369,-1.1657040519244384,-0.9363656417590819,1.0130947358437552,-0.8763479678494094,-0.6017766833729703,-0.9887203523702093,-0.40795392247237444,0.07663779069460772,0.0,-1.2165074415142423,0.015190246157726272,0.9813631240879068,1.187135938154397,1.1483932770040886
-0.9887509512354369,0.8437007554702182,-0.9363656417590819,1.0130947358437552,-0.8763479678494094,-0.6017766833729703,-0.9887203523702093,-0.11519048561535342,-1.2407215861820864,0.0,1.469306471464339,0.015190246157726272,0.9813631240879068,1.187135938154397,1.1483932770040886
-0.7525349059716061,0.8437007554702182,-0.9363656417590819,1.0130947358437552,-0.8763479678494094,-0.6017766833729703,-0.7524957066840222,0.06046757649885921,-1.1261685968884607,0.0,1.469306471464339,0.015190246157726272,0.9813631240879068,1.187135938154397,1.1483932770040886
-0.5163188607077753,-1.1657040519244384,-0.9363656417590819,1.0130947358437552,-0.8763479678494094,-0.6017766833729703,-0.5162710609978353,1.114415949184135,-1.4698275647693375,0.0,-1.2165074415142423,-1.2093507338753493,0.9813631240879068,1.187135938154397,1.1483932770040886
-0.5163188607077753,-1.1657040519244384,-0.9363656417590819,1.0130947358437552,-0.8763479678494094,-0.6017766833729703,-0.5162710609978353,1.1729686365555392,-1.4698275647693375,0.0,-1.2165074415142423,-1.2093507338753493,0.9813631240879068,1.187135938154397,1.1483932770040886
-0.2801028154439446,0.8437007554702182,-0.9363656417590819,1.0130947358437552,-0.8763479678494094,-0.6017766833729703,-0.28004641531164814,-1.4619022951576501,-1.6989335433565886,0.0,1.469306471464339,-1.2093507338753493,0.9813631240879068,1.187135938154397,1.1483932770040886
-0.2801028154439446,0.8437007554702182,-0.9363656417590819,1.0130947358437552,-0.8763479678494094,-0.6017766833729703,-0.28004641531164814,-1.4619022951576501,1.6803796408053657,0.0,1.469306471464339,-1.2093507338753493,0.9813631240879068,1.187135938154397,1.1483932770040886
-0.0438867701801139,0.8437007554702182,-0.9363656417590819,1.0130947358437552,-0.8763479678494094,-0.6017766833729703,-0.043821769625461124,0.7630998249557097,1.2794441782776762,0.0,1.469306471464339,-1.2093507338753493,0.9813631240879068,1.187135938154397,1.1483932770040886
0.19232927508371683,0.8437007554702182,-0.9363656417590819,1.0130947358437552,-0.8763479678494094,-0.6017766833729703,0.19240287606072592,-0.9349281088150123,0.6494027371627356,0.0,1.469306471464339,-1.2093507338753493,0.9813631240879068,1.187135938154397,1.1483932770040886
0.19232927508371683,-1.1657040519244384,-0.9363656417590819,1.0130947358437552,-0.8763479678494094,-0.6017766833729703,0.19240287606072592,-0.583611984586587,1.2794441782776762,0.0,-1.2165074415142423,-1.2093507338753493,0.9813631240879068,1.187135938154397,1.1483932770040886
0.19232927508371683,-0.16100164822711013,-0.9363656417590819,1.0130947358437552,-0.8763479678494094,-0.6017766833729703,0.19240287606072592,1.2315213239269434,0.7639557264563611,0.0,-0.8328197396601593,-1.2093507338753493,0.9813631240879068,1.187135938154397,1.1483932770040886
1.3734095014028704,0.8437007554702182,-0.9363656417590819,1.0130947358437552,-0.8763479678494094,-0.6017766833729703,1.3735261044916611,0.6459944502129013,0.5921262425159228,0.0,1.0856187696102557,1.239731226190802,0.9813631240879068,1.187135938154397,1.1483932770040886
1.3734095014028704,0.8437007554702182,-0.9363656417590819,1.0130947358437552,-0.8763479678494094,-0.6017766833729703,1.3735261044916611,0.7045471375843055,0.19119077998823328,0.0,-0.4491320378060763,1.239731226190802,0.9813631240879068,1.187135938154397,1.1483932770040886
1.3734095014028704,0.8437007554702182,-0.9363656417590819,1.0130947358437552,-0.8763479678494094,-0.6017766833729703,1.3735261044916611,1.2900740112983475,-1.2407215861820864,0.0,1.469306471464339,1.239731226190802,0.9813631240879068,1.187135938154397,1.1483932770040886
1.6096255466667013,-0.16100164822711013,-0.9363656417590819,1.0130947358437552,-0.8763479678494094,-0.6017766833729703,1.609750750177848,-0.29084854772956603,0.1339142853414205,0.0,-0.8328197396601593,1.239731226190802,0.9813631240879068,1.187135938154397,1.1483932770040886
1.6096255466667013,-0.16100164822711013,-0.9363656417590819,1.0130947358437552,-0.8763479678494094,-0.6017766833729703,1.609750750177848,-0.23229586035816183,0.1339142853414205,0.0,-0.8328197396601593,1.239731226190802,0.9813631240879068,1.187135938154397,1.1483932770040886
-1.697399087026929,0.8437007554702182,-0.42906627849049117,1.0130947358437552,-0.7607121566086872,-0.6017766833729703,-1.6973942894287704,1.4657320734125603,0.7066792318095484,0.0,1.469306471464339,0.015190246157726272,1.4720446861318601,1.187135938154397,1.1483932770040886
-1.4611830417630982,-0.16100164822711013,-0.42906627849049117,1.0130947358437552,-0.7607121566086872,-0.6017766833729703,-1.4611696437425834,-0.23229586035816183,1.56582665151174,0.0,-0.8328197396601593,0.015190246157726272,1.4720446861318601,1.187135938154397,1.1483932770040886
-1.2249669964992675,-0.16100164822711013,-0.42906627849049117,1.0130947358437552,-0.7607121566086872,-0.6017766833729703,-1.2249449980563965,0.8216525123271139,-0.4961271557735201,0.0,-0.8328197396601593,0.015190246157726272,1.4720446861318601,1.187135938154397,1.1483932770040886
-1.2249669964992675,0.8437007554702182,-0.42906627849049117,1.0130947358437552,-0.7607121566086872,-0.6017766833729703,-1.2249449980563965,1.7584955102695812,0.53484974786911,0.0,1.469306471464339,0.015190246157726272,1.4720446861318601,1.187135938154397,1.1483932770040886
-0.9887509512354369,-2.1704064556217677,-0.42906627849049117,1.0130947358437552,-0.7607121566086872,-0.6017766833729703,-0.9887203523702093,0.47033638809868866,1.5085501568649273,0.0,0.7019310677561728,0.015190246157726272,1.4720446861318601,1.187135938154397,1.1483932770040886
-0.7525349059716061,-1.1657040519244384,-0.42906627849049117,1.0130947358437552,-0.7607121566086872,-0.6017766833729703,-0.7524957066840222,-0.6421646719579913,-1.584380554062963,0.0,-1.2165074415142423,0.015190246157726272,1.4720446861318601,1.187135938154397,1.1483932770040886
-0.2801028154439446,0.8437007554702182,-0.42906627849049117,1.0130947358437552,-0.7607121566086872,-0.6017766833729703,-0.28004641531164814,-1.5204549825290543,-1.2407215861820864,0.0,1.469306471464339,-1.2093507338753493,1.4720446861318601,1.187135938154397,1.1483932770040886
-0.2801028154439446,-0.16100164822711013,-0.42906627849049117,1.0130947358437552,-0.7607121566086872,-0.6017766833729703,-0.28004641531164814,1.3486266986697517,0.24846727463504606,0.0,-0.8328197396601593,-1.2093507338753493,1.4720446861318601,1.187135938154397,1.1483932770040886
0.6647613656113783,0.8437007554702182,-0.42906627849049117,1.0130947358437552,-0.7607121566086872,-0.6017766833729703,0.6648521674331,-0.17374317298675762,0.821232221103174,0.0,-0.4491320378060763,1.239731226190802,1.4720446861318601,1.187135938154397,1.1483932770040886
0.6647613656113783,-1.1657040519244384,-0.42906627849049117,1.0130947358437552,-0.7607121566086872,-0.6017766833729703,0.6648521674331,-0.11519048561535342,1.050338199690425,0.0,-1.2165074415142423,1.239731226190802,1.4720446861318601,1.187135938154397,1.1483932770040886
0.6647613656113783,-2.1704064556217677,-0.42906627849049117,1.0130947358437552,-0.7607121566086872,-0.6017766833729703,0.6648521674331,1.1729686365555392,1.6803796408053657,0.0,0.7019310677561728,1.239731226190802,1.4720446861318601,1.187135938154397,1.1483932770040886
1.3734095014028704,0.8437007554702182,-0.42906627849049117,1.0130947358437552,-0.7607121566086872,-0.6017766833729703,1.3735261044916611,1.1729686365555392,-1.0116156075948353,0.0,-0.4491320378060763,1.239731226190802,1.4720446861318601,1.187135938154397,1.1483932770040886
-1.4611830417630982,-1.1657040519244384,0.07823308477809952,1.0130947358437552,-0.6450763453679649,-0.6017766833729703,-1.4611696437425834,1.114415949184135,-1.3552745754757118,0.0,-1.2165074415142423,0.015190246157726272,0.4906815620439534,1.187135938154397,1.1483932770040886
-1.2249669964992675,-0.16100164822711013,0.07823308477809952,1.0130947358437552,-0.6450763453679649,-0.6017766833729703,-1.2249449980563965,-0.34940123510097026,-0.5534036504203329,0.0,-0.8328197396601593,0.015190246157726272,0.4906815620439534,1.187135938154397,1.1483932770040886
-1.2249669964992675,0.8437007554702182,0.07823308477809952,1.0130947358437552,-0.6450763453679649,-0.6017766833729703,-1.2249449980563965,1.2900740112983475,0.821232221103174,0.0,1.0856187696102557,0.015190246157726272,0.4906815620439534,1.187135938154397,1.1483932770040886
-0.9887509512354369,0.8437007554702182,0.07823308477809952,1.0130947358437552,-0.6450763453679649,-0.6017766833729703,-0.9887203523702093,-1.403349607786246,-1.1834450915352734,0.0,1.469306471464339,0.015190246157726272,0.4906815620439534,1.187135938154397,1.1483932770040886
-0.9887509512354369,-1.1657040519244384,0.07823308477809952,1.0130947358437552,-0.6450763453679649,-0.6017766833729703,-0.9887203523702093,0.7630998249557097,0.7639557264563611,0.0,0.31824336590208974,0.015190246157726272,0.4906815620439534,1.187135938154397,1.1483932770040886
-0.9887509512354369,-1.1657040519244384,0.07823308477809952,1.0130947358437552,-0.6450763453679649,-0.6017766833729703,-0.9887203523702093,0.8216525123271139,0.019361296047794935,0.0,0.31824336590208974,0.015190246157726272,0.4906815620439534,1.187135938154397,1.1483932770040886
-0.9887509512354369,0.8437007554702182,0.07823308477809952,1.0130947358437552,-0.6450763453679649,-0.6017766833729703,-0.9887203523702093,1.5242847607839645,0.1339142853414205,0.0,1.469306471464339,0.015190246157726272,0.4906815620439534,1.187135938154397,1.1483932770040886
-0.7525349059716061,0.8437007554702182,0.07823308477809952,1.0130947358437552,-0.6450763453679649,-0.6017766833729703,-0.7524957066840222,-1.4619022951576501,-0.6106801450671457,0.0,1.469306471464339,0.015190246157726272,0.4906815620439534,1.187135938154397,1.1483932770040886
0.19232927508371683,0.8437007554702182,0.07823308477809952,1.0130947358437552,-0.6450763453679649,-0.6017766833729703,0.19240287606072592,-1.403349607786246,0.7066792318095484,0.0,-0.4491320378060763,-1.2093507338753493,0.4906815620439534,1.187135938154397,1.1483932770040886
0.6647613656113783,0.8437007554702182,0.07823308477809952,1.0130947358437552,-0.6450763453679649,-0.6017766833729703,0.6648521674331,0.6459944502129013,0.821232221103174,0.0,1.469306471464339,1.239731226190802,0.4906815620439534,1.187135938154397,1.1483932770040886
0.900977410875209,-1.1657040519244384,0.07823308477809952,1.0130947358437552,-0.6450763453679649,-0.6017766833729703,0.901076813119287,-0.6421646719579913,0.1339142853414205,0.0,-1.2165074415142423,1.239731226190802,0.4906815620439534,1.187135938154397,1.1483932770040886
0.900977410875209,-0.16100164822711013,0.07823308477809952,1.0130947358437552,-0.6450763453679649,-0.6017766833729703,0.901076813119287,1.5828374481553686,0.019361296047794935,0.0,-0.8328197396601593,1.239731226190802,0.4906815620439534,1.187135938154397,1.1483932770040886
0.900977410875209,0.8437007554702182,0.07823308477809952,1.0130947358437552,-0.6450763453679649,-0.6017766833729703,0.901076813119287,1.6413901355267728,0.30574376928185887,0.0,1.469306471464339,1.239731226190802,0.4906815620439534,1.187135938154397,1.1483932770040886
1.845841591930532,0.8437007554702182,0.07823308477809952,1.0130947358437552,-0.6450763453679649,-0.6017766833729703,1.8459753958640353,0.23612563861307184,-0.782509629007584,0.0,1.0856187696102557,1.239731226190802,0.4906815620439534,1.187135938154397,1.1483932770040886
1.845841591930532,0.8437007554702182,0.07823308477809952,1.0130947358437552,-0.6450763453679649,-0.6017766833729703,1.8459753958640353,0.23612563861307184,1.6803796408053657,0.0,1.0856187696102557,1.239731226190802,0.4906815620439534,1.187135938154397,1.1483932770040886
-1.697399087026929,-0.16100164822711013,0.5855324480466901,1.0130947358437552,-0.5294405341272427,-0.6017766833729703,-1.6973942894287704,1.4657320734125603,1.2221676836308635,0.0,-0.8328197396601593,0.015190246157726272,-1.4720446861318601,1.187135938154397,1.1483932770040886
-1.4611830417630982,0.8437007554702182,0.5855324480466901,1.0130947358437552,-0.5294405341272427,-0.6017766833729703,-1.4611696437425834,-1.696113044643267,1.1648911889840505,0.0,1.469306471464339,0.015190246157726272,-1.4720446861318601,1.187135938154397,1.1483932770040886
-1.4611830417630982,-1.1657040519244384,0.5855324480466901,1.0130947358437552,-0.5294405341272427,-0.6017766833729703,-1.4611696437425834,-0.9934807961864165,-0.5534036504203329,0.0,0.31824336590208974,0.015190246157726272,-1.4720446861318601,1.187135938154397,1.1483932770040886
-1.4611830417630982,0.8437007554702182,0.5855324480466901,1.0130947358437552,-0.5294405341272427,-0.6017766833729703,-1.4611696437425834,-0.056637798243949204,-0.6679566397139585,0.0,1.469306471464339,0.015190246157726272,-1.4720446861318601,1.187135938154397,1.1483932770040886
-1.4611830417630982,0.8437007554702182,0.5855324480466901,1.0130947358437552,-0.5294405341272427,-0.6017766833729703,-1.4611696437425834,0.0019148891274550072,-0.43885066112670734,0.0,-0.0654443359519933,0.015190246157726272,-1.4720446861318601,1.187135938154397,1.1483932770040886
-1.4611830417630982,0.8437007554702182,0.5855324480466901,1.0130947358437552,-0.5294405341272427,-0.6017766833729703,-1.4611696437425834,1.5242847607839645,0.7639557264563611,0.0,-0.0654443359519933,0.015190246157726272,-1.4720446861318601,1.187135938154397,1.1483932770040886
-1.4611830417630982,-0.16100164822711013,0.5855324480466901,1.0130947358437552,-0.5294405341272427,-0.6017766833729703,-1.4611696437425834,1.5828374481553686,1.623103146158553,0.0,-0.8328197396601593,0.015190246157726272,-1.4720446861318601,1.187135938154397,1.1483932770040886
-1.4611830417630982,0.8437007554702182,0.5855324480466901,1.0130947358437552,-0.5294405341272427,-0.6017766833729703,-1.4611696437425834,1.699942822898177,-1.1834450915352734,0.0,1.0856187696102557,0.015190246157726272,-1.4720446861318601,1.187135938154397,1.1483932770040886
-1.2249669964992675,-0.16100164822711013,0.5855324480466901,1.0130947358437552,-0.5294405341272427,-0.6017766833729703,-1.2249449980563965,0.11902026387026342,0.7066792318095484,0.0,-0.8328197396601593,0.015190246157726272,-1.4720446861318601,1.187135938154397,1.1483932770040886
-1.2249669964992675,-1.1657040519244384,0.5855324480466901,1.0130947358437552,-0.5294405341272427,-0.6017766833729703,-1.2249449980563965,0.5288890754700929,0.9357852103967995,0.0,0.31824336590208974,0.015190246157726272,-1.4720446861318601,1.187135938154397,1.1483932770040886
-0.9887509512354369,-1.1657040519244384,0.5855324480466901,1.0130947358437552,-0.5294405341272427,-0.6017766833729703,-0.9887203523702093,-1.696113044643267,0.5921262425159228,0.0,-1.2165074415142423,0.015190246157726272,-1.4720446861318601,1.187135938154397,1.1483932770040886
-0.9887509512354369,-1.1657040519244384,0.5855324480466901,1.0130947358437552,-0.5294405341272427,-0.6017766833729703,-0.9887203523702093,-1.6375603572718629,1.3939971675713017,0.0,-1.2165074415142423,0.015190246157726272,-1.4720446861318601,1.187135938154397,1.1483932770040886
-0.9887509512354369,-0.16100164822711013,0.5855324480466901,1.0130947358437552,-0.5294405341272427,-0.6017766833729703,-0.9887203523702093,0.06046757649885921,0.30574376928185887,0.0,-0.8328197396601593,0.015190246157726272,-1.4720446861318601,1.187135938154397,1.1483932770040886
-0.2801028154439446,0.8437007554702182,0.5855324480466901,1.0130947358437552,-0.5294405341272427,-0.6017766833729703,-0.28004641531164814,-1.403349607786246,-1.641657048709776,0.0,1.469306471464339,-1.2093507338753493,-1.4720446861318601,1.187135938154397,1.1483932770040886
-0.2801028154439446,-1.1657040519244384,0.5855324480466901,1.0130947358437552,-0.5294405341272427,-0.6017766833729703,-0.28004641531164814,0.0019148891274550072,-1.584380554062963,0.0,-1.2165074415142423,-1.2093507338753493,-1.4720446861318601,1.187135938154397,1.1483932770040886
-0.2801028154439446,-1.1657040519244384,0.5855324480466901,1.0130947358437552,-0.5294405341272427,-0.6017766833729703,-0.28004641531164814,0.06046757649885921,-1.1834450915352734,0.0,-1.2165074415142423,-1.2093507338753493,-1.4720446861318601,1.187135938154397,1.1483932770040886
-0.0438867701801139,0.8437007554702182,0.5855324480466901,1.0130947358437552,-0.5294405341272427,-0.6017766833729703,-0.043821769625461124,0.23612563861307184,0.5921262425159228,0.0,-0.0654443359519933,-1.2093507338753493,-1.4720446861318601,1.187135938154397,1.1483932770040886
-0.0438867701801139,-1.1657040519244384,0.5855324480466901,1.0130947358437552,-0.5294405341272427,-0.6017766833729703,-0.043821769625461124,0.35323101335588025,-0.037915198599017846,0.0,-1.2165074415142423,-1.2093507338753493,-1.4720446861318601,1.187135938154397,1.1483932770040886
-0.0438867701801139,0.8437007554702182,0.5855324480466901,1.0130947358437552,-0.5294405341272427,-0.6017766833729703,-0.043821769625461124,1.2315213239269434,-1.2407215861820864,0.0,-0.4491320378060763,-1.2093507338753493,-1.4720446861318601,1.187135938154397,1.1483932770040886
0.6647613656113783,0.8437007554702182,0.5855324480466901,1.0130947358437552,-0.5294405341272427,-0.6017766833729703,0.6648521674331,-0.9934807961864165,-1.2979980808288991,0.0,1.469306471464339,1.239731226190802,-1.4720446861318601,1.187135938154397,1.1483932770040886
0.6647613656113783,0.8437007554702182,0.5855324480466901,1.0130947358437552,-0.5294405341272427,-0.6017766833729703,0.6648521674331,-0.9349281088150123,-0.4961271557735201,0.0,1.0856187696102557,1.239731226190802,-1.4720446861318601,1.187135938154397,1.1483932770040886
0.6647613656113783,0.8437007554702182,0.5855324480466901,1.0130947358437552,-0.5294405341272427,-0.6017766833729703,0.6648521674331,-0.17374317298675762,-1.068892102241648,0.0,1.0856187696102557,1.239731226190802,-1.4720446861318601,1.187135938154397,1.1483932770040886
1.6096255466667013,0.8437007554702182,0.5855324480466901,1.0130947358437552,-0.5294405341272427,-0.6017766833729703,1.609750750177848,1.114415949184135,0.42029675857548443,0.0,1.469306471464339,1.239731226190802,-1.4720446861318601,1.187135938154397,1.1483932770040886
1.6096255466667013,-0.16100164822711013,0.5855324480466901,1.0130947358437552,-0.5294405341272427,-0.6017766833729703,1.609750750177848,1.407179386041156,1.336720672924489,0.0,-0.8328197396601593,1.239731226190802,-1.4720446861318601,1.187135938154397,1.1483932770040886
1.845841591930532,0.8437007554702182,0.5855324480466901,1.0130947358437552,-0.5294405341272427,-0.6017766833729703,1.8459753958640353,0.4117837007272845,-0.1524681878926434,0.0,1.0856187696102557,1.239731226190802,-1.4720446861318601,1.187135938154397,1.1483932770040886
1.845841591930532,0.8437007554702182,0.5855324480466901,1.0130947358437552,-0.5294405341272427,-0.6017766833729703,1.8459753958640353,0.47033638809868866,-0.2097446825394562,0.0,1.0856187696102557,1.239731226190802,-1.4720446861318601,1.187135938154397,1.1483932770040886
-1.4611830417630982,-1.1657040519244384,1.0928318113152808,1.0130947358437552,-0.4138047228865204,-0.6017766833729703,-1.4611696437425834,-0.056637798243949204,-0.8397861236543969,0.0,0.31824336590208974,0.015190246157726272,-0.4906815620439534,1.187135938154397,1.1483932770040886
-0.9887509512354369,-1.1657040519244384,1.0928318113152808,1.0130947358437552,-0.4138047228865204,-0.6017766833729703,-0.9887203523702093,0.11902026387026342,0.4775732532222972,0.0,0.31824336590208974,0.015190246157726272,-0.4906815620439534,1.187135938154397,1.1483932770040886
-0.9887509512354369,-1.1657040519244384,1.0928318113152808,1.0130947358437552,-0.4138047228865204,-0.6017766833729703,-0.9887203523702093,0.17757295124166764,1.4512736622181146,0.0,0.31824336590208974,0.015190246157726272,-0.4906815620439534,1.187135938154397,1.1483932770040886
-0.7525349059716061,0.8437007554702182,1.0928318113152808,1.0130947358437552,-0.4138047228865204,-0.6017766833729703,-0.7524957066840222,1.3486266986697517,-0.8397861236543969,0.0,1.469306471464339,0.015190246157726272,-0.4906815620439534,1.187135938154397,1.1483932770040886
-0.7525349059716061,-0.16100164822711013,1.0928318113152808,1.0130947358437552,-0.4138047228865204,-0.6017766833729703,-0.7524957066840222,1.407179386041156,0.6494027371627356,0.0,-0.8328197396601593,0.015190246157726272,-0.4906815620439534,1.187135938154397,1.1483932770040886
-0.2801028154439446,0.8437007554702182,1.0928318113152808,1.0130947358437552,-0.4138047228865204,-0.6017766833729703,-0.28004641531164814,-0.6421646719579913,0.9930617050436122,0.0,-0.4491320378060763,-1.2093507338753493,-0.4906815620439534,1.187135938154397,1.1483932770040886
1.3734095014028704,0.8437007554702182,1.0928318113152808,1.0130947358437552,-0.4138047228865204,-0.6017766833729703,1.3735261044916611,-1.110586170929225,1.336720672924489,0.0,1.469306471464339,1.239731226190802,-0.4906815620439534,1.187135938154397,1.1483932770040886
-1.2249669964992675,-1.1657040519244384,1.6001311745838716,1.0130947358437552,-0.2981689116457982,-0.6017766833729703,-1.2249449980563965,1.4657320734125603,1.4512736622181146,0.0,0.31824336590208974,0.015190246157726272,0.0,1.187135938154397,1.1483932770040886
-0.5163188607077753,-0.16100164822711013,1.6001311745838716,1.0130947358437552,-0.2981689116457982,-0.6017766833729703,-0.5162710609978353,-0.5250592972151829,0.9357852103967995,0.0,-0.8328197396601593,-1.2093507338753493,0.0,1.187135938154397,1.1483932770040886
-0.2801028154439446,-1.1657040519244384,1.6001311745838716,1.0130947358437552,-0.2981689116457982,-0.6017766833729703,-0.28004641531164814,0.17757295124166764,-0.037915198599017846,0.0,0.31824336590208974,-1.2093507338753493,0.0,1.187135938154397,1.1483932770040886
-0.2801028154439446,-2.1704064556217677,1.6001311745838716,1.0130947358437552,-0.2981689116457982,-0.6017766833729703,-0.28004641531164814,0.23612563861307184,-0.037915198599017846,0.0,0.7019310677561728,-1.2093507338753493,0.0,1.187135938154397,1.1483932770040886
-0.2801028154439446,-1.1657040519244384,1.6001311745838716,1.0130947358437552,-0.2981689116457982,-0.6017766833729703,-0.28004641531164814,0.2946783259844761,-0.267021177186269,0.0,0.31824336590208974,-1.2093507338753493,0.0,1.187135938154397,1.1483932770040886
0.6647613656113783,0.8437007554702182,1.6001311745838716,1.0130947358437552,-0.2981689116457982,-0.6017766833729703,0.6648521674331,1.407179386041156,-0.5534036504203329,0.0,1.469306471464339,1.239731226190802,0.0,1.187135938154397,1.1483932770040886
0.6647613656113783,0.8437007554702182,1.6001311745838716,1.0130947358437552,-0.2981689116457982,-0.6017766833729703,0.6648521674331,1.4657320734125603,-0.43885066112670734,0.0,1.469306471464339,1.239731226190802,0.0,1.187135938154397,1.1483932770040886
0.900977410875209,0.8437007554702182,1.6001311745838716,1.0130947358437552,-0.2981689116457982,-0.6017766833729703,0.901076813119287,-0.40795392247237444,1.623103146158553,0.0,-0.4491320378060763,1.239731226190802,0.0,1.187135938154397,1.1483932770040886
1.3734095014028704,0.8437007554702182,1.6001311745838716,1.0130947358437552,-0.2981689116457982,-0.6017766833729703,1.3735261044916611,0.8216525123271139,-1.4698275647693375,0.0,-0.4491320378060763,1.239731226190802,0.0,1.187135938154397,1.1483932770040886
-1.4611830417630982,-0.16100164822711013,-1.4436650050276725,1.0130947358437552,-0.1825331004050759,-0.6017766833729703,-1.4611696437425834,-0.17374317298675762,1.3939971675713017,0.0,-0.8328197396601593,0.015190246157726272,-0.9813631240879068,1.187135938154397,1.1483932770040886
-1.2249669964992675,0.8437007554702182,-1.4436650050276725,1.0130947358437552,-0.1825331004050759,-0.6017766833729703,-1.2249449980563965,1.1729686365555392,1.3939971675713017,0.0,-0.0654443359519933,0.015190246157726272,-0.9813631240879068,1.187135938154397,1.1483932770040886
-0.9887509512354369,-1.1657040519244384,-1.4436650050276725,1.0130947358437552,-0.1825331004050759,-0.6017766833729703,-0.9887203523702093,-0.11519048561535342,1.2221676836308635,0.0,0.31824336590208974,0.015190246157726272,-0.9813631240879068,1.187135938154397,1.1483932770040886
-0.9887509512354369,0.8437007554702182,-1.4436650050276725,1.0130947358437552,-0.1825331004050759,-0.6017766833729703,-0.9887203523702093,0.5288890754700929,-1.3552745754757118,0.0,1.469306471464339,0.015190246157726272,-0.9813631240879068,1.187135938154397,1.1483932770040886
-0.9887509512354369,0.8437007554702182,-1.4436650050276725,1.0130947358437552,-0.1825331004050759,-0.6017766833729703,-0.9887203523702093,0.5874417628414971,-0.9543391129480224,0.0,1.469306471464339,0.015190246157726272,-0.9813631240879068,1.187135938154397,1.1483932770040886
-0.7525349059716061,0.8437007554702182,-1.4436650050276725,1.0130947358437552,-0.1825331004050759,-0.6017766833729703,-0.7524957066840222,-0.34940123510097026,1.1648911889840505,0.0,-0.4491320378060763,0.015190246157726272,-0.9813631240879068,1.187135938154397,1.1483932770040886
-0.7525349059716061,-1.1657040519244384,-1.4436650050276725,1.0130947358437552,-0.1825331004050759,-0.6017766833729703,-0.7524957066840222,-0.23229586035816183,0.42029675857548443,0.0,-1.2165074415142423,0.015190246157726272,-0.9813631240879068,1.187135938154397,1.1483932770040886
-0.7525349059716061,-1.1657040519244384,-1.4436650050276725,1.0130947358437552,-0.1825331004050759,-0.6017766833729703,-0.7524957066840222,-0.17374317298675762,0.8785087157499867,0.0,-1.2165074415142423,0.015190246157726272,-0.9813631240879068,1.187135938154397,1.1483932770040886
-0.0438867701801139,0.8437007554702182,-1.4436650050276725,1.0130947358437552,-0.1825331004050759,-0.6017766833729703,-0.043821769625461124,0.4117837007272845,-1.2979980808288991,0.0,1.469306471464339,-1.2093507338753493,-0.9813631240879068,1.187135938154397,1.1483932770040886
-0.0438867701801139,0.8437007554702182,-1.4436650050276725,1.0130947358437552,-0.1825331004050759,-0.6017766833729703,-0.043821769625461124,1.1729686365555392,1.2221676836308635,0.0,1.469306471464339,-1.2093507338753493,-0.9813631240879068,1.187135938154397,1.1483932770040886
0.42854532034754755,-1.1657040519244384,-1.4436650050276725,1.0130947358437552,-0.1825331004050759,-0.6017766833729703,0.428627521746913,0.47033638809868866,0.9930617050436122,0.0,-1.2165074415142423,-1.2093507338753493,-0.9813631240879068,1.187135938154397,1.1483932770040886
0.900977410875209,0.8437007554702182,-1.4436650050276725,1.0130947358437552,-0.1825331004050759,-0.6017766833729703,0.901076813119287,-0.583611984586587,-0.6106801450671457,0.0,1.469306471464339,1.239731226190802,-0.9813631240879068,1.187135938154397,1.1483932770040886
0.900977410875209,0.8437007554702182,-1.4436650050276725,1.0130947358437552,-0.1825331004050759,-0.6017766833729703,0.901076813119287,-0.5250592972151829,-0.5534036504203329,0.0,-0.4491320378060763,1.239731226190802,-0.9813631240879068,1.187135938154397,1.1483932770040886
1.845841591930532,0.8437007554702182,-1.4436650050276725,1.0130947358437552,-0.1825331004050759,-0.6017766833729703,1.8459753958640353,-1.2276915456720334,1.336720672924489,0.0,1.469306471464339,1.239731226190802,-0.9813631240879068,1.187135938154397,1.1483932770040886
1.845841591930532,0.8437007554702182,-1.4436650050276725,1.0130947358437552,-0.1825331004050759,-0.6017766833729703,1.8459753958640353,-1.110586170929225,-0.38157416647989456,0.0,1.469306471464339,1.239731226190802,-0.9813631240879068,1.187135938154397,1.1483932770040886
1.845841591930532,0.8437007554702182,-1.4436650050276725,1.0130947358437552,-0.1825331004050759,-0.6017766833729703,1.8459753958640353,-0.4665066098437787,1.336720672924489,0.0,1.469306471464339,1.239731226190802,-0.9813631240879068,1.187135938154397,1.1483932770040886
-1.4611830417630982,-1.1657040519244384,-0.9363656417590819,1.0130947358437552,-0.06689728916435364,-0.6017766833729703,-1.4611696437425834,-0.8763754214436081,-0.09519169324583063,0.0,0.31824336590208974,0.015190246157726272,0.9813631240879068,1.187135938154397,1.1483932770040886
-1.4611830417630982,-2.1704064556217677,-0.9363656417590819,1.0130947358437552,-0.06689728916435364,-0.6017766833729703,-1.4611696437425834,0.2946783259844761,-0.7252331343607713,0.0,0.7019310677561728,0.015190246157726272,0.9813631240879068,1.187135938154397,1.1483932770040886
-0.7525349059716061,0.8437007554702182,-0.9363656417590819,1.0130947358437552,-0.06689728916435364,-0.6017766833729703,-0.7524957066840222,-0.9349281088150123,-0.4961271557735201,0.0,1.0856187696102557,0.015190246157726272,0.9813631240879068,1.187135938154397,1.1483932770040886
-0.7525349059716061,0.8437007554702182,-0.9363656417590819,1.0130947358437552,-0.06689728916435364,-0.6017766833729703,-0.7524957066840222,-0.817822734072204,-0.5534036504203329,0.0,1.469306471464339,0.015190246157726272,0.9813631240879068,1.187135938154397,1.1483932770040886
-0.7525349059716061,0.8437007554702182,-0.9363656417590819,1.0130947358437552,-0.06689728916435364,-0.6017766833729703,-0.7524957066840222,-0.7592700467007997,-0.1524681878926434,0.0,1.0856187696102557,0.015190246157726272,0.9813631240879068,1.187135938154397,1.1483932770040886
-0.2801028154439446,0.8437007554702182,-0.9363656417590819,1.0130947358437552,-0.06689728916435364,-0.6017766833729703,-0.28004641531164814,-1.696113044643267,0.7639557264563611,0.0,1.469306471464339,-1.2093507338753493,0.9813631240879068,1.187135938154397,1.1483932770040886
-0.2801028154439446,-0.16100164822711013,-0.9363656417590819,1.0130947358437552,-0.06689728916435364,-0.6017766833729703,-0.28004641531164814,-0.817822734072204,0.821232221103174,0.0,-0.8328197396601593,-1.2093507338753493,0.9813631240879068,1.187135938154397,1.1483932770040886
0.19232927508371683,0.8437007554702182,-0.9363656417590819,1.0130947358437552,-0.06689728916435364,-0.6017766833729703,0.19240287606072592,0.17757295124166764,-1.068892102241648,0.0,1.469306471464339,-1.2093507338753493,0.9813631240879068,1.187135938154397,1.1483932770040886
0.19232927508371683,-1.1657040519244384,-0.9363656417590819,1.0130947358437552,-0.06689728916435364,-0.6017766833729703,0.19240287606072592,1.4657320734125603,-0.782509629007584,0.0,-1.2165074415142423,-1.2093507338753493,0.9813631240879068,1.187135938154397,1.1483932770040886
0.19232927508371683,-2.1704064556217677,-0.9363656417590819,1.0130947358437552,-0.06689728916435364,-0.6017766833729703,0.19240287606072592,1.5242847607839645,-0.6106801450671457,0.0,0.7019310677561728,-1.2093507338753493,0.9813631240879068,1.187135938154397,1.1483932770040886
0.6647613656113783,0.8437007554702182,-0.9363656417590819,1.0130947358437552,-0.06689728916435364,-0.6017766833729703,0.6648521674331,-1.4619022951576501,-1.068892102241648,0.0,1.0856187696102557,1.239731226190802,0.9813631240879068,1.187135938154397,1.1483932770040886
1.1371934561390398,-1.1657040519244384,-0.9363656417590819,1.0130947358437552,-0.06689728916435364,-0.6017766833729703,1.1373014588054742,-0.40795392247237444,-0.4961271557735201,0.0,-1.2165074415142423,1.239731226190802,0.9813631240879068,1.187135938154397,1.1483932770040886
1.1371934561390398,0.8437007554702182,-0.9363656417590819,1.0130947358437552,-0.06689728916435364,-0.6017766833729703,1.1373014588054742,-0.34940123510097026,-0.7252331343607713,0.0,-0.0654443359519933,1.239731226190802,0.9813631240879068,1.187135938154397,1.1483932770040886
1.3734095014028704,0.8437007554702182,-0.9363656417590819,1.0130947358437552,-0.06689728916435364,-0.6017766833729703,1.3735261044916611,-1.0520334835578207,-0.8970626183012096,0.0,1.469306471464339,1.239731226190802,0.9813631240879068,1.187135938154397,1.1483932770040886
1.3734095014028704,0.8437007554702182,-0.9363656417590819,1.0130947358437552,-0.06689728916435364,-0.6017766833729703,1.3735261044916611,-0.9934807961864165,-0.09519169324583063,0.0,1.469306471464339,1.239731226190802,0.9813631240879068,1.187135938154397,1.1483932770040886
1.6096255466667013,0.8437007554702182,-0.9363656417590819,1.0130947358437552,-0.06689728916435364,-0.6017766833729703,1.609750750177848,-0.6421646719579913,-1.2407215861820864,0.0,1.0856187696102557,1.239731226190802,0.9813631240879068,1.187135938154397,1.1483932770040886
1.6096255466667013,0.8437007554702182,-0.9363656417590819,1.0130947358437552,-0.06689728916435364,-0.6017766833729703,1.609750750177848,0.35323101335588025,-0.6106801450671457,0.0,1.0856187696102557,1.239731226190802,0.9813631240879068,1.187135938154397,1.1483932770040886
1.845841591930532,0.8437007554702182,-0.9363656417590819,1.0130947358437552,-0.06689728916435364,-0.6017766833729703,1.8459753958640353,-0.817822734072204,-0.6106801450671457,0.0,1.469306471464339,1.239731226190802,0.9813631240879068,1.187135938154397,1.1483932770040886
-1.4611830417630982,-0.16100164822711013,-0.42906627849049117,1.0130947358437552,0.048738522076368605,-0.6017766833729703,-1.4611696437425834,-0.4665066098437787,-0.2097446825394562,0.0,-0.8328197396601593,0.015190246157726272,1.4720446861318601,1.187135938154397,1.1483932770040886
-1.4611830417630982,0.8437007554702182,-0.42906627849049117,1.0130947358437552,0.048738522076368605,-0.6017766833729703,-1.4611696437425834,0.4117837007272845,-0.38157416647989456,0.0,1.0856187696102557,0.015190246157726272,1.4720446861318601,1.187135938154397,1.1483932770040886
-1.2249669964992675,0.8437007554702182,-0.42906627849049117,1.0130947358437552,0.048738522076368605,-0.6017766833729703,-1.2249449980563965,-0.23229586035816183,1.2221676836308635,0.0,1.469306471464339,0.015190246157726272,1.4720446861318601,1.187135938154397,1.1483932770040886
-0.9887509512354369,-0.16100164822711013,-0.42906627849049117,1.0130947358437552,0.048738522076368605,-0.6017766833729703,-0.9887203523702093,-0.817822734072204,0.9930617050436122,0.0,-0.8328197396601593,0.015190246157726272,1.4720446861318601,1.187135938154397,1.1483932770040886
-0.9887509512354369,-0.16100164822711013,-0.42906627849049117,1.0130947358437552,0.048738522076368605,-0.6017766833729703,-0.9887203523702093,-0.7592700467007997,1.336720672924489,0.0,-0.8328197396601593,0.015190246157726272,1.4720446861318601,1.187135938154397,1.1483932770040886
-0.9887509512354369,-0.16100164822711013,-0.42906627849049117,1.0130947358437552,0.048738522076368605,-0.6017766833729703,-0.9887203523702093,0.9387578870699224,-0.3242976718330818,0.0,-0.8328197396601593,0.015190246157726272,1.4720446861318601,1.187135938154397,1.1483932770040886
-0.7525349059716061,-1.1657040519244384,-0.42906627849049117,1.0130947358437552,0.048738522076368605,-0.6017766833729703,-0.7524957066840222,1.1729686365555392,0.821232221103174,0.0,-1.2165074415142423,0.015190246157726272,1.4720446861318601,1.187135938154397,1.1483932770040886
-0.5163188607077753,-0.16100164822711013,-0.42906627849049117,1.0130947358437552,0.048738522076368605,-0.6017766833729703,-0.5162710609978353,0.0019148891274550072,0.821232221103174,0.0,-0.8328197396601593,-1.2093507338753493,1.4720446861318601,1.187135938154397,1.1483932770040886
-0.2801028154439446,-1.1657040519244384,-0.42906627849049117,1.0130947358437552,0.048738522076368605,-0.6017766833729703,-0.28004641531164814,-0.5250592972151829,-1.1261685968884607,0.0,-1.2165074415142423,-1.2093507338753493,1.4720446861318601,1.187135938154397,1.1483932770040886
0.42854532034754755,0.8437007554702182,-0.42906627849049117,1.0130947358437552,0.048738522076368605,-0.6017766833729703,0.428627521746913,0.9387578870699224,-0.037915198599017846,0.0,1.469306471464339,-1.2093507338753493,1.4720446861318601,1.187135938154397,1.1483932770040886
0.6647613656113783,-0.16100164822711013,-0.42906627849049117,1.0130947358437552,0.048738522076368605,-0.6017766833729703,0.6648521674331,0.8216525123271139,-0.5534036504203329,0.0,-0.8328197396601593,1.239731226190802,1.4720446861318601,1.187135938154397,1.1483932770040886
1.1371934561390398,-0.16100164822711013,-0.42906627849049117,1.0130947358437552,0.048738522076368605,-0.6017766833729703,1.1373014588054742,0.47033638809868866,0.7066792318095484,0.0,-0.8328197396601593,1.239731226190802,1.4720446861318601,1.187135938154397,1.1483932770040886
1.1371934561390398,-0.16100164822711013,-0.42906627849049117,1.0130947358437552,0.048738522076368605,-0.6017766833729703,1.1373014588054742,0.5288890754700929,0.36302026392867165,0.0,-0.8328197396601593,1.239731226190802,1.4720446861318601,1.187135938154397,1.1483932770040886
1.6096255466667013,0.8437007554702182,-0.42906627849049117,1.0130947358437552,0.048738522076368605,-0.6017766833729703,1.609750750177848,-0.5250592972151829,-0.09519169324583063,0.0,1.0856187696102557,1.239731226190802,1.4720446861318601,1.187135938154397,1.1483932770040886
-1.697399087026929,0.8437007554702182,0.07823308477809952,1.0130947358437552,0.16437433331709086,-0.6017766833729703,-1.6973942894287704,1.0558632618127308,-1.6989335433565886,0.0,1.469306471464339,0.015190246157726272,0.4906815620439534,1.187135938154397,1.1483932770040886
-1.697399087026929,0.8437007554702182,0.07823308477809952,1.0130947358437552,0.16437433331709086,-0.6017766833729703,-1.6973942894287704,1.699942822898177,-1.3552745754757118,0.0,1.469306471464339,0.015190246157726272,0.4906815620439534,1.187135938154397,1.1483932770040886
-1.2249669964992675,-0.16100164822711013,0.07823308477809952,1.0130947358437552,0.16437433331709086,-0.6017766833729703,-1.2249449980563965,-0.29084854772956603,-0.1524681878926434,0.0,-0.8328197396601593,0.015190246157726272,0.4906815620439534,1.187135938154397,1.1483932770040886
-0.9887509512354369,0.8437007554702182,0.07823308477809952,1.0130947358437552,0.16437433331709086,-0.6017766833729703,-0.9887203523702093,-0.17374317298675762,0.42029675857548443,0.0,1.469306471464339,0.015190246157726272,0.4906815620439534,1.187135938154397,1.1483932770040886
-0.9887509512354369,0.8437007554702182,0.07823308477809952,1.0130947358437552,0.16437433331709086,-0.6017766833729703,-0.9887203523702093,0.8802051996985182,1.3939971675713017,0.0,1.0856187696102557,0.015190246157726272,0.4906815620439534,1.187135938154397,1.1483932770040886
-0.7525349059716061,-0.16100164822711013,0.07823308477809952,1.0130947358437552,0.16437433331709086,-0.6017766833729703,-0.7524957066840222,1.7584955102695812,-0.2097446825394562,0.0,-0.8328197396601593,0.015190246157726272,0.4906815620439534,1.187135938154397,1.1483932770040886
-0.2801028154439446,0.8437007554702182,0.07823308477809952,1.0130947358437552,0.16437433331709086,-0.6017766833729703,-0.28004641531164814,1.6413901355267728,-0.3242976718330818,0.0,1.469306471464339,-1.2093507338753493,0.4906815620439534,1.187135938154397,1.1483932770040886
-0.0438867701801139,-1.1657040519244384,0.07823308477809952,1.0130947358437552,0.16437433331709086,-0.6017766833729703,-0.043821769625461124,0.2946783259844761,0.7066792318095484,0.0,-1.2165074415142423,-1.2093507338753493,0.4906815620439534,1.187135938154397,1.1483932770040886
0.42854532034754755,0.8437007554702182,0.07823308477809952,1.0130947358437552,0.16437433331709086,-0.6017766833729703,0.428627521746913,0.47033638809868866,-1.0116156075948353,0.0,1.0856187696102557,-1.2093507338753493,0.4906815620439534,1.187135938154397,1.1483932770040886
0.42854532034754755,0.8437007554702182,0.07823308477809952,1.0130947358437552,0.16437433331709086,-0.6017766833729703,0.428627521746913,0.5288890754700929,-0.7252331343607713,0.0,1.0856187696102557,-1.2093507338753493,0.4906815620439534,1.187135938154397,1.1483932770040886
0.42854532034754755,0.8437007554702182,0.07823308477809952,1.0130947358437552,0.16437433331709086,-0.6017766833729703,0.428627521746913,0.5874417628414971,-1.1834450915352734,0.0,1.469306471464339,-1.2093507338753493,0.4906815620439534,1.187135938154397,1.1483932770040886
0.42854532034754755,0.8437007554702182,0.07823308477809952,1.0130947358437552,0.16437433331709086,-0.6017766833729703,0.428627521746913,1.114415949184135,0.30574376928185887,0.0,1.0856187696102557,-1.2093507338753493,0.4906815620439534,1.187135938154397,1.1483932770040886
0.42854532034754755,0.8437007554702182,0.07823308477809952,1.0130947358437552,0.16437433331709086,-0.6017766833729703,0.428627521746913,1.1729686365555392,0.19119077998823328,0.0,1.0856187696102557,-1.2093507338753493,0.4906815620439534,1.187135938154397,1.1483932770040886
0.6647613656113783,0.8437007554702182,0.07823308477809952,1.0130947358437552,0.16437433331709086,-0.6017766833729703,0.6648521674331,-1.2276915456720334,-0.1524681878926434,0.0,-0.4491320378060763,1.239731226190802,0.4906815620439534,1.187135938154397,1.1483932770040886
0.6647613656113783,0.8437007554702182,0.07823308477809952,1.0130947358437552,0.16437433331709086,-0.6017766833729703,0.6648521674331,-1.1691388583006292,0.019361296047794935,0.0,1.0856187696102557,1.239731226190802,0.4906815620439534,1.187135938154397,1.1483932770040886
1.1371934561390398,0.8437007554702182,0.07823308477809952,1.0130947358437552,0.16437433331709086,-0.6017766833729703,1.1373014588054742,0.8216525123271139,-1.0116156075948353,0.0,1.469306471464339,1.239731226190802,0.4906815620439534,1.187135938154397,1.1483932770040886
1.3734095014028704,-0.16100164822711013,0.07823308477809952,1.0130947358437552,0.16437433331709086,-0.6017766833729703,1.3735261044916611,-1.0520334835578207,0.36302026392867165,0.0,-0.8328197396601593,1.239731226190802,0.4906815620439534,1.187135938154397,1.1483932770040886
1.6096255466667013,0.8437007554702182,0.07823308477809952,1.0130947358437552,0.16437433331709086,-0.6017766833729703,1.609750750177848,0.9973105744413265,-1.0116156075948353,0.0,1.469306471464339,1.239731226190802,0.4906815620439534,1.187135938154397,1.1483932770040886
1.6096255466667013,0.8437007554702182,0.07823308477809952,1.0130947358437552,0.16437433331709086,-0.6017766833729703,1.609750750177848,1.0558632618127308,-0.5534036504203329,0.0,1.469306471464339,1.239731226190802,0.4906815620439534,1.187135938154397,1.1483932770040886
1.6096255466667013,0.8437007554702182,0.07823308477809952,1.0130947358437552,0.16437433331709086,-0.6017766833729703,1.609750750177848,1.114415949184135,0.07663779069460772,0.0,1.469306471464339,1.239731226190802,0.4906815620439534,1.187135938154397,1.1483932770040886
1.6096255466667013,0.8437007554702182,0.07823308477809952,1.0130947358437552,0.16437433331709086,-0.6017766833729703,1.609750750177848,1.1729686365555392,1.3939971675713017,0.0,1.0856187696102557,1.239731226190802,0.4906815620439534,1.187135938154397,1.1483932770040886
-1.4611830417630982,0.8437007554702182,0.5855324480466901,1.0130947358437552,0.2800101445578131,-0.6017766833729703,-1.4611696437425834,0.7045471375843055,1.6803796408053657,0.0,-0.0654443359519933,0.015190246157726272,-1.4720446861318601,1.187135938154397,1.1483932770040886
-1.4611830417630982,0.8437007554702182,0.5855324480466901,1.0130947358437552,0.2800101445578131,-0.6017766833729703,-1.4611696437425834,0.7630998249557097,1.6803796408053657,0.0,-0.0654443359519933,0.015190246157726272,-1.4720446861318601,1.187135938154397,1.1483932770040886
-1.2249669964992675,0.8437007554702182,0.5855324480466901,1.0130947358437552,0.2800101445578131,-0.6017766833729703,-1.2249449980563965,0.17757295124166764,0.6494027371627356,0.0,-0.0654443359519933,0.015190246157726272,-1.4720446861318601,1.187135938154397,1.1483932770040886
-1.2249669964992675,0.8437007554702182,0.5855324480466901,1.0130947358437552,0.2800101445578131,-0.6017766833729703,-1.2249449980563965,0.2946783259844761,-1.2407215861820864,0.0,-0.0654443359519933,0.015190246157726272,-1.4720446861318601,1.187135938154397,1.1483932770040886
-1.2249669964992675,0.8437007554702182,0.5855324480466901,1.0130947358437552,0.2800101445578131,-0.6017766833729703,-1.2249449980563965,1.5242847607839645,-0.5534036504203329,0.0,-0.4491320378060763,0.015190246157726272,-1.4720446861318601,1.187135938154397,1.1483932770040886
-0.7525349059716061,0.8437007554702182,0.5855324480466901,1.0130947358437552,0.2800101445578131,-0.6017766833729703,-0.7524957066840222,1.4657320734125603,1.623103146158553,0.0,-0.4491320378060763,0.015190246157726272,-1.4720446861318601,1.187135938154397,1.1483932770040886
-0.0438867701801139,0.8437007554702182,0.5855324480466901,1.0130947358437552,0.2800101445578131,-0.6017766833729703,-0.043821769625461124,1.2900740112983475,-1.4698275647693375,0.0,1.469306471464339,-1.2093507338753493,-1.4720446861318601,1.187135938154397,1.1483932770040886
-0.0438867701801139,0.8437007554702182,0.5855324480466901,1.0130947358437552,0.2800101445578131,-0.6017766833729703,-0.043821769625461124,1.3486266986697517,-0.8397861236543969,0.0,-0.4491320378060763,-1.2093507338753493,-1.4720446861318601,1.187135938154397,1.1483932770040886
0.19232927508371683,-1.1657040519244384,0.5855324480466901,1.0130947358437552,0.2800101445578131,-0.6017766833729703,0.19240287606072592,0.5874417628414971,-0.6106801450671457,0.0,-1.2165074415142423,-1.2093507338753493,-1.4720446861318601,1.187135938154397,1.1483932770040886
0.42854532034754755,0.8437007554702182,0.5855324480466901,1.0130947358437552,0.2800101445578131,-0.6017766833729703,0.428627521746913,-1.1691388583006292,1.56582665151174,0.0,1.469306471464339,-1.2093507338753493,-1.4720446861318601,1.187135938154397,1.1483932770040886
0.6647613656113783,0.8437007554702182,0.5855324480466901,1.0130947358437552,0.2800101445578131,-0.6017766833729703,0.6648521674331,0.9387578870699224,0.4775732532222972,0.0,1.0856187696102557,1.239731226190802,-1.4720446861318601,1.187135938154397,1.1483932770040886
1.6096255466667013,0.8437007554702182,0.5855324480466901,1.0130947358437552,0.2800101445578131,-0.6017766833729703,1.609750750177848,-0.8763754214436081,0.5921262425159228,0.0,-0.0654443359519933,1.239731226190802,-1.4720446861318601,1.187135938154397,1.1483932770040886
1.6096255466667013,0.8437007554702182,0.5855324480466901,1.0130947358437552,0.2800101445578131,-0.6017766833729703,1.609750750177848,-0.817822734072204,-0.43885066112670734,0.0,-0.0654443359519933,1.239731226190802,-1.4720446861318601,1.187135938154397,1.1483932770040886
1.6096255466667013,-0.16100164822711013,0.5855324480466901,1.0130947358437552,0.2800101445578131,-0.6017766833729703,1.609750750177848,1.3486266986697517,-0.38157416647989456,0.0,-0.8328197396601593,1.239731226190802,-1.4720446861318601,1.187135938154397,1.1483932770040886
1.845841591930532,0.8437007554702182,0.5855324480466901,1.0130947358437552,0.2800101445578131,-0.6017766833729703,1.8459753958640353,-1.5204549825290543,-0.2097446825394562,0.0,1.469306471464339,1.239731226190802,-1.4720446861318601,1.187135938154397,1.1483932770040886
-1.4611830417630982,-0.16100164822711013,1.0928318113152808,1.0130947358437552,0.39564595579853534,-0.6017766833729703,-1.4611696437425834,0.2946783259844761,-0.9543391129480224,0.0,-0.8328197396601593,0.015190246157726272,-0.4906815620439534,1.187135938154397,1.1483932770040886
-0.2801028154439446,0.8437007554702182,1.0928318113152808,1.0130947358437552,0.39564595579853534,-0.6017766833729703,-0.28004641531164814,-0.40795392247237444,-1.3552745754757118,0.0,1.469306471464339,-1.2093507338753493,-0.4906815620439534,1.187135938154397,1.1483932770040886
-0.0438867701801139,0.8437007554702182,1.0928318113152808,1.0130947358437552,0.39564595579853534,-0.6017766833729703,-0.043821769625461124,-1.110586170929225,0.1339142853414205,0.0,-0.4491320378060763,-1.2093507338753493,-0.4906815620439534,1.187135938154397,1.1483932770040886
0.19232927508371683,0.8437007554702182,1.0928318113152808,1.0130947358437552,0.39564595579853534,-0.6017766833729703,0.19240287606072592,1.5828374481553686,1.4512736622181146,0.0,1.0856187696102557,-1.2093507338753493,-0.4906815620439534,1.187135938154397,1.1483932770040886
0.19232927508371683,0.8437007554702182,1.0928318113152808,1.0130947358437552,0.39564595579853534,-0.6017766833729703,0.19240287606072592,1.7584955102695812,-0.3242976718330818,0.0,1.469306471464339,-1.2093507338753493,-0.4906815620439534,1.187135938154397,1.1483932770040886
0.42854532034754755,0.8437007554702182,1.0928318113152808,1.0130947358437552,0.39564595579853534,-0.6017766833729703,0.428627521746913,-1.5790076699004587,0.8785087157499867,0.0,1.469306471464339,-1.2093507338753493,-0.4906815620439534,1.187135938154397,1.1483932770040886
0.42854532034754755,0.8437007554702182,1.0928318113152808,1.0130947358437552,0.39564595579853534,-0.6017766833729703,0.428627521746913,-0.7007173593293955,0.7066792318095484,0.0,1.469306471464339,-1.2093507338753493,-0.4906815620439534,1.187135938154397,1.1483932770040886
1.6096255466667013,0.8437007554702182,1.0928318113152808,1.0130947358437552,0.39564595579853534,-0.6017766833729703,1.609750750177848,0.9973105744413265,0.8785087157499867,0.0,-0.0654443359519933,1.239731226190802,-0.4906815620439534,1.187135938154397,1.1483932770040886
1.845841591930532,0.8437007554702182,1.0928318113152808,1.0130947358437552,0.39564595579853534,-0.6017766833729703,1.8459753958640353,0.9973105744413265,0.42029675857548443,0.0,-0.4491320378060763,1.239731226190802,-0.4906815620439534,1.187135938154397,1.1483932770040886
-1.4611830417630982,0.8437007554702182,1.6001311745838716,1.0130947358437552,0.5112817670392577,-0.6017766833729703,-1.4611696437425834,0.6459944502129013,0.7639557264563611,0.0,1.469306471464339,0.015190246157726272,0.0,1.187135938154397,1.1483932770040886
-1.4611830417630982,0.8437007554702182,1.6001311745838716,1.0130947358437552,0.5112817670392577,-0.6017766833729703,-1.4611696437425834,0.7045471375843055,1.1648911889840505,0.0,-0.0654443359519933,0.015190246157726272,0.0,1.187135938154397,1.1483932770040886
-0.7525349059716061,0.8437007554702182,1.6001311745838716,1.0130947358437552,0.5112817670392577,-0.6017766833729703,-0.7524957066840222,-0.7592700467007997,1.2221676836308635,0.0,1.469306471464339,0.015190246157726272,0.0,1.187135938154397,1.1483932770040886
-0.0438867701801139,0.8437007554702182,1.6001311745838716,1.0130947358437552,0.5112817670392577,-0.6017766833729703,-0.043821769625461124,-0.056637798243949204,0.9357852103967995,0.0,1.0856187696102557,-1.2093507338753493,0.0,1.187135938154397,1.1483932770040886
-0.0438867701801139,-1.1657040519244384,1.6001311745838716,1.0130947358437552,0.5112817670392577,-0.6017766833729703,-0.043821769625461124,0.0019148891274550072,0.7639557264563611,0.0,0.31824336590208974,-1.2093507338753493,0.0,1.187135938154397,1.1483932770040886
0.19232927508371683,-0.16100164822711013,1.6001311745838716,1.0130947358437552,0.5112817670392577,-0.6017766833729703,0.19240287606072592,1.3486266986697517,0.8785087157499867,0.0,-0.8328197396601593,-1.2093507338753493,0.0,1.187135938154397,1.1483932770040886
0.42854532034754755,0.8437007554702182,1.6001311745838716,1.0130947358437552,0.5112817670392577,-0.6017766833729703,0.428627521746913,0.9387578870699224,-1.1834450915352734,0.0,1.469306471464339,-1.2093507338753493,0.0,1.187135938154397,1.1483932770040886
0.42854532034754755,0.8437007554702182,1.6001311745838716,1.0130947358437552,0.5112817670392577,-0.6017766833729703,0.428627521746913,0.9973105744413265,-1.4698275647693375,0.0,1.469306471464339,-1.2093507338753493,0.0,1.187135938154397,1.1483932770040886
0.6647613656113783,0.8437007554702182,1.6001311745838716,1.0130947358437552,0.5112817670392577,-0.6017766833729703,0.6648521674331,-0.11519048561535342,-1.4125510701225246,0.0,1.469306471464339,1.239731226190802,0.0,1.187135938154397,1.1483932770040886
0.900977410875209,0.8437007554702182,1.6001311745838716,1.0130947358437552,0.5112817670392577,-0.6017766833729703,0.901076813119287,0.2946783259844761,-0.782509629007584,0.0,-0.0654443359519933,1.239731226190802,0.0,1.187135938154397,1.1483932770040886
0.900977410875209,0.8437007554702182,1.6001311745838716,1.0130947358437552,0.5112817670392577,-0.6017766833729703,0.901076813119287,0.35323101335588025,-1.2407215861820864,0.0,-0.0654443359519933,1.239731226190802,0.0,1.187135938154397,1.1483932770040886
1.6096255466667013,0.8437007554702182,1.6001311745838716,1.0130947358437552,0.5112817670392577,-0.6017766833729703,1.609750750177848,-0.8763754214436081,-0.6679566397139585,0.0,1.0856187696102557,1.239731226190802,0.0,1.187135938154397,1.1483932770040886
1.6096255466667013,-1.1657040519244384,1.6001311745838716,1.0130947358437552,0.5112817670392577,-0.6017766833729703,1.609750750177848,-0.817822734072204,-0.7252331343607713,0.0,0.31824336590208974,1.239731226190802,0.0,1.187135938154397,1.1483932770040886
1.6096255466667013,0.8437007554702182,1.6001311745838716,1.0130947358437552,0.5112817670392577,-0.6017766833729703,1.609750750177848,-0.7007173593293955,-0.2097446825394562,0.0,-0.0654443359519933,1.239731226190802,0.0,1.187135938154397,1.1483932770040886
1.6096255466667013,0.8437007554702182,1.6001311745838716,1.0130947358437552,0.5112817670392577,-0.6017766833729703,1.609750750177848,-0.23229586035816183,-1.6989335433565886,0.0,1.469306471464339,1.239731226190802,0.0,1.187135938154397,1.1483932770040886
1.845841591930532,0.8437007554702182,1.6001311745838716,1.0130947358437552,0.5112817670392577,-0.6017766833729703,1.8459753958640353,-0.7007173593293955,-0.037915198599017846,0.0,-0.4491320378060763,1.239731226190802,0.0,1.187135938154397,1.1483932770040886
-1.697399087026929,0.8437007554702182,-1.4436650050276725,1.0130947358437552,0.6269175782799798,-0.6017766833729703,-1.6973942894287704,1.114415949184135,0.7639557264563611,0.0,1.469306471464339,0.015190246157726272,-0.9813631240879068,1.187135938154397,1.1483932770040886
-1.4611830417630982,0.8437007554702182,-1.4436650050276725,1.0130947358437552,0.6269175782799798,-0.6017766833729703,-1.4611696437425834,-0.583611984586587,1.5085501568649273,0.0,1.469306471464339,0.015190246157726272,-0.9813631240879068,1.187135938154397,1.1483932770040886
-1.2249669964992675,-0.16100164822711013,-1.4436650050276725,1.0130947358437552,0.6269175782799798,-0.6017766833729703,-1.2249449980563965,-1.4619022951576501,1.3939971675713017,0.0,-0.8328197396601593,0.015190246157726272,-0.9813631240879068,1.187135938154397,1.1483932770040886
-1.2249669964992675,0.8437007554702182,-1.4436650050276725,1.0130947358437552,0.6269175782799798,-0.6017766833729703,-1.2249449980563965,0.2946783259844761,-0.267021177186269,0.0,1.469306471464339,0.015190246157726272,-0.9813631240879068,1.187135938154397,1.1483932770040886
-0.9887509512354369,-1.1657040519244384,-1.4436650050276725,1.0130947358437552,0.6269175782799798,-0.6017766833729703,-0.9887203523702093,-0.23229586035816183,-1.1834450915352734,0.0,-1.2165074415142423,0.015190246157726272,-0.9813631240879068,1.187135938154397,1.1483932770040886
-0.9887509512354369,-1.1657040519244384,-1.4436650050276725,1.0130947358437552,0.6269175782799798,-0.6017766833729703,-0.9887203523702093,0.7045471375843055,0.821232221103174,0.0,0.31824336590208974,0.015190246157726272,-0.9813631240879068,1.187135938154397,1.1483932770040886
-0.9887509512354369,-1.1657040519244384,-1.4436650050276725,1.0130947358437552,0.6269175782799798,-0.6017766833729703,-0.9887203523702093,0.7630998249557097,0.30574376928185887,0.0,0.31824336590208974,0.015190246157726272,-0.9813631240879068,1.187135938154397,1.1483932770040886
-0.7525349059716061,-2.1704064556217677,-1.4436650050276725,1.0130947358437552,0.6269175782799798,-0.6017766833729703,-0.7524957066840222,-0.11519048561535342,0.6494027371627356,0.0,0.7019310677561728,0.015190246157726272,-0.9813631240879068,1.187135938154397,1.1483932770040886
-0.5163188607077753,0.8437007554702182,-1.4436650050276725,1.0130947358437552,0.6269175782799798,-0.6017766833729703,-0.5162710609978353,0.6459944502129013,-0.3242976718330818,0.0,-0.4491320378060763,-1.2093507338753493,-0.9813631240879068,1.187135938154397,1.1483932770040886
-0.0438867701801139,0.8437007554702182,-1.4436650050276725,1.0130947358437552,0.6269175782799798,-0.6017766833729703,-0.043821769625461124,0.7630998249557097,1.5085501568649273,0.0,1.469306471464339,-1.2093507338753493,-0.9813631240879068,1.187135938154397,1.1483932770040886
-0.0438867701801139,0.8437007554702182,-1.4436650050276725,1.0130947358437552,0.6269175782799798,-0.6017766833729703,-0.043821769625461124,0.8216525123271139,1.623103146158553,0.0,1.469306471464339,-1.2093507338753493,-0.9813631240879068,1.187135938154397,1.1483932770040886
0.19232927508371683,-0.16100164822711013,-1.4436650050276725,1.0130947358437552,0.6269175782799798,-0.6017766833729703,0.19240287606072592,-0.11519048561535342,-1.584380554062963,0.0,-0.8328197396601593,-1.2093507338753493,-0.9813631240879068,1.187135938154397,1.1483932770040886
0.19232927508371683,-1.1657040519244384,-1.4436650050276725,1.0130947358437552,0.6269175782799798,-0.6017766833729703,0.19240287606072592,0.5874417628414971,-1.4698275647693375,0.0,0.31824336590208974,-1.2093507338753493,-0.9813631240879068,1.187135938154397,1.1483932770040886
0.42854532034754755,0.8437007554702182,-1.4436650050276725,1.0130947358437552,0.6269175782799798,-0.6017766833729703,0.428627521746913,0.7630998249557097,1.56582665151174,0.0,-0.0654443359519933,-1.2093507338753493,-0.9813631240879068,1.187135938154397,1.1483932770040886
0.42854532034754755,0.8437007554702182,-1.4436650050276725,1.0130947358437552,0.6269175782799798,-0.6017766833729703,0.428627521746913,1.5242847607839645,-0.43885066112670734,0.0,1.469306471464339,-1.2093507338753493,-0.9813631240879068,1.187135938154397,1.1483932770040886
1.1371934561390398,0.8437007554702182,-1.4436650050276725,1.0130947358437552,0.6269175782799798,-0.6017766833729703,1.1373014588054742,-0.4665066098437787,-0.9543391129480224,0.0,1.0856187696102557,1.239731226190802,-0.9813631240879068,1.187135938154397,1.1483932770040886
1.6096255466667013,0.8437007554702182,-1.4436650050276725,1.0130947358437552,0.6269175782799798,-0.6017766833729703,1.609750750177848,-1.403349607786246,0.36302026392867165,0.0,1.469306471464339,1.239731226190802,-0.9813631240879068,1.187135938154397,1.1483932770040886
1.845841591930532,0.8437007554702182,-1.4436650050276725,1.0130947358437552,0.6269175782799798,-0.6017766833729703,1.8459753958640353,0.06046757649885921,0.821232221103174,0.0,-0.0654443359519933,1.239731226190802,-0.9813631240879068,1.187135938154397,1.1483932770040886
1.845841591930532,0.8437007554702182,-1.4436650050276725,1.0130947358437552,0.6269175782799798,-0.6017766833729703,1.8459753958640353,0.11902026387026342,0.19119077998823328,0.0,1.0856187696102557,1.239731226190802,-0.9813631240879068,1.187135938154397,1.1483932770040886
-1.697399087026929,0.8437007554702182,-0.9363656417590819,1.0130947358437552,0.7425533895207022,-0.6017766833729703,-1.6973942894287704,0.17757295124166764,1.6803796408053657,0.0,1.469306471464339,0.015190246157726272,0.9813631240879068,1.187135938154397,1.1483932770040886
-1.697399087026929,0.8437007554702182,-0.9363656417590819,1.0130947358437552,0.7425533895207022,-0.6017766833729703,-1.6973942894287704,0.2946783259844761,-1.6989335433565886,0.0,-0.4491320378060763,0.015190246157726272,0.9813631240879068,1.187135938154397,1.1483932770040886
-1.4611830417630982,-0.16100164822711013,-0.9363656417590819,1.0130947358437552,0.7425533895207022,-0.6017766833729703,-1.4611696437425834,-0.23229586035816183,0.1339142853414205,0.0,-0.8328197396601593,0.015190246157726272,0.9813631240879068,1.187135938154397,1.1483932770040886
-1.2249669964992675,-1.1657040519244384,-0.9363656417590819,1.0130947358437552,0.7425533895207022,-0.6017766833729703,-1.2249449980563965,-0.7007173593293955,1.1648911889840505,0.0,0.31824336590208974,0.015190246157726272,0.9813631240879068,1.187135938154397,1.1483932770040886
-0.9887509512354369,-2.1704064556217677,-0.9363656417590819,1.0130947358437552,0.7425533895207022,-0.6017766833729703,-0.9887203523702093,1.2900740112983475,0.1339142853414205,0.0,0.7019310677561728,0.015190246157726272,0.9813631240879068,1.187135938154397,1.1483932770040886
-0.9887509512354369,-1.1657040519244384,-0.9363656417590819,1.0130947358437552,0.7425533895207022,-0.6017766833729703,-0.9887203523702093,1.3486266986697517,-0.7252331343607713,0.0,0.31824336590208974,0.015190246157726272,0.9813631240879068,1.187135938154397,1.1483932770040886
0.900977410875209,-1.1657040519244384,-0.9363656417590819,1.0130947358437552,0.7425533895207022,-0.6017766833729703,0.901076813119287,-1.2862442330434376,-1.584380554062963,0.0,-1.2165074415142423,1.239731226190802,0.9813631240879068,1.187135938154397,1.1483932770040886
1.1371934561390398,0.8437007554702182,-0.9363656417590819,1.0130947358437552,0.7425533895207022,-0.6017766833729703,1.1373014588054742,0.9973105744413265,0.53484974786911,0.0,1.0856187696102557,1.239731226190802,0.9813631240879068,1.187135938154397,1.1483932770040886
1.1371934561390398,0.8437007554702182,-0.9363656417590819,1.0130947358437552,0.7425533895207022,-0.6017766833729703,1.1373014588054742,1.0558632618127308,1.1648911889840505,0.0,1.469306471464339,1.239731226190802,0.9813631240879068,1.187135938154397,1.1483932770040886
-1.697399087026929,0.8437007554702182,-0.42906627849049117,1.0130947358437552,0.8581892007614244,-0.6017766833729703,-1.6973942894287704,1.699942822898177,-1.3552745754757118,0.0,1.469306471464339,0.015190246157726272,1.4720446861318601,1.187135938154397,1.1483932770040886
-1.4611830417630982,-0.16100164822711013,-0.42906627849049117,1.0130947358437552,0.8581892007614244,-0.6017766833729703,-1.4611696437425834,0.9387578870699224,-0.8970626183012096,0.0,-0.8328197396601593,0.015190246157726272,1.4720446861318601,1.187135938154397,1.1483932770040886
-0.9887509512354369,-1.1657040519244384,-0.42906627849049117,1.0130947358437552,0.8581892007614244,-0.6017766833729703,-0.9887203523702093,-0.29084854772956603,1.56582665151174,0.0,0.31824336590208974,0.015190246157726272,1.4720446861318601,1.187135938154397,1.1483932770040886
-0.5163188607077753,-0.16100164822711013,-0.42906627849049117,1.0130947358437552,0.8581892007614244,-0.6017766833729703,-0.5162710609978353,0.11902026387026342,-1.4125510701225246,0.0,-0.8328197396601593,-1.2093507338753493,1.4720446861318601,1.187135938154397,1.1483932770040886
0.42854532034754755,-0.16100164822711013,-0.42906627849049117,1.0130947358437552,0.8581892007614244,-0.6017766833729703,0.428627521746913,-0.5250592972151829,-1.584380554062963,0.0,-0.8328197396601593,-1.2093507338753493,1.4720446861318601,1.187135938154397,1.1483932770040886
0.42854532034754755,-0.16100164822711013,-0.42906627849049117,1.0130947358437552,0.8581892007614244,-0.6017766833729703,0.428627521746913,-0.4665066098437787,-1.1834450915352734,0.0,-0.8328197396601593,-1.2093507338753493,1.4720446861318601,1.187135938154397,1.1483932770040886
0.42854532034754755,0.8437007554702182,-0.42906627849049117,1.0130947358437552,0.8581892007614244,-0.6017766833729703,0.428627521746913,0.7630998249557097,0.019361296047794935,0.0,-0.4491320378060763,-1.2093507338753493,1.4720446861318601,1.187135938154397,1.1483932770040886
0.6647613656113783,-2.1704064556217677,-0.42906627849049117,1.0130947358437552,0.8581892007614244,-0.6017766833729703,0.6648521674331,-1.5790076699004587,0.9357852103967995,0.0,0.7019310677561728,1.239731226190802,1.4720446861318601,1.187135938154397,1.1483932770040886
0.900977410875209,0.8437007554702182,-0.42906627849049117,1.0130947358437552,0.8581892007614244,-0.6017766833729703,0.901076813119287,1.699942822898177,1.623103146158553,0.0,-0.0654443359519933,1.239731226190802,1.4720446861318601,1.187135938154397,1.1483932770040886
1.1371934561390398,0.8437007554702182,-0.42906627849049117,1.0130947358437552,0.8581892007614244,-0.6017766833729703,1.1373014588054742,-1.696113044643267,0.7639557264563611,0.0,-0.4491320378060763,1.239731226190802,1.4720446861318601,1.187135938154397,1.1483932770040886
1.6096255466667013,-0.16100164822711013,-0.42906627849049117,1.0130947358437552,0.8581892007614244,-0.6017766833729703,1.609750750177848,1.6413901355267728,-0.5534036504203329,0.0,-0.8328197396601593,1.239731226190802,1.4720446861318601,1.187135938154397,1.1483932770040886
1.6096255466667013,0.8437007554702182,-0.42906627849049117,1.0130947358437552,0.8581892007614244,-0.6017766833729703,1.609750750177848,1.699942822898177,-0.38157416647989456,0.0,1.0856187696102557,1.239731226190802,1.4720446861318601,1.187135938154397,1.1483932770040886
1.845841591930532,0.8437007554702182,-0.42906627849049117,1.0130947358437552,0.8581892007614244,-0.6017766833729703,1.8459753958640353,-0.34940123510097026,0.4775732532222972,0.0,1.469306471464339,1.239731226190802,1.4720446861318601,1.187135938154397,1.1483932770040886
-0.5163188607077753,-1.1657040519244384,0.07823308477809952,1.0130947358437552,0.9738250120021467,-0.6017766833729703,-0.5162710609978353,-1.2862442330434376,0.9357852103967995,0.0,-1.2165074415142423,-1.2093507338753493,0.4906815620439534,1.187135938154397,1.1483932770040886
-0.2801028154439446,0.8437007554702182,0.07823308477809952,1.0130947358437552,0.9738250120021467,-0.6017766833729703,-0.28004641531164814,-0.34940123510097026,1.6803796408053657,0.0,-0.4491320378060763,-1.2093507338753493,0.4906815620439534,1.187135938154397,1.1483932770040886
-0.0438867701801139,0.8437007554702182,0.07823308477809952,1.0130947358437552,0.9738250120021467,-0.6017766833729703,-0.043821769625461124,-1.1691388583006292,0.9357852103967995,0.0,-0.4491320378060763,-1.2093507338753493,0.4906815620439534,1.187135938154397,1.1483932770040886
-0.0438867701801139,0.8437007554702182,0.07823308477809952,1.0130947358437552,0.9738250120021467,-0.6017766833729703,-0.043821769625461124,1.1729686365555392,-1.641657048709776,0.0,1.0856187696102557,-1.2093507338753493,0.4906815620439534,1.187135938154397,1.1483932770040886
-0.0438867701801139,0.8437007554702182,0.07823308477809952,1.0130947358437552,0.9738250120021467,-0.6017766833729703,-0.043821769625461124,1.1729686365555392,1.1076146943372378,0.0,1.469306471464339,-1.2093507338753493,0.4906815620439534,1.187135938154397,1.1483932770040886
0.19232927508371683,0.8437007554702182,0.07823308477809952,1.0130947358437552,0.9738250120021467,-0.6017766833729703,0.19240287606072592,1.0558632618127308,0.1339142853414205,0.0,1.469306471464339,-1.2093507338753493,0.4906815620439534,1.187135938154397,1.1483932770040886
0.19232927508371683,0.8437007554702182,0.07823308477809952,1.0130947358437552,0.9738250120021467,-0.6017766833729703,0.19240287606072592,1.114415949184135,-0.037915198599017846,0.0,1.469306471464339,-1.2093507338753493,0.4906815620439534,1.187135938154397,1.1483932770040886
0.900977410875209,-1.1657040519244384,0.07823308477809952,1.0130947358437552,0.9738250120021467,-0.6017766833729703,0.901076813119287,1.407179386041156,0.9930617050436122,0.0,-1.2165074415142423,1.239731226190802,0.4906815620439534,1.187135938154397,1.1483932770040886
0.900977410875209,-1.1657040519244384,0.07823308477809952,1.0130947358437552,0.9738250120021467,-0.6017766833729703,0.901076813119287,1.5242847607839645,-1.2979980808288991,0.0,-1.2165074415142423,1.239731226190802,0.4906815620439534,1.187135938154397,1.1483932770040886
1.1371934561390398,0.8437007554702182,0.07823308477809952,1.0130947358437552,0.9738250120021467,-0.6017766833729703,1.1373014588054742,1.2315213239269434,-0.6679566397139585,0.0,1.469306471464339,1.239731226190802,0.4906815620439534,1.187135938154397,1.1483932770040886
1.3734095014028704,-1.1657040519244384,0.07823308477809952,1.0130947358437552,0.9738250120021467,-0.6017766833729703,1.3735261044916611,0.8802051996985182,-1.068892102241648,0.0,-1.2165074415142423,1.239731226190802,0.4906815620439534,1.187135938154397,1.1483932770040886
1.6096255466667013,0.8437007554702182,0.07823308477809952,1.0130947358437552,0.9738250120021467,-0.6017766833729703,1.609750750177848,-0.8763754214436081,0.821232221103174,0.0,1.0856187696102557,1.239731226190802,0.4906815620439534,1.187135938154397,1.1483932770040886
1.6096255466667013,0.8437007554702182,0.07823308477809952,1.0130947358437552,0.9738250120021467,-0.6017766833729703,1.609750750177848,-0.817822734072204,-0.037915198599017846,0.0,1.0856187696102557,1.239731226190802,0.4906815620439534,1.187135938154397,1.1483932770040886
1.6096255466667013,0.8437007554702182,0.07823308477809952,1.0130947358437552,0.9738250120021467,-0.6017766833729703,1.609750750177848,1.5828374481553686,-0.5534036504203329,0.0,1.0856187696102557,1.239731226190802,0.4906815620439534,1.187135938154397,1.1483932770040886
1.6096255466667013,0.8437007554702182,0.07823308477809952,1.0130947358437552,0.9738250120021467,-0.6017766833729703,1.609750750177848,1.6413901355267728,-1.1261685968884607,0.0,-0.4491320378060763,1.239731226190802,0.4906815620439534,1.187135938154397,1.1483932770040886
-1.697399087026929,0.8437007554702182,0.5855324480466901,1.0130947358437552,1.0894608232428689,-0.6017766833729703,-1.6973942894287704,0.5288890754700929,-1.068892102241648,0.0,-0.4491320378060763,0.015190246157726272,-1.4720446861318601,1.187135938154397,1.1483932770040886
-1.697399087026929,-2.1704064556217677,0.5855324480466901,1.0130947358437552,1.0894608232428689,-0.6017766833729703,-1.6973942894287704,0.9387578870699224,-0.43885066112670734,0.0,0.7019310677561728,0.015190246157726272,-1.4720446861318601,1.187135938154397,1.1483932770040886
-1.4611830417630982,0.8437007554702182,0.5855324480466901,1.0130947358437552,1.0894608232428689,-0.6017766833729703,-1.4611696437425834,-1.110586170929225,-1.4698275647693375,0.0,-0.0654443359519933,0.015190246157726272,-1.4720446861318601,1.187135938154397,1.1483932770040886
-1.4611830417630982,0.8437007554702182,0.5855324480466901,1.0130947358437552,1.0894608232428689,-0.6017766833729703,-1.4611696437425834,-1.110586170929225,1.3939971675713017,0.0,1.469306471464339,0.015190246157726272,-1.4720446861318601,1.187135938154397,1.1483932770040886
-1.4611830417630982,0.8437007554702182,0.5855324480466901,1.0130947358437552,1.0894608232428689,-0.6017766833729703,-1.4611696437425834,-0.6421646719579913,1.1076146943372378,0.0,-0.0654443359519933,0.015190246157726272,-1.4720446861318601,1.187135938154397,1.1483932770040886
-0.9887509512354369,-1.1657040519244384,0.5855324480466901,1.0130947358437552,1.0894608232428689,-0.6017766833729703,-0.9887203523702093,-1.5204549825290543,-0.09519169324583063,0.0,-1.2165074415142423,0.015190246157726272,-1.4720446861318601,1.187135938154397,1.1483932770040886
-0.9887509512354369,-1.1657040519244384,0.5855324480466901,1.0130947358437552,1.0894608232428689,-0.6017766833729703,-0.9887203523702093,-1.403349607786246,-0.4961271557735201,0.0,-1.2165074415142423,0.015190246157726272,-1.4720446861318601,1.187135938154397,1.1483932770040886
-0.9887509512354369,-0.16100164822711013,0.5855324480466901,1.0130947358437552,1.0894608232428689,-0.6017766833729703,-0.9887203523702093,1.2900740112983475,-1.641657048709776,0.0,-0.8328197396601593,0.015190246157726272,-1.4720446861318601,1.187135938154397,1.1483932770040886
-0.7525349059716061,0.8437007554702182,0.5855324480466901,1.0130947358437552,1.0894608232428689,-0.6017766833729703,-0.7524957066840222,1.1729686365555392,0.7066792318095484,0.0,-0.0654443359519933,0.015190246157726272,-1.4720446861318601,1.187135938154397,1.1483932770040886
-0.7525349059716061,0.8437007554702182,0.5855324480466901,1.0130947358437552,1.0894608232428689,-0.6017766833729703,-0.7524957066840222,1.2315213239269434,0.019361296047794935,0.0,-0.0654443359519933,0.015190246157726272,-1.4720446861318601,1.187135938154397,1.1483932770040886
-0.5163188607077753,-1.1657040519244384,0.5855324480466901,1.0130947358437552,1.0894608232428689,-0.6017766833729703,-0.5162710609978353,-1.3447969204148418,1.1648911889840505,0.0,0.31824336590208974,-1.2093507338753493,-1.4720446861318601,1.187135938154397,1.1483932770040886
-0.5163188607077753,0.8437007554702182,0.5855324480466901,1.0130947358437552,1.0894608232428689,-0.6017766833729703,-0.5162710609978353,0.6459944502129013,0.42029675857548443,0.0,1.469306471464339,-1.2093507338753493,-1.4720446861318601,1.187135938154397,1.1483932770040886
-0.0438867701801139,0.8437007554702182,0.5855324480466901,1.0130947358437552,1.0894608232428689,-0.6017766833729703,-0.043821769625461124,-0.34940123510097026,-0.782509629007584,0.0,-0.4491320378060763,-1.2093507338753493,-1.4720446861318601,1.187135938154397,1.1483932770040886
1.845841591930532,0.8437007554702182,0.5855324480466901,1.0130947358437552,1.0894608232428689,-0.6017766833729703,1.8459753958640353,-0.583611984586587,-0.38157416647989456,0.0,1.0856187696102557,1.239731226190802,-1.4720446861318601,1.187135938154397,1.1483932770040886
1.845841591930532,-2.1704064556217677,0.5855324480466901,1.0130947358437552,1.0894608232428689,-0.6017766833729703,1.8459753958640353,-0.40795392247237444,0.07663779069460772,0.0,0.7019310677561728,1.239731226190802,-1.4720446861318601,1.187135938154397,1.1483932770040886
-1.697399087026929,0.8437007554702182,1.0928318113152808,1.0130947358437552,1.2050966344835912,-0.6017766833729703,-1.6973942894287704,1.1729686365555392,1.6803796408053657,0.0,-0.4491320378060763,0.015190246157726272,-0.4906815620439534,1.187135938154397,1.1483932770040886
-1.4611830417630982,-1.1657040519244384,1.0928318113152808,1.0130947358437552,1.2050966344835912,-0.6017766833729703,-1.4611696437425834,0.7045471375843055,0.821232221103174,0.0,0.31824336590208974,0.015190246157726272,-0.4906815620439534,1.187135938154397,1.1483932770040886
-1.4611830417630982,0.8437007554702182,1.0928318113152808,1.0130947358437552,1.2050966344835912,-0.6017766833729703,-1.4611696437425834,1.3486266986697517,1.6803796408053657,0.0,-0.4491320378060763,0.015190246157726272,-0.4906815620439534,1.187135938154397,1.1483932770040886
-0.9887509512354369,-1.1657040519244384,1.0928318113152808,1.0130947358437552,1.2050966344835912,-0.6017766833729703,-0.9887203523702093,-0.29084854772956603,0.4775732532222972,0.0,-1.2165074415142423,0.015190246157726272,-0.4906815620439534,1.187135938154397,1.1483932770040886
-0.5163188607077753,0.8437007554702182,1.0928318113152808,1.0130947358437552,1.2050966344835912,-0.6017766833729703,-0.5162710609978353,-0.6421646719579913,-1.1834450915352734,0.0,-0.0654443359519933,-1.2093507338753493,-0.4906815620439534,1.187135938154397,1.1483932770040886
-0.2801028154439446,0.8437007554702182,1.0928318113152808,1.0130947358437552,1.2050966344835912,-0.6017766833729703,-0.28004641531164814,-1.5204549825290543,0.07663779069460772,0.0,1.469306471464339,-1.2093507338753493,-0.4906815620439534,1.187135938154397,1.1483932770040886
-0.0438867701801139,0.8437007554702182,1.0928318113152808,1.0130947358437552,1.2050966344835912,-0.6017766833729703,-0.043821769625461124,0.2946783259844761,1.623103146158553,0.0,1.469306471464339,-1.2093507338753493,-0.4906815620439534,1.187135938154397,1.1483932770040886
-0.0438867701801139,-0.16100164822711013,1.0928318113152808,1.0130947358437552,1.2050966344835912,-0.6017766833729703,-0.043821769625461124,0.4117837007272845,-0.8970626183012096,0.0,-0.8328197396601593,-1.2093507338753493,-0.4906815620439534,1.187135938154397,1.1483932770040886
0.19232927508371683,-1.1657040519244384,1.0928318113152808,1.0130947358437552,1.2050966344835912,-0.6017766833729703,0.19240287606072592,-1.403349607786246,-0.43885066112670734,0.0,0.31824336590208974,-1.2093507338753493,-0.4906815620439534,1.187135938154397,1.1483932770040886
0.19232927508371683,-1.1657040519244384,1.0928318113152808,1.0130947358437552,1.2050966344835912,-0.6017766833729703,0.19240287606072592,-1.3447969204148418,-0.6106801450671457,0.0,0.31824336590208974,-1.2093507338753493,-0.4906815620439534,1.187135938154397,1.1483932770040886
0.19232927508371683,0.8437007554702182,1.0928318113152808,1.0130947358437552,1.2050966344835912,-0.6017766833729703,0.19240287606072592,0.5288890754700929,-0.09519169324583063,0.0,1.469306471464339,-1.2093507338753493,-0.4906815620439534,1.187135938154397,1.1483932770040886
0.19232927508371683,0.8437007554702182,1.0928318113152808,1.0130947358437552,1.2050966344835912,-0.6017766833729703,0.19240287606072592,0.5874417628414971,-0.037915198599017846,0.0,1.469306471464339,-1.2093507338753493,-0.4906815620439534,1.187135938154397,1.1483932770040886
0.19232927508371683,-0.16100164822711013,1.0928318113152808,1.0130947358437552,1.2050966344835912,-0.6017766833729703,0.19240287606072592,1.3486266986697517,-1.641657048709776,0.0,-0.8328197396601593,-1.2093507338753493,-0.4906815620439534,1.187135938154397,1.1483932770040886
0.19232927508371683,-0.16100164822711013,1.0928318113152808,1.0130947358437552,1.2050966344835912,-0.6017766833729703,0.19240287606072592,1.407179386041156,-0.4961271557735201,0.0,-0.8328197396601593,-1.2093507338753493,-0.4906815620439534,1.187135938154397,1.1483932770040886
1.1371934561390398,0.8437007554702182,1.0928318113152808,1.0130947358437552,1.2050966344835912,-0.6017766833729703,1.1373014588054742,-0.583611984586587,-0.4961271557735201,0.0,-0.4491320378060763,1.239731226190802,-0.4906815620439534,1.187135938154397,1.1483932770040886
1.3734095014028704,-0.16100164822711013,1.0928318113152808,1.0130947358437552,1.2050966344835912,-0.6017766833729703,1.3735261044916611,0.2946783259844761,0.9357852103967995,0.0,-0.8328197396601593,1.239731226190802,-0.4906815620439534,1.187135938154397,1.1483932770040886
-0.7525349059716061,-0.16100164822711013,1.6001311745838716,1.0130947358437552,1.3207324457243135,-0.6017766833729703,-0.7524957066840222,-1.6375603572718629,1.5085501568649273,0.0,-0.8328197396601593,0.015190246157726272,0.0,1.187135938154397,1.1483932770040886
-0.5163188607077753,0.8437007554702182,1.6001311745838716,1.0130947358437552,1.3207324457243135,-0.6017766833729703,-0.5162710609978353,1.407179386041156,-0.267021177186269,0.0,1.469306471464339,-1.2093507338753493,0.0,1.187135938154397,1.1483932770040886
-0.5163188607077753,-0.16100164822711013,1.6001311745838716,1.0130947358437552,1.3207324457243135,-0.6017766833729703,-0.5162710609978353,1.4657320734125603,-0.1524681878926434,0.0,-0.8328197396601593,-1.2093507338753493,0.0,1.187135938154397,1.1483932770040886
-0.2801028154439446,0.8437007554702182,1.6001311745838716,1.0130947358437552,1.3207324457243135,-0.6017766833729703,-0.28004641531164814,0.8216525123271139,0.9357852103967995,0.0,-0.4491320378060763,-1.2093507338753493,0.0,1.187135938154397,1.1483932770040886
0.42854532034754755,0.8437007554702182,1.6001311745838716,1.0130947358437552,1.3207324457243135,-0.6017766833729703,0.428627521746913,-0.7007173593293955,-1.3552745754757118,0.0,1.469306471464339,-1.2093507338753493,0.0,1.187135938154397,1.1483932770040886
-1.697399087026929,0.8437007554702182,-1.4436650050276725,1.0130947358437552,1.4363682569650356,-0.6017766833729703,-1.6973942894287704,0.9973105744413265,-0.09519169324583063,0.0,-0.4491320378060763,0.015190246157726272,-0.9813631240879068,1.187135938154397,1.1483932770040886
-1.4611830417630982,-1.1657040519244384,-1.4436650050276725,1.0130947358437552,1.4363682569650356,-0.6017766833729703,-1.4611696437425834,-1.6375603572718629,-1.0116156075948353,0.0,-1.2165074415142423,0.015190246157726272,-0.9813631240879068,1.187135938154397,1.1483932770040886
-1.4611830417630982,0.8437007554702182,-1.4436650050276725,1.0130947358437552,1.4363682569650356,-0.6017766833729703,-1.4611696437425834,0.35323101335588025,-1.584380554062963,0.0,1.469306471464339,0.015190246157726272,-0.9813631240879068,1.187135938154397,1.1483932770040886
-1.2249669964992675,-0.16100164822711013,-1.4436650050276725,1.0130947358437552,1.4363682569650356,-0.6017766833729703,-1.2249449980563965,-0.817822734072204,0.7066792318095484,0.0,-0.8328197396601593,0.015190246157726272,-0.9813631240879068,1.187135938154397,1.1483932770040886
-0.7525349059716061,0.8437007554702182,-1.4436650050276725,1.0130947358437552,1.4363682569650356,-0.6017766833729703,-0.7524957066840222,0.7630998249557097,0.36302026392867165,0.0,1.469306471464339,0.015190246157726272,-0.9813631240879068,1.187135938154397,1.1483932770040886
-0.7525349059716061,0.8437007554702182,-1.4436650050276725,1.0130947358437552,1.4363682569650356,-0.6017766833729703,-0.7524957066840222,0.8216525123271139,0.7639557264563611,0.0,1.469306471464339,0.015190246157726272,-0.9813631240879068,1.187135938154397,1.1483932770040886
-0.5163188607077753,0.8437007554702182,-1.4436650050276725,1.0130947358437552,1.4363682569650356,-0.6017766833729703,-0.5162710609978353,-1.6375603572718629,0.36302026392867165,0.0,1.0856187696102557,-1.2093507338753493,-0.9813631240879068,1.187135938154397,1.1483932770040886
-0.5163188607077753,-0.16100164822711013,-1.4436650050276725,1.0130947358437552,1.4363682569650356,-0.6017766833729703,-0.5162710609978353,-1.5790076699004587,0.24846727463504606,0.0,-0.8328197396601593,-1.2093507338753493,-0.9813631240879068,1.187135938154397,1.1483932770040886
-0.5163188607077753,0.8437007554702182,-1.4436650050276725,1.0130947358437552,1.4363682569650356,-0.6017766833729703,-0.5162710609978353,-0.4665066098437787,0.019361296047794935,0.0,-0.4491320378060763,-1.2093507338753493,-0.9813631240879068,1.187135938154397,1.1483932770040886
-0.0438867701801139,-0.16100164822711013,-1.4436650050276725,1.0130947358437552,1.4363682569650356,-0.6017766833729703,-0.043821769625461124,-1.110586170929225,1.3939971675713017,0.0,-0.8328197396601593,-1.2093507338753493,-0.9813631240879068,1.187135938154397,1.1483932770040886
-0.0438867701801139,-0.16100164822711013,-1.4436650050276725,1.0130947358437552,1.4363682569650356,-0.6017766833729703,-0.043821769625461124,-1.0520334835578207,1.5085501568649273,0.0,-0.8328197396601593,-1.2093507338753493,-0.9813631240879068,1.187135938154397,1.1483932770040886
-0.0438867701801139,-0.16100164822711013,-1.4436650050276725,1.0130947358437552,1.4363682569650356,-0.6017766833729703,-0.043821769625461124,0.06046757649885921,1.6803796408053657,0.0,-0.8328197396601593,-1.2093507338753493,-0.9813631240879068,1.187135938154397,1.1483932770040886
0.42854532034754755,0.8437007554702182,-1.4436650050276725,1.0130947358437552,1.4363682569650356,-0.6017766833729703,0.428627521746913,-1.6375603572718629,-0.5534036504203329,0.0,1.469306471464339,-1.2093507338753493,-0.9813631240879068,1.187135938154397,1.1483932770040886
0.6647613656113783,0.8437007554702182,-1.4436650050276725,1.0130947358437552,1.4363682569650356,-0.6017766833729703,0.6648521674331,1.5242847607839645,-0.6679566397139585,0.0,-0.0654443359519933,1.239731226190802,-0.9813631240879068,1.187135938154397,1.1483932770040886
0.6647613656113783,0.8437007554702182,-1.4436650050276725,1.0130947358437552,1.4363682569650356,-0.6017766833729703,0.6648521674331,1.5828374481553686,-1.584380554062963,0.0,-0.0654443359519933,1.239731226190802,-0.9813631240879068,1.187135938154397,1.1483932770040886
1.1371934561390398,0.8437007554702182,-1.4436650050276725,1.0130947358437552,1.4363682569650356,-0.6017766833729703,1.1373014588054742,-1.110586170929225,-0.267021177186269,0.0,-0.4491320378060763,1.239731226190802,-0.9813631240879068,1.187135938154397,1.1483932770040886
1.6096255466667013,-0.16100164822711013,-1.4436650050276725,1.0130947358437552,1.4363682569650356,-0.6017766833729703,1.609750750177848,-0.5250592972151829,-1.5271040594161502,0.0,-0.8328197396601593,1.239731226190802,-0.9813631240879068,1.187135938154397,1.1483932770040886
1.845841591930532,-0.16100164822711013,-1.4436650050276725,1.0130947358437552,1.4363682569650356,-0.6017766833729703,1.8459753958640353,-1.403349607786246,1.1648911889840505,0.0,-0.8328197396601593,1.239731226190802,-0.9813631240879068,1.187135938154397,1.1483932770040886
-1.4611830417630982,0.8437007554702182,-0.9363656417590819,1.0130947358437552,1.5520040682057579,-0.6017766833729703,-1.4611696437425834,0.6459944502129013,1.2794441782776762,0.0,1.469306471464339,0.015190246157726272,0.9813631240879068,1.187135938154397,1.1483932770040886
-1.4611830417630982,0.8437007554702182,-0.9363656417590819,1.0130947358437552,1.5520040682057579,-0.6017766833729703,-1.4611696437425834,1.0558632618127308,-1.4125510701225246,0.0,1.469306471464339,0.015190246157726272,0.9813631240879068,1.187135938154397,1.1483932770040886
-1.2249669964992675,0.8437007554702182,-0.9363656417590819,1.0130947358437552,1.5520040682057579,-0.6017766833729703,-1.2249449980563965,0.11902026387026342,1.56582665151174,0.0,1.469306471464339,0.015190246157726272,0.9813631240879068,1.187135938154397,1.1483932770040886
-0.7525349059716061,-0.16100164822711013,-0.9363656417590819,1.0130947358437552,1.5520040682057579,-0.6017766833729703,-0.7524957066840222,1.7584955102695812,0.9357852103967995,0.0,-0.8328197396601593,0.015190246157726272,0.9813631240879068,1.187135938154397,1.1483932770040886
-0.5163188607077753,-2.1704064556217677,-0.9363656417590819,1.0130947358437552,1.5520040682057579,-0.6017766833729703,-0.5162710609978353,-0.4665066098437787,0.36302026392867165,0.0,0.7019310677561728,-1.2093507338753493,0.9813631240879068,1.187135938154397,1.1483932770040886
-0.0438867701801139,-1.1657040519244384,-0.9363656417590819,1.0130947358437552,1.5520040682057579,-0.6017766833729703,-0.043821769625461124,-0.817822734072204,0.7639557264563611,0.0,0.31824336590208974,-1.2093507338753493,0.9813631240879068,1.187135938154397,1.1483932770040886
-0.0438867701801139,-1.1657040519244384,-0.9363656417590819,1.0130947358437552,1.5520040682057579,-0.6017766833729703,-0.043821769625461124,-0.7007173593293955,-1.6989335433565886,0.0,0.31824336590208974,-1.2093507338753493,0.9813631240879068,1.187135938154397,1.1483932770040886
-0.0438867701801139,0.8437007554702182,-0.9363656417590819,1.0130947358437552,1.5520040682057579,-0.6017766833729703,-0.043821769625461124,0.47033638809868866,0.30574376928185887,0.0,-0.4491320378060763,-1.2093507338753493,0.9813631240879068,1.187135938154397,1.1483932770040886
0.42854532034754755,0.8437007554702182,-0.9363656417590819,1.0130947358437552,1.5520040682057579,-0.6017766833729703,0.428627521746913,-1.1691388583006292,0.19119077998823328,0.0,1.0856187696102557,-1.2093507338753493,0.9813631240879068,1.187135938154397,1.1483932770040886
0.42854532034754755,0.8437007554702182,-0.9363656417590819,1.0130947358437552,1.5520040682057579,-0.6017766833729703,0.428627521746913,-1.110586170929225,1.5085501568649273,0.0,-0.0654443359519933,-1.2093507338753493,0.9813631240879068,1.187135938154397,1.1483932770040886
0.42854532034754755,0.8437007554702182,-0.9363656417590819,1.0130947358437552,1.5520040682057579,-0.6017766833729703,0.428627521746913,-0.7007173593293955,0.19119077998823328,0.0,-0.0654443359519933,-1.2093507338753493,0.9813631240879068,1.187135938154397,1.1483932770040886
0.900977410875209,-0.16100164822711013,-0.9363656417590819,1.0130947358437552,1.5520040682057579,-0.6017766833729703,0.901076813119287,-1.5790076699004587,-1.4698275647693375,0.0,-0.8328197396601593,1.239731226190802,0.9813631240879068,1.187135938154397,1.1483932770040886
0.900977410875209,-0.16100164822711013,-0.9363656417590819,1.0130947358437552,1.5520040682057579,-0.6017766833729703,0.901076813119287,-1.5790076699004587,1.56582665151174,0.0,-0.8328197396601593,1.239731226190802,0.9813631240879068,1.187135938154397,1.1483932770040886
1.1371934561390398,-0.16100164822711013,-0.9363656417590819,1.0130947358437552,1.5520040682057579,-0.6017766833729703,1.1373014588054742,-1.5790076699004587,-1.4125510701225246,0.0,-0.8328197396601593,1.239731226190802,0.9813631240879068,1.187135938154397,1.1483932770040886
1.1371934561390398,0.8437007554702182,-0.9363656417590819,1.0130947358437552,1.5520040682057579,-0.6017766833729703,1.1373014588054742,-1.403349607786246,0.821232221103174,0.0,-0.4491320378060763,1.239731226190802,0.9813631240879068,1.187135938154397,1.1483932770040886
1.1371934561390398,0.8437007554702182,-0.9363656417590819,1.0130947358437552,1.5520040682057579,-0.6017766833729703,1.1373014588054742,1.2900740112983475,-1.0116156075948353,0.0,1.0856187696102557,1.239731226190802,0.9813631240879068,1.187135938154397,1.1483932770040886
1.1371934561390398,0.8437007554702182,-0.9363656417590819,1.0130947358437552,1.5520040682057579,-0.6017766833729703,1.1373014588054742,1.4657320734125603,-1.584380554062963,0.0,1.469306471464339,1.239731226190802,0.9813631240879068,1.187135938154397,1.1483932770040886
1.3734095014028704,0.8437007554702182,-0.9363656417590819,1.0130947358437552,1.5520040682057579,-0.6017766833729703,1.3735261044916611,-1.2862442330434376,0.30574376928185887,0.0,1.469306471464339,1.239731226190802,0.9813631240879068,1.187135938154397,1.1483932770040886
-1.697399087026929,0.8437007554702182,-0.42906627849049117,1.0130947358437552,1.6676398794464802,-0.6017766833729703,-1.6973942894287704,1.3486266986697517,-1.4125510701225246,0.0,1.469306471464339,0.015190246157726272,1.4720446861318601,1.187135938154397,1.1483932770040886
-1.4611830417630982,-0.16100164822711013,-0.42906627849049117,1.0130947358437552,1.6676398794464802,-0.6017766833729703,-1.4611696437425834,0.9973105744413265,-0.2097446825394562,0.0,-0.8328197396601593,0.015190246157726272,1.4720446861318601,1.187135938154397,1.1483932770040886
-1.4611830417630982,-0.16100164822711013,-0.42906627849049117,1.0130947358437552,1.6676398794464802,-0.6017766833729703,-1.4611696437425834,1.0558632618127308,-0.037915198599017846,0.0,-0.8328197396601593,0.015190246157726272,1.4720446861318601,1.187135938154397,1.1483932770040886
-1.2249669964992675,0.8437007554702182,-0.42906627849049117,1.0130947358437552,1.6676398794464802,-0.6017766833729703,-1.2249449980563965,-1.0520334835578207,-0.037915198599017846,0.0,1.469306471464339,0.015190246157726272,1.4720446861318601,1.187135938154397,1.1483932770040886
-0.9887509512354369,0.8437007554702182,-0.42906627849049117,1.0130947358437552,1.6676398794464802,-0.6017766833729703,-0.9887203523702093,0.11902026387026342,1.336720672924489,0.0,1.469306471464339,0.015190246157726272,1.4720446861318601,1.187135938154397,1.1483932770040886
-0.9887509512354369,0.8437007554702182,-0.42906627849049117,1.0130947358437552,1.6676398794464802,-0.6017766833729703,-0.9887203523702093,0.23612563861307184,-1.2979980808288991,0.0,1.469306471464339,0.015190246157726272,1.4720446861318601,1.187135938154397,1.1483932770040886
-0.5163188607077753,0.8437007554702182,-0.42906627849049117,1.0130947358437552,1.6676398794464802,-0.6017766833729703,-0.5162710609978353,-1.2276915456720334,0.8785087157499867,0.0,1.469306471464339,-1.2093507338753493,1.4720446861318601,1.187135938154397,1.1483932770040886
-0.5163188607077753,-1.1657040519244384,-0.42906627849049117,1.0130947358437552,1.6676398794464802,-0.6017766833729703,-0.5162710609978353,-1.1691388583006292,0.9357852103967995,0.0,-1.2165074415142423,-1.2093507338753493,1.4720446861318601,1.187135938154397,1.1483932770040886
-0.5163188607077753,-0.16100164822711013,-0.42906627849049117,1.0130947358437552,1.6676398794464802,-0.6017766833729703,-0.5162710609978353,-1.110586170929225,1.623103146158553,0.0,-0.8328197396601593,-1.2093507338753493,1.4720446861318601,1.187135938154397,1.1483932770040886
-0.5163188607077753,-1.1657040519244384,-0.42906627849049117,1.0130947358437552,1.6676398794464802,-0.6017766833729703,-0.5162710609978353,0.47033638809868866,-1.6989335433565886,0.0,-1.2165074415142423,-1.2093507338753493,1.4720446861318601,1.187135938154397,1.1483932770040886
0.19232927508371683,0.8437007554702182,-0.42906627849049117,1.0130947358437552,1.6676398794464802,-0.6017766833729703,0.19240287606072592,-1.403349607786246,-0.8397861236543969,0.0,1.469306471464339,-1.2093507338753493,1.4720446861318601,1.187135938154397,1.1483932770040886
0.19232927508371683,0.8437007554702182,-0.42906627849049117,1.0130947358437552,1.6676398794464802,-0.6017766833729703,0.19240287606072592,-1.2862442330434376,-1.5271040594161502,0.0,1.469306471464339,-1.2093507338753493,1.4720446861318601,1.187135938154397,1.1483932770040886
0.42854532034754755,-0.16100164822711013,-0.42906627849049117,1.0130947358437552,1.6676398794464802,-0.6017766833729703,0.428627521746913,-1.4619022951576501,1.050338199690425,0.0,-0.8328197396601593,-1.2093507338753493,1.4720446861318601,1.187135938154397,1.1483932770040886
0.900977410875209,0.8437007554702182,-0.42906627849049117,1.0130947358437552,1.6676398794464802,-0.6017766833729703,0.901076813119287,-1.2276915456720334,-1.0116156075948353,0.0,1.0856187696102557,1.239731226190802,1.4720446861318601,1.187135938154397,1.1483932770040886
1.1371934561390398,-0.16100164822711013,-0.42906627849049117,1.0130947358437552,1.6676398794464802,-0.6017766833729703,1.1373014588054742,-0.6421646719579913,0.07663779069460772,0.0,-0.8328197396601593,1.239731226190802,1.4720446861318601,1.187135938154397,1.1483932770040886
1.1371934561390398,-0.16100164822711013,-0.42906627849049117,1.0130947358437552,1.6676398794464802,-0.6017766833729703,1.1373014588054742,0.8216525123271139,-0.4961271557735201,0.0,-0.8328197396601593,1.239731226190802,1.4720446861318601,1.187135938154397,1.1483932770040886
-1.697399087026929,0.8437007554702182,0.07823308477809952,1.0130947358437552,1.7832756906872023,-0.6017766833729703,-1.6973942894287704,1.4657320734125603,-0.7252331343607713,0.0,1.469306471464339,0.015190246157726272,0.4906815620439534,1.187135938154397,1.1483932770040886
-1.4611830417630982,0.8437007554702182,0.07823308477809952,1.0130947358437552,1.7832756906872023,-0.6017766833729703,-1.4611696437425834,0.5288890754700929,1.336720672924489,0.0,1.469306471464339,0.015190246157726272,0.4906815620439534,1.187135938154397,1.1483932770040886
-1.2249669964992675,-0.16100164822711013,0.07823308477809952,1.0130947358437552,1.7832756906872023,-0.6017766833729703,-1.2249449980563965,-0.6421646719579913,-0.6106801450671457,0.0,-0.8328197396601593,0.015190246157726272,0.4906815620439534,1.187135938154397,1.1483932770040886
0.19232927508371683,0.8437007554702182,0.07823308477809952,1.0130947358437552,1.7832756906872023,-0.6017766833729703,0.19240287606072592,1.7584955102695812,-0.2097446825394562,0.0,1.469306471464339,-1.2093507338753493,0.4906815620439534,1.187135938154397,1.1483932770040886
0.42854532034754755,-0.16100164822711013,0.07823308477809952,1.0130947358437552,1.7832756906872023,-0.6017766833729703,0.428627521746913,-1.696113044643267,0.019361296047794935,0.0,-0.8328197396601593,-1.2093507338753493,0.4906815620439534,1.187135938154397,1.1483932770040886
-1.4611830417630982,0.8437007554702182,0.5855324480466901,1.2987877735316071,-1.6857986465344652,-0.6017766833729703,-1.4611696437425834,-0.29084854772956603,-1.5271040594161502,0.0,-0.0654443359519933,0.015190246157726272,-1.4720446861318601,0.8931492612966406,0.8610113838522963
-1.4611830417630982,-1.1657040519244384,0.5855324480466901,1.2987877735316071,-1.6857986465344652,-0.6017766833729703,-1.4611696437425834,0.06046757649885921,1.56582665151174,0.0,-1.2165074415142423,0.015190246157726272,-1.4720446861318601,0.8931492612966406,0.8610113838522963
-0.9887509512354369,0.8437007554702182,0.5855324480466901,1.2987877735316071,-1.6857986465344652,-0.6017766833729703,-0.9887203523702093,1.4657320734125603,1.1648911889840505,0.0,1.469306471464339,0.015190246157726272,-1.4720446861318601,0.8931492612966406,0.8610113838522963
-0.5163188607077753,0.8437007554702182,0.5855324480466901,1.2987877735316071,-1.6857986465344652,-0.6017766833729703,-0.5162710609978353,0.7045471375843055,-0.2097446825394562,0.0,-0.0654443359519933,-1.2093507338753493,-1.4720446861318601,0.8931492612966406,0.8610113838522963
-0.5163188607077753,0.8437007554702182,0.5855324480466901,1.2987877735316071,-1.6857986465344652,-0.6017766833729703,-0.5162710609978353,0.7630998249557097,-0.6679566397139585,0.0,-0.0654443359519933,-1.2093507338753493,-1.4720446861318601,0.8931492612966406,0.8610113838522963
0.19232927508371683,-1.1657040519244384,0.5855324480466901,1.2987877735316071,-1.6857986465344652,-0.6017766833729703,0.19240287606072592,1.5242847607839645,0.7066792318095484,0.0,0.31824336590208974,-1.2093507338753493,-1.4720446861318601,0.8931492612966406,0.8610113838522963
1.845841591930532,-0.16100164822711013,0.5855324480466901,1.2987877735316071,-1.6857986465344652,-0.6017766833729703,1.8459753958640353,0.7045471375843055,1.4512736622181146,0.0,-0.8328197396601593,1.239731226190802,-1.4720446861318601,0.8931492612966406,0.8610113838522963
-1.4611830417630982,-1.1657040519244384,1.0928318113152808,1.2987877735316071,-1.570162835293743,-0.6017766833729703,-1.4611696437425834,-0.583611984586587,0.821232221103174,0.0,0.31824336590208974,0.015190246157726272,-0.4906815620439534,0.8931492612966406,0.8610113838522963
-0.9887509512354369,0.8437007554702182,1.0928318113152808,1.2987877735316071,-1.570162835293743,-0.6017766833729703,-0.9887203523702093,-0.23229586035816183,0.8785087157499867,0.0,-0.0654443359519933,0.015190246157726272,-0.4906815620439534,0.8931492612966406,0.8610113838522963
-0.9887509512354369,-0.16100164822711013,1.0928318113152808,1.2987877735316071,-1.570162835293743,-0.6017766833729703,-0.9887203523702093,0.23612563861307184,-1.1834450915352734,0.0,-0.8328197396601593,0.015190246157726272,-0.4906815620439534,0.8931492612966406,0.8610113838522963
-0.0438867701801139,-0.16100164822711013,1.0928318113152808,1.2987877735316071,-1.570162835293743,-0.6017766833729703,-0.043821769625461124,1.4657320734125603,-0.8970626183012096,0.0,-0.8328197396601593,-1.2093507338753493,-0.4906815620439534,0.8931492612966406,0.8610113838522963
0.42854532034754755,0.8437007554702182,1.0928318113152808,1.2987877735316071,-1.570162835293743,-0.6017766833729703,0.428627521746913,-0.29084854772956603,-0.8397861236543969,0.0,1.0856187696102557,-1.2093507338753493,-0.4906815620439534,0.8931492612966406,0.8610113838522963
0.42854532034754755,0.8437007554702182,1.0928318113152808,1.2987877735316071,-1.570162835293743,-0.6017766833729703,0.428627521746913,-0.23229586035816183,1.56582665151174,0.0,1.469306471464339,-1.2093507338753493,-0.4906815620439534,0.8931492612966406,0.8610113838522963
0.42854532034754755,0.8437007554702182,1.0928318113152808,1.2987877735316071,-1.570162835293743,-0.6017766833729703,0.428627521746913,0.47033638809868866,-1.4125510701225246,0.0,1.469306471464339,-1.2093507338753493,-0.4906815620439534,0.8931492612966406,0.8610113838522963
0.900977410875209,-0.16100164822711013,1.0928318113152808,1.2987877735316071,-1.570162835293743,-0.6017766833729703,0.901076813119287,-0.6421646719579913,-0.1524681878926434,0.0,-0.8328197396601593,1.239731226190802,-0.4906815620439534,0.8931492612966406,0.8610113838522963
0.900977410875209,-1.1657040519244384,1.0928318113152808,1.2987877735316071,-1.570162835293743,-0.6017766833729703,0.901076813119287,1.699942822898177,-0.38157416647989456,0.0,-1.2165074415142423,1.239731226190802,-0.4906815620439534,0.8931492612966406,0.8610113838522963
-1.4611830417630982,-1.1657040519244384,1.6001311745838716,1.2987877735316071,-1.4545270240530206,-0.6017766833729703,-1.4611696437425834,-0.34940123510097026,-1.6989335433565886,0.0,0.31824336590208974,0.015190246157726272,0.0,0.8931492612966406,0.8610113838522963
-1.2249669964992675,-0.16100164822711013,1.6001311745838716,1.2987877735316071,-1.4545270240530206,-0.6017766833729703,-1.2249449980563965,1.0558632618127308,-1.3552745754757118,0.0,-0.8328197396601593,0.015190246157726272,0.0,0.8931492612966406,0.8610113838522963
-1.2249669964992675,-0.16100164822711013,1.6001311745838716,1.2987877735316071,-1.4545270240530206,-0.6017766833729703,-1.2249449980563965,1.114415949184135,-1.0116156075948353,0.0,-0.8328197396601593,0.015190246157726272,0.0,0.8931492612966406,0.8610113838522963
-0.2801028154439446,0.8437007554702182,1.6001311745838716,1.2987877735316071,-1.4545270240530206,-0.6017766833729703,-0.28004641531164814,-0.9349281088150123,1.2221676836308635,0.0,1.469306471464339,-1.2093507338753493,0.0,0.8931492612966406,0.8610113838522963
-0.2801028154439446,-0.16100164822711013,1.6001311745838716,1.2987877735316071,-1.4545270240530206,-0.6017766833729703,-0.28004641531164814,-0.8763754214436081,1.5085501568649273,0.0,-0.8328197396601593,-1.2093507338753493,0.0,0.8931492612966406,0.8610113838522963
-0.2801028154439446,0.8437007554702182,1.6001311745838716,1.2987877735316071,-1.4545270240530206,-0.6017766833729703,-0.28004641531164814,-0.6421646719579913,-0.3242976718330818,0.0,-0.0654443359519933,-1.2093507338753493,0.0,0.8931492612966406,0.8610113838522963
-0.2801028154439446,-1.1657040519244384,1.6001311745838716,1.2987877735316071,-1.4545270240530206,-0.6017766833729703,-0.28004641531164814,0.8802051996985182,-0.6679566397139585,0.0,-1.2165074415142423,-1.2093507338753493,0.0,0.8931492612966406,0.8610113838522963
-0.2801028154439446,-0.16100164822711013,1.6001311745838716,1.2987877735316071,-1.4545270240530206,-0.6017766833729703,-0.28004641531164814,1.7584955102695812,-1.641657048709776,0.0,-0.8328197396601593,-1.2093507338753493,0.0,0.8931492612966406,0.8610113838522963
0.42854532034754755,0.8437007554702182,1.6001311745838716,1.2987877735316071,-1.4545270240530206,-0.6017766833729703,0.428627521746913,-0.817822734072204,-0.7252331343607713,0.0,1.0856187696102557,-1.2093507338753493,0.0,0.8931492612966406,0.8610113838522963
0.42854532034754755,0.8437007554702182,1.6001311745838716,1.2987877735316071,-1.4545270240530206,-0.6017766833729703,0.428627521746913,-0.7592700467007997,0.7639557264563611,0.0,1.0856187696102557,-1.2093507338753493,0.0,0.8931492612966406,0.8610113838522963
0.42854532034754755,-1.1657040519244384,1.6001311745838716,1.2987877735316071,-1.4545270240530206,-0.6017766833729703,0.428627521746913,-0.5250592972151829,0.42029675857548443,0.0,-1.2165074415142423,-1.2093507338753493,0.0,0.8931492612966406,0.8610113838522963
0.42854532034754755,-1.1657040519244384,1.6001311745838716,1.2987877735316071,-1.4545270240530206,-0.6017766833729703,0.428627521746913,-0.4665066098437787,0.9357852103967995,0.0,-1.2165074415142423,-1.2093507338753493,0.0,0.8931492612966406,0.8610113838522963
1.3734095014028704,0.8437007554702182,1.6001311745838716,1.2987877735316071,-1.4545270240530206,-0.6017766833729703,1.3735261044916611,-0.17374317298675762,-0.8970626183012096,0.0,-0.0654443359519933,1.239731226190802,0.0,0.8931492612966406,0.8610113838522963
-1.697399087026929,0.8437007554702182,-1.4436650050276725,1.2987877735316071,-1.3388912128122985,-0.6017766833729703,-1.6973942894287704,0.8216525123271139,0.36302026392867165,0.0,1.469306471464339,0.015190246157726272,-0.9813631240879068,0.8931492612966406,0.8610113838522963
-1.4611830417630982,0.8437007554702182,-1.4436650050276725,1.2987877735316071,-1.3388912128122985,-0.6017766833729703,-1.4611696437425834,0.47033638809868866,0.19119077998823328,0.0,1.469306471464339,0.015190246157726272,-0.9813631240879068,0.8931492612966406,0.8610113838522963
-1.4611830417630982,-0.16100164822711013,-1.4436650050276725,1.2987877735316071,-1.3388912128122985,-0.6017766833729703,-1.4611696437425834,0.5288890754700929,1.623103146158553,0.0,-0.8328197396601593,0.015190246157726272,-0.9813631240879068,0.8931492612966406,0.8610113838522963
-0.5163188607077753,-1.1657040519244384,-1.4436650050276725,1.2987877735316071,-1.3388912128122985,-0.6017766833729703,-0.5162710609978353,0.23612563861307184,0.30574376928185887,0.0,-1.2165074415142423,-1.2093507338753493,-0.9813631240879068,0.8931492612966406,0.8610113838522963
-0.5163188607077753,-0.16100164822711013,-1.4436650050276725,1.2987877735316071,-1.3388912128122985,-0.6017766833729703,-0.5162710609978353,0.35323101335588025,-1.3552745754757118,0.0,-0.8328197396601593,-1.2093507338753493,-0.9813631240879068,0.8931492612966406,0.8610113838522963
-0.0438867701801139,0.8437007554702182,-1.4436650050276725,1.2987877735316071,-1.3388912128122985,-0.6017766833729703,-0.043821769625461124,0.8802051996985182,0.4775732532222972,0.0,-0.0654443359519933,-1.2093507338753493,-0.9813631240879068,0.8931492612966406,0.8610113838522963
-0.0438867701801139,0.8437007554702182,-1.4436650050276725,1.2987877735316071,-1.3388912128122985,-0.6017766833729703,-0.043821769625461124,0.9387578870699224,-0.5534036504203329,0.0,-0.0654443359519933,-1.2093507338753493,-0.9813631240879068,0.8931492612966406,0.8610113838522963
-1.697399087026929,0.8437007554702182,-0.9363656417590819,1.2987877735316071,-1.2232554015715762,-0.6017766833729703,-1.6973942894287704,1.1729686365555392,0.07663779069460772,0.0,-0.0654443359519933,0.015190246157726272,0.9813631240879068,0.8931492612966406,0.8610113838522963
-1.2249669964992675,-0.16100164822711013,-0.9363656417590819,1.2987877735316071,-1.2232554015715762,-0.6017766833729703,-1.2249449980563965,-1.403349607786246,0.6494027371627356,0.0,-0.8328197396601593,0.015190246157726272,0.9813631240879068,0.8931492612966406,0.8610113838522963
-1.2249669964992675,0.8437007554702182,-0.9363656417590819,1.2987877735316071,-1.2232554015715762,-0.6017766833729703,-1.2249449980563965,-0.9934807961864165,-1.0116156075948353,0.0,-0.4491320378060763,0.015190246157726272,0.9813631240879068,0.8931492612966406,0.8610113838522963
-1.2249669964992675,-0.16100164822711013,-0.9363656417590819,1.2987877735316071,-1.2232554015715762,-0.6017766833729703,-1.2249449980563965,-0.9349281088150123,0.5921262425159228,0.0,-0.8328197396601593,0.015190246157726272,0.9813631240879068,0.8931492612966406,0.8610113838522963
-0.9887509512354369,-0.16100164822711013,-0.9363656417590819,1.2987877735316071,-1.2232554015715762,-0.6017766833729703,-0.9887203523702093,0.7045471375843055,0.821232221103174,0.0,-0.8328197396601593,0.015190246157726272,0.9813631240879068,0.8931492612966406,0.8610113838522963
-0.7525349059716061,0.8437007554702182,-0.9363656417590819,1.2987877735316071,-1.2232554015715762,-0.6017766833729703,-0.7524957066840222,1.0558632618127308,-0.037915198599017846,0.0,-0.0654443359519933,0.015190246157726272,0.9813631240879068,0.8931492612966406,0.8610113838522963
-0.7525349059716061,0.8437007554702182,-0.9363656417590819,1.2987877735316071,-1.2232554015715762,-0.6017766833729703,-0.7524957066840222,1.114415949184135,-0.43885066112670734,0.0,1.469306471464339,0.015190246157726272,0.9813631240879068,0.8931492612966406,0.8610113838522963
-0.0438867701801139,0.8437007554702182,-0.9363656417590819,1.2987877735316071,-1.2232554015715762,-0.6017766833729703,-0.043821769625461124,0.4117837007272845,0.42029675857548443,0.0,1.469306471464339,-1.2093507338753493,0.9813631240879068,0.8931492612966406,0.8610113838522963
-0.0438867701801139,0.8437007554702182,-0.9363656417590819,1.2987877735316071,-1.2232554015715762,-0.6017766833729703,-0.043821769625461124,0.7045471375843055,1.050338199690425,0.0,1.469306471464339,-1.2093507338753493,0.9813631240879068,0.8931492612966406,0.8610113838522963
0.900977410875209,0.8437007554702182,-0.9363656417590819,1.2987877735316071,-1.2232554015715762,-0.6017766833729703,0.901076813119287,1.3486266986697517,1.5085501568649273,0.0,-0.4491320378060763,1.239731226190802,0.9813631240879068,0.8931492612966406,0.8610113838522963
0.900977410875209,0.8437007554702182,-0.9363656417590819,1.2987877735316071,-1.2232554015715762,-0.6017766833729703,0.901076813119287,1.4657320734125603,-1.1261685968884607,0.0,-0.4491320378060763,1.239731226190802,0.9813631240879068,0.8931492612966406,0.8610113838522963
0.900977410875209,0.8437007554702182,-0.9363656417590819,1.2987877735316071,-1.2232554015715762,-0.6017766833729703,0.901076813119287,1.5242847607839645,-0.6679566397139585,0.0,-0.4491320378060763,1.239731226190802,0.9813631240879068,0.8931492612966406,0.8610113838522963
1.6096255466667013,0.8437007554702182,-0.9363656417590819,1.2987877735316071,-1.2232554015715762,-0.6017766833729703,1.609750750177848,0.6459944502129013,0.821232221103174,0.0,-0.0654443359519933,1.239731226190802,0.9813631240879068,0.8931492612966406,0.8610113838522963
1.6096255466667013,0.8437007554702182,-0.9363656417590819,1.2987877735316071,-1.2232554015715762,-0.6017766833729703,1.609750750177848,0.7630998249557097,-1.584380554062963,0.0,-0.0654443359519933,1.239731226190802,0.9813631240879068,0.8931492612966406,0.8610113838522963
1.6096255466667013,0.8437007554702182,-0.9363656417590819,1.2987877735316071,-1.2232554015715762,-0.6017766833729703,1.609750750177848,1.4657320734125603,-0.6106801450671457,0.0,1.0856187696102557,1.239731226190802,0.9813631240879068,0.8931492612966406,0.8610113838522963
1.845841591930532,0.8437007554702182,-0.9363656417590819,1.2987877735316071,-1.2232554015715762,-0.6017766833729703,1.8459753958640353,-1.403349607786246,1.1648911889840505,0.0,1.0856187696102557,1.239731226190802,0.9813631240879068,0.8931492612966406,0.8610113838522963
1.845841591930532,-0.16100164822711013,-0.9363656417590819,1.2987877735316071,-1.2232554015715762,-0.6017766833729703,1.8459753958640353,-1.3447969204148418,0.4775732532222972,0.0,-0.8328197396601593,1.239731226190802,0.9813631240879068,0.8931492612966406,0.8610113838522963
-1.4611830417630982,0.8437007554702182,-0.42906627849049117,1.2987877735316071,-1.1076195903308539,-0.6017766833729703,-1.4611696437425834,-1.0520334835578207,-0.267021177186269,0.0,1.469306471464339,0.015190246157726272,1.4720446861318601,0.8931492612966406,0.8610113838522963
-0.7525349059716061,-2.1704064556217677,-0.42906627849049117,1.2987877735316071,-1.1076195903308539,-0.6017766833729703,-0.7524957066840222,0.9387578870699224,0.07663779069460772,0.0,0.7019310677561728,0.015190246157726272,1.4720446861318601,0.8931492612966406,0.8610113838522963
-0.2801028154439446,-1.1657040519244384,-0.42906627849049117,1.2987877735316071,-1.1076195903308539,-0.6017766833729703,-0.28004641531164814,-0.817822734072204,0.1339142853414205,0.0,-1.2165074415142423,-1.2093507338753493,1.4720446861318601,0.8931492612966406,0.8610113838522963
0.19232927508371683,0.8437007554702182,-0.42906627849049117,1.2987877735316071,-1.1076195903308539,-0.6017766833729703,0.19240287606072592,0.8802051996985182,-0.782509629007584,0.0,-0.4491320378060763,-1.2093507338753493,1.4720446861318601,0.8931492612966406,0.8610113838522963
0.42854532034754755,0.8437007554702182,-0.42906627849049117,1.2987877735316071,-1.1076195903308539,-0.6017766833729703,0.428627521746913,-1.696113044643267,0.7639557264563611,0.0,1.469306471464339,-1.2093507338753493,1.4720446861318601,0.8931492612966406,0.8610113838522963
0.42854532034754755,0.8437007554702182,-0.42906627849049117,1.2987877735316071,-1.1076195903308539,-0.6017766833729703,0.428627521746913,-1.5790076699004587,-1.4125510701225246,0.0,-0.4491320378060763,-1.2093507338753493,1.4720446861318601,0.8931492612966406,0.8610113838522963
0.900977410875209,0.8437007554702182,-0.42906627849049117,1.2987877735316071,-1.1076195903308539,-0.6017766833729703,0.901076813119287,0.6459944502129013,0.7066792318095484,0.0,1.0856187696102557,1.239731226190802,1.4720446861318601,0.8931492612966406,0.8610113838522963
0.900977410875209,0.8437007554702182,-0.42906627849049117,1.2987877735316071,-1.1076195903308539,-0.6017766833729703,0.901076813119287,0.7045471375843055,0.019361296047794935,0.0,1.0856187696102557,1.239731226190802,1.4720446861318601,0.8931492612966406,0.8610113838522963
-0.5163188607077753,0.8437007554702182,0.07823308477809952,1.2987877735316071,-0.9919837790901317,-0.6017766833729703,-0.5162710609978353,-0.7007173593293955,-0.8397861236543969,0.0,1.469306471464339,-1.2093507338753493,0.4906815620439534,0.8931492612966406,0.8610113838522963
0.19232927508371683,-1.1657040519244384,0.07823308477809952,1.2987877735316071,-0.9919837790901317,-0.6017766833729703,0.19240287606072592,1.2315213239269434,-1.1261685968884607,0.0,-1.2165074415142423,-1.2093507338753493,0.4906815620439534,0.8931492612966406,0.8610113838522963
0.42854532034754755,-1.1657040519244384,0.07823308477809952,1.2987877735316071,-0.9919837790901317,-0.6017766833729703,0.428627521746913,0.5874417628414971,0.53484974786911,0.0,-1.2165074415142423,-1.2093507338753493,0.4906815620439534,0.8931492612966406,0.8610113838522963
0.900977410875209,0.8437007554702182,0.07823308477809952,1.2987877735316071,-0.9919837790901317,-0.6017766833729703,0.901076813119287,-0.7007173593293955,0.19119077998823328,0.0,-0.0654443359519933,1.239731226190802,0.4906815620439534,0.8931492612966406,0.8610113838522963
1.1371934561390398,0.8437007554702182,0.07823308477809952,1.2987877735316071,-0.9919837790901317,-0.6017766833729703,1.1373014588054742,-0.5250592972151829,-0.8970626183012096,0.0,1.0856187696102557,1.239731226190802,0.4906815620439534,0.8931492612966406,0.8610113838522963
1.1371934561390398,0.8437007554702182,0.07823308477809952,1.2987877735316071,-0.9919837790901317,-0.6017766833729703,1.1373014588054742,-0.4665066098437787,0.4775732532222972,0.0,1.469306471464339,1.239731226190802,0.4906815620439534,0.8931492612966406,0.8610113838522963
1.3734095014028704,0.8437007554702182,0.07823308477809952,1.2987877735316071,-0.9919837790901317,-0.6017766833729703,1.3735261044916611,-1.5790076699004587,0.019361296047794935,0.0,1.469306471464339,1.239731226190802,0.4906815620439534,0.8931492612966406,0.8610113838522963
-1.2249669964992675,-0.16100164822711013,0.5855324480466901,1.2987877735316071,-0.8763479678494094,-0.6017766833729703,-1.2249449980563965,-1.403349607786246,0.7066792318095484,0.0,-0.8328197396601593,0.015190246157726272,-1.4720446861318601,0.8931492612966406,0.8610113838522963
-1.2249669964992675,-1.1657040519244384,0.5855324480466901,1.2987877735316071,-0.8763479678494094,-0.6017766833729703,-1.2249449980563965,1.0558632618127308,0.019361296047794935,0.0,-1.2165074415142423,0.015190246157726272,-1.4720446861318601,0.8931492612966406,0.8610113838522963
-1.2249669964992675,-1.1657040519244384,0.5855324480466901,1.2987877735316071,-0.8763479678494094,-0.6017766833729703,-1.2249449980563965,1.114415949184135,1.6803796408053657,0.0,-1.2165074415142423,0.015190246157726272,-1.4720446861318601,0.8931492612966406,0.8610113838522963
-0.7525349059716061,0.8437007554702182,0.5855324480466901,1.2987877735316071,-0.8763479678494094,-0.6017766833729703,-0.7524957066840222,1.0558632618127308,-1.068892102241648,0.0,-0.4491320378060763,0.015190246157726272,-1.4720446861318601,0.8931492612966406,0.8610113838522963
-0.2801028154439446,0.8437007554702182,0.5855324480466901,1.2987877735316071,-0.8763479678494094,-0.6017766833729703,-0.28004641531164814,-0.23229586035816183,-0.9543391129480224,0.0,1.469306471464339,-1.2093507338753493,-1.4720446861318601,0.8931492612966406,0.8610113838522963
-0.2801028154439446,0.8437007554702182,0.5855324480466901,1.2987877735316071,-0.8763479678494094,-0.6017766833729703,-0.28004641531164814,-0.17374317298675762,-0.7252331343607713,0.0,1.469306471464339,-1.2093507338753493,-1.4720446861318601,0.8931492612966406,0.8610113838522963
0.42854532034754755,-0.16100164822711013,0.5855324480466901,1.2987877735316071,-0.8763479678494094,-0.6017766833729703,0.428627521746913,0.23612563861307184,-1.584380554062963,0.0,-0.8328197396601593,-1.2093507338753493,-1.4720446861318601,0.8931492612966406,0.8610113838522963
0.42854532034754755,-0.16100164822711013,0.5855324480466901,1.2987877735316071,-0.8763479678494094,-0.6017766833729703,0.428627521746913,1.5242847607839645,-0.09519169324583063,0.0,-0.8328197396601593,-1.2093507338753493,-1.4720446861318601,0.8931492612966406,0.8610113838522963
1.3734095014028704,0.8437007554702182,0.5855324480466901,1.2987877735316071,-0.8763479678494094,-0.6017766833729703,1.3735261044916611,-0.9349281088150123,0.1339142853414205,0.0,1.0856187696102557,1.239731226190802,-1.4720446861318601,0.8931492612966406,0.8610113838522963
1.3734095014028704,0.8437007554702182,0.5855324480466901,1.2987877735316071,-0.8763479678494094,-0.6017766833729703,1.3735261044916611,-0.8763754214436081,-0.3242976718330818,0.0,1.0856187696102557,1.239731226190802,-1.4720446861318601,0.8931492612966406,0.8610113838522963
1.3734095014028704,0.8437007554702182,0.5855324480466901,1.2987877735316071,-0.8763479678494094,-0.6017766833729703,1.3735261044916611,-0.817822734072204,-0.5534036504203329,0.0,1.0856187696102557,1.239731226190802,-1.4720446861318601,0.8931492612966406,0.8610113838522963
1.845841591930532,0.8437007554702182,0.5855324480466901,1.2987877735316071,-0.8763479678494094,-0.6017766833729703,1.8459753958640353,-0.11519048561535342,-1.1834450915352734,0.0,1.469306471464339,1.239731226190802,-1.4720446861318601,0.8931492612966406,0.8610113838522963
-0.9887509512354369,-0.16100164822711013,1.0928318113152808,1.2987877735316071,-0.7607121566086872,-0.6017766833729703,-0.9887203523702093,-1.2276915456720334,-0.6679566397139585,0.0,-0.8328197396601593,0.015190246157726272,-0.4906815620439534,0.8931492612966406,0.8610113838522963
-0.7525349059716061,-1.1657040519244384,1.0928318113152808,1.2987877735316071,-0.7607121566086872,-0.6017766833729703,-0.7524957066840222,-1.5790076699004587,-1.2407215861820864,0.0,0.31824336590208974,0.015190246157726272,-0.4906815620439534,0.8931492612966406,0.8610113838522963
-0.7525349059716061,-1.1657040519244384,1.0928318113152808,1.2987877735316071,-0.7607121566086872,-0.6017766833729703,-0.7524957066840222,-1.5204549825290543,-1.6989335433565886,0.0,0.31824336590208974,0.015190246157726272,-0.4906815620439534,0.8931492612966406,0.8610113838522963
-0.7525349059716061,0.8437007554702182,1.0928318113152808,1.2987877735316071,-0.7607121566086872,-0.6017766833729703,-0.7524957066840222,-1.2276915456720334,0.821232221103174,0.0,1.469306471464339,0.015190246157726272,-0.4906815620439534,0.8931492612966406,0.8610113838522963
-0.2801028154439446,0.8437007554702182,1.0928318113152808,1.2987877735316071,-0.7607121566086872,-0.6017766833729703,-0.28004641531164814,1.2315213239269434,-0.8970626183012096,0.0,1.0856187696102557,-1.2093507338753493,-0.4906815620439534,0.8931492612966406,0.8610113838522963
-0.2801028154439446,0.8437007554702182,1.0928318113152808,1.2987877735316071,-0.7607121566086872,-0.6017766833729703,-0.28004641531164814,1.2315213239269434,1.4512736622181146,0.0,1.0856187696102557,-1.2093507338753493,-0.4906815620439534,0.8931492612966406,0.8610113838522963
-0.0438867701801139,0.8437007554702182,1.0928318113152808,1.2987877735316071,-0.7607121566086872,-0.6017766833729703,-0.043821769625461124,-0.4665066098437787,1.2221676836308635,0.0,1.0856187696102557,-1.2093507338753493,-0.4906815620439534,0.8931492612966406,0.8610113838522963
-0.0438867701801139,0.8437007554702182,1.0928318113152808,1.2987877735316071,-0.7607121566086872,-0.6017766833729703,-0.043821769625461124,-0.40795392247237444,1.1648911889840505,0.0,1.0856187696102557,-1.2093507338753493,-0.4906815620439534,0.8931492612966406,0.8610113838522963
-0.0438867701801139,-1.1657040519244384,1.0928318113152808,1.2987877735316071,-0.7607121566086872,-0.6017766833729703,-0.043821769625461124,0.47033638809868866,0.19119077998823328,0.0,-1.2165074415142423,-1.2093507338753493,-0.4906815620439534,0.8931492612966406,0.8610113838522963
0.19232927508371683,-0.16100164822711013,1.0928318113152808,1.2987877735316071,-0.7607121566086872,-0.6017766833729703,0.19240287606072592,0.0019148891274550072,1.1648911889840505,0.0,-0.8328197396601593,-1.2093507338753493,-0.4906815620439534,0.8931492612966406,0.8610113838522963
0.42854532034754755,0.8437007554702182,1.0928318113152808,1.2987877735316071,-0.7607121566086872,-0.6017766833729703,0.428627521746913,-0.817822734072204,0.9930617050436122,0.0,1.469306471464339,-1.2093507338753493,-0.4906815620439534,0.8931492612966406,0.8610113838522963
0.42854532034754755,0.8437007554702182,1.0928318113152808,1.2987877735316071,-0.7607121566086872,-0.6017766833729703,0.428627521746913,-0.7592700467007997,1.2794441782776762,0.0,-0.0654443359519933,-1.2093507338753493,-0.4906815620439534,0.8931492612966406,0.8610113838522963
1.3734095014028704,-1.1657040519244384,1.0928318113152808,1.2987877735316071,-0.7607121566086872,-0.6017766833729703,1.3735261044916611,0.7630998249557097,-1.4698275647693375,0.0,-1.2165074415142423,1.239731226190802,-0.4906815620439534,0.8931492612966406,0.8610113838522963
1.3734095014028704,0.8437007554702182,1.0928318113152808,1.2987877735316071,-0.7607121566086872,-0.6017766833729703,1.3735261044916611,0.8216525123271139,-0.1524681878926434,0.0,1.469306471464339,1.239731226190802,-0.4906815620439534,0.8931492612966406,0.8610113838522963
1.845841591930532,0.8437007554702182,1.0928318113152808,1.2987877735316071,-0.7607121566086872,-0.6017766833729703,1.8459753958640353,-0.9349281088150123,-0.1524681878926434,0.0,-0.0654443359519933,1.239731226190802,-0.4906815620439534,0.8931492612966406,0.8610113838522963
1.845841591930532,-1.1657040519244384,1.0928318113152808,1.2987877735316071,-0.7607121566086872,-0.6017766833729703,1.8459753958640353,1.3486266986697517,1.623103146158553,0.0,-1.2165074415142423,1.239731226190802,-0.4906815620439534,0.8931492612966406,0.8610113838522963
1.845841591930532,-1.1657040519244384,1.0928318113152808,1.2987877735316071,-0.7607121566086872,-0.6017766833729703,1.8459753958640353,1.4657320734125603,-0.6106801450671457,0.0,-1.2165074415142423,1.239731226190802,-0.4906815620439534,0.8931492612966406,0.8610113838522963
-1.2249669964992675,-1.1657040519244384,1.6001311745838716,1.2987877735316071,-0.6450763453679649,-0.6017766833729703,-1.2249449980563965,0.9973105744413265,-0.4961271557735201,0.0,-1.2165074415142423,0.015190246157726272,0.0,0.8931492612966406,0.8610113838522963
0.6647613656113783,0.8437007554702182,1.6001311745838716,1.2987877735316071,-0.6450763453679649,-0.6017766833729703,0.6648521674331,1.3486266986697517,0.9930617050436122,0.0,-0.0654443359519933,1.239731226190802,0.0,0.8931492612966406,0.8610113838522963
0.900977410875209,0.8437007554702182,1.6001311745838716,1.2987877735316071,-0.6450763453679649,-0.6017766833729703,0.901076813119287,-0.9934807961864165,1.336720672924489,0.0,1.0856187696102557,1.239731226190802,0.0,0.8931492612966406,0.8610113838522963
0.900977410875209,0.8437007554702182,1.6001311745838716,1.2987877735316071,-0.6450763453679649,-0.6017766833729703,0.901076813119287,-0.8763754214436081,-1.5271040594161502,0.0,1.0856187696102557,1.239731226190802,0.0,0.8931492612966406,0.8610113838522963
1.3734095014028704,0.8437007554702182,1.6001311745838716,1.2987877735316071,-0.6450763453679649,-0.6017766833729703,1.3735261044916611,0.5288890754700929,-1.2407215861820864,0.0,-0.4491320378060763,1.239731226190802,0.0,0.8931492612966406,0.8610113838522963
1.3734095014028704,0.8437007554702182,1.6001311745838716,1.2987877735316071,-0.6450763453679649,-0.6017766833729703,1.3735261044916611,0.5874417628414971,-1.3552745754757118,0.0,-0.4491320378060763,1.239731226190802,0.0,0.8931492612966406,0.8610113838522963
-1.697399087026929,0.8437007554702182,-1.4436650050276725,1.2987877735316071,-0.5294405341272427,-0.6017766833729703,-1.6973942894287704,1.114415949184135,-0.2097446825394562,0.0,-0.4491320378060763,0.015190246157726272,-0.9813631240879068,0.8931492612966406,0.8610113838522963
-1.2249669964992675,-0.16100164822711013,-1.4436650050276725,1.2987877735316071,-0.5294405341272427,-0.6017766833729703,-1.2249449980563965,1.3486266986697517,-0.267021177186269,0.0,-0.8328197396601593,0.015190246157726272,-0.9813631240879068,0.8931492612966406,0.8610113838522963
-0.9887509512354369,-1.1657040519244384,-1.4436650050276725,1.2987877735316071,-0.5294405341272427,-0.6017766833729703,-0.9887203523702093,-0.583611984586587,-1.1834450915352734,0.0,0.31824336590208974,0.015190246157726272,-0.9813631240879068,0.8931492612966406,0.8610113838522963
0.42854532034754755,0.8437007554702182,-1.4436650050276725,1.2987877735316071,-0.5294405341272427,-0.6017766833729703,0.428627521746913,-0.6421646719579913,0.821232221103174,0.0,-0.4491320378060763,-1.2093507338753493,-0.9813631240879068,0.8931492612966406,0.8610113838522963
0.42854532034754755,0.8437007554702182,-1.4436650050276725,1.2987877735316071,-0.5294405341272427,-0.6017766833729703,0.428627521746913,-0.583611984586587,1.2794441782776762,0.0,1.0856187696102557,-1.2093507338753493,-0.9813631240879068,0.8931492612966406,0.8610113838522963
0.6647613656113783,0.8437007554702182,-1.4436650050276725,1.2987877735316071,-0.5294405341272427,-0.6017766833729703,0.6648521674331,0.23612563861307184,0.1339142853414205,0.0,-0.4491320378060763,1.239731226190802,-0.9813631240879068,0.8931492612966406,0.8610113838522963
1.1371934561390398,0.8437007554702182,-1.4436650050276725,1.2987877735316071,-0.5294405341272427,-0.6017766833729703,1.1373014588054742,-1.696113044643267,0.9357852103967995,0.0,1.469306471464339,1.239731226190802,-0.9813631240879068,0.8931492612966406,0.8610113838522963
1.1371934561390398,0.8437007554702182,-1.4436650050276725,1.2987877735316071,-0.5294405341272427,-0.6017766833729703,1.1373014588054742,-1.4619022951576501,-0.8397861236543969,0.0,1.0856187696102557,1.239731226190802,-0.9813631240879068,0.8931492612966406,0.8610113838522963
1.6096255466667013,0.8437007554702182,-1.4436650050276725,1.2987877735316071,-0.5294405341272427,-0.6017766833729703,1.609750750177848,-1.2276915456720334,0.07663779069460772,0.0,1.469306471464339,1.239731226190802,-0.9813631240879068,0.8931492612966406,0.8610113838522963
1.6096255466667013,0.8437007554702182,-1.4436650050276725,1.2987877735316071,-0.5294405341272427,-0.6017766833729703,1.609750750177848,-1.1691388583006292,0.9357852103967995,0.0,1.469306471464339,1.239731226190802,-0.9813631240879068,0.8931492612966406,0.8610113838522963
-0.9887509512354369,0.8437007554702182,-0.9363656417590819,1.2987877735316071,-0.4138047228865204,-0.6017766833729703,-0.9887203523702093,-1.5204549825290543,-1.2407215861820864,0.0,1.469306471464339,0.015190246157726272,0.9813631240879068,0.8931492612966406,0.8610113838522963
-0.2801028154439446,0.8437007554702182,-0.9363656417590819,1.2987877735316071,-0.4138047228865204,-0.6017766833729703,-0.28004641531164814,-0.817822734072204,0.8785087157499867,0.0,1.469306471464339,-1.2093507338753493,0.9813631240879068,0.8931492612966406,0.8610113838522963
-0.0438867701801139,0.8437007554702182,-0.9363656417590819,1.2987877735316071,-0.4138047228865204,-0.6017766833729703,-0.043821769625461124,0.5874417628414971,-0.8970626183012096,0.0,1.469306471464339,-1.2093507338753493,0.9813631240879068,0.8931492612966406,0.8610113838522963
0.42854532034754755,0.8437007554702182,-0.9363656417590819,1.2987877735316071,-0.4138047228865204,-0.6017766833729703,0.428627521746913,1.0558632618127308,-0.8970626183012096,0.0,1.0856187696102557,-1.2093507338753493,0.9813631240879068,0.8931492612966406,0.8610113838522963
0.42854532034754755,0.8437007554702182,-0.9363656417590819,1.2987877735316071,-0.4138047228865204,-0.6017766833729703,0.428627521746913,1.114415949184135,-1.4698275647693375,0.0,1.0856187696102557,-1.2093507338753493,0.9813631240879068,0.8931492612966406,0.8610113838522963
0.42854532034754755,0.8437007554702182,-0.9363656417590819,1.2987877735316071,-0.4138047228865204,-0.6017766833729703,0.428627521746913,1.1729686365555392,-1.5271040594161502,0.0,-0.0654443359519933,-1.2093507338753493,0.9813631240879068,0.8931492612966406,0.8610113838522963
0.900977410875209,0.8437007554702182,-0.9363656417590819,1.2987877735316071,-0.4138047228865204,-0.6017766833729703,0.901076813119287,0.9387578870699224,-0.8970626183012096,0.0,-0.4491320378060763,1.239731226190802,0.9813631240879068,0.8931492612966406,0.8610113838522963
1.3734095014028704,0.8437007554702182,-0.9363656417590819,1.2987877735316071,-0.4138047228865204,-0.6017766833729703,1.3735261044916611,-1.2862442330434376,1.56582665151174,0.0,1.469306471464339,1.239731226190802,0.9813631240879068,0.8931492612966406,0.8610113838522963
1.3734095014028704,0.8437007554702182,-0.9363656417590819,1.2987877735316071,-0.4138047228865204,-0.6017766833729703,1.3735261044916611,-1.1691388583006292,-0.4961271557735201,0.0,-0.0654443359519933,1.239731226190802,0.9813631240879068,0.8931492612966406,0.8610113838522963
-1.4611830417630982,-0.16100164822711013,-0.42906627849049117,1.2987877735316071,-0.2981689116457982,-0.6017766833729703,-1.4611696437425834,-1.1691388583006292,-1.1261685968884607,0.0,-0.8328197396601593,0.015190246157726272,1.4720446861318601,0.8931492612966406,0.8610113838522963
-0.9887509512354369,0.8437007554702182,-0.42906627849049117,1.2987877735316071,-0.2981689116457982,-0.6017766833729703,-0.9887203523702093,0.47033638809868866,0.7639557264563611,0.0,1.469306471464339,0.015190246157726272,1.4720446861318601,0.8931492612966406,0.8610113838522963
-0.2801028154439446,-0.16100164822711013,-0.42906627849049117,1.2987877735316071,-0.2981689116457982,-0.6017766833729703,-0.28004641531164814,-0.583611984586587,1.3939971675713017,0.0,-0.8328197396601593,-1.2093507338753493,1.4720446861318601,0.8931492612966406,0.8610113838522963
-0.2801028154439446,-0.16100164822711013,-0.42906627849049117,1.2987877735316071,-0.2981689116457982,-0.6017766833729703,-0.28004641531164814,-0.5250592972151829,1.623103146158553,0.0,-0.8328197396601593,-1.2093507338753493,1.4720446861318601,0.8931492612966406,0.8610113838522963
-0.0438867701801139,-0.16100164822711013,-0.42906627849049117,1.2987877735316071,-0.2981689116457982,-0.6017766833729703,-0.043821769625461124,-0.7007173593293955,0.019361296047794935,0.0,-0.8328197396601593,-1.2093507338753493,1.4720446861318601,0.8931492612966406,0.8610113838522963
-0.0438867701801139,0.8437007554702182,-0.42906627849049117,1.2987877735316071,-0.2981689116457982,-0.6017766833729703,-0.043821769625461124,0.9973105744413265,1.623103146158553,0.0,1.469306471464339,-1.2093507338753493,1.4720446861318601,0.8931492612966406,0.8610113838522963
-1.2249669964992675,0.8437007554702182,0.07823308477809952,1.2987877735316071,-0.1825331004050759,-0.6017766833729703,-1.2249449980563965,0.4117837007272845,-0.1524681878926434,0.0,1.469306471464339,0.015190246157726272,0.4906815620439534,0.8931492612966406,0.8610113838522963
-0.9887509512354369,-1.1657040519244384,0.07823308477809952,1.2987877735316071,-0.1825331004050759,-0.6017766833729703,-0.9887203523702093,-1.3447969204148418,0.7066792318095484,0.0,-1.2165074415142423,0.015190246157726272,0.4906815620439534,0.8931492612966406,0.8610113838522963
-0.5163188607077753,-2.1704064556217677,0.07823308477809952,1.2987877735316071,-0.1825331004050759,-0.6017766833729703,-0.5162710609978353,1.114415949184135,1.1648911889840505,0.0,0.7019310677561728,-1.2093507338753493,0.4906815620439534,0.8931492612966406,0.8610113838522963
0.19232927508371683,0.8437007554702182,0.07823308477809952,1.2987877735316071,-0.1825331004050759,-0.6017766833729703,0.19240287606072592,-1.5204549825290543,0.8785087157499867,0.0,-0.4491320378060763,-1.2093507338753493,0.4906815620439534,0.8931492612966406,0.8610113838522963
0.19232927508371683,0.8437007554702182,0.07823308477809952,1.2987877735316071,-0.1825331004050759,-0.6017766833729703,0.19240287606072592,-1.4619022951576501,1.5085501568649273,0.0,1.469306471464339,-1.2093507338753493,0.4906815620439534,0.8931492612966406,0.8610113838522963
0.19232927508371683,0.8437007554702182,0.07823308477809952,1.2987877735316071,-0.1825331004050759,-0.6017766833729703,0.19240287606072592,-1.403349607786246,1.1076146943372378,0.0,-0.4491320378060763,-1.2093507338753493,0.4906815620439534,0.8931492612966406,0.8610113838522963
0.42854532034754755,-0.16100164822711013,0.07823308477809952,1.2987877735316071,-0.1825331004050759,-0.6017766833729703,0.428627521746913,-0.9349281088150123,-1.2407215861820864,0.0,-0.8328197396601593,-1.2093507338753493,0.4906815620439534,0.8931492612966406,0.8610113838522963
0.42854532034754755,0.8437007554702182,0.07823308477809952,1.2987877735316071,-0.1825331004050759,-0.6017766833729703,0.428627521746913,-0.8763754214436081,-0.4961271557735201,0.0,-0.4491320378060763,-1.2093507338753493,0.4906815620439534,0.8931492612966406,0.8610113838522963
1.1371934561390398,0.8437007554702182,0.07823308477809952,1.2987877735316071,-0.1825331004050759,-0.6017766833729703,1.1373014588054742,0.8216525123271139,-0.2097446825394562,0.0,1.0856187696102557,1.239731226190802,0.4906815620439534,0.8931492612966406,0.8610113838522963
1.1371934561390398,0.8437007554702182,0.07823308477809952,1.2987877735316071,-0.1825331004050759,-0.6017766833729703,1.1373014588054742,0.9973105744413265,0.42029675857548443,0.0,1.0856187696102557,1.239731226190802,0.4906815620439534,0.8931492612966406,0.8610113838522963
1.3734095014028704,0.8437007554702182,0.07823308477809952,1.2987877735316071,-0.1825331004050759,-0.6017766833729703,1.3735261044916611,0.11902026387026342,0.019361296047794935,0.0,-0.0654443359519933,1.239731226190802,0.4906815620439534,0.8931492612966406,0.8610113838522963
1.3734095014028704,0.8437007554702182,0.07823308477809952,1.2987877735316071,-0.1825331004050759,-0.6017766833729703,1.3735261044916611,0.17757295124166764,0.019361296047794935,0.0,1.0856187696102557,1.239731226190802,0.4906815620439534,0.8931492612966406,0.8610113838522963
1.6096255466667013,0.8437007554702182,0.07823308477809952,1.2987877735316071,-0.1825331004050759,-0.6017766833729703,1.609750750177848,-0.29084854772956603,0.07663779069460772,0.0,1.469306471464339,1.239731226190802,0.4906815620439534,0.8931492612966406,0.8610113838522963
1.845841591930532,0.8437007554702182,0.07823308477809952,1.2987877735316071,-0.1825331004050759,-0.6017766833729703,1.8459753958640353,0.6459944502129013,0.7066792318095484,0.0,1.469306471464339,1.239731226190802,0.4906815620439534,0.8931492612966406,0.8610113838522963
-1.4611830417630982,-0.16100164822711013,0.5855324480466901,1.2987877735316071,-0.06689728916435364,-0.6017766833729703,-1.4611696437425834,0.9387578870699224,1.2221676836308635,0.0,-0.8328197396601593,0.015190246157726272,-1.4720446861318601,0.8931492612966406,0.8610113838522963
-0.7525349059716061,-0.16100164822711013,0.5855324480466901,1.2987877735316071,-0.06689728916435364,-0.6017766833729703,-0.7524957066840222,-1.403349607786246,1.336720672924489,0.0,-0.8328197396601593,0.015190246157726272,-1.4720446861318601,0.8931492612966406,0.8610113838522963
-0.5163188607077753,0.8437007554702182,0.5855324480466901,1.2987877735316071,-0.06689728916435364,-0.6017766833729703,-0.5162710609978353,-1.1691388583006292,-1.6989335433565886,0.0,-0.0654443359519933,-1.2093507338753493,-1.4720446861318601,0.8931492612966406,0.8610113838522963
-0.5163188607077753,0.8437007554702182,0.5855324480466901,1.2987877735316071,-0.06689728916435364,-0.6017766833729703,-0.5162710609978353,-0.8763754214436081,-0.6679566397139585,0.0,-0.0654443359519933,-1.2093507338753493,-1.4720446861318601,0.8931492612966406,0.8610113838522963
-0.2801028154439446,0.8437007554702182,0.5855324480466901,1.2987877735316071,-0.06689728916435364,-0.6017766833729703,-0.28004641531164814,1.6413901355267728,0.19119077998823328,0.0,1.469306471464339,-1.2093507338753493,-1.4720446861318601,0.8931492612966406,0.8610113838522963
0.19232927508371683,-1.1657040519244384,0.5855324480466901,1.2987877735316071,-0.06689728916435364,-0.6017766833729703,0.19240287606072592,-0.583611984586587,1.1648911889840505,0.0,-1.2165074415142423,-1.2093507338753493,-1.4720446861318601,0.8931492612966406,0.8610113838522963
0.6647613656113783,-0.16100164822711013,0.5855324480466901,1.2987877735316071,-0.06689728916435364,-0.6017766833729703,0.6648521674331,0.35323101335588025,0.6494027371627356,0.0,-0.8328197396601593,1.239731226190802,-1.4720446861318601,0.8931492612966406,0.8610113838522963
0.6647613656113783,0.8437007554702182,0.5855324480466901,1.2987877735316071,-0.06689728916435364,-0.6017766833729703,0.6648521674331,1.5242847607839645,-1.641657048709776,0.0,1.469306471464339,1.239731226190802,-1.4720446861318601,0.8931492612966406,0.8610113838522963
0.900977410875209,0.8437007554702182,0.5855324480466901,1.2987877735316071,-0.06689728916435364,-0.6017766833729703,0.901076813119287,-0.9934807961864165,0.821232221103174,0.0,1.0856187696102557,1.239731226190802,-1.4720446861318601,0.8931492612966406,0.8610113838522963
0.900977410875209,-0.16100164822711013,0.5855324480466901,1.2987877735316071,-0.06689728916435364,-0.6017766833729703,0.901076813119287,0.7630998249557097,-0.4961271557735201,0.0,-0.8328197396601593,1.239731226190802,-1.4720446861318601,0.8931492612966406,0.8610113838522963
0.900977410875209,-0.16100164822711013,0.5855324480466901,1.2987877735316071,-0.06689728916435364,-0.6017766833729703,0.901076813119287,0.8216525123271139,-0.4961271557735201,0.0,-0.8328197396601593,1.239731226190802,-1.4720446861318601,0.8931492612966406,0.8610113838522963
-0.9887509512354369,-1.1657040519244384,1.0928318113152808,1.2987877735316071,0.048738522076368605,-0.6017766833729703,-0.9887203523702093,-0.4665066098437787,0.24846727463504606,0.0,0.31824336590208974,0.015190246157726272,-0.4906815620439534,0.8931492612966406,0.8610113838522963
-0.9887509512354369,-1.1657040519244384,1.0928318113152808,1.2987877735316071,0.048738522076368605,-0.6017766833729703,-0.9887203523702093,0.9387578870699224,1.2221676836308635,0.0,0.31824336590208974,0.015190246157726272,-0.4906815620439534,0.8931492612966406,0.8610113838522963
-0.7525349059716061,0.8437007554702182,1.0928318113152808,1.2987877735316071,0.048738522076368605,-0.6017766833729703,-0.7524957066840222,-1.5790076699004587,-1.6989335433565886,0.0,1.0856187696102557,0.015190246157726272,-0.4906815620439534,0.8931492612966406,0.8610113838522963
-0.7525349059716061,0.8437007554702182,1.0928318113152808,1.2987877735316071,0.048738522076368605,-0.6017766833729703,-0.7524957066840222,-1.5204549825290543,-1.3552745754757118,0.0,1.469306471464339,0.015190246157726272,-0.4906815620439534,0.8931492612966406,0.8610113838522963
-0.7525349059716061,-1.1657040519244384,1.0928318113152808,1.2987877735316071,0.048738522076368605,-0.6017766833729703,-0.7524957066840222,0.5874417628414971,-0.3242976718330818,0.0,-1.2165074415142423,0.015190246157726272,-0.4906815620439534,0.8931492612966406,0.8610113838522963
-0.5163188607077753,0.8437007554702182,1.0928318113152808,1.2987877735316071,0.048738522076368605,-0.6017766833729703,-0.5162710609978353,0.06046757649885921,-0.8970626183012096,0.0,-0.4491320378060763,-1.2093507338753493,-0.4906815620439534,0.8931492612966406,0.8610113838522963
-0.5163188607077753,-0.16100164822711013,1.0928318113152808,1.2987877735316071,0.048738522076368605,-0.6017766833729703,-0.5162710609978353,0.11902026387026342,1.1648911889840505,0.0,-0.8328197396601593,-1.2093507338753493,-0.4906815620439534,0.8931492612966406,0.8610113838522963
-0.5163188607077753,0.8437007554702182,1.0928318113152808,1.2987877735316071,0.048738522076368605,-0.6017766833729703,-0.5162710609978353,1.114415949184135,0.30574376928185887,0.0,1.469306471464339,-1.2093507338753493,-0.4906815620439534,0.8931492612966406,0.8610113838522963
-0.5163188607077753,0.8437007554702182,1.0928318113152808,1.2987877735316071,0.048738522076368605,-0.6017766833729703,-0.5162710609978353,1.1729686365555392,0.30574376928185887,0.0,1.469306471464339,-1.2093507338753493,-0.4906815620439534,0.8931492612966406,0.8610113838522963
-0.2801028154439446,-0.16100164822711013,1.0928318113152808,1.2987877735316071,0.048738522076368605,-0.6017766833729703,-0.28004641531164814,-0.7592700467007997,1.4512736622181146,0.0,-0.8328197396601593,-1.2093507338753493,-0.4906815620439534,0.8931492612966406,0.8610113838522963
-0.2801028154439446,0.8437007554702182,1.0928318113152808,1.2987877735316071,0.048738522076368605,-0.6017766833729703,-0.28004641531164814,-0.6421646719579913,-1.6989335433565886,0.0,1.469306471464339,-1.2093507338753493,-0.4906815620439534,0.8931492612966406,0.8610113838522963
-0.2801028154439446,0.8437007554702182,1.0928318113152808,1.2987877735316071,0.048738522076368605,-0.6017766833729703,-0.28004641531164814,-0.583611984586587,-1.1834450915352734,0.0,1.469306471464339,-1.2093507338753493,-0.4906815620439534,0.8931492612966406,0.8610113838522963
-0.0438867701801139,-0.16100164822711013,1.0928318113152808,1.2987877735316071,0.048738522076368605,-0.6017766833729703,-0.043821769625461124,-0.23229586035816183,0.9930617050436122,0.0,-0.8328197396601593,-1.2093507338753493,-0.4906815620439534,0.8931492612966406,0.8610113838522963
-0.9887509512354369,-0.16100164822711013,1.6001311745838716,1.2987877735316071,0.16437433331709086,-0.6017766833729703,-0.9887203523702093,0.0019148891274550072,0.36302026392867165,0.0,-0.8328197396601593,0.015190246157726272,0.0,0.8931492612966406,0.8610113838522963
-0.2801028154439446,-0.16100164822711013,1.6001311745838716,1.2987877735316071,0.16437433331709086,-0.6017766833729703,-0.28004641531164814,0.35323101335588025,-0.6106801450671457,0.0,-0.8328197396601593,-1.2093507338753493,0.0,0.8931492612966406,0.8610113838522963
-0.0438867701801139,-1.1657040519244384,1.6001311745838716,1.2987877735316071,0.16437433331709086,-0.6017766833729703,-0.043821769625461124,-0.6421646719579913,0.6494027371627356,0.0,-1.2165074415142423,-1.2093507338753493,0.0,0.8931492612966406,0.8610113838522963
-0.0438867701801139,-0.16100164822711013,1.6001311745838716,1.2987877735316071,0.16437433331709086,-0.6017766833729703,-0.043821769625461124,0.23612563861307184,0.5921262425159228,0.0,-0.8328197396601593,-1.2093507338753493,0.0,0.8931492612966406,0.8610113838522963
0.42854532034754755,0.8437007554702182,1.6001311745838716,1.2987877735316071,0.16437433331709086,-0.6017766833729703,0.428627521746913,-0.11519048561535342,-0.2097446825394562,0.0,1.469306471464339,-1.2093507338753493,0.0,0.8931492612966406,0.8610113838522963
0.42854532034754755,0.8437007554702182,1.6001311745838716,1.2987877735316071,0.16437433331709086,-0.6017766833729703,0.428627521746913,-0.056637798243949204,0.30574376928185887,0.0,1.469306471464339,-1.2093507338753493,0.0,0.8931492612966406,0.8610113838522963
0.900977410875209,0.8437007554702182,1.6001311745838716,1.2987877735316071,0.16437433331709086,-0.6017766833729703,0.901076813119287,-1.110586170929225,-1.3552745754757118,0.0,1.0856187696102557,1.239731226190802,0.0,0.8931492612966406,0.8610113838522963
1.1371934561390398,0.8437007554702182,1.6001311745838716,1.2987877735316071,0.16437433331709086,-0.6017766833729703,1.1373014588054742,-0.7007173593293955,0.24846727463504606,0.0,1.0856187696102557,1.239731226190802,0.0,0.8931492612966406,0.8610113838522963
1.1371934561390398,0.8437007554702182,1.6001311745838716,1.2987877735316071,0.16437433331709086,-0.6017766833729703,1.1373014588054742,-0.6421646719579913,-0.1524681878926434,0.0,1.0856187696102557,1.239731226190802,0.0,0.8931492612966406,0.8610113838522963
-1.697399087026929,-0.16100164822711013,-1.4436650050276725,1.2987877735316071,0.2800101445578131,-0.6017766833729703,-1.6973942894287704,1.3486266986697517,-0.6106801450671457,0.0,-0.8328197396601593,0.015190246157726272,-0.9813631240879068,0.8931492612966406,0.8610113838522963
-1.697399087026929,-0.16100164822711013,-1.4436650050276725,1.2987877735316071,0.2800101445578131,-0.6017766833729703,-1.6973942894287704,1.407179386041156,-0.782509629007584,0.0,-0.8328197396601593,0.015190246157726272,-0.9813631240879068,0.8931492612966406,0.8610113838522963
-1.697399087026929,0.8437007554702182,-1.4436650050276725,1.2987877735316071,0.2800101445578131,-0.6017766833729703,-1.6973942894287704,1.6413901355267728,-0.43885066112670734,0.0,1.469306471464339,0.015190246157726272,-0.9813631240879068,0.8931492612966406,0.8610113838522963
0.42854532034754755,0.8437007554702182,-1.4436650050276725,1.2987877735316071,0.2800101445578131,-0.6017766833729703,0.428627521746913,0.8802051996985182,1.1076146943372378,0.0,1.469306471464339,-1.2093507338753493,-0.9813631240879068,0.8931492612966406,0.8610113838522963
0.42854532034754755,0.8437007554702182,-1.4436650050276725,1.2987877735316071,0.2800101445578131,-0.6017766833729703,0.428627521746913,0.9973105744413265,1.2794441782776762,0.0,1.469306471464339,-1.2093507338753493,-0.9813631240879068,0.8931492612966406,0.8610113838522963
0.900977410875209,0.8437007554702182,-1.4436650050276725,1.2987877735316071,0.2800101445578131,-0.6017766833729703,0.901076813119287,1.2315213239269434,1.3939971675713017,0.0,1.469306471464339,1.239731226190802,-0.9813631240879068,0.8931492612966406,0.8610113838522963
-1.697399087026929,0.8437007554702182,-0.9363656417590819,1.2987877735316071,0.39564595579853534,-0.6017766833729703,-1.6973942894287704,1.1729686365555392,-1.6989335433565886,0.0,-0.0654443359519933,0.015190246157726272,0.9813631240879068,0.8931492612966406,0.8610113838522963
-1.697399087026929,-0.16100164822711013,-0.9363656417590819,1.2987877735316071,0.39564595579853534,-0.6017766833729703,-1.6973942894287704,1.2900740112983475,-0.9543391129480224,0.0,-0.8328197396601593,0.015190246157726272,0.9813631240879068,0.8931492612966406,0.8610113838522963
-1.697399087026929,0.8437007554702182,-0.9363656417590819,1.2987877735316071,0.39564595579853534,-0.6017766833729703,-1.6973942894287704,1.3486266986697517,-0.9543391129480224,0.0,1.469306471464339,0.015190246157726272,0.9813631240879068,0.8931492612966406,0.8610113838522963
-1.697399087026929,-2.1704064556217677,-0.9363656417590819,1.2987877735316071,0.39564595579853534,-0.6017766833729703,-1.6973942894287704,1.407179386041156,0.4775732532222972,0.0,0.7019310677561728,0.015190246157726272,0.9813631240879068,0.8931492612966406,0.8610113838522963
-1.697399087026929,0.8437007554702182,-0.9363656417590819,1.2987877735316071,0.39564595579853534,-0.6017766833729703,-1.6973942894287704,1.4657320734125603,0.9357852103967995,0.0,1.469306471464339,0.015190246157726272,0.9813631240879068,0.8931492612966406,0.8610113838522963
-0.9887509512354369,-0.16100164822711013,-0.9363656417590819,1.2987877735316071,0.39564595579853534,-0.6017766833729703,-0.9887203523702093,0.0019148891274550072,-0.38157416647989456,0.0,-0.8328197396601593,0.015190246157726272,0.9813631240879068,0.8931492612966406,0.8610113838522963
-0.7525349059716061,0.8437007554702182,-0.9363656417590819,1.2987877735316071,0.39564595579853534,-0.6017766833729703,-0.7524957066840222,-1.2862442330434376,-1.1834450915352734,0.0,1.469306471464339,0.015190246157726272,0.9813631240879068,0.8931492612966406,0.8610113838522963
0.42854532034754755,0.8437007554702182,-0.9363656417590819,1.2987877735316071,0.39564595579853534,-0.6017766833729703,0.428627521746913,-0.40795392247237444,0.5921262425159228,0.0,-0.0654443359519933,-1.2093507338753493,0.9813631240879068,0.8931492612966406,0.8610113838522963
0.42854532034754755,0.8437007554702182,-0.9363656417590819,1.2987877735316071,0.39564595579853534,-0.6017766833729703,0.428627521746913,-0.34940123510097026,1.6803796408053657,0.0,-0.0654443359519933,-1.2093507338753493,0.9813631240879068,0.8931492612966406,0.8610113838522963
0.42854532034754755,0.8437007554702182,-0.9363656417590819,1.2987877735316071,0.39564595579853534,-0.6017766833729703,0.428627521746913,0.7045471375843055,-1.5271040594161502,0.0,-0.4491320378060763,-1.2093507338753493,0.9813631240879068,0.8931492612966406,0.8610113838522963
0.42854532034754755,0.8437007554702182,-0.9363656417590819,1.2987877735316071,0.39564595579853534,-0.6017766833729703,0.428627521746913,1.0558632618127308,0.6494027371627356,0.0,-0.4491320378060763,-1.2093507338753493,0.9813631240879068,0.8931492612966406,0.8610113838522963
-0.2801028154439446,-0.16100164822711013,-0.42906627849049117,1.2987877735316071,0.5112817670392577,-0.6017766833729703,-0.28004641531164814,0.0019148891274550072,0.4775732532222972,0.0,-0.8328197396601593,-1.2093507338753493,1.4720446861318601,0.8931492612966406,0.8610113838522963
0.42854532034754755,0.8437007554702182,-0.42906627849049117,1.2987877735316071,0.5112817670392577,-0.6017766833729703,0.428627521746913,0.2946783259844761,1.1648911889840505,0.0,1.469306471464339,-1.2093507338753493,1.4720446861318601,0.8931492612966406,0.8610113838522963
0.6647613656113783,0.8437007554702182,-0.42906627849049117,1.2987877735316071,0.5112817670392577,-0.6017766833729703,0.6648521674331,1.1729686365555392,1.2221676836308635,0.0,-0.4491320378060763,1.239731226190802,1.4720446861318601,0.8931492612966406,0.8610113838522963
0.6647613656113783,0.8437007554702182,-0.42906627849049117,1.2987877735316071,0.5112817670392577,-0.6017766833729703,0.6648521674331,1.2315213239269434,1.1076146943372378,0.0,1.0856187696102557,1.239731226190802,1.4720446861318601,0.8931492612966406,0.8610113838522963
-0.7525349059716061,-1.1657040519244384,0.07823308477809952,1.2987877735316071,0.6269175782799798,-0.6017766833729703,-0.7524957066840222,-1.3447969204148418,-1.068892102241648,0.0,0.31824336590208974,0.015190246157726272,0.4906815620439534,0.8931492612966406,0.8610113838522963
-0.5163188607077753,0.8437007554702182,0.07823308477809952,1.2987877735316071,0.6269175782799798,-0.6017766833729703,-0.5162710609978353,0.23612563861307184,0.36302026392867165,0.0,1.469306471464339,-1.2093507338753493,0.4906815620439534,0.8931492612966406,0.8610113838522963
-0.5163188607077753,0.8437007554702182,0.07823308477809952,1.2987877735316071,0.6269175782799798,-0.6017766833729703,-0.5162710609978353,1.7584955102695812,0.8785087157499867,0.0,-0.0654443359519933,-1.2093507338753493,0.4906815620439534,0.8931492612966406,0.8610113838522963
-0.2801028154439446,0.8437007554702182,0.07823308477809952,1.2987877735316071,0.6269175782799798,-0.6017766833729703,-0.28004641531164814,-1.696113044643267,0.9930617050436122,0.0,-0.0654443359519933,-1.2093507338753493,0.4906815620439534,0.8931492612966406,0.8610113838522963
0.42854532034754755,0.8437007554702182,0.07823308477809952,1.2987877735316071,0.6269175782799798,-0.6017766833729703,0.428627521746913,-0.8763754214436081,-0.9543391129480224,0.0,1.469306471464339,-1.2093507338753493,0.4906815620439534,0.8931492612966406,0.8610113838522963
0.6647613656113783,-0.16100164822711013,0.07823308477809952,1.2987877735316071,0.6269175782799798,-0.6017766833729703,0.6648521674331,0.35323101335588025,-0.1524681878926434,0.0,-0.8328197396601593,1.239731226190802,0.4906815620439534,0.8931492612966406,0.8610113838522963
0.6647613656113783,-1.1657040519244384,0.07823308477809952,1.2987877735316071,0.6269175782799798,-0.6017766833729703,0.6648521674331,0.5874417628414971,-0.43885066112670734,0.0,0.31824336590208974,1.239731226190802,0.4906815620439534,0.8931492612966406,0.8610113838522963
1.1371934561390398,0.8437007554702182,0.07823308477809952,1.2987877735316071,0.6269175782799798,-0.6017766833729703,1.1373014588054742,-1.6375603572718629,-1.584380554062963,0.0,1.0856187696102557,1.239731226190802,0.4906815620439534,0.8931492612966406,0.8610113838522963
-1.697399087026929,0.8437007554702182,0.5855324480466901,1.2987877735316071,0.7425533895207022,-0.6017766833729703,-1.6973942894287704,1.2315213239269434,0.36302026392867165,0.0,1.469306471464339,0.015190246157726272,-1.4720446861318601,0.8931492612966406,0.8610113838522963
-0.9887509512354369,0.8437007554702182,0.5855324480466901,1.2987877735316071,0.7425533895207022,-0.6017766833729703,-0.9887203523702093,-1.5204549825290543,0.7066792318095484,0.0,-0.4491320378060763,0.015190246157726272,-1.4720446861318601,0.8931492612966406,0.8610113838522963
-0.7525349059716061,0.8437007554702182,0.5855324480466901,1.2987877735316071,0.7425533895207022,-0.6017766833729703,-0.7524957066840222,-1.5790076699004587,0.1339142853414205,0.0,1.469306471464339,0.015190246157726272,-1.4720446861318601,0.8931492612966406,0.8610113838522963
-0.7525349059716061,0.8437007554702182,0.5855324480466901,1.2987877735316071,0.7425533895207022,-0.6017766833729703,-0.7524957066840222,-0.29084854772956603,-0.2097446825394562,0.0,-0.0654443359519933,0.015190246157726272,-1.4720446861318601,0.8931492612966406,0.8610113838522963
0.42854532034754755,0.8437007554702182,0.5855324480466901,1.2987877735316071,0.7425533895207022,-0.6017766833729703,0.428627521746913,0.23612563861307184,-1.4125510701225246,0.0,1.0856187696102557,-1.2093507338753493,-1.4720446861318601,0.8931492612966406,0.8610113838522963
0.42854532034754755,0.8437007554702182,0.5855324480466901,1.2987877735316071,0.7425533895207022,-0.6017766833729703,0.428627521746913,0.23612563861307184,1.1076146943372378,0.0,1.469306471464339,-1.2093507338753493,-1.4720446861318601,0.8931492612966406,0.8610113838522963
-1.2249669964992675,-1.1657040519244384,1.0928318113152808,1.2987877735316071,0.8581892007614244,-0.6017766833729703,-1.2249449980563965,-1.110586170929225,0.9357852103967995,0.0,0.31824336590208974,0.015190246157726272,-0.4906815620439534,0.8931492612966406,0.8610113838522963
-1.2249669964992675,-1.1657040519244384,1.0928318113152808,1.2987877735316071,0.8581892007614244,-0.6017766833729703,-1.2249449980563965,-1.0520334835578207,1.050338199690425,0.0,0.31824336590208974,0.015190246157726272,-0.4906815620439534,0.8931492612966406,0.8610113838522963
-0.9887509512354369,0.8437007554702182,1.0928318113152808,1.2987877735316071,0.8581892007614244,-0.6017766833729703,-0.9887203523702093,-1.403349607786246,-0.8397861236543969,0.0,1.469306471464339,0.015190246157726272,-0.4906815620439534,0.8931492612966406,0.8610113838522963
-0.7525349059716061,0.8437007554702182,1.0928318113152808,1.2987877735316071,0.8581892007614244,-0.6017766833729703,-0.7524957066840222,-1.5790076699004587,1.6803796408053657,0.0,-0.4491320378060763,0.015190246157726272,-0.4906815620439534,0.8931492612966406,0.8610113838522963
-0.7525349059716061,-1.1657040519244384,1.0928318113152808,1.2987877735316071,0.8581892007614244,-0.6017766833729703,-0.7524957066840222,-1.1691388583006292,-0.09519169324583063,0.0,-1.2165074415142423,0.015190246157726272,-0.4906815620439534,0.8931492612966406,0.8610113838522963
-0.7525349059716061,-1.1657040519244384,1.0928318113152808,1.2987877735316071,0.8581892007614244,-0.6017766833729703,-0.7524957066840222,-1.110586170929225,-0.267021177186269,0.0,-1.2165074415142423,0.015190246157726272,-0.4906815620439534,0.8931492612966406,0.8610113838522963
-0.7525349059716061,0.8437007554702182,1.0928318113152808,1.2987877735316071,0.8581892007614244,-0.6017766833729703,-0.7524957066840222,0.7045471375843055,-0.1524681878926434,0.0,1.0856187696102557,0.015190246157726272,-0.4906815620439534,0.8931492612966406,0.8610113838522963
1.845841591930532,0.8437007554702182,1.0928318113152808,1.2987877735316071,0.8581892007614244,-0.6017766833729703,1.8459753958640353,0.47033638809868866,-1.4698275647693375,0.0,1.469306471464339,1.239731226190802,-0.4906815620439534,0.8931492612966406,0.8610113838522963
-1.4611830417630982,0.8437007554702182,1.6001311745838716,1.2987877735316071,0.9738250120021467,-0.6017766833729703,-1.4611696437425834,-0.7007173593293955,-1.2979980808288991,0.0,1.469306471464339,0.015190246157726272,0.0,0.8931492612966406,0.8610113838522963
-1.697399087026929,0.8437007554702182,-1.4436650050276725,1.2987877735316071,1.0894608232428689,-0.6017766833729703,-1.6973942894287704,1.1729686365555392,-0.7252331343607713,0.0,-0.4491320378060763,0.015190246157726272,-0.9813631240879068,0.8931492612966406,0.8610113838522963
-1.697399087026929,0.8437007554702182,-1.4436650050276725,1.2987877735316071,1.0894608232428689,-0.6017766833729703,-1.6973942894287704,1.4657320734125603,-0.38157416647989456,0.0,1.469306471464339,0.015190246157726272,-0.9813631240879068,0.8931492612966406,0.8610113838522963
-1.2249669964992675,-0.16100164822711013,-1.4436650050276725,1.2987877735316071,1.0894608232428689,-0.6017766833729703,-1.2249449980563965,-0.9934807961864165,-0.5534036504203329,0.0,-0.8328197396601593,0.015190246157726272,-0.9813631240879068,0.8931492612966406,0.8610113838522963
-0.9887509512354369,-1.1657040519244384,-1.4436650050276725,1.2987877735316071,1.0894608232428689,-0.6017766833729703,-0.9887203523702093,0.5288890754700929,-1.2407215861820864,0.0,0.31824336590208974,0.015190246157726272,-0.9813631240879068,0.8931492612966406,0.8610113838522963
-0.5163188607077753,0.8437007554702182,-1.4436650050276725,1.2987877735316071,1.0894608232428689,-0.6017766833729703,-0.5162710609978353,1.2315213239269434,1.623103146158553,0.0,1.469306471464339,-1.2093507338753493,-0.9813631240879068,0.8931492612966406,0.8610113838522963
-0.5163188607077753,0.8437007554702182,-1.4436650050276725,1.2987877735316071,1.0894608232428689,-0.6017766833729703,-0.5162710609978353,1.3486266986697517,0.6494027371627356,0.0,1.469306471464339,-1.2093507338753493,-0.9813631240879068,0.8931492612966406,0.8610113838522963
0.42854532034754755,0.8437007554702182,-1.4436650050276725,1.2987877735316071,1.0894608232428689,-0.6017766833729703,0.428627521746913,0.06046757649885921,1.5085501568649273,0.0,1.0856187696102557,-1.2093507338753493,-0.9813631240879068,0.8931492612966406,0.8610113838522963
1.1371934561390398,-0.16100164822711013,-1.4436650050276725,1.2987877735316071,1.0894608232428689,-0.6017766833729703,1.1373014588054742,-1.6375603572718629,1.6803796408053657,0.0,-0.8328197396601593,1.239731226190802,-0.9813631240879068,0.8931492612966406,0.8610113838522963
1.1371934561390398,0.8437007554702182,-1.4436650050276725,1.2987877735316071,1.0894608232428689,-0.6017766833729703,1.1373014588054742,0.47033638809868866,1.623103146158553,0.0,1.0856187696102557,1.239731226190802,-0.9813631240879068,0.8931492612966406,0.8610113838522963
1.6096255466667013,0.8437007554702182,-1.4436650050276725,1.2987877735316071,1.0894608232428689,-0.6017766833729703,1.609750750177848,0.7630998249557097,-0.8397861236543969,0.0,1.0856187696102557,1.239731226190802,-0.9813631240879068,0.8931492612966406,0.8610113838522963
1.6096255466667013,0.8437007554702182,-1.4436650050276725,1.2987877735316071,1.0894608232428689,-0.6017766833729703,1.609750750177848,0.8216525123271139,-1.6989335433565886,0.0,-0.4491320378060763,1.239731226190802,-0.9813631240879068,0.8931492612966406,0.8610113838522963
-1.697399087026929,0.8437007554702182,-0.9363656417590819,1.2987877735316071,1.2050966344835912,-0.6017766833729703,-1.6973942894287704,1.4657320734125603,0.42029675857548443,0.0,1.469306471464339,0.015190246157726272,0.9813631240879068,0.8931492612966406,0.8610113838522963
-0.7525349059716061,0.8437007554702182,-0.9363656417590819,1.2987877735316071,1.2050966344835912,-0.6017766833729703,-0.7524957066840222,-1.5790076699004587,1.5085501568649273,0.0,-0.0654443359519933,0.015190246157726272,0.9813631240879068,0.8931492612966406,0.8610113838522963
-0.7525349059716061,-1.1657040519244384,-0.9363656417590819,1.2987877735316071,1.2050966344835912,-0.6017766833729703,-0.7524957066840222,-1.5204549825290543,0.9930617050436122,0.0,-1.2165074415142423,0.015190246157726272,0.9813631240879068,0.8931492612966406,0.8610113838522963
-0.7525349059716061,0.8437007554702182,-0.9363656417590819,1.2987877735316071,1.2050966344835912,-0.6017766833729703,-0.7524957066840222,-1.3447969204148418,-1.1834450915352734,0.0,-0.0654443359519933,0.015190246157726272,0.9813631240879068,0.8931492612966406,0.8610113838522963
-0.7525349059716061,0.8437007554702182,-0.9363656417590819,1.2987877735316071,1.2050966344835912,-0.6017766833729703,-0.7524957066840222,-1.2862442330434376,-1.1834450915352734,0.0,-0.0654443359519933,0.015190246157726272,0.9813631240879068,0.8931492612966406,0.8610113838522963
0.42854532034754755,0.8437007554702182,-0.9363656417590819,1.2987877735316071,1.2050966344835912,-0.6017766833729703,0.428627521746913,-1.5204549825290543,1.3939971675713017,0.0,1.469306471464339,-1.2093507338753493,0.9813631240879068,0.8931492612966406,0.8610113838522963
0.42854532034754755,0.8437007554702182,-0.9363656417590819,1.2987877735316071,1.2050966344835912,-0.6017766833729703,0.428627521746913,-1.403349607786246,-1.6989335433565886,0.0,1.469306471464339,-1.2093507338753493,0.9813631240879068,0.8931492612966406,0.8610113838522963
0.6647613656113783,-1.1657040519244384,-0.9363656417590819,1.2987877735316071,1.2050966344835912,-0.6017766833729703,0.6648521674331,-1.0520334835578207,0.42029675857548443,0.0,-1.2165074415142423,1.239731226190802,0.9813631240879068,0.8931492612966406,0.8610113838522963
0.6647613656113783,-0.16100164822711013,-0.9363656417590819,1.2987877735316071,1.2050966344835912,-0.6017766833729703,0.6648521674331,-0.9934807961864165,0.24846727463504606,0.0,-0.8328197396601593,1.239731226190802,0.9813631240879068,0.8931492612966406,0.8610113838522963
1.1371934561390398,0.8437007554702182,-0.9363656417590819,1.2987877735316071,1.2050966344835912,-0.6017766833729703,1.1373014588054742,1.0558632618127308,-0.3242976718330818,0.0,-0.0654443359519933,1.239731226190802,0.9813631240879068,0.8931492612966406,0.8610113838522963
-1.4611830417630982,0.8437007554702182,0.07823308477809952,1.2987877735316071,1.4363682569650356,-0.6017766833729703,-1.4611696437425834,0.7045471375843055,-0.782509629007584,0.0,-0.4491320378060763,0.015190246157726272,0.4906815620439534,0.8931492612966406,0.8610113838522963
-1.2249669964992675,-0.16100164822711013,0.07823308477809952,1.2987877735316071,1.4363682569650356,-0.6017766833729703,-1.2249449980563965,-0.8763754214436081,-1.6989335433565886,0.0,-0.8328197396601593,0.015190246157726272,0.4906815620439534,0.8931492612966406,0.8610113838522963
1.3734095014028704,-0.16100164822711013,0.07823308477809952,1.2987877735316071,1.4363682569650356,-0.6017766833729703,1.3735261044916611,-0.29084854772956603,0.7066792318095484,0.0,-0.8328197396601593,1.239731226190802,0.4906815620439534,0.8931492612966406,0.8610113838522963
1.3734095014028704,0.8437007554702182,0.07823308477809952,1.2987877735316071,1.4363682569650356,-0.6017766833729703,1.3735261044916611,-0.23229586035816183,0.8785087157499867,0.0,1.469306471464339,1.239731226190802,0.4906815620439534,0.8931492612966406,0.8610113838522963
1.3734095014028704,0.8437007554702182,0.07823308477809952,1.2987877735316071,1.4363682569650356,-0.6017766833729703,1.3735261044916611,1.4657320734125603,1.6803796408053657,0.0,1.469306471464339,1.239731226190802,0.4906815620439534,0.8931492612966406,0.8610113838522963
1.845841591930532,0.8437007554702182,0.07823308477809952,1.2987877735316071,1.4363682569650356,-0.6017766833729703,1.8459753958640353,-1.696113044643267,-0.8397861236543969,0.0,-0.4491320378060763,1.239731226190802,0.4906815620439534,0.8931492612966406,0.8610113838522963
-1.697399087026929,0.8437007554702182,0.5855324480466901,1.2987877735316071,1.5520040682057579,-0.6017766833729703,-1.6973942894287704,1.407179386041156,-0.8397861236543969,0.0,-0.0654443359519933,0.015190246157726272,-1.4720446861318601,0.8931492612966406,0.8610113838522963
-1.697399087026929,0.8437007554702182,0.5855324480466901,1.2987877735316071,1.5520040682057579,-0.6017766833729703,-1.6973942894287704,1.6413901355267728,0.7066792318095484,0.0,1.469306471464339,0.015190246157726272,-1.4720446861318601,0.8931492612966406,0.8610113838522963
-1.2249669964992675,-0.16100164822711013,0.5855324480466901,1.2987877735316071,1.5520040682057579,-0.6017766833729703,-1.2249449980563965,-1.2862442330434376,0.07663779069460772,0.0,-0.8328197396601593,0.015190246157726272,-1.4720446861318601,0.8931492612966406,0.8610113838522963
-1.2249669964992675,-0.16100164822711013,0.5855324480466901,1.2987877735316071,1.5520040682057579,-0.6017766833729703,-1.2249449980563965,-1.2276915456720334,0.019361296047794935,0.0,-0.8328197396601593,0.015190246157726272,-1.4720446861318601,0.8931492612966406,0.8610113838522963
0.19232927508371683,-0.16100164822711013,0.5855324480466901,1.2987877735316071,1.5520040682057579,-0.6017766833729703,0.19240287606072592,-0.6421646719579913,-1.3552745754757118,0.0,-0.8328197396601593,-1.2093507338753493,-1.4720446861318601,0.8931492612966406,0.8610113838522963
0.19232927508371683,0.8437007554702182,0.5855324480466901,1.2987877735316071,1.5520040682057579,-0.6017766833729703,0.19240287606072592,-0.583611984586587,-0.5534036504203329,0.0,1.469306471464339,-1.2093507338753493,-1.4720446861318601,0.8931492612966406,0.8610113838522963
1.3734095014028704,0.8437007554702182,0.5855324480466901,1.2987877735316071,1.5520040682057579,-0.6017766833729703,1.3735261044916611,1.6413901355267728,1.3939971675713017,0.0,-0.0654443359519933,1.239731226190802,-1.4720446861318601,0.8931492612966406,0.8610113838522963
-0.5163188607077753,0.8437007554702182,1.0928318113152808,1.2987877735316071,1.6676398794464802,-0.6017766833729703,-0.5162710609978353,1.699942822898177,-1.0116156075948353,0.0,-0.0654443359519933,-1.2093507338753493,-0.4906815620439534,0.8931492612966406,0.8610113838522963
-0.0438867701801139,-1.1657040519244384,1.0928318113152808,1.2987877735316071,1.6676398794464802,-0.6017766833729703,-0.043821769625461124,-1.4619022951576501,1.4512736622181146,0.0,-1.2165074415142423,-1.2093507338753493,-0.4906815620439534,0.8931492612966406,0.8610113838522963
-0.0438867701801139,0.8437007554702182,1.0928318113152808,1.2987877735316071,1.6676398794464802,-0.6017766833729703,-0.043821769625461124,-1.403349607786246,1.623103146158553,0.0,1.0856187696102557,-1.2093507338753493,-0.4906815620439534,0.8931492612966406,0.8610113838522963
-0.0438867701801139,0.8437007554702182,1.0928318113152808,1.2987877735316071,1.6676398794464802,-0.6017766833729703,-0.043821769625461124,-0.7592700467007997,1.2794441782776762,0.0,-0.0654443359519933,-1.2093507338753493,-0.4906815620439534,0.8931492612966406,0.8610113838522963
0.19232927508371683,-0.16100164822711013,1.0928318113152808,1.2987877735316071,1.6676398794464802,-0.6017766833729703,0.19240287606072592,0.23612563861307184,0.821232221103174,0.0,-0.8328197396601593,-1.2093507338753493,-0.4906815620439534,0.8931492612966406,0.8610113838522963
1.845841591930532,-0.16100164822711013,1.0928318113152808,1.2987877735316071,1.6676398794464802,-0.6017766833729703,1.8459753958640353,-1.5204549825290543,1.050338199690425,0.0,-0.8328197396601593,1.239731226190802,-0.4906815620439534,0.8931492612966406,0.8610113838522963
-0.9887509512354369,-0.16100164822711013,1.6001311745838716,1.5844808112194588,-1.6857986465344652,-0.6017766833729703,-0.9887203523702093,-0.817822734072204,0.07663779069460772,0.0,-0.8328197396601593,0.015190246157726272,0.0,-1.1647574767076552,-1.150661868210249
-0.9887509512354369,-0.16100164822711013,1.6001311745838716,1.5844808112194588,-1.6857986465344652,-0.6017766833729703,-0.9887203523702093,-0.7592700467007997,0.07663779069460772,0.0,-0.8328197396601593,0.015190246157726272,0.0,-1.1647574767076552,-1.150661868210249
-0.9887509512354369,-0.16100164822711013,1.6001311745838716,1.5844808112194588,-1.6857986465344652,-0.6017766833729703,-0.9887203523702093,-0.40795392247237444,0.9357852103967995,0.0,-0.8328197396601593,0.015190246157726272,0.0,-1.1647574767076552,-1.150661868210249
-0.0438867701801139,-0.16100164822711013,1.6001311745838716,1.5844808112194588,-1.6857986465344652,-0.6017766833729703,-0.043821769625461124,0.2946783259844761,-0.43885066112670734,0.0,-0.8328197396601593,-1.2093507338753493,0.0,-1.1647574767076552,-1.150661868210249
0.19232927508371683,0.8437007554702182,1.6001311745838716,1.5844808112194588,-1.6857986465344652,-0.6017766833729703,0.19240287606072592,-1.1691388583006292,-1.0116156075948353,0.0,-0.0654443359519933,-1.2093507338753493,0.0,-1.1647574767076552,-1.150661868210249
0.19232927508371683,0.8437007554702182,1.6001311745838716,1.5844808112194588,-1.6857986465344652,-0.6017766833729703,0.19240287606072592,-1.1691388583006292,1.5085501568649273,0.0,-0.0654443359519933,-1.2093507338753493,0.0,-1.1647574767076552,-1.150661868210249
0.19232927508371683,0.8437007554702182,1.6001311745838716,1.5844808112194588,-1.6857986465344652,-0.6017766833729703,0.19240287606072592,0.8216525123271139,-1.584380554062963,0.0,-0.4491320378060763,-1.2093507338753493,0.0,-1.1647574767076552,-1.150661868210249
0.19232927508371683,0.8437007554702182,1.6001311745838716,1.5844808112194588,-1.6857986465344652,-0.6017766833729703,0.19240287606072592,1.5828374481553686,0.07663779069460772,0.0,1.469306471464339,-1.2093507338753493,0.0,-1.1647574767076552,-1.150661868210249
0.19232927508371683,0.8437007554702182,1.6001311745838716,1.5844808112194588,-1.6857986465344652,-0.6017766833729703,0.19240287606072592,1.6413901355267728,1.1076146943372378,0.0,1.469306471464339,-1.2093507338753493,0.0,-1.1647574767076552,-1.150661868210249
0.42854532034754755,0.8437007554702182,1.6001311745838716,1.5844808112194588,-1.6857986465344652,-0.6017766833729703,0.428627521746913,0.17757295124166764,1.6803796408053657,0.0,1.469306471464339,-1.2093507338753493,0.0,-1.1647574767076552,-1.150661868210249
0.42854532034754755,0.8437007554702182,1.6001311745838716,1.5844808112194588,-1.6857986465344652,-0.6017766833729703,0.428627521746913,0.2946783259844761,0.019361296047794935,0.0,1.469306471464339,-1.2093507338753493,0.0,-1.1647574767076552,-1.150661868210249
0.6647613656113783,-0.16100164822711013,1.6001311745838716,1.5844808112194588,-1.6857986465344652,-0.6017766833729703,0.6648521674331,-1.110586170929225,-0.38157416647989456,0.0,-0.8328197396601593,1.239731226190802,0.0,-1.1647574767076552,-1.150661868210249
0.6647613656113783,-0.16100164822711013,1.6001311745838716,1.5844808112194588,-1.6857986465344652,-0.6017766833729703,0.6648521674331,-1.0520334835578207,0.1339142853414205,0.0,-0.8328197396601593,1.239731226190802,0.0,-1.1647574767076552,-1.150661868210249
0.900977410875209,-0.16100164822711013,1.6001311745838716,1.5844808112194588,-1.6857986465344652,-0.6017766833729703,0.901076813119287,0.5288890754700929,-0.09519169324583063,0.0,-0.8328197396601593,1.239731226190802,0.0,-1.1647574767076552,-1.150661868210249
-1.697399087026929,0.8437007554702182,-1.4436650050276725,1.5844808112194588,-1.570162835293743,-0.6017766833729703,-1.6973942894287704,1.2315213239269434,0.36302026392867165,0.0,1.469306471464339,0.015190246157726272,-0.9813631240879068,-1.1647574767076552,-1.150661868210249
-1.697399087026929,-1.1657040519244384,-1.4436650050276725,1.5844808112194588,-1.570162835293743,-0.6017766833729703,-1.6973942894287704,1.2900740112983475,1.6803796408053657,0.0,-1.2165074415142423,0.015190246157726272,-0.9813631240879068,-1.1647574767076552,-1.150661868210249
-1.4611830417630982,-0.16100164822711013,-1.4436650050276725,1.5844808112194588,-1.570162835293743,-0.6017766833729703,-1.4611696437425834,-0.4665066098437787,-0.037915198599017846,0.0,-0.8328197396601593,0.015190246157726272,-0.9813631240879068,-1.1647574767076552,-1.150661868210249
-1.4611830417630982,0.8437007554702182,-1.4436650050276725,1.5844808112194588,-1.570162835293743,-0.6017766833729703,-1.4611696437425834,1.407179386041156,-0.8970626183012096,0.0,-0.0654443359519933,0.015190246157726272,-0.9813631240879068,-1.1647574767076552,-1.150661868210249
-0.7525349059716061,-1.1657040519244384,-1.4436650050276725,1.5844808112194588,-1.570162835293743,-0.6017766833729703,-0.7524957066840222,-1.4619022951576501,-0.267021177186269,0.0,0.31824336590208974,0.015190246157726272,-0.9813631240879068,-1.1647574767076552,-1.150661868210249
0.19232927508371683,-2.1704064556217677,-1.4436650050276725,1.5844808112194588,-1.570162835293743,-0.6017766833729703,0.19240287606072592,-0.056637798243949204,-0.38157416647989456,0.0,0.7019310677561728,-1.2093507338753493,-0.9813631240879068,-1.1647574767076552,-1.150661868210249
0.42854532034754755,0.8437007554702182,-1.4436650050276725,1.5844808112194588,-1.570162835293743,-0.6017766833729703,0.428627521746913,-0.9934807961864165,-0.38157416647989456,0.0,-0.4491320378060763,-1.2093507338753493,-0.9813631240879068,-1.1647574767076552,-1.150661868210249
0.6647613656113783,-1.1657040519244384,-1.4436650050276725,1.5844808112194588,-1.570162835293743,-0.6017766833729703,0.6648521674331,0.2946783259844761,-0.4961271557735201,0.0,-1.2165074415142423,1.239731226190802,-0.9813631240879068,-1.1647574767076552,-1.150661868210249
0.900977410875209,0.8437007554702182,-1.4436650050276725,1.5844808112194588,-1.570162835293743,-0.6017766833729703,0.901076813119287,-1.696113044643267,0.1339142853414205,0.0,-0.4491320378060763,1.239731226190802,-0.9813631240879068,-1.1647574767076552,-1.150661868210249
-1.4611830417630982,0.8437007554702182,-0.9363656417590819,1.5844808112194588,-1.4545270240530206,-0.6017766833729703,-1.4611696437425834,-1.0520334835578207,-0.6106801450671457,0.0,1.469306471464339,0.015190246157726272,0.9813631240879068,-1.1647574767076552,-1.150661868210249
-1.2249669964992675,-0.16100164822711013,-0.9363656417590819,1.5844808112194588,-1.4545270240530206,-0.6017766833729703,-1.2249449980563965,-0.34940123510097026,0.019361296047794935,0.0,-0.8328197396601593,0.015190246157726272,0.9813631240879068,-1.1647574767076552,-1.150661868210249
-1.2249669964992675,-0.16100164822711013,-0.9363656417590819,1.5844808112194588,-1.4545270240530206,-0.6017766833729703,-1.2249449980563965,-0.29084854772956603,-0.1524681878926434,0.0,-0.8328197396601593,0.015190246157726272,0.9813631240879068,-1.1647574767076552,-1.150661868210249
-0.7525349059716061,-1.1657040519244384,-0.9363656417590819,1.5844808112194588,-1.4545270240530206,-0.6017766833729703,-0.7524957066840222,-0.7007173593293955,1.623103146158553,0.0,-1.2165074415142423,0.015190246157726272,0.9813631240879068,-1.1647574767076552,-1.150661868210249
-0.7525349059716061,-0.16100164822711013,-0.9363656417590819,1.5844808112194588,-1.4545270240530206,-0.6017766833729703,-0.7524957066840222,0.7630998249557097,-1.2979980808288991,0.0,-0.8328197396601593,0.015190246157726272,0.9813631240879068,-1.1647574767076552,-1.150661868210249
-0.7525349059716061,-0.16100164822711013,-0.9363656417590819,1.5844808112194588,-1.4545270240530206,-0.6017766833729703,-0.7524957066840222,0.8216525123271139,-0.8397861236543969,0.0,-0.8328197396601593,0.015190246157726272,0.9813631240879068,-1.1647574767076552,-1.150661868210249
-0.7525349059716061,-0.16100164822711013,-0.9363656417590819,1.5844808112194588,-1.4545270240530206,-0.6017766833729703,-0.7524957066840222,0.9387578870699224,1.3939971675713017,0.0,-0.8328197396601593,0.015190246157726272,0.9813631240879068,-1.1647574767076552,-1.150661868210249
1.3734095014028704,0.8437007554702182,-0.9363656417590819,1.5844808112194588,-1.4545270240530206,-0.6017766833729703,1.3735261044916611,1.2315213239269434,1.4512736622181146,0.0,-0.0654443359519933,1.239731226190802,0.9813631240879068,-1.1647574767076552,-1.150661868210249
1.6096255466667013,0.8437007554702182,-0.9363656417590819,1.5844808112194588,-1.4545270240530206,-0.6017766833729703,1.609750750177848,0.23612563861307184,-0.782509629007584,0.0,1.469306471464339,1.239731226190802,0.9813631240879068,-1.1647574767076552,-1.150661868210249
1.6096255466667013,0.8437007554702182,-0.9363656417590819,1.5844808112194588,-1.4545270240530206,-0.6017766833729703,1.609750750177848,0.2946783259844761,-0.9543391129480224,0.0,-0.4491320378060763,1.239731226190802,0.9813631240879068,-1.1647574767076552,-1.150661868210249
1.6096255466667013,0.8437007554702182,-0.9363656417590819,1.5844808112194588,-1.4545270240530206,-0.6017766833729703,1.609750750177848,0.35323101335588025,-0.6679566397139585,0.0,1.0856187696102557,1.239731226190802,0.9813631240879068,-1.1647574767076552,-1.150661868210249
1.845841591930532,-0.16100164822711013,-0.9363656417590819,1.5844808112194588,-1.4545270240530206,-0.6017766833729703,1.8459753958640353,-0.583611984586587,-0.9543391129480224,0.0,-0.8328197396601593,1.239731226190802,0.9813631240879068,-1.1647574767076552,-1.150661868210249
1.845841591930532,0.8437007554702182,-0.9363656417590819,1.5844808112194588,-1.4545270240530206,-0.6017766833729703,1.8459753958640353,-0.4665066098437787,0.7066792318095484,0.0,-0.4491320378060763,1.239731226190802,0.9813631240879068,-1.1647574767076552,-1.150661868210249
-1.4611830417630982,-1.1657040519244384,-0.42906627849049117,1.5844808112194588,-1.3388912128122985,-0.6017766833729703,-1.4611696437425834,0.17757295124166764,0.9930617050436122,0.0,0.31824336590208974,0.015190246157726272,1.4720446861318601,-1.1647574767076552,-1.150661868210249
-1.4611830417630982,0.8437007554702182,-0.42906627849049117,1.5844808112194588,-1.3388912128122985,-0.6017766833729703,-1.4611696437425834,1.2315213239269434,0.019361296047794935,0.0,1.469306471464339,0.015190246157726272,1.4720446861318601,-1.1647574767076552,-1.150661868210249
-1.4611830417630982,0.8437007554702182,-0.42906627849049117,1.5844808112194588,-1.3388912128122985,-0.6017766833729703,-1.4611696437425834,1.3486266986697517,-0.8397861236543969,0.0,1.469306471464339,0.015190246157726272,1.4720446861318601,-1.1647574767076552,-1.150661868210249
-1.2249669964992675,-1.1657040519244384,-0.42906627849049117,1.5844808112194588,-1.3388912128122985,-0.6017766833729703,-1.2249449980563965,-1.4619022951576501,-0.8970626183012096,0.0,-1.2165074415142423,0.015190246157726272,1.4720446861318601,-1.1647574767076552,-1.150661868210249
-0.9887509512354369,-0.16100164822711013,-0.42906627849049117,1.5844808112194588,-1.3388912128122985,-0.6017766833729703,-0.9887203523702093,-0.34940123510097026,-1.641657048709776,0.0,-0.8328197396601593,0.015190246157726272,1.4720446861318601,-1.1647574767076552,-1.150661868210249
-0.9887509512354369,-0.16100164822711013,-0.42906627849049117,1.5844808112194588,-1.3388912128122985,-0.6017766833729703,-0.9887203523702093,-0.29084854772956603,-1.2979980808288991,0.0,-0.8328197396601593,0.015190246157726272,1.4720446861318601,-1.1647574767076552,-1.150661868210249
-0.9887509512354369,-0.16100164822711013,-0.42906627849049117,1.5844808112194588,-1.3388912128122985,-0.6017766833729703,-0.9887203523702093,-0.17374317298675762,1.56582665151174,0.0,-0.8328197396601593,0.015190246157726272,1.4720446861318601,-1.1647574767076552,-1.150661868210249
-0.9887509512354369,0.8437007554702182,-0.42906627849049117,1.5844808112194588,-1.3388912128122985,-0.6017766833729703,-0.9887203523702093,0.0019148891274550072,0.9930617050436122,0.0,1.0856187696102557,0.015190246157726272,1.4720446861318601,-1.1647574767076552,-1.150661868210249
-0.7525349059716061,-0.16100164822711013,-0.42906627849049117,1.5844808112194588,-1.3388912128122985,-0.6017766833729703,-0.7524957066840222,0.9387578870699224,1.56582665151174,0.0,-0.8328197396601593,0.015190246157726272,1.4720446861318601,-1.1647574767076552,-1.150661868210249
-0.0438867701801139,0.8437007554702182,-0.42906627849049117,1.5844808112194588,-1.3388912128122985,-0.6017766833729703,-0.043821769625461124,0.23612563861307184,1.3939971675713017,0.0,1.0856187696102557,-1.2093507338753493,1.4720446861318601,-1.1647574767076552,-1.150661868210249
-1.4611830417630982,-1.1657040519244384,0.07823308477809952,1.5844808112194588,-1.2232554015715762,-0.6017766833729703,-1.4611696437425834,1.407179386041156,1.050338199690425,0.0,-1.2165074415142423,0.015190246157726272,0.4906815620439534,-1.1647574767076552,-1.150661868210249
-1.2249669964992675,-1.1657040519244384,0.07823308477809952,1.5844808112194588,-1.2232554015715762,-0.6017766833729703,-1.2249449980563965,-0.5250592972151829,-0.09519169324583063,0.0,0.31824336590208974,0.015190246157726272,0.4906815620439534,-1.1647574767076552,-1.150661868210249
-0.9887509512354369,-0.16100164822711013,0.07823308477809952,1.5844808112194588,-1.2232554015715762,-0.6017766833729703,-0.9887203523702093,-1.5790076699004587,1.2221676836308635,0.0,-0.8328197396601593,0.015190246157726272,0.4906815620439534,-1.1647574767076552,-1.150661868210249
-0.9887509512354369,-0.16100164822711013,0.07823308477809952,1.5844808112194588,-1.2232554015715762,-0.6017766833729703,-0.9887203523702093,-1.403349607786246,-1.4125510701225246,0.0,-0.8328197396601593,0.015190246157726272,0.4906815620439534,-1.1647574767076552,-1.150661868210249
-0.7525349059716061,0.8437007554702182,0.07823308477809952,1.5844808112194588,-1.2232554015715762,-0.6017766833729703,-0.7524957066840222,0.11902026387026342,1.623103146158553,0.0,1.469306471464339,0.015190246157726272,0.4906815620439534,-1.1647574767076552,-1.150661868210249
-0.7525349059716061,-1.1657040519244384,0.07823308477809952,1.5844808112194588,-1.2232554015715762,-0.6017766833729703,-0.7524957066840222,1.2315213239269434,0.821232221103174,0.0,-1.2165074415142423,0.015190246157726272,0.4906815620439534,-1.1647574767076552,-1.150661868210249
-0.0438867701801139,0.8437007554702182,0.07823308477809952,1.5844808112194588,-1.2232554015715762,-0.6017766833729703,-0.043821769625461124,0.06046757649885921,1.623103146158553,0.0,-0.4491320378060763,-1.2093507338753493,0.4906815620439534,-1.1647574767076552,-1.150661868210249
0.19232927508371683,0.8437007554702182,0.07823308477809952,1.5844808112194588,-1.2232554015715762,-0.6017766833729703,0.19240287606072592,-0.4665066098437787,-0.6106801450671457,0.0,1.469306471464339,-1.2093507338753493,0.4906815620439534,-1.1647574767076552,-1.150661868210249
0.42854532034754755,0.8437007554702182,0.07823308477809952,1.5844808112194588,-1.2232554015715762,-0.6017766833729703,0.428627521746913,-1.5790076699004587,-1.1261685968884607,0.0,1.469306471464339,-1.2093507338753493,0.4906815620439534,-1.1647574767076552,-1.150661868210249
-0.7525349059716061,0.8437007554702182,0.5855324480466901,1.5844808112194588,-1.1076195903308539,-0.6017766833729703,-0.7524957066840222,0.7630998249557097,-0.6679566397139585,0.0,1.469306471464339,0.015190246157726272,-1.4720446861318601,-1.1647574767076552,-1.150661868210249
0.42854532034754755,0.8437007554702182,0.5855324480466901,1.5844808112194588,-1.1076195903308539,-0.6017766833729703,0.428627521746913,0.11902026387026342,1.623103146158553,0.0,1.0856187696102557,-1.2093507338753493,-1.4720446861318601,-1.1647574767076552,-1.150661868210249
1.845841591930532,0.8437007554702182,0.5855324480466901,1.5844808112194588,-1.1076195903308539,-0.6017766833729703,1.8459753958640353,0.06046757649885921,0.19119077998823328,0.0,1.469306471464339,1.239731226190802,-1.4720446861318601,-1.1647574767076552,-1.150661868210249
1.845841591930532,0.8437007554702182,0.5855324480466901,1.5844808112194588,-1.1076195903308539,-0.6017766833729703,1.8459753958640353,0.11902026387026342,0.019361296047794935,0.0,1.0856187696102557,1.239731226190802,-1.4720446861318601,-1.1647574767076552,-1.150661868210249
-0.7525349059716061,-0.16100164822711013,1.0928318113152808,1.5844808112194588,-0.9919837790901317,-0.6017766833729703,-0.7524957066840222,-0.7007173593293955,-1.1261685968884607,0.0,-0.8328197396601593,0.015190246157726272,-0.4906815620439534,-1.1647574767076552,-1.150661868210249
-0.0438867701801139,-1.1657040519244384,1.0928318113152808,1.5844808112194588,-0.9919837790901317,-0.6017766833729703,-0.043821769625461124,-0.7592700467007997,0.7066792318095484,0.0,-1.2165074415142423,-1.2093507338753493,-0.4906815620439534,-1.1647574767076552,-1.150661868210249
0.19232927508371683,0.8437007554702182,1.0928318113152808,1.5844808112194588,-0.9919837790901317,-0.6017766833729703,0.19240287606072592,0.8802051996985182,-1.4698275647693375,0.0,1.469306471464339,-1.2093507338753493,-0.4906815620439534,-1.1647574767076552,-1.150661868210249
1.1371934561390398,0.8437007554702182,1.0928318113152808,1.5844808112194588,-0.9919837790901317,-0.6017766833729703,1.1373014588054742,-1.0520334835578207,-0.9543391129480224,0.0,-0.4491320378060763,1.239731226190802,-0.4906815620439534,-1.1647574767076552,-1.150661868210249
1.845841591930532,-0.16100164822711013,1.0928318113152808,1.5844808112194588,-0.9919837790901317,-0.6017766833729703,1.8459753958640353,-1.696113044643267,-1.1834450915352734,0.0,-0.8328197396601593,1.239731226190802,-0.4906815620439534,-1.1647574767076552,-1.150661868210249
1.845841591930532,-1.1657040519244384,1.0928318113152808,1.5844808112194588,-0.9919837790901317,-0.6017766833729703,1.8459753958640353,-0.056637798243949204,-0.7252331343607713,0.0,-1.2165074415142423,1.239731226190802,-0.4906815620439534,-1.1647574767076552,-1.150661868210249
-1.4611830417630982,-1.1657040519244384,1.6001311745838716,1.5844808112194588,-0.8763479678494094,-0.6017766833729703,-1.4611696437425834,0.0019148891274550072,-0.267021177186269,0.0,0.31824336590208974,0.015190246157726272,0.0,-1.1647574767076552,-1.150661868210249
-0.9887509512354369,0.8437007554702182,1.6001311745838716,1.5844808112194588,-0.8763479678494094,-0.6017766833729703,-0.9887203523702093,0.7630998249557097,0.4775732532222972,0.0,1.469306471464339,0.015190246157726272,0.0,-1.1647574767076552,-1.150661868210249
-0.9887509512354369,0.8437007554702182,1.6001311745838716,1.5844808112194588,-0.8763479678494094,-0.6017766833729703,-0.9887203523702093,0.8216525123271139,0.7066792318095484,0.0,-0.4491320378060763,0.015190246157726272,0.0,-1.1647574767076552,-1.150661868210249
-0.5163188607077753,-1.1657040519244384,1.6001311745838716,1.5844808112194588,-0.8763479678494094,-0.6017766833729703,-0.5162710609978353,1.2900740112983475,0.5921262425159228,0.0,0.31824336590208974,-1.2093507338753493,0.0,-1.1647574767076552,-1.150661868210249
-0.2801028154439446,-0.16100164822711013,1.6001311745838716,1.5844808112194588,-0.8763479678494094,-0.6017766833729703,-0.28004641531164814,-1.5790076699004587,0.36302026392867165,0.0,-0.8328197396601593,-1.2093507338753493,0.0,-1.1647574767076552,-1.150661868210249
-0.2801028154439446,-0.16100164822711013,1.6001311745838716,1.5844808112194588,-0.8763479678494094,-0.6017766833729703,-0.28004641531164814,-1.5204549825290543,0.4775732532222972,0.0,-0.8328197396601593,-1.2093507338753493,0.0,-1.1647574767076552,-1.150661868210249
0.6647613656113783,0.8437007554702182,1.6001311745838716,1.5844808112194588,-0.8763479678494094,-0.6017766833729703,0.6648521674331,-0.17374317298675762,-0.037915198599017846,0.0,-0.4491320378060763,1.239731226190802,0.0,-1.1647574767076552,-1.150661868210249
0.900977410875209,-2.1704064556217677,1.6001311745838716,1.5844808112194588,-0.8763479678494094,-0.6017766833729703,0.901076813119287,0.7045471375843055,1.050338199690425,0.0,0.7019310677561728,1.239731226190802,0.0,-1.1647574767076552,-1.150661868210249
1.3734095014028704,0.8437007554702182,1.6001311745838716,1.5844808112194588,-0.8763479678494094,-0.6017766833729703,1.3735261044916611,1.0558632618127308,-0.6679566397139585,0.0,-0.4491320378060763,1.239731226190802,0.0,-1.1647574767076552,-1.150661868210249
1.6096255466667013,-0.16100164822711013,1.6001311745838716,1.5844808112194588,-0.8763479678494094,-0.6017766833729703,1.609750750177848,-0.056637798243949204,0.019361296047794935,0.0,-0.8328197396601593,1.239731226190802,0.0,-1.1647574767076552,-1.150661868210249
1.6096255466667013,-0.16100164822711013,1.6001311745838716,1.5844808112194588,-0.8763479678494094,-0.6017766833729703,1.609750750177848,0.7045471375843055,-0.38157416647989456,0.0,-0.8328197396601593,1.239731226190802,0.0,-1.1647574767076552,-1.150661868210249
-1.4611830417630982,0.8437007554702182,-1.4436650050276725,1.5844808112194588,-0.7607121566086872,-0.6017766833729703,-1.4611696437425834,0.17757295124166764,0.5921262425159228,0.0,-0.4491320378060763,0.015190246157726272,-0.9813631240879068,-1.1647574767076552,-1.150661868210249
-1.2249669964992675,-1.1657040519244384,-1.4436650050276725,1.5844808112194588,-0.7607121566086872,-0.6017766833729703,-1.2249449980563965,-0.9934807961864165,-0.267021177186269,0.0,-1.2165074415142423,0.015190246157726272,-0.9813631240879068,-1.1647574767076552,-1.150661868210249
-1.2249669964992675,-0.16100164822711013,-1.4436650050276725,1.5844808112194588,-0.7607121566086872,-0.6017766833729703,-1.2249449980563965,0.23612563861307184,1.56582665151174,0.0,-0.8328197396601593,0.015190246157726272,-0.9813631240879068,-1.1647574767076552,-1.150661868210249
-0.2801028154439446,-1.1657040519244384,-1.4436650050276725,1.5844808112194588,-0.7607121566086872,-0.6017766833729703,-0.28004641531164814,-1.696113044643267,1.3939971675713017,0.0,0.31824336590208974,-1.2093507338753493,-0.9813631240879068,-1.1647574767076552,-1.150661868210249
1.6096255466667013,0.8437007554702182,-1.4436650050276725,1.5844808112194588,-0.7607121566086872,-0.6017766833729703,1.609750750177848,-0.4665066098437787,1.2221676836308635,0.0,-0.0654443359519933,1.239731226190802,-0.9813631240879068,-1.1647574767076552,-1.150661868210249
-0.5163188607077753,-1.1657040519244384,-0.9363656417590819,1.5844808112194588,-0.6450763453679649,-0.6017766833729703,-0.5162710609978353,-0.23229586035816183,1.1076146943372378,0.0,0.31824336590208974,-1.2093507338753493,0.9813631240879068,-1.1647574767076552,-1.150661868210249
0.900977410875209,0.8437007554702182,-0.9363656417590819,1.5844808112194588,-0.6450763453679649,-0.6017766833729703,0.901076813119287,-0.4665066098437787,1.56582665151174,0.0,1.0856187696102557,1.239731226190802,0.9813631240879068,-1.1647574767076552,-1.150661868210249
-1.697399087026929,0.8437007554702182,-0.42906627849049117,1.5844808112194588,-0.5294405341272427,-0.6017766833729703,-1.6973942894287704,1.1729686365555392,0.8785087157499867,0.0,1.469306471464339,0.015190246157726272,1.4720446861318601,-1.1647574767076552,-1.150661868210249
-0.9887509512354369,-1.1657040519244384,-0.42906627849049117,1.5844808112194588,-0.5294405341272427,-0.6017766833729703,-0.9887203523702093,0.9387578870699224,0.9930617050436122,0.0,0.31824336590208974,0.015190246157726272,1.4720446861318601,-1.1647574767076552,-1.150661868210249
-0.5163188607077753,0.8437007554702182,-0.42906627849049117,1.5844808112194588,-0.5294405341272427,-0.6017766833729703,-0.5162710609978353,-0.9349281088150123,-1.3552745754757118,0.0,1.0856187696102557,-1.2093507338753493,1.4720446861318601,-1.1647574767076552,-1.150661868210249
-0.5163188607077753,-2.1704064556217677,-0.42906627849049117,1.5844808112194588,-0.5294405341272427,-0.6017766833729703,-0.5162710609978353,1.5828374481553686,0.9930617050436122,0.0,0.7019310677561728,-1.2093507338753493,1.4720446861318601,-1.1647574767076552,-1.150661868210249
0.6647613656113783,0.8437007554702182,-0.42906627849049117,1.5844808112194588,-0.5294405341272427,-0.6017766833729703,0.6648521674331,1.7584955102695812,-0.267021177186269,0.0,-0.0654443359519933,1.239731226190802,1.4720446861318601,-1.1647574767076552,-1.150661868210249
1.6096255466667013,0.8437007554702182,-0.42906627849049117,1.5844808112194588,-0.5294405341272427,-0.6017766833729703,1.609750750177848,-1.6375603572718629,-1.2979980808288991,0.0,1.469306471464339,1.239731226190802,1.4720446861318601,-1.1647574767076552,-1.150661868210249
1.6096255466667013,0.8437007554702182,-0.42906627849049117,1.5844808112194588,-0.5294405341272427,-0.6017766833729703,1.609750750177848,-0.6421646719579913,-0.7252331343607713,0.0,1.469306471464339,1.239731226190802,1.4720446861318601,-1.1647574767076552,-1.150661868210249
-1.697399087026929,-0.16100164822711013,0.07823308477809952,1.5844808112194588,-0.4138047228865204,-0.6017766833729703,-1.6973942894287704,1.699942822898177,0.07663779069460772,0.0,-0.8328197396601593,0.015190246157726272,0.4906815620439534,-1.1647574767076552,-1.150661868210249
-0.5163188607077753,-1.1657040519244384,0.07823308477809952,1.5844808112194588,-0.4138047228865204,-0.6017766833729703,-0.5162710609978353,1.1729686365555392,-0.38157416647989456,0.0,-1.2165074415142423,-1.2093507338753493,0.4906815620439534,-1.1647574767076552,-1.150661868210249
0.42854532034754755,-2.1704064556217677,0.07823308477809952,1.5844808112194588,-0.4138047228865204,-0.6017766833729703,0.428627521746913,1.5242847607839645,-1.584380554062963,0.0,0.7019310677561728,-1.2093507338753493,0.4906815620439534,-1.1647574767076552,-1.150661868210249
0.42854532034754755,-2.1704064556217677,0.07823308477809952,1.5844808112194588,-0.4138047228865204,-0.6017766833729703,0.428627521746913,1.5242847607839645,1.1076146943372378,0.0,0.7019310677561728,-1.2093507338753493,0.4906815620439534,-1.1647574767076552,-1.150661868210249
0.42854532034754755,-1.1657040519244384,0.07823308477809952,1.5844808112194588,-0.4138047228865204,-0.6017766833729703,0.428627521746913,1.6413901355267728,-1.641657048709776,0.0,-1.2165074415142423,-1.2093507338753493,0.4906815620439534,-1.1647574767076552,-1.150661868210249
1.1371934561390398,0.8437007554702182,0.07823308477809952,1.5844808112194588,-0.4138047228865204,-0.6017766833729703,1.1373014588054742,1.2315213239269434,-1.6989335433565886,0.0,-0.0654443359519933,1.239731226190802,0.4906815620439534,-1.1647574767076552,-1.150661868210249
1.1371934561390398,0.8437007554702182,0.07823308477809952,1.5844808112194588,-0.4138047228865204,-0.6017766833729703,1.1373014588054742,1.2315213239269434,1.56582665151174,0.0,-0.0654443359519933,1.239731226190802,0.4906815620439534,-1.1647574767076552,-1.150661868210249
-0.5163188607077753,-1.1657040519244384,0.5855324480466901,1.5844808112194588,-0.2981689116457982,-0.6017766833729703,-0.5162710609978353,-0.11519048561535342,-0.267021177186269,0.0,-1.2165074415142423,-1.2093507338753493,-1.4720446861318601,-1.1647574767076552,-1.150661868210249
-0.5163188607077753,-1.1657040519244384,0.5855324480466901,1.5844808112194588,-0.2981689116457982,-0.6017766833729703,-0.5162710609978353,1.407179386041156,-1.4125510701225246,0.0,-1.2165074415142423,-1.2093507338753493,-1.4720446861318601,-1.1647574767076552,-1.150661868210249
-0.5163188607077753,0.8437007554702182,0.5855324480466901,1.5844808112194588,-0.2981689116457982,-0.6017766833729703,-0.5162710609978353,1.4657320734125603,0.5921262425159228,0.0,1.0856187696102557,-1.2093507338753493,-1.4720446861318601,-1.1647574767076552,-1.150661868210249
-0.0438867701801139,0.8437007554702182,0.5855324480466901,1.5844808112194588,-0.2981689116457982,-0.6017766833729703,-0.043821769625461124,-1.6375603572718629,1.623103146158553,0.0,1.0856187696102557,-1.2093507338753493,-1.4720446861318601,-1.1647574767076552,-1.150661868210249
0.42854532034754755,0.8437007554702182,0.5855324480466901,1.5844808112194588,-0.2981689116457982,-0.6017766833729703,0.428627521746913,-0.34940123510097026,-0.38157416647989456,0.0,-0.0654443359519933,-1.2093507338753493,-1.4720446861318601,-1.1647574767076552,-1.150661868210249
1.1371934561390398,0.8437007554702182,0.5855324480466901,1.5844808112194588,-0.2981689116457982,-0.6017766833729703,1.1373014588054742,-0.583611984586587,-1.5271040594161502,0.0,-0.4491320378060763,1.239731226190802,-1.4720446861318601,-1.1647574767076552,-1.150661868210249
1.1371934561390398,0.8437007554702182,0.5855324480466901,1.5844808112194588,-0.2981689116457982,-0.6017766833729703,1.1373014588054742,-0.5250592972151829,-1.1261685968884607,0.0,-0.4491320378060763,1.239731226190802,-1.4720446861318601,-1.1647574767076552,-1.150661868210249
1.6096255466667013,0.8437007554702182,0.5855324480466901,1.5844808112194588,-0.2981689116457982,-0.6017766833729703,1.609750750177848,0.35323101335588025,0.6494027371627356,0.0,1.469306471464339,1.239731226190802,-1.4720446861318601,-1.1647574767076552,-1.150661868210249
-1.4611830417630982,-0.16100164822711013,1.0928318113152808,1.5844808112194588,-0.1825331004050759,-0.6017766833729703,-1.4611696437425834,-0.11519048561535342,0.1339142853414205,0.0,-0.8328197396601593,0.015190246157726272,-0.4906815620439534,-1.1647574767076552,-1.150661868210249
-1.2249669964992675,0.8437007554702182,1.0928318113152808,1.5844808112194588,-0.1825331004050759,-0.6017766833729703,-1.2249449980563965,-1.5204549825290543,-1.4125510701225246,0.0,-0.0654443359519933,0.015190246157726272,-0.4906815620439534,-1.1647574767076552,-1.150661868210249
-0.7525349059716061,0.8437007554702182,1.0928318113152808,1.5844808112194588,-0.1825331004050759,-0.6017766833729703,-0.7524957066840222,0.7045471375843055,1.56582665151174,0.0,-0.4491320378060763,0.015190246157726272,-0.4906815620439534,-1.1647574767076552,-1.150661868210249
-0.2801028154439446,-1.1657040519244384,1.0928318113152808,1.5844808112194588,-0.1825331004050759,-0.6017766833729703,-0.28004641531164814,-0.583611984586587,-1.2979980808288991,0.0,-1.2165074415142423,-1.2093507338753493,-0.4906815620439534,-1.1647574767076552,-1.150661868210249
-0.2801028154439446,0.8437007554702182,1.0928318113152808,1.5844808112194588,-0.1825331004050759,-0.6017766833729703,-0.28004641531164814,-0.5250592972151829,-1.2407215861820864,0.0,1.469306471464339,-1.2093507338753493,-0.4906815620439534,-1.1647574767076552,-1.150661868210249
0.42854532034754755,0.8437007554702182,1.0928318113152808,1.5844808112194588,-0.1825331004050759,-0.6017766833729703,0.428627521746913,-1.110586170929225,-0.037915198599017846,0.0,-0.0654443359519933,-1.2093507338753493,-0.4906815620439534,-1.1647574767076552,-1.150661868210249
0.42854532034754755,-1.1657040519244384,1.0928318113152808,1.5844808112194588,-0.1825331004050759,-0.6017766833729703,0.428627521746913,0.0019148891274550072,1.623103146158553,0.0,-1.2165074415142423,-1.2093507338753493,-0.4906815620439534,-1.1647574767076552,-1.150661868210249
0.42854532034754755,-1.1657040519244384,1.0928318113152808,1.5844808112194588,-0.1825331004050759,-0.6017766833729703,0.428627521746913,0.06046757649885921,1.1076146943372378,0.0,-1.2165074415142423,-1.2093507338753493,-0.4906815620439534,-1.1647574767076552,-1.150661868210249
0.6647613656113783,-1.1657040519244384,1.0928318113152808,1.5844808112194588,-0.1825331004050759,-0.6017766833729703,0.6648521674331,-1.696113044643267,-0.8397861236543969,0.0,-1.2165074415142423,1.239731226190802,-0.4906815620439534,-1.1647574767076552,-1.150661868210249
0.6647613656113783,-1.1657040519244384,1.0928318113152808,1.5844808112194588,-0.1825331004050759,-0.6017766833729703,0.6648521674331,-1.6375603572718629,-0.037915198599017846,0.0,-1.2165074415142423,1.239731226190802,-0.4906815620439534,-1.1647574767076552,-1.150661868210249
0.900977410875209,-0.16100164822711013,1.0928318113152808,1.5844808112194588,-0.1825331004050759,-0.6017766833729703,0.901076813119287,-0.34940123510097026,0.821232221103174,0.0,-0.8328197396601593,1.239731226190802,-0.4906815620439534,-1.1647574767076552,-1.150661868210249
-0.7525349059716061,0.8437007554702182,1.6001311745838716,1.5844808112194588,-0.06689728916435364,-0.6017766833729703,-0.7524957066840222,-1.1691388583006292,-0.3242976718330818,0.0,1.469306471464339,0.015190246157726272,0.0,-1.1647574767076552,-1.150661868210249
-0.7525349059716061,0.8437007554702182,1.6001311745838716,1.5844808112194588,-0.06689728916435364,-0.6017766833729703,-0.7524957066840222,-1.110586170929225,-0.267021177186269,0.0,-0.0654443359519933,0.015190246157726272,0.0,-1.1647574767076552,-1.150661868210249
0.6647613656113783,0.8437007554702182,1.6001311745838716,1.5844808112194588,-0.06689728916435364,-0.6017766833729703,0.6648521674331,1.699942822898177,-1.4125510701225246,0.0,1.0856187696102557,1.239731226190802,0.0,-1.1647574767076552,-1.150661868210249
-1.697399087026929,0.8437007554702182,-1.4436650050276725,1.5844808112194588,0.048738522076368605,-0.6017766833729703,-1.6973942894287704,1.3486266986697517,-0.6679566397139585,0.0,1.469306471464339,0.015190246157726272,-0.9813631240879068,-1.1647574767076552,-1.150661868210249
-1.4611830417630982,0.8437007554702182,-1.4436650050276725,1.5844808112194588,0.048738522076368605,-0.6017766833729703,-1.4611696437425834,-1.5204549825290543,0.07663779069460772,0.0,1.0856187696102557,0.015190246157726272,-0.9813631240879068,-1.1647574767076552,-1.150661868210249
-1.4611830417630982,0.8437007554702182,-1.4436650050276725,1.5844808112194588,0.048738522076368605,-0.6017766833729703,-1.4611696437425834,0.9973105744413265,1.336720672924489,0.0,-0.0654443359519933,0.015190246157726272,-0.9813631240879068,-1.1647574767076552,-1.150661868210249
-0.5163188607077753,-0.16100164822711013,-1.4436650050276725,1.5844808112194588,0.048738522076368605,-0.6017766833729703,-0.5162710609978353,-0.583611984586587,-1.2407215861820864,0.0,-0.8328197396601593,-1.2093507338753493,-0.9813631240879068,-1.1647574767076552,-1.150661868210249
-0.2801028154439446,0.8437007554702182,-1.4436650050276725,1.5844808112194588,0.048738522076368605,-0.6017766833729703,-0.28004641531164814,-1.2276915456720334,1.2794441782776762,0.0,1.469306471464339,-1.2093507338753493,-0.9813631240879068,-1.1647574767076552,-1.150661868210249
-0.0438867701801139,0.8437007554702182,-1.4436650050276725,1.5844808112194588,0.048738522076368605,-0.6017766833729703,-0.043821769625461124,-0.9349281088150123,-0.6679566397139585,0.0,1.0856187696102557,-1.2093507338753493,-0.9813631240879068,-1.1647574767076552,-1.150661868210249
0.900977410875209,0.8437007554702182,-1.4436650050276725,1.5844808112194588,0.048738522076368605,-0.6017766833729703,0.901076813119287,-0.34940123510097026,-1.2979980808288991,0.0,1.469306471464339,1.239731226190802,-0.9813631240879068,-1.1647574767076552,-1.150661868210249
0.900977410875209,-0.16100164822711013,-1.4436650050276725,1.5844808112194588,0.048738522076368605,-0.6017766833729703,0.901076813119287,-0.29084854772956603,-1.641657048709776,0.0,-0.8328197396601593,1.239731226190802,-0.9813631240879068,-1.1647574767076552,-1.150661868210249
-1.4611830417630982,-1.1657040519244384,-0.9363656417590819,1.5844808112194588,0.16437433331709086,-0.6017766833729703,-1.4611696437425834,1.114415949184135,-0.6679566397139585,0.0,0.31824336590208974,0.015190246157726272,0.9813631240879068,-1.1647574767076552,-1.150661868210249
-1.4611830417630982,0.8437007554702182,-0.9363656417590819,1.5844808112194588,0.16437433331709086,-0.6017766833729703,-1.4611696437425834,1.3486266986697517,0.1339142853414205,0.0,-0.4491320378060763,0.015190246157726272,0.9813631240879068,-1.1647574767076552,-1.150661868210249
-0.9887509512354369,-0.16100164822711013,-0.9363656417590819,1.5844808112194588,0.16437433331709086,-0.6017766833729703,-0.9887203523702093,1.1729686365555392,-1.4125510701225246,0.0,-0.8328197396601593,0.015190246157726272,0.9813631240879068,-1.1647574767076552,-1.150661868210249
0.42854532034754755,-1.1657040519244384,-0.9363656417590819,1.5844808112194588,0.16437433331709086,-0.6017766833729703,0.428627521746913,-0.40795392247237444,0.30574376928185887,0.0,-1.2165074415142423,-1.2093507338753493,0.9813631240879068,-1.1647574767076552,-1.150661868210249
0.42854532034754755,0.8437007554702182,-0.9363656417590819,1.5844808112194588,0.16437433331709086,-0.6017766833729703,0.428627521746913,-0.34940123510097026,0.36302026392867165,0.0,-0.0654443359519933,-1.2093507338753493,0.9813631240879068,-1.1647574767076552,-1.150661868210249
0.6647613656113783,0.8437007554702182,-0.9363656417590819,1.5844808112194588,0.16437433331709086,-0.6017766833729703,0.6648521674331,-0.8763754214436081,-0.43885066112670734,0.0,-0.4491320378060763,1.239731226190802,0.9813631240879068,-1.1647574767076552,-1.150661868210249
0.900977410875209,0.8437007554702182,-0.9363656417590819,1.5844808112194588,0.16437433331709086,-0.6017766833729703,0.901076813119287,1.4657320734125603,1.56582665151174,0.0,-0.0654443359519933,1.239731226190802,0.9813631240879068,-1.1647574767076552,-1.150661868210249
-1.2249669964992675,0.8437007554702182,-0.42906627849049117,1.5844808112194588,0.2800101445578131,-0.6017766833729703,-1.2249449980563965,0.06046757649885921,-0.09519169324583063,0.0,1.469306471464339,0.015190246157726272,1.4720446861318601,-1.1647574767076552,-1.150661868210249
-0.9887509512354369,-0.16100164822711013,-0.42906627849049117,1.5844808112194588,0.2800101445578131,-0.6017766833729703,-0.9887203523702093,-1.6375603572718629,-0.4961271557735201,0.0,-0.8328197396601593,0.015190246157726272,1.4720446861318601,-1.1647574767076552,-1.150661868210249
-0.9887509512354369,0.8437007554702182,-0.42906627849049117,1.5844808112194588,0.2800101445578131,-0.6017766833729703,-0.9887203523702093,-1.5204549825290543,-1.584380554062963,0.0,1.469306471464339,0.015190246157726272,1.4720446861318601,-1.1647574767076552,-1.150661868210249
-0.9887509512354369,0.8437007554702182,-0.42906627849049117,1.5844808112194588,0.2800101445578131,-0.6017766833729703,-0.9887203523702093,-1.4619022951576501,-1.5271040594161502,0.0,-0.4491320378060763,0.015190246157726272,1.4720446861318601,-1.1647574767076552,-1.150661868210249
-0.9887509512354369,0.8437007554702182,0.07823308477809952,1.5844808112194588,0.39564595579853534,-0.6017766833729703,-0.9887203523702093,-0.9934807961864165,-1.068892102241648,0.0,1.0856187696102557,0.015190246157726272,0.4906815620439534,-1.1647574767076552,-1.150661868210249
-0.7525349059716061,-0.16100164822711013,0.07823308477809952,1.5844808112194588,0.39564595579853534,-0.6017766833729703,-0.7524957066840222,-0.23229586035816183,0.7639557264563611,0.0,-0.8328197396601593,0.015190246157726272,0.4906815620439534,-1.1647574767076552,-1.150661868210249
-0.5163188607077753,-2.1704064556217677,0.07823308477809952,1.5844808112194588,0.39564595579853534,-0.6017766833729703,-0.5162710609978353,-1.110586170929225,1.2794441782776762,0.0,0.7019310677561728,-1.2093507338753493,0.4906815620439534,-1.1647574767076552,-1.150661868210249
-0.2801028154439446,0.8437007554702182,0.07823308477809952,1.5844808112194588,0.39564595579853534,-0.6017766833729703,-0.28004641531164814,0.5288890754700929,1.5085501568649273,0.0,1.0856187696102557,-1.2093507338753493,0.4906815620439534,-1.1647574767076552,-1.150661868210249
1.1371934561390398,0.8437007554702182,0.07823308477809952,1.5844808112194588,0.39564595579853534,-0.6017766833729703,1.1373014588054742,-1.696113044643267,1.5085501568649273,0.0,-0.4491320378060763,1.239731226190802,0.4906815620439534,-1.1647574767076552,-1.150661868210249
1.1371934561390398,0.8437007554702182,0.07823308477809952,1.5844808112194588,0.39564595579853534,-0.6017766833729703,1.1373014588054742,-1.110586170929225,0.5921262425159228,0.0,-0.4491320378060763,1.239731226190802,0.4906815620439534,-1.1647574767076552,-1.150661868210249
1.1371934561390398,-0.16100164822711013,0.07823308477809952,1.5844808112194588,0.39564595579853534,-0.6017766833729703,1.1373014588054742,1.114415949184135,-0.6679566397139585,0.0,-0.8328197396601593,1.239731226190802,0.4906815620439534,-1.1647574767076552,-1.150661868210249
1.1371934561390398,0.8437007554702182,0.07823308477809952,1.5844808112194588,0.39564595579853534,-0.6017766833729703,1.1373014588054742,1.1729686365555392,0.7066792318095484,0.0,1.0856187696102557,1.239731226190802,0.4906815620439534,-1.1647574767076552,-1.150661868210249
1.6096255466667013,0.8437007554702182,0.07823308477809952,1.5844808112194588,0.39564595579853534,-0.6017766833729703,1.609750750177848,-1.2276915456720334,-1.068892102241648,0.0,1.469306471464339,1.239731226190802,0.4906815620439534,-1.1647574767076552,-1.150661868210249
1.6096255466667013,0.8437007554702182,0.07823308477809952,1.5844808112194588,0.39564595579853534,-0.6017766833729703,1.609750750177848,-1.1691388583006292,-0.8397861236543969,0.0,-0.4491320378060763,1.239731226190802,0.4906815620439534,-1.1647574767076552,-1.150661868210249
-1.4611830417630982,-1.1657040519244384,0.5855324480466901,1.5844808112194588,0.5112817670392577,-0.6017766833729703,-1.4611696437425834,-0.8763754214436081,1.2221676836308635,0.0,0.31824336590208974,0.015190246157726272,-1.4720446861318601,-1.1647574767076552,-1.150661868210249
-1.2249669964992675,-0.16100164822711013,0.5855324480466901,1.5844808112194588,0.5112817670392577,-0.6017766833729703,-1.2249449980563965,0.5874417628414971,-0.037915198599017846,0.0,-0.8328197396601593,0.015190246157726272,-1.4720446861318601,-1.1647574767076552,-1.150661868210249
-0.9887509512354369,0.8437007554702182,0.5855324480466901,1.5844808112194588,0.5112817670392577,-0.6017766833729703,-0.9887203523702093,-0.9934807961864165,0.7066792318095484,0.0,-0.4491320378060763,0.015190246157726272,-1.4720446861318601,-1.1647574767076552,-1.150661868210249
-0.9887509512354369,-1.1657040519244384,0.5855324480466901,1.5844808112194588,0.5112817670392577,-0.6017766833729703,-0.9887203523702093,1.5242847607839645,-0.037915198599017846,0.0,0.31824336590208974,0.015190246157726272,-1.4720446861318601,-1.1647574767076552,-1.150661868210249
-0.5163188607077753,-2.1704064556217677,0.5855324480466901,1.5844808112194588,0.5112817670392577,-0.6017766833729703,-0.5162710609978353,-0.4665066098437787,-0.7252331343607713,0.0,0.7019310677561728,-1.2093507338753493,-1.4720446861318601,-1.1647574767076552,-1.150661868210249
-0.5163188607077753,-0.16100164822711013,0.5855324480466901,1.5844808112194588,0.5112817670392577,-0.6017766833729703,-0.5162710609978353,-0.40795392247237444,1.1076146943372378,0.0,-0.8328197396601593,-1.2093507338753493,-1.4720446861318601,-1.1647574767076552,-1.150661868210249
-0.0438867701801139,-1.1657040519244384,0.5855324480466901,1.5844808112194588,0.5112817670392577,-0.6017766833729703,-0.043821769625461124,1.699942822898177,-0.5534036504203329,0.0,0.31824336590208974,-1.2093507338753493,-1.4720446861318601,-1.1647574767076552,-1.150661868210249
0.900977410875209,0.8437007554702182,0.5855324480466901,1.5844808112194588,0.5112817670392577,-0.6017766833729703,0.901076813119287,-0.056637798243949204,-0.43885066112670734,0.0,-0.4491320378060763,1.239731226190802,-1.4720446861318601,-1.1647574767076552,-1.150661868210249
0.900977410875209,0.8437007554702182,0.5855324480466901,1.5844808112194588,0.5112817670392577,-0.6017766833729703,0.901076813119287,1.6413901355267728,-0.9543391129480224,0.0,-0.4491320378060763,1.239731226190802,-1.4720446861318601,-1.1647574767076552,-1.150661868210249
-0.9887509512354369,0.8437007554702182,1.0928318113152808,1.5844808112194588,0.6269175782799798,-0.6017766833729703,-0.9887203523702093,-0.583611984586587,-0.38157416647989456,0.0,-0.4491320378060763,0.015190246157726272,-0.4906815620439534,-1.1647574767076552,-1.150661868210249
-0.9887509512354369,0.8437007554702182,1.0928318113152808,1.5844808112194588,0.6269175782799798,-0.6017766833729703,-0.9887203523702093,-0.5250592972151829,0.6494027371627356,0.0,1.469306471464339,0.015190246157726272,-0.4906815620439534,-1.1647574767076552,-1.150661868210249
-0.9887509512354369,-1.1657040519244384,1.0928318113152808,1.5844808112194588,0.6269175782799798,-0.6017766833729703,-0.9887203523702093,0.17757295124166764,-1.584380554062963,0.0,-1.2165074415142423,0.015190246157726272,-0.4906815620439534,-1.1647574767076552,-1.150661868210249
0.19232927508371683,0.8437007554702182,1.0928318113152808,1.5844808112194588,0.6269175782799798,-0.6017766833729703,0.19240287606072592,0.23612563861307184,-1.5271040594161502,0.0,1.0856187696102557,-1.2093507338753493,-0.4906815620439534,-1.1647574767076552,-1.150661868210249
0.19232927508371683,0.8437007554702182,1.0928318113152808,1.5844808112194588,0.6269175782799798,-0.6017766833729703,0.19240287606072592,0.23612563861307184,1.1076146943372378,0.0,1.469306471464339,-1.2093507338753493,-0.4906815620439534,-1.1647574767076552,-1.150661868210249
0.19232927508371683,-0.16100164822711013,1.0928318113152808,1.5844808112194588,0.6269175782799798,-0.6017766833729703,0.19240287606072592,0.35323101335588025,-0.037915198599017846,0.0,-0.8328197396601593,-1.2093507338753493,-0.4906815620439534,-1.1647574767076552,-1.150661868210249
0.19232927508371683,0.8437007554702182,1.0928318113152808,1.5844808112194588,0.6269175782799798,-0.6017766833729703,0.19240287606072592,1.699942822898177,-1.2979980808288991,0.0,1.469306471464339,-1.2093507338753493,-0.4906815620439534,-1.1647574767076552,-1.150661868210249
0.6647613656113783,0.8437007554702182,1.0928318113152808,1.5844808112194588,0.6269175782799798,-0.6017766833729703,0.6648521674331,1.0558632618127308,-0.1524681878926434,0.0,-0.0654443359519933,1.239731226190802,-0.4906815620439534,-1.1647574767076552,-1.150661868210249
0.900977410875209,0.8437007554702182,1.0928318113152808,1.5844808112194588,0.6269175782799798,-0.6017766833729703,0.901076813119287,-1.5790076699004587,0.36302026392867165,0.0,1.0856187696102557,1.239731226190802,-0.4906815620439534,-1.1647574767076552,-1.150661868210249
0.900977410875209,-1.1657040519244384,1.0928318113152808,1.5844808112194588,0.6269175782799798,-0.6017766833729703,0.901076813119287,-1.2276915456720334,-0.7252331343607713,0.0,0.31824336590208974,1.239731226190802,-0.4906815620439534,-1.1647574767076552,-1.150661868210249
1.1371934561390398,-0.16100164822711013,1.0928318113152808,1.5844808112194588,0.6269175782799798,-0.6017766833729703,1.1373014588054742,1.114415949184135,-0.9543391129480224,0.0,-0.8328197396601593,1.239731226190802,-0.4906815620439534,-1.1647574767076552,-1.150661868210249
1.1371934561390398,-1.1657040519244384,1.0928318113152808,1.5844808112194588,0.6269175782799798,-0.6017766833729703,1.1373014588054742,1.1729686365555392,0.8785087157499867,0.0,0.31824336590208974,1.239731226190802,-0.4906815620439534,-1.1647574767076552,-1.150661868210249
1.6096255466667013,-1.1657040519244384,1.0928318113152808,1.5844808112194588,0.6269175782799798,-0.6017766833729703,1.609750750177848,1.1729686365555392,0.9930617050436122,0.0,0.31824336590208974,1.239731226190802,-0.4906815620439534,-1.1647574767076552,-1.150661868210249
1.6096255466667013,0.8437007554702182,1.0928318113152808,1.5844808112194588,0.6269175782799798,-0.6017766833729703,1.609750750177848,1.699942822898177,1.050338199690425,0.0,1.469306471464339,1.239731226190802,-0.4906815620439534,-1.1647574767076552,-1.150661868210249
1.845841591930532,-1.1657040519244384,1.0928318113152808,1.5844808112194588,0.6269175782799798,-0.6017766833729703,1.8459753958640353,-0.7592700467007997,-0.8970626183012096,0.0,0.31824336590208974,1.239731226190802,-0.4906815620439534,-1.1647574767076552,-1.150661868210249
-0.9887509512354369,0.8437007554702182,1.6001311745838716,1.5844808112194588,0.7425533895207022,-0.6017766833729703,-0.9887203523702093,0.7630998249557097,1.5085501568649273,0.0,-0.4491320378060763,0.015190246157726272,0.0,-1.1647574767076552,-1.150661868210249
0.900977410875209,0.8437007554702182,1.6001311745838716,1.5844808112194588,0.7425533895207022,-0.6017766833729703,0.901076813119287,1.5242847607839645,0.821232221103174,0.0,-0.4491320378060763,1.239731226190802,0.0,-1.1647574767076552,-1.150661868210249
1.1371934561390398,0.8437007554702182,1.6001311745838716,1.5844808112194588,0.7425533895207022,-0.6017766833729703,1.1373014588054742,0.35323101335588025,0.8785087157499867,0.0,1.0856187696102557,1.239731226190802,0.0,-1.1647574767076552,-1.150661868210249
1.1371934561390398,0.8437007554702182,1.6001311745838716,1.5844808112194588,0.7425533895207022,-0.6017766833729703,1.1373014588054742,0.4117837007272845,-0.037915198599017846,0.0,1.0856187696102557,1.239731226190802,0.0,-1.1647574767076552,-1.150661868210249
1.3734095014028704,0.8437007554702182,1.6001311745838716,1.5844808112194588,0.7425533895207022,-0.6017766833729703,1.3735261044916611,-0.17374317298675762,0.36302026392867165,0.0,1.0856187696102557,1.239731226190802,0.0,-1.1647574767076552,-1.150661868210249
1.6096255466667013,0.8437007554702182,1.6001311745838716,1.5844808112194588,0.7425533895207022,-0.6017766833729703,1.609750750177848,1.5242847607839645,-0.6679566397139585,0.0,-0.0654443359519933,1.239731226190802,0.0,-1.1647574767076552,-1.150661868210249
1.6096255466667013,-1.1657040519244384,1.6001311745838716,1.5844808112194588,0.7425533895207022,-0.6017766833729703,1.609750750177848,1.5828374481553686,1.5085501568649273,0.0,0.31824336590208974,1.239731226190802,0.0,-1.1647574767076552,-1.150661868210249
-1.2249669964992675,-1.1657040519244384,-1.4436650050276725,1.5844808112194588,0.8581892007614244,-0.6017766833729703,-1.2249449980563965,-1.5204549825290543,-0.4961271557735201,0.0,0.31824336590208974,0.015190246157726272,-0.9813631240879068,-1.1647574767076552,-1.150661868210249
-1.2249669964992675,-0.16100164822711013,-1.4436650050276725,1.5844808112194588,0.8581892007614244,-0.6017766833729703,-1.2249449980563965,-0.40795392247237444,-0.7252331343607713,0.0,-0.8328197396601593,0.015190246157726272,-0.9813631240879068,-1.1647574767076552,-1.150661868210249
-0.9887509512354369,-0.16100164822711013,-1.4436650050276725,1.5844808112194588,0.8581892007614244,-0.6017766833729703,-0.9887203523702093,0.7630998249557097,-1.5271040594161502,0.0,-0.8328197396601593,0.015190246157726272,-0.9813631240879068,-1.1647574767076552,-1.150661868210249
-0.7525349059716061,0.8437007554702182,-1.4436650050276725,1.5844808112194588,0.8581892007614244,-0.6017766833729703,-0.7524957066840222,0.35323101335588025,1.3939971675713017,0.0,-0.4491320378060763,0.015190246157726272,-0.9813631240879068,-1.1647574767076552,-1.150661868210249
-0.0438867701801139,0.8437007554702182,-1.4436650050276725,1.5844808112194588,0.8581892007614244,-0.6017766833729703,-0.043821769625461124,-1.403349607786246,0.07663779069460772,0.0,1.469306471464339,-1.2093507338753493,-0.9813631240879068,-1.1647574767076552,-1.150661868210249
0.19232927508371683,-0.16100164822711013,-1.4436650050276725,1.5844808112194588,0.8581892007614244,-0.6017766833729703,0.19240287606072592,-1.696113044643267,-0.38157416647989456,0.0,-0.8328197396601593,-1.2093507338753493,-0.9813631240879068,-1.1647574767076552,-1.150661868210249
0.42854532034754755,0.8437007554702182,-1.4436650050276725,1.5844808112194588,0.8581892007614244,-0.6017766833729703,0.428627521746913,-0.8763754214436081,1.1648911889840505,0.0,1.469306471464339,-1.2093507338753493,-0.9813631240879068,-1.1647574767076552,-1.150661868210249
0.6647613656113783,-1.1657040519244384,-1.4436650050276725,1.5844808112194588,0.8581892007614244,-0.6017766833729703,0.6648521674331,-0.4665066098437787,-0.5534036504203329,0.0,0.31824336590208974,1.239731226190802,-0.9813631240879068,-1.1647574767076552,-1.150661868210249
0.6647613656113783,0.8437007554702182,-1.4436650050276725,1.5844808112194588,0.8581892007614244,-0.6017766833729703,0.6648521674331,-0.40795392247237444,0.5921262425159228,0.0,1.469306471464339,1.239731226190802,-0.9813631240879068,-1.1647574767076552,-1.150661868210249
1.3734095014028704,-1.1657040519244384,-1.4436650050276725,1.5844808112194588,0.8581892007614244,-0.6017766833729703,1.3735261044916611,0.9973105744413265,-1.2979980808288991,0.0,0.31824336590208974,1.239731226190802,-0.9813631240879068,-1.1647574767076552,-1.150661868210249
0.19232927508371683,-0.16100164822711013,-0.9363656417590819,1.5844808112194588,0.9738250120021467,-0.6017766833729703,0.19240287606072592,-1.110586170929225,0.7639557264563611,0.0,-0.8328197396601593,-1.2093507338753493,0.9813631240879068,-1.1647574767076552,-1.150661868210249
0.42854532034754755,0.8437007554702182,-0.9363656417590819,1.5844808112194588,0.9738250120021467,-0.6017766833729703,0.428627521746913,-1.2276915456720334,0.4775732532222972,0.0,1.0856187696102557,-1.2093507338753493,0.9813631240879068,-1.1647574767076552,-1.150661868210249
0.6647613656113783,-1.1657040519244384,-0.9363656417590819,1.5844808112194588,0.9738250120021467,-0.6017766833729703,0.6648521674331,1.5242847607839645,-0.09519169324583063,0.0,0.31824336590208974,1.239731226190802,0.9813631240879068,-1.1647574767076552,-1.150661868210249
1.1371934561390398,0.8437007554702182,-0.9363656417590819,1.5844808112194588,0.9738250120021467,-0.6017766833729703,1.1373014588054742,-1.110586170929225,0.36302026392867165,0.0,1.0856187696102557,1.239731226190802,0.9813631240879068,-1.1647574767076552,-1.150661868210249
1.1371934561390398,0.8437007554702182,-0.9363656417590819,1.5844808112194588,0.9738250120021467,-0.6017766833729703,1.1373014588054742,-1.0520334835578207,0.36302026392867165,0.0,1.469306471464339,1.239731226190802,0.9813631240879068,-1.1647574767076552,-1.150661868210249
1.1371934561390398,-2.1704064556217677,-0.9363656417590819,1.5844808112194588,0.9738250120021467,-0.6017766833729703,1.1373014588054742,-0.9934807961864165,0.24846727463504606,0.0,0.7019310677561728,1.239731226190802,0.9813631240879068,-1.1647574767076552,-1.150661868210249
1.1371934561390398,0.8437007554702182,-0.9363656417590819,1.5844808112194588,0.9738250120021467,-0.6017766833729703,1.1373014588054742,0.4117837007272845,-1.584380554062963,0.0,-0.4491320378060763,1.239731226190802,0.9813631240879068,-1.1647574767076552,-1.150661868210249
-0.9887509512354369,0.8437007554702182,-0.42906627849049117,1.5844808112194588,1.0894608232428689,-0.6017766833729703,-0.9887203523702093,0.8216525123271139,1.5085501568649273,0.0,1.469306471464339,0.015190246157726272,1.4720446861318601,-1.1647574767076552,-1.150661868210249
-0.9887509512354369,0.8437007554702182,-0.42906627849049117,1.5844808112194588,1.0894608232428689,-0.6017766833729703,-0.9887203523702093,0.9387578870699224,-1.584380554062963,0.0,1.469306471464339,0.015190246157726272,1.4720446861318601,-1.1647574767076552,-1.150661868210249
-0.5163188607077753,-0.16100164822711013,-0.42906627849049117,1.5844808112194588,1.0894608232428689,-0.6017766833729703,-0.5162710609978353,0.35323101335588025,-1.5271040594161502,0.0,-0.8328197396601593,-1.2093507338753493,1.4720446861318601,-1.1647574767076552,-1.150661868210249
-0.5163188607077753,-1.1657040519244384,-0.42906627849049117,1.5844808112194588,1.0894608232428689,-0.6017766833729703,-0.5162710609978353,0.4117837007272845,-1.6989335433565886,0.0,-1.2165074415142423,-1.2093507338753493,1.4720446861318601,-1.1647574767076552,-1.150661868210249
-0.2801028154439446,-0.16100164822711013,-0.42906627849049117,1.5844808112194588,1.0894608232428689,-0.6017766833729703,-0.28004641531164814,-0.7007173593293955,-1.068892102241648,0.0,-0.8328197396601593,-1.2093507338753493,1.4720446861318601,-1.1647574767076552,-1.150661868210249
-0.2801028154439446,-1.1657040519244384,-0.42906627849049117,1.5844808112194588,1.0894608232428689,-0.6017766833729703,-0.28004641531164814,0.17757295124166764,0.9930617050436122,0.0,-1.2165074415142423,-1.2093507338753493,1.4720446861318601,-1.1647574767076552,-1.150661868210249
1.3734095014028704,0.8437007554702182,-0.42906627849049117,1.5844808112194588,1.0894608232428689,-0.6017766833729703,1.3735261044916611,-1.5790076699004587,0.5921262425159228,0.0,-0.4491320378060763,1.239731226190802,1.4720446861318601,-1.1647574767076552,-1.150661868210249
1.6096255466667013,0.8437007554702182,-0.42906627849049117,1.5844808112194588,1.0894608232428689,-0.6017766833729703,1.609750750177848,-0.6421646719579913,1.1076146943372378,0.0,-0.0654443359519933,1.239731226190802,1.4720446861318601,-1.1647574767076552,-1.150661868210249
1.6096255466667013,0.8437007554702182,-0.42906627849049117,1.5844808112194588,1.0894608232428689,-0.6017766833729703,1.609750750177848,-0.583611984586587,0.7066792318095484,0.0,-0.0654443359519933,1.239731226190802,1.4720446861318601,-1.1647574767076552,-1.150661868210249
1.6096255466667013,0.8437007554702182,-0.42906627849049117,1.5844808112194588,1.0894608232428689,-0.6017766833729703,1.609750750177848,1.6413901355267728,0.019361296047794935,0.0,1.469306471464339,1.239731226190802,1.4720446861318601,-1.1647574767076552,-1.150661868210249
1.845841591930532,0.8437007554702182,-0.42906627849049117,1.5844808112194588,1.0894608232428689,-0.6017766833729703,1.8459753958640353,1.2900740112983475,-1.584380554062963,0.0,-0.4491320378060763,1.239731226190802,1.4720446861318601,-1.1647574767076552,-1.150661868210249
1.845841591930532,-0.16100164822711013,-0.42906627849049117,1.5844808112194588,1.0894608232428689,-0.6017766833729703,1.8459753958640353,1.407179386041156,-1.3552745754757118,0.0,-0.8328197396601593,1.239731226190802,1.4720446861318601,-1.1647574767076552,-1.150661868210249
-0.2801028154439446,0.8437007554702182,0.07823308477809952,1.5844808112194588,1.2050966344835912,-0.6017766833729703,-0.28004641531164814,-0.9934807961864165,0.42029675857548443,0.0,-0.4491320378060763,-1.2093507338753493,0.4906815620439534,-1.1647574767076552,-1.150661868210249
0.19232927508371683,-2.1704064556217677,0.07823308477809952,1.5844808112194588,1.2050966344835912,-0.6017766833729703,0.19240287606072592,-1.4619022951576501,0.24846727463504606,0.0,0.7019310677561728,-1.2093507338753493,0.4906815620439534,-1.1647574767076552,-1.150661868210249
-1.697399087026929,-1.1657040519244384,0.5855324480466901,1.5844808112194588,1.3207324457243135,-0.6017766833729703,-1.6973942894287704,1.2315213239269434,-0.5534036504203329,0.0,-1.2165074415142423,0.015190246157726272,-1.4720446861318601,-1.1647574767076552,-1.150661868210249
-1.4611830417630982,-1.1657040519244384,0.5855324480466901,1.5844808112194588,1.3207324457243135,-0.6017766833729703,-1.4611696437425834,1.6413901355267728,0.4775732532222972,0.0,0.31824336590208974,0.015190246157726272,-1.4720446861318601,-1.1647574767076552,-1.150661868210249
-1.2249669964992675,-1.1657040519244384,0.5855324480466901,1.5844808112194588,1.3207324457243135,-0.6017766833729703,-1.2249449980563965,-1.1691388583006292,1.4512736622181146,0.0,0.31824336590208974,0.015190246157726272,-1.4720446861318601,-1.1647574767076552,-1.150661868210249
-0.9887509512354369,-0.16100164822711013,0.5855324480466901,1.5844808112194588,1.3207324457243135,-0.6017766833729703,-0.9887203523702093,-0.9934807961864165,1.336720672924489,0.0,-0.8328197396601593,0.015190246157726272,-1.4720446861318601,-1.1647574767076552,-1.150661868210249
0.6647613656113783,0.8437007554702182,0.5855324480466901,1.5844808112194588,1.3207324457243135,-0.6017766833729703,0.6648521674331,-0.9934807961864165,-1.4698275647693375,0.0,1.469306471464339,1.239731226190802,-1.4720446861318601,-1.1647574767076552,-1.150661868210249
1.1371934561390398,-1.1657040519244384,0.5855324480466901,1.5844808112194588,1.3207324457243135,-0.6017766833729703,1.1373014588054742,1.0558632618127308,-0.1524681878926434,0.0,-1.2165074415142423,1.239731226190802,-1.4720446861318601,-1.1647574767076552,-1.150661868210249
1.1371934561390398,-0.16100164822711013,0.5855324480466901,1.5844808112194588,1.3207324457243135,-0.6017766833729703,1.1373014588054742,1.114415949184135,-0.4961271557735201,0.0,-0.8328197396601593,1.239731226190802,-1.4720446861318601,-1.1647574767076552,-1.150661868210249
1.845841591930532,0.8437007554702182,0.5855324480466901,1.5844808112194588,1.3207324457243135,-0.6017766833729703,1.8459753958640353,1.4657320734125603,0.1339142853414205,0.0,-0.0654443359519933,1.239731226190802,-1.4720446861318601,-1.1647574767076552,-1.150661868210249
-1.2249669964992675,-1.1657040519244384,1.0928318113152808,1.5844808112194588,1.4363682569650356,-0.6017766833729703,-1.2249449980563965,-1.696113044643267,-0.38157416647989456,0.0,0.31824336590208974,0.015190246157726272,-0.4906815620439534,-1.1647574767076552,-1.150661868210249
-1.2249669964992675,-1.1657040519244384,1.0928318113152808,1.5844808112194588,1.4363682569650356,-0.6017766833729703,-1.2249449980563965,1.2315213239269434,0.42029675857548443,0.0,0.31824336590208974,0.015190246157726272,-0.4906815620439534,-1.1647574767076552,-1.150661868210249
-0.9887509512354369,-0.16100164822711013,1.0928318113152808,1.5844808112194588,1.4363682569650356,-0.6017766833729703,-0.9887203523702093,-0.6421646719579913,0.821232221103174,0.0,-0.8328197396601593,0.015190246157726272,-0.4906815620439534,-1.1647574767076552,-1.150661868210249
-0.9887509512354369,0.8437007554702182,1.0928318113152808,1.5844808112194588,1.4363682569650356,-0.6017766833729703,-0.9887203523702093,1.3486266986697517,-1.5271040594161502,0.0,1.469306471464339,0.015190246157726272,-0.4906815620439534,-1.1647574767076552,-1.150661868210249
-0.0438867701801139,0.8437007554702182,1.0928318113152808,1.5844808112194588,1.4363682569650356,-0.6017766833729703,-0.043821769625461124,-1.110586170929225,-1.641657048709776,0.0,-0.4491320378060763,-1.2093507338753493,-0.4906815620439534,-1.1647574767076552,-1.150661868210249
-0.0438867701801139,0.8437007554702182,1.0928318113152808,1.5844808112194588,1.4363682569650356,-0.6017766833729703,-0.043821769625461124,-0.9349281088150123,-0.7252331343607713,0.0,1.0856187696102557,-1.2093507338753493,-0.4906815620439534,-1.1647574767076552,-1.150661868210249
0.6647613656113783,0.8437007554702182,1.0928318113152808,1.5844808112194588,1.4363682569650356,-0.6017766833729703,0.6648521674331,-0.34940123510097026,0.5921262425159228,0.0,1.469306471464339,1.239731226190802,-0.4906815620439534,-1.1647574767076552,-1.150661868210249
1.845841591930532,0.8437007554702182,1.0928318113152808,1.5844808112194588,1.4363682569650356,-0.6017766833729703,1.8459753958640353,-1.0520334835578207,-1.641657048709776,0.0,-0.4491320378060763,1.239731226190802,-0.4906815620439534,-1.1647574767076552,-1.150661868210249
-0.2801028154439446,-1.1657040519244384,1.6001311745838716,1.5844808112194588,1.5520040682057579,-0.6017766833729703,-0.28004641531164814,0.9973105744413265,-0.782509629007584,0.0,0.31824336590208974,-1.2093507338753493,0.0,-1.1647574767076552,-1.150661868210249
0.19232927508371683,-2.1704064556217677,1.6001311745838716,1.5844808112194588,1.5520040682057579,-0.6017766833729703,0.19240287606072592,-1.4619022951576501,-0.2097446825394562,0.0,0.7019310677561728,-1.2093507338753493,0.0,-1.1647574767076552,-1.150661868210249
0.19232927508371683,-1.1657040519244384,1.6001311745838716,1.5844808112194588,1.5520040682057579,-0.6017766833729703,0.19240287606072592,-1.403349607786246,-0.782509629007584,0.0,-1.2165074415142423,-1.2093507338753493,0.0,-1.1647574767076552,-1.150661868210249
0.6647613656113783,-1.1657040519244384,1.6001311745838716,1.5844808112194588,1.5520040682057579,-0.6017766833729703,0.6648521674331,0.06046757649885921,-1.4698275647693375,0.0,0.31824336590208974,1.239731226190802,0.0,-1.1647574767076552,-1.150661868210249
0.6647613656113783,-2.1704064556217677,1.6001311745838716,1.5844808112194588,1.5520040682057579,-0.6017766833729703,0.6648521674331,0.11902026387026342,0.9357852103967995,0.0,0.7019310677561728,1.239731226190802,0.0,-1.1647574767076552,-1.150661868210249
1.1371934561390398,-1.1657040519244384,1.6001311745838716,1.5844808112194588,1.5520040682057579,-0.6017766833729703,1.1373014588054742,1.0558632618127308,0.7639557264563611,0.0,0.31824336590208974,1.239731226190802,0.0,-1.1647574767076552,-1.150661868210249
1.3734095014028704,0.8437007554702182,1.6001311745838716,1.5844808112194588,1.5520040682057579,-0.6017766833729703,1.3735261044916611,-0.23229586035816183,1.3939971675713017,0.0,1.0856187696102557,1.239731226190802,0.0,-1.1647574767076552,-1.150661868210249
1.6096255466667013,0.8437007554702182,1.6001311745838716,1.5844808112194588,1.5520040682057579,-0.6017766833729703,1.609750750177848,-0.7007173593293955,-0.6106801450671457,0.0,1.469306471464339,1.239731226190802,0.0,-1.1647574767076552,-1.150661868210249
-1.2249669964992675,-1.1657040519244384,-1.4436650050276725,1.5844808112194588,1.6676398794464802,-0.6017766833729703,-1.2249449980563965,-1.5790076699004587,0.821232221103174,0.0,0.31824336590208974,0.015190246157726272,-0.9813631240879068,-1.1647574767076552,-1.150661868210249
-1.2249669964992675,-0.16100164822711013,-1.4436650050276725,1.5844808112194588,1.6676398794464802,-0.6017766833729703,-1.2249449980563965,0.8802051996985182,-1.068892102241648,0.0,-0.8328197396601593,0.015190246157726272,-0.9813631240879068,-1.1647574767076552,-1.150661868210249
-0.2801028154439446,0.8437007554702182,-1.4436650050276725,1.5844808112194588,1.6676398794464802,-0.6017766833729703,-0.28004641531164814,1.3486266986697517,0.07663779069460772,0.0,1.469306471464339,-1.2093507338753493,-0.9813631240879068,-1.1647574767076552,-1.150661868210249
-0.2801028154439446,0.8437007554702182,-1.4436650050276725,1.5844808112194588,1.6676398794464802,-0.6017766833729703,-0.28004641531164814,1.407179386041156,0.53484974786911,0.0,1.0856187696102557,-1.2093507338753493,-0.9813631240879068,-1.1647574767076552,-1.150661868210249
0.19232927508371683,0.8437007554702182,-1.4436650050276725,1.5844808112194588,1.6676398794464802,-0.6017766833729703,0.19240287606072592,-0.9934807961864165,0.8785087157499867,0.0,1.469306471464339,-1.2093507338753493,-0.9813631240879068,-1.1647574767076552,-1.150661868210249
0.19232927508371683,-0.16100164822711013,-1.4436650050276725,1.5844808112194588,1.6676398794464802,-0.6017766833729703,0.19240287606072592,-0.9349281088150123,0.4775732532222972,0.0,-0.8328197396601593,-1.2093507338753493,-0.9813631240879068,-1.1647574767076552,-1.150661868210249
0.42854532034754755,-0.16100164822711013,-1.4436650050276725,1.5844808112194588,1.6676398794464802,-0.6017766833729703,0.428627521746913,0.0019148891274550072,1.336720672924489,0.0,-0.8328197396601593,-1.2093507338753493,-0.9813631240879068,-1.1647574767076552,-1.150661868210249
0.42854532034754755,-1.1657040519244384,-1.4436650050276725,1.5844808112194588,1.6676398794464802,-0.6017766833729703,0.428627521746913,0.11902026387026342,-0.09519169324583063,0.0,-1.2165074415142423,-1.2093507338753493,-0.9813631240879068,-1.1647574767076552,-1.150661868210249
0.42854532034754755,0.8437007554702182,-1.4436650050276725,1.5844808112194588,1.6676398794464802,-0.6017766833729703,0.428627521746913,0.4117837007272845,0.8785087157499867,0.0,-0.4491320378060763,-1.2093507338753493,-0.9813631240879068,-1.1647574767076552,-1.150661868210249
-1.4611830417630982,-1.1657040519244384,-0.9363656417590819,1.5844808112194588,1.7832756906872023,-0.6017766833729703,-1.4611696437425834,1.3486266986697517,-0.09519169324583063,0.0,0.31824336590208974,0.015190246157726272,0.9813631240879068,-1.1647574767076552,-1.150661868210249
-1.2249669964992675,0.8437007554702182,-0.9363656417590819,1.5844808112194588,1.7832756906872023,-0.6017766833729703,-1.2249449980563965,0.4117837007272845,1.1648911889840505,0.0,-0.4491320378060763,0.015190246157726272,0.9813631240879068,-1.1647574767076552,-1.150661868210249
-1.2249669964992675,-1.1657040519244384,-0.9363656417590819,1.5844808112194588,1.7832756906872023,-0.6017766833729703,-1.2249449980563965,0.5874417628414971,0.6494027371627356,0.0,0.31824336590208974,0.015190246157726272,0.9813631240879068,-1.1647574767076552,-1.150661868210249
-1.2249669964992675,0.8437007554702182,-0.9363656417590819,1.5844808112194588,1.7832756906872023,-0.6017766833729703,-1.2249449980563965,0.9387578870699224,-0.09519169324583063,0.0,-0.0654443359519933,0.015190246157726272,0.9813631240879068,-1.1647574767076552,-1.150661868210249
-0.9887509512354369,-0.16100164822711013,-0.9363656417590819,1.5844808112194588,1.7832756906872023,-0.6017766833729703,-0.9887203523702093,-0.17374317298675762,1.2794441782776762,0.0,-0.8328197396601593,0.015190246157726272,0.9813631240879068,-1.1647574767076552,-1.150661868210249
-0.9887509512354369,-0.16100164822711013,-0.9363656417590819,1.5844808112194588,1.7832756906872023,-0.6017766833729703,-0.9887203523702093,0.0019148891274550072,-0.09519169324583063,0.0,-0.8328197396601593,0.015190246157726272,0.9813631240879068,-1.1647574767076552,-1.150661868210249
-0.7525349059716061,0.8437007554702182,-0.9363656417590819,1.5844808112194588,1.7832756906872023,-0.6017766833729703,-0.7524957066840222,-1.0520334835578207,0.019361296047794935,0.0,-0.4491320378060763,0.015190246157726272,0.9813631240879068,-1.1647574767076552,-1.150661868210249
-0.7525349059716061,-0.16100164822711013,-0.9363656417590819,1.5844808112194588,1.7832756906872023,-0.6017766833729703,-0.7524957066840222,-0.9934807961864165,0.7066792318095484,0.0,-0.8328197396601593,0.015190246157726272,0.9813631240879068,-1.1647574767076552,-1.150661868210249
0.19232927508371683,-2.1704064556217677,-0.9363656417590819,1.5844808112194588,1.7832756906872023,-0.6017766833729703,0.19240287606072592,0.7630998249557097,-0.8970626183012096,0.0,0.7019310677561728,-1.2093507338753493,0.9813631240879068,-1.1647574767076552,-1.150661868210249
0.19232927508371683,-1.1657040519244384,-0.9363656417590819,1.5844808112194588,1.7832756906872023,-0.6017766833729703,0.19240287606072592,0.8216525123271139,-0.9543391129480224,0.0,-1.2165074415142423,-1.2093507338753493,0.9813631240879068,-1.1647574767076552,-1.150661868210249
0.42854532034754755,0.8437007554702182,-0.9363656417590819,1.5844808112194588,1.7832756906872023,-0.6017766833729703,0.428627521746913,-1.2862442330434376,-0.6679566397139585,0.0,-0.4491320378060763,-1.2093507338753493,0.9813631240879068,-1.1647574767076552,-1.150661868210249
0.6647613656113783,0.8437007554702182,-0.9363656417590819,1.5844808112194588,1.7832756906872023,-0.6017766833729703,0.6648521674331,-1.110586170929225,-0.7252331343607713,0.0,1.469306471464339,1.239731226190802,0.9813631240879068,-1.1647574767076552,-1.150661868210249
0.6647613656113783,-0.16100164822711013,-0.9363656417590819,1.5844808112194588,1.7832756906872023,-0.6017766833729703,0.6648521674331,0.06046757649885921,1.2794441782776762,0.0,-0.8328197396601593,1.239731226190802,0.9813631240879068,-1.1647574767076552,-1.150661868210249
0.6647613656113783,0.8437007554702182,-0.9363656417590819,1.5844808112194588,1.7832756906872023,-0.6017766833729703,0.6648521674331,0.11902026387026342,1.050338199690425,0.0,-0.4491320378060763,1.239731226190802,0.9813631240879068,-1.1647574767076552,-1.150661868210249
1.1371934561390398,0.8437007554702182,-0.9363656417590819,1.5844808112194588,1.7832756906872023,-0.6017766833729703,1.1373014588054742,-1.2862442330434376,-0.267021177186269,0.0,1.469306471464339,1.239731226190802,0.9813631240879068,-1.1647574767076552,-1.150661868210249
1.1371934561390398,0.8437007554702182,-0.9363656417590819,1.5844808112194588,1.7832756906872023,-0.6017766833729703,1.1373014588054742,-1.2276915456720334,0.4775732532222972,0.0,1.0856187696102557,1.239731226190802,0.9813631240879068,-1.1647574767076552,-1.150661868210249
-1.2249669964992675,-0.16100164822711013,0.07823308477809952,-1.558142603346911,-1.570162835293743,1.6617460058356508,-1.2249449980563965,1.699942822898177,-1.4125510701225246,0.0,-0.8328197396601593,0.015190246157726272,0.4906815620439534,-0.5767841229921421,-0.5758980819066646
-0.2801028154439446,0.8437007554702182,0.07823308477809952,-1.558142603346911,-1.570162835293743,1.6617460058356508,-0.28004641531164814,0.0019148891274550072,0.5921262425159228,0.0,-0.0654443359519933,-1.2093507338753493,0.4906815620439534,-0.5767841229921421,-0.5758980819066646
-0.2801028154439446,0.8437007554702182,0.07823308477809952,-1.558142603346911,-1.570162835293743,1.6617460058356508,-0.28004641531164814,0.06046757649885921,0.4775732532222972,0.0,-0.0654443359519933,-1.2093507338753493,0.4906815620439534,-0.5767841229921421,-0.5758980819066646
-0.0438867701801139,-1.1657040519244384,0.07823308477809952,-1.558142603346911,-1.570162835293743,1.6617460058356508,-0.043821769625461124,0.7045471375843055,-1.1261685968884607,0.0,0.31824336590208974,-1.2093507338753493,0.4906815620439534,-0.5767841229921421,-0.5758980819066646
-0.0438867701801139,-1.1657040519244384,0.07823308477809952,-1.558142603346911,-1.570162835293743,1.6617460058356508,-0.043821769625461124,0.7630998249557097,0.8785087157499867,0.0,0.31824336590208974,-1.2093507338753493,0.4906815620439534,-0.5767841229921421,-0.5758980819066646
0.42854532034754755,-1.1657040519244384,0.07823308477809952,-1.558142603346911,-1.570162835293743,1.6617460058356508,0.428627521746913,-0.40795392247237444,0.1339142853414205,0.0,-1.2165074415142423,-1.2093507338753493,0.4906815620439534,-0.5767841229921421,-0.5758980819066646
0.42854532034754755,0.8437007554702182,0.07823308477809952,-1.558142603346911,-1.570162835293743,1.6617460058356508,0.428627521746913,0.2946783259844761,1.6803796408053657,0.0,1.0856187696102557,-1.2093507338753493,0.4906815620439534,-0.5767841229921421,-0.5758980819066646
0.42854532034754755,-0.16100164822711013,0.07823308477809952,-1.558142603346911,-1.570162835293743,1.6617460058356508,0.428627521746913,0.35323101335588025,0.821232221103174,0.0,-0.8328197396601593,-1.2093507338753493,0.4906815620439534,-0.5767841229921421,-0.5758980819066646
0.6647613656113783,0.8437007554702182,0.07823308477809952,-1.558142603346911,-1.570162835293743,1.6617460058356508,0.6648521674331,0.8216525123271139,-1.1261685968884607,0.0,-0.4491320378060763,1.239731226190802,0.4906815620439534,-0.5767841229921421,-0.5758980819066646
-1.2249669964992675,-1.1657040519244384,0.5855324480466901,-1.558142603346911,-1.4545270240530206,1.6617460058356508,-1.2249449980563965,-1.5204549825290543,-0.43885066112670734,0.0,0.31824336590208974,0.015190246157726272,-1.4720446861318601,-0.5767841229921421,-0.5758980819066646
-0.9887509512354369,-0.16100164822711013,0.5855324480466901,-1.558142603346911,-1.4545270240530206,1.6617460058356508,-0.9887203523702093,-1.110586170929225,0.019361296047794935,0.0,-0.8328197396601593,0.015190246157726272,-1.4720446861318601,-0.5767841229921421,-0.5758980819066646
0.42854532034754755,-0.16100164822711013,0.5855324480466901,-1.558142603346911,-1.4545270240530206,1.6617460058356508,0.428627521746913,1.699942822898177,-1.1834450915352734,0.0,-0.8328197396601593,-1.2093507338753493,-1.4720446861318601,-0.5767841229921421,-0.5758980819066646
1.845841591930532,0.8437007554702182,0.5855324480466901,-1.558142603346911,-1.4545270240530206,1.6617460058356508,1.8459753958640353,-0.9349281088150123,-0.09519169324583063,0.0,-0.4491320378060763,1.239731226190802,-1.4720446861318601,-0.5767841229921421,-0.5758980819066646
1.845841591930532,-1.1657040519244384,0.5855324480466901,-1.558142603346911,-1.4545270240530206,1.6617460058356508,1.8459753958640353,-0.6421646719579913,-0.5534036504203329,0.0,-1.2165074415142423,1.239731226190802,-1.4720446861318601,-0.5767841229921421,-0.5758980819066646
1.845841591930532,-1.1657040519244384,0.5855324480466901,-1.558142603346911,-1.4545270240530206,1.6617460058356508,1.8459753958640353,-0.583611984586587,-0.8970626183012096,0.0,-1.2165074415142423,1.239731226190802,-1.4720446861318601,-0.5767841229921421,-0.5758980819066646
1.845841591930532,0.8437007554702182,0.5855324480466901,-1.558142603346911,-1.4545270240530206,1.6617460058356508,1.8459753958640353,-0.4665066098437787,-0.267021177186269,0.0,1.469306471464339,1.239731226190802,-1.4720446861318601,-0.5767841229921421,-0.5758980819066646
-1.4611830417630982,-1.1657040519244384,1.0928318113152808,-1.558142603346911,-1.3388912128122985,1.6617460058356508,-1.4611696437425834,1.699942822898177,-0.2097446825394562,0.0,0.31824336590208974,0.015190246157726272,-0.4906815620439534,-0.5767841229921421,-0.5758980819066646
-1.2249669964992675,-1.1657040519244384,1.0928318113152808,-1.558142603346911,-1.3388912128122985,1.6617460058356508,-1.2249449980563965,1.7584955102695812,-0.1524681878926434,0.0,-1.2165074415142423,0.015190246157726272,-0.4906815620439534,-0.5767841229921421,-0.5758980819066646
-0.2801028154439446,0.8437007554702182,1.0928318113152808,-1.558142603346911,-1.3388912128122985,1.6617460058356508,-0.28004641531164814,0.6459944502129013,-1.6989335433565886,0.0,-0.4491320378060763,-1.2093507338753493,-0.4906815620439534,-0.5767841229921421,-0.5758980819066646
0.19232927508371683,0.8437007554702182,1.0928318113152808,-1.558142603346911,-1.3388912128122985,1.6617460058356508,0.19240287606072592,1.7584955102695812,0.19119077998823328,0.0,-0.0654443359519933,-1.2093507338753493,-0.4906815620439534,-0.5767841229921421,-0.5758980819066646
0.42854532034754755,-0.16100164822711013,1.0928318113152808,-1.558142603346911,-1.3388912128122985,1.6617460058356508,0.428627521746913,-0.9934807961864165,1.4512736622181146,0.0,-0.8328197396601593,-1.2093507338753493,-0.4906815620439534,-0.5767841229921421,-0.5758980819066646
0.42854532034754755,0.8437007554702182,1.0928318113152808,-1.558142603346911,-1.3388912128122985,1.6617460058356508,0.428627521746913,-0.8763754214436081,-1.1261685968884607,0.0,-0.4491320378060763,-1.2093507338753493,-0.4906815620439534,-0.5767841229921421,-0.5758980819066646
0.42854532034754755,0.8437007554702182,1.0928318113152808,-1.558142603346911,-1.3388912128122985,1.6617460058356508,0.428627521746913,-0.7592700467007997,-1.068892102241648,0.0,-0.4491320378060763,-1.2093507338753493,-0.4906815620439534,-0.5767841229921421,-0.5758980819066646
0.42854532034754755,-1.1657040519244384,1.0928318113152808,-1.558142603346911,-1.3388912128122985,1.6617460058356508,0.428627521746913,-0.6421646719579913,-1.4698275647693375,0.0,0.31824336590208974,-1.2093507338753493,-0.4906815620439534,-0.5767841229921421,-0.5758980819066646
0.900977410875209,-1.1657040519244384,1.0928318113152808,-1.558142603346911,-1.3388912128122985,1.6617460058356508,0.901076813119287,-1.0520334835578207,0.53484974786911,0.0,-1.2165074415142423,1.239731226190802,-0.4906815620439534,-0.5767841229921421,-0.5758980819066646
1.845841591930532,0.8437007554702182,1.0928318113152808,-1.558142603346911,-1.3388912128122985,1.6617460058356508,1.8459753958640353,-0.34940123510097026,0.019361296047794935,0.0,1.469306471464339,1.239731226190802,-0.4906815620439534,-0.5767841229921421,-0.5758980819066646
-1.2249669964992675,-0.16100164822711013,1.6001311745838716,-1.558142603346911,-1.2232554015715762,1.6617460058356508,-1.2249449980563965,0.9387578870699224,1.56582665151174,0.0,-0.8328197396601593,0.015190246157726272,0.0,-0.5767841229921421,-0.5758980819066646
-0.9887509512354369,0.8437007554702182,1.6001311745838716,-1.558142603346911,-1.2232554015715762,1.6617460058356508,-0.9887203523702093,1.407179386041156,-1.6989335433565886,0.0,1.469306471464339,0.015190246157726272,0.0,-0.5767841229921421,-0.5758980819066646
1.845841591930532,-0.16100164822711013,1.6001311745838716,-1.558142603346911,-1.2232554015715762,1.6617460058356508,1.8459753958640353,-1.2862442330434376,-0.782509629007584,0.0,-0.8328197396601593,1.239731226190802,0.0,-0.5767841229921421,-0.5758980819066646
1.1371934561390398,-1.1657040519244384,-1.4436650050276725,-1.558142603346911,-1.1076195903308539,1.6617460058356508,1.1373014588054742,1.699942822898177,1.1648911889840505,0.0,-1.2165074415142423,1.239731226190802,-0.9813631240879068,-0.5767841229921421,-0.5758980819066646
-0.2801028154439446,0.8437007554702182,-0.9363656417590819,-1.558142603346911,-0.9919837790901317,1.6617460058356508,-0.28004641531164814,0.0019148891274550072,-1.584380554062963,0.0,-0.4491320378060763,-1.2093507338753493,0.9813631240879068,-0.5767841229921421,-0.5758980819066646
1.845841591930532,0.8437007554702182,-0.9363656417590819,-1.558142603346911,-0.9919837790901317,1.6617460058356508,1.8459753958640353,0.17757295124166764,0.8785087157499867,0.0,-0.0654443359519933,1.239731226190802,0.9813631240879068,-0.5767841229921421,-0.5758980819066646
1.845841591930532,0.8437007554702182,-0.9363656417590819,-1.558142603346911,-0.9919837790901317,1.6617460058356508,1.8459753958640353,0.23612563861307184,1.623103146158553,0.0,-0.0654443359519933,1.239731226190802,0.9813631240879068,-0.5767841229921421,-0.5758980819066646
-1.697399087026929,-0.16100164822711013,-0.42906627849049117,-1.558142603346911,-0.8763479678494094,1.6617460058356508,-1.6973942894287704,0.06046757649885921,-1.584380554062963,0.0,-0.8328197396601593,0.015190246157726272,1.4720446861318601,-0.5767841229921421,-0.5758980819066646
-1.2249669964992675,0.8437007554702182,-0.42906627849049117,-1.558142603346911,-0.8763479678494094,1.6617460058356508,-1.2249449980563965,-1.0520334835578207,-0.8397861236543969,0.0,1.469306471464339,0.015190246157726272,1.4720446861318601,-0.5767841229921421,-0.5758980819066646
-0.9887509512354369,-1.1657040519244384,-0.42906627849049117,-1.558142603346911,-0.8763479678494094,1.6617460058356508,-0.9887203523702093,0.06046757649885921,-0.09519169324583063,0.0,0.31824336590208974,0.015190246157726272,1.4720446861318601,-0.5767841229921421,-0.5758980819066646
0.6647613656113783,0.8437007554702182,-0.42906627849049117,-1.558142603346911,-0.8763479678494094,1.6617460058356508,0.6648521674331,-0.40795392247237444,1.2221676836308635,0.0,-0.4491320378060763,1.239731226190802,1.4720446861318601,-0.5767841229921421,-0.5758980819066646
-1.4611830417630982,-1.1657040519244384,0.07823308477809952,-1.558142603346911,-0.7607121566086872,1.6617460058356508,-1.4611696437425834,-1.2862442330434376,-1.2979980808288991,0.0,-1.2165074415142423,0.015190246157726272,0.4906815620439534,-0.5767841229921421,-0.5758980819066646
-1.4611830417630982,0.8437007554702182,0.07823308477809952,-1.558142603346911,-0.7607121566086872,1.6617460058356508,-1.4611696437425834,1.5828374481553686,0.24846727463504606,0.0,1.469306471464339,0.015190246157726272,0.4906815620439534,-0.5767841229921421,-0.5758980819066646
-1.2249669964992675,-0.16100164822711013,0.07823308477809952,-1.558142603346911,-0.7607121566086872,1.6617460058356508,-1.2249449980563965,-1.5790076699004587,0.07663779069460772,0.0,-0.8328197396601593,0.015190246157726272,0.4906815620439534,-0.5767841229921421,-0.5758980819066646
-0.0438867701801139,-2.1704064556217677,0.07823308477809952,-1.558142603346911,-0.7607121566086872,1.6617460058356508,-0.043821769625461124,-0.11519048561535342,-0.38157416647989456,0.0,0.7019310677561728,-1.2093507338753493,0.4906815620439534,-0.5767841229921421,-0.5758980819066646
0.19232927508371683,0.8437007554702182,0.07823308477809952,-1.558142603346911,-0.7607121566086872,1.6617460058356508,0.19240287606072592,0.4117837007272845,1.623103146158553,0.0,1.469306471464339,-1.2093507338753493,0.4906815620439534,-0.5767841229921421,-0.5758980819066646
0.19232927508371683,-0.16100164822711013,0.07823308477809952,-1.558142603346911,-0.7607121566086872,1.6617460058356508,0.19240287606072592,1.114415949184135,-1.1261685968884607,0.0,-0.8328197396601593,-1.2093507338753493,0.4906815620439534,-0.5767841229921421,-0.5758980819066646
0.19232927508371683,-1.1657040519244384,0.07823308477809952,-1.558142603346911,-0.7607121566086872,1.6617460058356508,0.19240287606072592,1.1729686365555392,-1.068892102241648,0.0,0.31824336590208974,-1.2093507338753493,0.4906815620439534,-0.5767841229921421,-0.5758980819066646
1.3734095014028704,-0.16100164822711013,0.07823308477809952,-1.558142603346911,-0.7607121566086872,1.6617460058356508,1.3735261044916611,0.06046757649885921,-0.037915198599017846,0.0,-0.8328197396601593,1.239731226190802,0.4906815620439534,-0.5767841229921421,-0.5758980819066646
1.845841591930532,0.8437007554702182,0.07823308477809952,-1.558142603346911,-0.7607121566086872,1.6617460058356508,1.8459753958640353,-1.110586170929225,-0.5534036504203329,0.0,1.469306471464339,1.239731226190802,0.4906815620439534,-0.5767841229921421,-0.5758980819066646
-1.4611830417630982,-0.16100164822711013,0.5855324480466901,-1.558142603346911,-0.6450763453679649,1.6617460058356508,-1.4611696437425834,1.1729686365555392,-0.5534036504203329,0.0,-0.8328197396601593,0.015190246157726272,-1.4720446861318601,-0.5767841229921421,-0.5758980819066646
-1.2249669964992675,-0.16100164822711013,0.5855324480466901,-1.558142603346911,-0.6450763453679649,1.6617460058356508,-1.2249449980563965,-0.7592700467007997,0.36302026392867165,0.0,-0.8328197396601593,0.015190246157726272,-1.4720446861318601,-0.5767841229921421,-0.5758980819066646
0.6647613656113783,0.8437007554702182,0.5855324480466901,-1.558142603346911,-0.6450763453679649,1.6617460058356508,0.6648521674331,1.2900740112983475,-0.6679566397139585,0.0,-0.4491320378060763,1.239731226190802,-1.4720446861318601,-0.5767841229921421,-0.5758980819066646
0.6647613656113783,0.8437007554702182,0.5855324480466901,-1.558142603346911,-0.6450763453679649,1.6617460058356508,0.6648521674331,1.5242847607839645,1.336720672924489,0.0,1.0856187696102557,1.239731226190802,-1.4720446861318601,-0.5767841229921421,-0.5758980819066646
0.6647613656113783,-0.16100164822711013,0.5855324480466901,-1.558142603346911,-0.6450763453679649,1.6617460058356508,0.6648521674331,1.7584955102695812,0.53484974786911,0.0,-0.8328197396601593,1.239731226190802,-1.4720446861318601,-0.5767841229921421,-0.5758980819066646
-1.697399087026929,-0.16100164822711013,1.0928318113152808,-1.558142603346911,-0.5294405341272427,1.6617460058356508,-1.6973942894287704,0.8802051996985182,0.019361296047794935,0.0,-0.8328197396601593,0.015190246157726272,-0.4906815620439534,-0.5767841229921421,-0.5758980819066646
-0.9887509512354369,0.8437007554702182,1.0928318113152808,-1.558142603346911,-0.5294405341272427,1.6617460058356508,-0.9887203523702093,1.1729686365555392,0.6494027371627356,0.0,1.0856187696102557,0.015190246157726272,-0.4906815620439534,-0.5767841229921421,-0.5758980819066646
-0.7525349059716061,-1.1657040519244384,1.0928318113152808,-1.558142603346911,-0.5294405341272427,1.6617460058356508,-0.7524957066840222,-0.9349281088150123,1.336720672924489,0.0,-1.2165074415142423,0.015190246157726272,-0.4906815620439534,-0.5767841229921421,-0.5758980819066646
-0.7525349059716061,0.8437007554702182,1.0928318113152808,-1.558142603346911,-0.5294405341272427,1.6617460058356508,-0.7524957066840222,-0.5250592972151829,-0.7252331343607713,0.0,1.469306471464339,0.015190246157726272,-0.4906815620439534,-0.5767841229921421,-0.5758980819066646
-0.7525349059716061,0.8437007554702182,1.0928318113152808,-1.558142603346911,-0.5294405341272427,1.6617460058356508,-0.7524957066840222,-0.4665066098437787,-0.267021177186269,0.0,1.469306471464339,0.015190246157726272,-0.4906815620439534,-0.5767841229921421,-0.5758980819066646
-0.5163188607077753,0.8437007554702182,1.0928318113152808,-1.558142603346911,-0.5294405341272427,1.6617460058356508,-0.5162710609978353,-1.110586170929225,1.623103146158553,0.0,1.469306471464339,-1.2093507338753493,-0.4906815620439534,-0.5767841229921421,-0.5758980819066646
-0.5163188607077753,0.8437007554702182,1.0928318113152808,-1.558142603346911,-0.5294405341272427,1.6617460058356508,-0.5162710609978353,-0.9349281088150123,-0.3242976718330818,0.0,1.469306471464339,-1.2093507338753493,-0.4906815620439534,-0.5767841229921421,-0.5758980819066646
-0.0438867701801139,-0.16100164822711013,1.0928318113152808,-1.558142603346911,-0.5294405341272427,1.6617460058356508,-0.043821769625461124,-0.9934807961864165,1.3939971675713017,0.0,-0.8328197396601593,-1.2093507338753493,-0.4906815620439534,-0.5767841229921421,-0.5758980819066646
-0.0438867701801139,-0.16100164822711013,1.0928318113152808,-1.558142603346911,-0.5294405341272427,1.6617460058356508,-0.043821769625461124,-0.817822734072204,0.4775732532222972,0.0,-0.8328197396601593,-1.2093507338753493,-0.4906815620439534,-0.5767841229921421,-0.5758980819066646
-0.0438867701801139,0.8437007554702182,1.0928318113152808,-1.558142603346911,-0.5294405341272427,1.6617460058356508,-0.043821769625461124,-0.7592700467007997,0.7639557264563611,0.0,-0.4491320378060763,-1.2093507338753493,-0.4906815620439534,-0.5767841229921421,-0.5758980819066646
-0.0438867701801139,0.8437007554702182,1.0928318113152808,-1.558142603346911,-0.5294405341272427,1.6617460058356508,-0.043821769625461124,1.0558632618127308,-1.584380554062963,0.0,1.469306471464339,-1.2093507338753493,-0.4906815620439534,-0.5767841229921421,-0.5758980819066646
0.6647613656113783,-1.1657040519244384,1.0928318113152808,-1.558142603346911,-0.5294405341272427,1.6617460058356508,0.6648521674331,-0.583611984586587,0.19119077998823328,0.0,0.31824336590208974,1.239731226190802,-0.4906815620439534,-0.5767841229921421,-0.5758980819066646
0.6647613656113783,0.8437007554702182,1.0928318113152808,-1.558142603346911,-0.5294405341272427,1.6617460058356508,0.6648521674331,-0.5250592972151829,1.5085501568649273,0.0,1.469306471464339,1.239731226190802,-0.4906815620439534,-0.5767841229921421,-0.5758980819066646
0.6647613656113783,-1.1657040519244384,1.0928318113152808,-1.558142603346911,-0.5294405341272427,1.6617460058356508,0.6648521674331,-0.40795392247237444,-1.4125510701225246,0.0,0.31824336590208974,1.239731226190802,-0.4906815620439534,-0.5767841229921421,-0.5758980819066646
0.900977410875209,-0.16100164822711013,1.0928318113152808,-1.558142603346911,-0.5294405341272427,1.6617460058356508,0.901076813119287,-1.6375603572718629,-0.09519169324583063,0.0,-0.8328197396601593,1.239731226190802,-0.4906815620439534,-0.5767841229921421,-0.5758980819066646
-0.7525349059716061,-0.16100164822711013,1.6001311745838716,-1.558142603346911,-0.4138047228865204,1.6617460058356508,-0.7524957066840222,0.9387578870699224,0.1339142853414205,0.0,-0.8328197396601593,0.015190246157726272,0.0,-0.5767841229921421,-0.5758980819066646
-0.7525349059716061,-1.1657040519244384,1.6001311745838716,-1.558142603346911,-0.4138047228865204,1.6617460058356508,-0.7524957066840222,1.114415949184135,-0.6679566397139585,0.0,-1.2165074415142423,0.015190246157726272,0.0,-0.5767841229921421,-0.5758980819066646
-0.7525349059716061,-0.16100164822711013,1.6001311745838716,-1.558142603346911,-0.4138047228865204,1.6617460058356508,-0.7524957066840222,1.1729686365555392,1.1648911889840505,0.0,-0.8328197396601593,0.015190246157726272,0.0,-0.5767841229921421,-0.5758980819066646
0.42854532034754755,0.8437007554702182,1.6001311745838716,-1.558142603346911,-0.4138047228865204,1.6617460058356508,0.428627521746913,-0.817822734072204,1.623103146158553,0.0,1.0856187696102557,-1.2093507338753493,0.0,-0.5767841229921421,-0.5758980819066646
1.3734095014028704,-0.16100164822711013,1.6001311745838716,-1.558142603346911,-0.4138047228865204,1.6617460058356508,1.3735261044916611,1.5828374481553686,-1.4698275647693375,0.0,-0.8328197396601593,1.239731226190802,0.0,-0.5767841229921421,-0.5758980819066646
-1.4611830417630982,-0.16100164822711013,-1.4436650050276725,-1.558142603346911,-0.2981689116457982,1.6617460058356508,-1.4611696437425834,-1.2276915456720334,-0.5534036504203329,0.0,-0.8328197396601593,0.015190246157726272,-0.9813631240879068,-0.5767841229921421,-0.5758980819066646
-1.2249669964992675,-0.16100164822711013,-1.4436650050276725,-1.558142603346911,-0.2981689116457982,1.6617460058356508,-1.2249449980563965,-0.7007173593293955,-0.6106801450671457,0.0,-0.8328197396601593,0.015190246157726272,-0.9813631240879068,-0.5767841229921421,-0.5758980819066646
-0.2801028154439446,-1.1657040519244384,-1.4436650050276725,-1.558142603346911,-0.2981689116457982,1.6617460058356508,-0.28004641531164814,-1.5790076699004587,1.5085501568649273,0.0,0.31824336590208974,-1.2093507338753493,-0.9813631240879068,-0.5767841229921421,-0.5758980819066646
-0.2801028154439446,0.8437007554702182,-1.4436650050276725,-1.558142603346911,-0.2981689116457982,1.6617460058356508,-0.28004641531164814,1.2315213239269434,0.9357852103967995,0.0,1.469306471464339,-1.2093507338753493,-0.9813631240879068,-0.5767841229921421,-0.5758980819066646
-0.0438867701801139,0.8437007554702182,-1.4436650050276725,-1.558142603346911,-0.2981689116457982,1.6617460058356508,-0.043821769625461124,-1.0520334835578207,-0.1524681878926434,0.0,1.469306471464339,-1.2093507338753493,-0.9813631240879068,-0.5767841229921421,-0.5758980819066646
-0.0438867701801139,0.8437007554702182,-1.4436650050276725,-1.558142603346911,-0.2981689116457982,1.6617460058356508,-0.043821769625461124,-0.9934807961864165,-0.09519169324583063,0.0,-0.4491320378060763,-1.2093507338753493,-0.9813631240879068,-0.5767841229921421,-0.5758980819066646
0.42854532034754755,0.8437007554702182,-1.4436650050276725,-1.558142603346911,-0.2981689116457982,1.6617460058356508,0.428627521746913,-0.23229586035816183,0.36302026392867165,0.0,1.469306471464339,-1.2093507338753493,-0.9813631240879068,-0.5767841229921421,-0.5758980819066646
1.3734095014028704,-2.1704064556217677,-1.4436650050276725,-1.558142603346911,-0.2981689116457982,1.6617460058356508,1.3735261044916611,1.2900740112983475,-0.6679566397139585,0.0,0.7019310677561728,1.239731226190802,-0.9813631240879068,-0.5767841229921421,-0.5758980819066646
-1.697399087026929,0.8437007554702182,-0.9363656417590819,-1.558142603346911,-0.1825331004050759,1.6617460058356508,-1.6973942894287704,0.47033638809868866,0.7066792318095484,0.0,1.469306471464339,0.015190246157726272,0.9813631240879068,-0.5767841229921421,-0.5758980819066646
-1.2249669964992675,-1.1657040519244384,-0.9363656417590819,-1.558142603346911,-0.1825331004050759,1.6617460058356508,-1.2249449980563965,1.407179386041156,0.7066792318095484,0.0,0.31824336590208974,0.015190246157726272,0.9813631240879068,-0.5767841229921421,-0.5758980819066646
-0.9887509512354369,-0.16100164822711013,-0.9363656417590819,-1.558142603346911,-0.1825331004050759,1.6617460058356508,-0.9887203523702093,-0.4665066098437787,0.8785087157499867,0.0,-0.8328197396601593,0.015190246157726272,0.9813631240879068,-0.5767841229921421,-0.5758980819066646
-0.5163188607077753,0.8437007554702182,-0.9363656417590819,-1.558142603346911,-0.1825331004050759,1.6617460058356508,-0.5162710609978353,1.1729686365555392,-0.8970626183012096,0.0,1.469306471464339,-1.2093507338753493,0.9813631240879068,-0.5767841229921421,-0.5758980819066646
0.42854532034754755,-0.16100164822711013,-0.9363656417590819,-1.558142603346911,-0.1825331004050759,1.6617460058356508,0.428627521746913,-0.6421646719579913,-0.6106801450671457,0.0,-0.8328197396601593,-1.2093507338753493,0.9813631240879068,-0.5767841229921421,-0.5758980819066646
0.42854532034754755,-0.16100164822711013,-0.9363656417590819,-1.558142603346911,-0.1825331004050759,1.6617460058356508,0.428627521746913,-0.583611984586587,-0.2097446825394562,0.0,-0.8328197396601593,-1.2093507338753493,0.9813631240879068,-0.5767841229921421,-0.5758980819066646
1.1371934561390398,0.8437007554702182,-0.9363656417590819,-1.558142603346911,-0.1825331004050759,1.6617460058356508,1.1373014588054742,0.7045471375843055,1.4512736622181146,0.0,-0.4491320378060763,1.239731226190802,0.9813631240879068,-0.5767841229921421,-0.5758980819066646
1.6096255466667013,0.8437007554702182,-0.9363656417590819,-1.558142603346911,-0.1825331004050759,1.6617460058356508,1.609750750177848,-1.5790076699004587,0.30574376928185887,0.0,1.469306471464339,1.239731226190802,0.9813631240879068,-0.5767841229921421,-0.5758980819066646
-1.2249669964992675,-0.16100164822711013,-0.42906627849049117,-1.558142603346911,-0.06689728916435364,1.6617460058356508,-1.2249449980563965,-0.9934807961864165,-1.4698275647693375,0.0,-0.8328197396601593,0.015190246157726272,1.4720446861318601,-0.5767841229921421,-0.5758980819066646
-0.7525349059716061,-1.1657040519244384,-0.42906627849049117,-1.558142603346911,-0.06689728916435364,1.6617460058356508,-0.7524957066840222,-1.110586170929225,-0.38157416647989456,0.0,-1.2165074415142423,0.015190246157726272,1.4720446861318601,-0.5767841229921421,-0.5758980819066646
-0.2801028154439446,0.8437007554702182,-0.42906627849049117,-1.558142603346911,-0.06689728916435364,1.6617460058356508,-0.28004641531164814,-0.8763754214436081,-0.8970626183012096,0.0,-0.4491320378060763,-1.2093507338753493,1.4720446861318601,-0.5767841229921421,-0.5758980819066646
0.19232927508371683,0.8437007554702182,-0.42906627849049117,-1.558142603346911,-0.06689728916435364,1.6617460058356508,0.19240287606072592,0.35323101335588025,-0.4961271557735201,0.0,1.469306471464339,-1.2093507338753493,1.4720446861318601,-0.5767841229921421,-0.5758980819066646
0.19232927508371683,0.8437007554702182,-0.42906627849049117,-1.558142603346911,-0.06689728916435364,1.6617460058356508,0.19240287606072592,0.4117837007272845,0.9930617050436122,0.0,-0.4491320378060763,-1.2093507338753493,1.4720446861318601,-0.5767841229921421,-0.5758980819066646
0.19232927508371683,0.8437007554702182,-0.42906627849049117,-1.558142603346911,-0.06689728916435364,1.6617460058356508,0.19240287606072592,0.47033638809868866,1.4512736622181146,0.0,1.469306471464339,-1.2093507338753493,1.4720446861318601,-0.5767841229921421,-0.5758980819066646
0.42854532034754755,0.8437007554702182,-0.42906627849049117,-1.558142603346911,-0.06689728916435364,1.6617460058356508,0.428627521746913,1.5242847607839645,-0.2097446825394562,0.0,1.469306471464339,-1.2093507338753493,1.4720446861318601,-0.5767841229921421,-0.5758980819066646
0.900977410875209,0.8437007554702182,-0.42906627849049117,-1.558142603346911,-0.06689728916435364,1.6617460058356508,0.901076813119287,-1.3447969204148418,-1.0116156075948353,0.0,1.469306471464339,1.239731226190802,1.4720446861318601,-0.5767841229921421,-0.5758980819066646
1.1371934561390398,0.8437007554702182,-0.42906627849049117,-1.558142603346911,-0.06689728916435364,1.6617460058356508,1.1373014588054742,1.2900740112983475,-0.8970626183012096,0.0,1.469306471464339,1.239731226190802,1.4720446861318601,-0.5767841229921421,-0.5758980819066646
1.6096255466667013,0.8437007554702182,-0.42906627849049117,-1.558142603346911,-0.06689728916435364,1.6617460058356508,1.609750750177848,0.7045471375843055,-0.8970626183012096,0.0,-0.4491320378060763,1.239731226190802,1.4720446861318601,-0.5767841229921421,-0.5758980819066646
-1.2249669964992675,0.8437007554702182,0.07823308477809952,-1.558142603346911,0.048738522076368605,1.6617460058356508,-1.2249449980563965,0.17757295124166764,1.56582665151174,0.0,1.469306471464339,0.015190246157726272,0.4906815620439534,-0.5767841229921421,-0.5758980819066646
-1.2249669964992675,-0.16100164822711013,0.07823308477809952,-1.558142603346911,0.048738522076368605,1.6617460058356508,-1.2249449980563965,0.5288890754700929,-1.1834450915352734,0.0,-0.8328197396601593,0.015190246157726272,0.4906815620439534,-0.5767841229921421,-0.5758980819066646
-0.9887509512354369,-0.16100164822711013,0.07823308477809952,-1.558142603346911,0.048738522076368605,1.6617460058356508,-0.9887203523702093,0.7045471375843055,0.5921262425159228,0.0,-0.8328197396601593,0.015190246157726272,0.4906815620439534,-0.5767841229921421,-0.5758980819066646
-0.5163188607077753,-1.1657040519244384,0.07823308477809952,-1.558142603346911,0.048738522076368605,1.6617460058356508,-0.5162710609978353,-0.9934807961864165,-0.782509629007584,0.0,0.31824336590208974,-1.2093507338753493,0.4906815620439534,-0.5767841229921421,-0.5758980819066646
0.19232927508371683,0.8437007554702182,0.07823308477809952,-1.558142603346911,0.048738522076368605,1.6617460058356508,0.19240287606072592,-0.7592700467007997,-0.6106801450671457,0.0,1.469306471464339,-1.2093507338753493,0.4906815620439534,-0.5767841229921421,-0.5758980819066646
0.42854532034754755,0.8437007554702182,0.07823308477809952,-1.558142603346911,0.048738522076368605,1.6617460058356508,0.428627521746913,0.35323101335588025,-1.068892102241648,0.0,1.469306471464339,-1.2093507338753493,0.4906815620439534,-0.5767841229921421,-0.5758980819066646
0.900977410875209,0.8437007554702182,0.07823308477809952,-1.558142603346911,0.048738522076368605,1.6617460058356508,0.901076813119287,-0.817822734072204,1.56582665151174,0.0,-0.4491320378060763,1.239731226190802,0.4906815620439534,-0.5767841229921421,-0.5758980819066646
1.6096255466667013,0.8437007554702182,0.07823308477809952,-1.558142603346911,0.048738522076368605,1.6617460058356508,1.609750750177848,-0.817822734072204,1.6803796408053657,0.0,1.0856187696102557,1.239731226190802,0.4906815620439534,-0.5767841229921421,-0.5758980819066646
1.6096255466667013,0.8437007554702182,0.07823308477809952,-1.558142603346911,0.048738522076368605,1.6617460058356508,1.609750750177848,-0.7592700467007997,1.6803796408053657,0.0,1.0856187696102557,1.239731226190802,0.4906815620439534,-0.5767841229921421,-0.5758980819066646
1.6096255466667013,-1.1657040519244384,0.07823308477809952,-1.558142603346911,0.048738522076368605,1.6617460058356508,1.609750750177848,0.6459944502129013,-1.0116156075948353,0.0,0.31824336590208974,1.239731226190802,0.4906815620439534,-0.5767841229921421,-0.5758980819066646
-1.697399087026929,0.8437007554702182,0.5855324480466901,-1.558142603346911,0.16437433331709086,1.6617460058356508,-1.6973942894287704,0.5288890754700929,-0.6106801450671457,0.0,-0.0654443359519933,0.015190246157726272,-1.4720446861318601,-0.5767841229921421,-0.5758980819066646
-1.4611830417630982,0.8437007554702182,0.5855324480466901,-1.558142603346911,0.16437433331709086,1.6617460058356508,-1.4611696437425834,-0.17374317298675762,-0.5534036504203329,0.0,1.469306471464339,0.015190246157726272,-1.4720446861318601,-0.5767841229921421,-0.5758980819066646
-1.4611830417630982,0.8437007554702182,0.5855324480466901,-1.558142603346911,0.16437433331709086,1.6617460058356508,-1.4611696437425834,-0.11519048561535342,1.050338199690425,0.0,-0.4491320378060763,0.015190246157726272,-1.4720446861318601,-0.5767841229921421,-0.5758980819066646
-1.4611830417630982,-0.16100164822711013,0.5855324480466901,-1.558142603346911,0.16437433331709086,1.6617460058356508,-1.4611696437425834,1.0558632618127308,1.5085501568649273,0.0,-0.8328197396601593,0.015190246157726272,-1.4720446861318601,-0.5767841229921421,-0.5758980819066646
-1.2249669964992675,-0.16100164822711013,0.5855324480466901,-1.558142603346911,0.16437433331709086,1.6617460058356508,-1.2249449980563965,-0.11519048561535342,0.4775732532222972,0.0,-0.8328197396601593,0.015190246157726272,-1.4720446861318601,-0.5767841229921421,-0.5758980819066646
-0.0438867701801139,0.8437007554702182,0.5855324480466901,-1.558142603346911,0.16437433331709086,1.6617460058356508,-0.043821769625461124,-0.5250592972151829,1.336720672924489,0.0,-0.0654443359519933,-1.2093507338753493,-1.4720446861318601,-0.5767841229921421,-0.5758980819066646
-0.0438867701801139,0.8437007554702182,0.5855324480466901,-1.558142603346911,0.16437433331709086,1.6617460058356508,-0.043821769625461124,-0.40795392247237444,-1.584380554062963,0.0,-0.0654443359519933,-1.2093507338753493,-1.4720446861318601,-0.5767841229921421,-0.5758980819066646
0.6647613656113783,0.8437007554702182,0.5855324480466901,-1.558142603346911,0.16437433331709086,1.6617460058356508,0.6648521674331,0.5874417628414971,-1.1261685968884607,0.0,1.0856187696102557,1.239731226190802,-1.4720446861318601,-0.5767841229921421,-0.5758980819066646
1.6096255466667013,0.8437007554702182,0.5855324480466901,-1.558142603346911,0.16437433331709086,1.6617460058356508,1.609750750177848,-0.40795392247237444,-0.6679566397139585,0.0,1.0856187696102557,1.239731226190802,-1.4720446861318601,-0.5767841229921421,-0.5758980819066646
-0.9887509512354369,-0.16100164822711013,1.0928318113152808,-1.558142603346911,0.2800101445578131,1.6617460058356508,-0.9887203523702093,-0.9934807961864165,0.4775732532222972,0.0,-0.8328197396601593,0.015190246157726272,-0.4906815620439534,-0.5767841229921421,-0.5758980819066646
0.42854532034754755,0.8437007554702182,1.0928318113152808,-1.558142603346911,0.2800101445578131,1.6617460058356508,0.428627521746913,0.23612563861307184,0.5921262425159228,0.0,1.0856187696102557,-1.2093507338753493,-0.4906815620439534,-0.5767841229921421,-0.5758980819066646
0.42854532034754755,0.8437007554702182,1.0928318113152808,-1.558142603346911,0.2800101445578131,1.6617460058356508,0.428627521746913,0.35323101335588025,-0.8970626183012096,0.0,1.469306471464339,-1.2093507338753493,-0.4906815620439534,-0.5767841229921421,-0.5758980819066646
0.42854532034754755,0.8437007554702182,1.0928318113152808,-1.558142603346911,0.2800101445578131,1.6617460058356508,0.428627521746913,0.4117837007272845,-0.09519169324583063,0.0,1.0856187696102557,-1.2093507338753493,-0.4906815620439534,-0.5767841229921421,-0.5758980819066646
-1.4611830417630982,-0.16100164822711013,-1.4436650050276725,-1.558142603346911,0.5112817670392577,1.6617460058356508,-1.4611696437425834,0.0019148891274550072,0.9930617050436122,0.0,-0.8328197396601593,0.015190246157726272,-0.9813631240879068,-0.5767841229921421,-0.5758980819066646
-0.9887509512354369,-0.16100164822711013,-1.4436650050276725,-1.558142603346911,0.5112817670392577,1.6617460058356508,-0.9887203523702093,1.6413901355267728,-0.267021177186269,0.0,-0.8328197396601593,0.015190246157726272,-0.9813631240879068,-0.5767841229921421,-0.5758980819066646
-0.7525349059716061,-1.1657040519244384,-1.4436650050276725,-1.558142603346911,0.5112817670392577,1.6617460058356508,-0.7524957066840222,0.6459944502129013,-0.3242976718330818,0.0,0.31824336590208974,0.015190246157726272,-0.9813631240879068,-0.5767841229921421,-0.5758980819066646
-0.5163188607077753,-1.1657040519244384,-1.4436650050276725,-1.558142603346911,0.5112817670392577,1.6617460058356508,-0.5162710609978353,-1.4619022951576501,1.1076146943372378,0.0,-1.2165074415142423,-1.2093507338753493,-0.9813631240879068,-0.5767841229921421,-0.5758980819066646
-0.5163188607077753,-1.1657040519244384,-1.4436650050276725,-1.558142603346911,0.5112817670392577,1.6617460058356508,-0.5162710609978353,-1.3447969204148418,-1.6989335433565886,0.0,0.31824336590208974,-1.2093507338753493,-0.9813631240879068,-0.5767841229921421,-0.5758980819066646
-0.2801028154439446,-0.16100164822711013,-1.4436650050276725,-1.558142603346911,0.5112817670392577,1.6617460058356508,-0.28004641531164814,0.9387578870699224,-0.8970626183012096,0.0,-0.8328197396601593,-1.2093507338753493,-0.9813631240879068,-0.5767841229921421,-0.5758980819066646
1.3734095014028704,0.8437007554702182,-1.4436650050276725,-1.558142603346911,0.5112817670392577,1.6617460058356508,1.3735261044916611,-1.2276915456720334,-1.068892102241648,0.0,1.0856187696102557,1.239731226190802,-0.9813631240879068,-0.5767841229921421,-0.5758980819066646
1.3734095014028704,0.8437007554702182,-1.4436650050276725,-1.558142603346911,0.5112817670392577,1.6617460058356508,1.3735261044916611,-0.17374317298675762,-0.3242976718330818,0.0,-0.4491320378060763,1.239731226190802,-0.9813631240879068,-0.5767841229921421,-0.5758980819066646
1.3734095014028704,0.8437007554702182,-1.4436650050276725,-1.558142603346911,0.5112817670392577,1.6617460058356508,1.3735261044916611,-0.11519048561535342,-0.09519169324583063,0.0,-0.4491320378060763,1.239731226190802,-0.9813631240879068,-0.5767841229921421,-0.5758980819066646
1.6096255466667013,0.8437007554702182,-1.4436650050276725,-1.558142603346911,0.5112817670392577,1.6617460058356508,1.609750750177848,-0.9349281088150123,0.8785087157499867,0.0,1.469306471464339,1.239731226190802,-0.9813631240879068,-0.5767841229921421,-0.5758980819066646
-1.4611830417630982,0.8437007554702182,-0.9363656417590819,-1.558142603346911,0.6269175782799798,1.6617460058356508,-1.4611696437425834,-1.403349607786246,-1.4698275647693375,0.0,-0.0654443359519933,0.015190246157726272,0.9813631240879068,-0.5767841229921421,-0.5758980819066646
-1.4611830417630982,-1.1657040519244384,-0.9363656417590819,-1.558142603346911,0.6269175782799798,1.6617460058356508,-1.4611696437425834,-0.6421646719579913,-0.6106801450671457,0.0,0.31824336590208974,0.015190246157726272,0.9813631240879068,-0.5767841229921421,-0.5758980819066646
-1.4611830417630982,-0.16100164822711013,-0.9363656417590819,-1.558142603346911,0.6269175782799798,1.6617460058356508,-1.4611696437425834,-0.583611984586587,-0.09519169324583063,0.0,-0.8328197396601593,0.015190246157726272,0.9813631240879068,-0.5767841229921421,-0.5758980819066646
0.19232927508371683,-1.1657040519244384,-0.9363656417590819,-1.558142603346911,0.6269175782799798,1.6617460058356508,0.19240287606072592,0.35323101335588025,-0.782509629007584,0.0,-1.2165074415142423,-1.2093507338753493,0.9813631240879068,-0.5767841229921421,-0.5758980819066646
0.900977410875209,0.8437007554702182,-0.9363656417590819,-1.558142603346911,0.6269175782799798,1.6617460058356508,0.901076813119287,0.17757295124166764,0.1339142853414205,0.0,1.0856187696102557,1.239731226190802,0.9813631240879068,-0.5767841229921421,-0.5758980819066646
0.900977410875209,0.8437007554702182,-0.9363656417590819,-1.558142603346911,0.6269175782799798,1.6617460058356508,0.901076813119287,1.4657320734125603,-0.9543391129480224,0.0,1.469306471464339,1.239731226190802,0.9813631240879068,-0.5767841229921421,-0.5758980819066646
0.900977410875209,0.8437007554702182,-0.9363656417590819,-1.558142603346911,0.6269175782799798,1.6617460058356508,0.901076813119287,1.5828374481553686,-0.8397861236543969,0.0,1.469306471464339,1.239731226190802,0.9813631240879068,-0.5767841229921421,-0.5758980819066646
1.1371934561390398,-1.1657040519244384,-0.9363656417590819,-1.558142603346911,0.6269175782799798,1.6617460058356508,1.1373014588054742,-0.817822734072204,-0.4961271557735201,0.0,-1.2165074415142423,1.239731226190802,0.9813631240879068,-0.5767841229921421,-0.5758980819066646
-0.7525349059716061,-2.1704064556217677,-0.42906627849049117,-1.558142603346911,0.7425533895207022,1.6617460058356508,-0.7524957066840222,-0.29084854772956603,0.8785087157499867,0.0,0.7019310677561728,0.015190246157726272,1.4720446861318601,-0.5767841229921421,-0.5758980819066646
0.6647613656113783,-0.16100164822711013,-0.42906627849049117,-1.558142603346911,0.7425533895207022,1.6617460058356508,0.6648521674331,0.17757295124166764,-1.3552745754757118,0.0,-0.8328197396601593,1.239731226190802,1.4720446861318601,-0.5767841229921421,-0.5758980819066646
0.900977410875209,0.8437007554702182,-0.42906627849049117,-1.558142603346911,0.7425533895207022,1.6617460058356508,0.901076813119287,1.1729686365555392,1.6803796408053657,0.0,-0.0654443359519933,1.239731226190802,1.4720446861318601,-0.5767841229921421,-0.5758980819066646
1.1371934561390398,-0.16100164822711013,-0.42906627849049117,-1.558142603346911,0.7425533895207022,1.6617460058356508,1.1373014588054742,-1.110586170929225,-0.2097446825394562,0.0,-0.8328197396601593,1.239731226190802,1.4720446861318601,-0.5767841229921421,-0.5758980819066646
1.1371934561390398,0.8437007554702182,-0.42906627849049117,-1.558142603346911,0.7425533895207022,1.6617460058356508,1.1373014588054742,-1.0520334835578207,-0.38157416647989456,0.0,-0.4491320378060763,1.239731226190802,1.4720446861318601,-0.5767841229921421,-0.5758980819066646
1.1371934561390398,0.8437007554702182,-0.42906627849049117,-1.558142603346911,0.7425533895207022,1.6617460058356508,1.1373014588054742,0.0019148891274550072,-0.8397861236543969,0.0,1.469306471464339,1.239731226190802,1.4720446861318601,-0.5767841229921421,-0.5758980819066646
1.3734095014028704,-0.16100164822711013,-0.42906627849049117,-1.558142603346911,0.7425533895207022,1.6617460058356508,1.3735261044916611,-0.8763754214436081,0.019361296047794935,0.0,-0.8328197396601593,1.239731226190802,1.4720446861318601,-0.5767841229921421,-0.5758980819066646
-0.2801028154439446,0.8437007554702182,0.5855324480466901,-1.558142603346911,0.9738250120021467,1.6617460058356508,-0.28004641531164814,0.7630998249557097,-0.782509629007584,0.0,-0.4491320378060763,-1.2093507338753493,-1.4720446861318601,-0.5767841229921421,-0.5758980819066646
-0.2801028154439446,-1.1657040519244384,0.5855324480466901,-1.558142603346911,0.9738250120021467,1.6617460058356508,-0.28004641531164814,0.8216525123271139,0.42029675857548443,0.0,0.31824336590208974,-1.2093507338753493,-1.4720446861318601,-0.5767841229921421,-0.5758980819066646
0.19232927508371683,0.8437007554702182,0.5855324480466901,-1.558142603346911,0.9738250120021467,1.6617460058356508,0.19240287606072592,-0.056637798243949204,0.4775732532222972,0.0,-0.0654443359519933,-1.2093507338753493,-1.4720446861318601,-0.5767841229921421,-0.5758980819066646
0.6647613656113783,-1.1657040519244384,0.5855324480466901,-1.558142603346911,0.9738250120021467,1.6617460058356508,0.6648521674331,0.7045471375843055,1.1076146943372378,0.0,-1.2165074415142423,1.239731226190802,-1.4720446861318601,-0.5767841229921421,-0.5758980819066646
1.6096255466667013,0.8437007554702182,0.5855324480466901,-1.558142603346911,0.9738250120021467,1.6617460058356508,1.609750750177848,-0.7592700467007997,-0.2097446825394562,0.0,-0.0654443359519933,1.239731226190802,-1.4720446861318601,-0.5767841229921421,-0.5758980819066646
1.845841591930532,0.8437007554702182,0.5855324480466901,-1.558142603346911,0.9738250120021467,1.6617460058356508,1.8459753958640353,0.11902026387026342,1.4512736622181146,0.0,1.0856187696102557,1.239731226190802,-1.4720446861318601,-0.5767841229921421,-0.5758980819066646
1.845841591930532,0.8437007554702182,0.5855324480466901,-1.558142603346911,0.9738250120021467,1.6617460058356508,1.8459753958640353,0.17757295124166764,1.56582665151174,0.0,1.469306471464339,1.239731226190802,-1.4720446861318601,-0.5767841229921421,-0.5758980819066646
-0.2801028154439446,0.8437007554702182,1.0928318113152808,-1.558142603346911,1.0894608232428689,1.6617460058356508,-0.28004641531164814,-0.4665066098437787,-1.4698275647693375,0.0,-0.4491320378060763,-1.2093507338753493,-0.4906815620439534,-0.5767841229921421,-0.5758980819066646
-0.0438867701801139,0.8437007554702182,1.0928318113152808,-1.558142603346911,1.0894608232428689,1.6617460058356508,-0.043821769625461124,0.5288890754700929,-0.3242976718330818,0.0,-0.4491320378060763,-1.2093507338753493,-0.4906815620439534,-0.5767841229921421,-0.5758980819066646
-0.0438867701801139,-1.1657040519244384,1.0928318113152808,-1.558142603346911,1.0894608232428689,1.6617460058356508,-0.043821769625461124,0.5874417628414971,0.30574376928185887,0.0,-1.2165074415142423,-1.2093507338753493,-0.4906815620439534,-0.5767841229921421,-0.5758980819066646
-0.5163188607077753,-1.1657040519244384,1.6001311745838716,-1.558142603346911,1.2050966344835912,1.6617460058356508,-0.5162710609978353,0.35323101335588025,-0.43885066112670734,0.0,-1.2165074415142423,-1.2093507338753493,0.0,-0.5767841229921421,-0.5758980819066646
-0.5163188607077753,-2.1704064556217677,1.6001311745838716,-1.558142603346911,1.2050966344835912,1.6617460058356508,-0.5162710609978353,0.4117837007272845,0.24846727463504606,0.0,0.7019310677561728,-1.2093507338753493,0.0,-0.5767841229921421,-0.5758980819066646
-1.4611830417630982,-1.1657040519244384,-1.4436650050276725,-1.558142603346911,1.3207324457243135,1.6617460058356508,-1.4611696437425834,-1.2862442330434376,0.7066792318095484,0.0,0.31824336590208974,0.015190246157726272,-0.9813631240879068,-0.5767841229921421,-0.5758980819066646
-1.4611830417630982,-1.1657040519244384,-1.4436650050276725,-1.558142603346911,1.3207324457243135,1.6617460058356508,-1.4611696437425834,0.17757295124166764,0.7639557264563611,0.0,-1.2165074415142423,0.015190246157726272,-0.9813631240879068,-0.5767841229921421,-0.5758980819066646
-0.5163188607077753,0.8437007554702182,-1.4436650050276725,-1.558142603346911,1.3207324457243135,1.6617460058356508,-0.5162710609978353,-1.403349607786246,-1.584380554062963,0.0,-0.4491320378060763,-1.2093507338753493,-0.9813631240879068,-0.5767841229921421,-0.5758980819066646
-0.2801028154439446,-0.16100164822711013,-1.4436650050276725,-1.558142603346911,1.3207324457243135,1.6617460058356508,-0.28004641531164814,0.9387578870699224,-1.2407215861820864,0.0,-0.8328197396601593,-1.2093507338753493,-0.9813631240879068,-0.5767841229921421,-0.5758980819066646
0.19232927508371683,-0.16100164822711013,-1.4436650050276725,-1.558142603346911,1.3207324457243135,1.6617460058356508,0.19240287606072592,-0.11519048561535342,1.3939971675713017,0.0,-0.8328197396601593,-1.2093507338753493,-0.9813631240879068,-0.5767841229921421,-0.5758980819066646
0.19232927508371683,-1.1657040519244384,-1.4436650050276725,-1.558142603346911,1.3207324457243135,1.6617460058356508,0.19240287606072592,0.0019148891274550072,-1.6989335433565886,0.0,0.31824336590208974,-1.2093507338753493,-0.9813631240879068,-0.5767841229921421,-0.5758980819066646
0.19232927508371683,-0.16100164822711013,-1.4436650050276725,-1.558142603346911,1.3207324457243135,1.6617460058356508,0.19240287606072592,0.06046757649885921,-1.0116156075948353,0.0,-0.8328197396601593,-1.2093507338753493,-0.9813631240879068,-0.5767841229921421,-0.5758980819066646
0.900977410875209,0.8437007554702182,-1.4436650050276725,-1.558142603346911,1.3207324457243135,1.6617460058356508,0.901076813119287,1.5242847607839645,-0.6106801450671457,0.0,1.469306471464339,1.239731226190802,-0.9813631240879068,-0.5767841229921421,-0.5758980819066646
1.1371934561390398,0.8437007554702182,-1.4436650050276725,-1.558142603346911,1.3207324457243135,1.6617460058356508,1.1373014588054742,-1.5790076699004587,0.5921262425159228,0.0,1.469306471464339,1.239731226190802,-0.9813631240879068,-0.5767841229921421,-0.5758980819066646
1.1371934561390398,0.8437007554702182,-1.4436650050276725,-1.558142603346911,1.3207324457243135,1.6617460058356508,1.1373014588054742,-1.5204549825290543,0.8785087157499867,0.0,1.469306471464339,1.239731226190802,-0.9813631240879068,-0.5767841229921421,-0.5758980819066646
-1.4611830417630982,0.8437007554702182,-0.9363656417590819,-1.558142603346911,1.4363682569650356,1.6617460058356508,-1.4611696437425834,-0.17374317298675762,0.36302026392867165,0.0,1.469306471464339,0.015190246157726272,0.9813631240879068,-0.5767841229921421,-0.5758980819066646
-1.2249669964992675,-1.1657040519244384,-0.9363656417590819,-1.558142603346911,1.4363682569650356,1.6617460058356508,-1.2249449980563965,0.23612563861307184,-0.7252331343607713,0.0,-1.2165074415142423,0.015190246157726272,0.9813631240879068,-0.5767841229921421,-0.5758980819066646
-0.7525349059716061,-0.16100164822711013,-0.9363656417590819,-1.558142603346911,1.4363682569650356,1.6617460058356508,-0.7524957066840222,1.5828374481553686,-0.2097446825394562,0.0,-0.8328197396601593,0.015190246157726272,0.9813631240879068,-0.5767841229921421,-0.5758980819066646
-0.5163188607077753,-1.1657040519244384,-0.9363656417590819,-1.558142603346911,1.4363682569650356,1.6617460058356508,-0.5162710609978353,-0.40795392247237444,-1.641657048709776,0.0,-1.2165074415142423,-1.2093507338753493,0.9813631240879068,-0.5767841229921421,-0.5758980819066646
0.42854532034754755,0.8437007554702182,-0.9363656417590819,-1.558142603346911,1.4363682569650356,1.6617460058356508,0.428627521746913,-0.583611984586587,-1.2979980808288991,0.0,-0.0654443359519933,-1.2093507338753493,0.9813631240879068,-0.5767841229921421,-0.5758980819066646
0.42854532034754755,-1.1657040519244384,-0.9363656417590819,-1.558142603346911,1.4363682569650356,1.6617460058356508,0.428627521746913,-0.5250592972151829,0.821232221103174,0.0,0.31824336590208974,-1.2093507338753493,0.9813631240879068,-0.5767841229921421,-0.5758980819066646
0.6647613656113783,-1.1657040519244384,-0.9363656417590819,-1.558142603346911,1.4363682569650356,1.6617460058356508,0.6648521674331,0.6459944502129013,-1.6989335433565886,0.0,-1.2165074415142423,1.239731226190802,0.9813631240879068,-0.5767841229921421,-0.5758980819066646
1.3734095014028704,0.8437007554702182,-0.9363656417590819,-1.558142603346911,1.4363682569650356,1.6617460058356508,1.3735261044916611,-1.0520334835578207,1.1648911889840505,0.0,1.469306471464339,1.239731226190802,0.9813631240879068,-0.5767841229921421,-0.5758980819066646
1.3734095014028704,0.8437007554702182,-0.9363656417590819,-1.558142603346911,1.4363682569650356,1.6617460058356508,1.3735261044916611,-0.9349281088150123,0.8785087157499867,0.0,-0.4491320378060763,1.239731226190802,0.9813631240879068,-0.5767841229921421,-0.5758980819066646
-1.2249669964992675,-1.1657040519244384,-0.42906627849049117,-1.558142603346911,1.5520040682057579,1.6617460058356508,-1.2249449980563965,0.5288890754700929,0.9930617050436122,0.0,-1.2165074415142423,0.015190246157726272,1.4720446861318601,-0.5767841229921421,-0.5758980819066646
0.42854532034754755,-1.1657040519244384,-0.42906627849049117,-1.558142603346911,1.5520040682057579,1.6617460058356508,0.428627521746913,-0.23229586035816183,0.36302026392867165,0.0,-1.2165074415142423,-1.2093507338753493,1.4720446861318601,-0.5767841229921421,-0.5758980819066646
1.1371934561390398,-0.16100164822711013,-0.42906627849049117,-1.558142603346911,1.5520040682057579,1.6617460058356508,1.1373014588054742,-0.583611984586587,-1.2407215861820864,0.0,-0.8328197396601593,1.239731226190802,1.4720446861318601,-0.5767841229921421,-0.5758980819066646
1.1371934561390398,-2.1704064556217677,-0.42906627849049117,-1.558142603346911,1.5520040682057579,1.6617460058356508,1.1373014588054742,-0.5250592972151829,0.24846727463504606,0.0,0.7019310677561728,1.239731226190802,1.4720446861318601,-0.5767841229921421,-0.5758980819066646
-1.2249669964992675,-0.16100164822711013,0.07823308477809952,-1.558142603346911,1.6676398794464802,1.6617460058356508,-1.2249449980563965,-0.6421646719579913,-1.4125510701225246,0.0,-0.8328197396601593,0.015190246157726272,0.4906815620439534,-0.5767841229921421,-0.5758980819066646
-0.9887509512354369,-0.16100164822711013,0.07823308477809952,-1.558142603346911,1.6676398794464802,1.6617460058356508,-0.9887203523702093,-0.9934807961864165,0.19119077998823328,0.0,-0.8328197396601593,0.015190246157726272,0.4906815620439534,-0.5767841229921421,-0.5758980819066646
-0.7525349059716061,-1.1657040519244384,0.07823308477809952,-1.558142603346911,1.6676398794464802,1.6617460058356508,-0.7524957066840222,-0.17374317298675762,-0.037915198599017846,0.0,0.31824336590208974,0.015190246157726272,0.4906815620439534,-0.5767841229921421,-0.5758980819066646
-0.5163188607077753,0.8437007554702182,0.07823308477809952,-1.558142603346911,1.6676398794464802,1.6617460058356508,-0.5162710609978353,0.7630998249557097,-0.8397861236543969,0.0,1.0856187696102557,-1.2093507338753493,0.4906815620439534,-0.5767841229921421,-0.5758980819066646
-0.2801028154439446,-1.1657040519244384,0.07823308477809952,-1.558142603346911,1.6676398794464802,1.6617460058356508,-0.28004641531164814,-1.5790076699004587,-1.6989335433565886,0.0,-1.2165074415142423,-1.2093507338753493,0.4906815620439534,-0.5767841229921421,-0.5758980819066646
-0.0438867701801139,-0.16100164822711013,0.07823308477809952,-1.558142603346911,1.6676398794464802,1.6617460058356508,-0.043821769625461124,0.7045471375843055,0.7066792318095484,0.0,-0.8328197396601593,-1.2093507338753493,0.4906815620439534,-0.5767841229921421,-0.5758980819066646
0.6647613656113783,0.8437007554702182,0.07823308477809952,-1.558142603346911,1.6676398794464802,1.6617460058356508,0.6648521674331,-0.6421646719579913,1.050338199690425,0.0,1.0856187696102557,1.239731226190802,0.4906815620439534,-0.5767841229921421,-0.5758980819066646
0.900977410875209,-0.16100164822711013,0.07823308477809952,-1.558142603346911,1.6676398794464802,1.6617460058356508,0.901076813119287,-0.29084854772956603,-1.3552745754757118,0.0,-0.8328197396601593,1.239731226190802,0.4906815620439534,-0.5767841229921421,-0.5758980819066646
0.900977410875209,-1.1657040519244384,0.07823308477809952,-1.558142603346911,1.6676398794464802,1.6617460058356508,0.901076813119287,0.7045471375843055,1.1076146943372378,0.0,0.31824336590208974,1.239731226190802,0.4906815620439534,-0.5767841229921421,-0.5758980819066646
-1.4611830417630982,-1.1657040519244384,0.5855324480466901,-1.558142603346911,1.7832756906872023,1.6617460058356508,-1.4611696437425834,0.6459944502129013,1.2221676836308635,0.0,-1.2165074415142423,0.015190246157726272,-1.4720446861318601,-0.5767841229921421,-0.5758980819066646
-1.4611830417630982,-0.16100164822711013,0.5855324480466901,-1.558142603346911,1.7832756906872023,1.6617460058356508,-1.4611696437425834,0.7045471375843055,0.821232221103174,0.0,-0.8328197396601593,0.015190246157726272,-1.4720446861318601,-0.5767841229921421,-0.5758980819066646
-1.2249669964992675,-0.16100164822711013,0.5855324480466901,-1.558142603346911,1.7832756906872023,1.6617460058356508,-1.2249449980563965,-0.7007173593293955,-0.8970626183012096,0.0,-0.8328197396601593,0.015190246157726272,-1.4720446861318601,-0.5767841229921421,-0.5758980819066646
-1.2249669964992675,0.8437007554702182,0.5855324480466901,-1.558142603346911,1.7832756906872023,1.6617460058356508,-1.2249449980563965,-0.5250592972151829,-1.1261685968884607,0.0,-0.0654443359519933,0.015190246157726272,-1.4720446861318601,-0.5767841229921421,-0.5758980819066646
-1.2249669964992675,0.8437007554702182,0.5855324480466901,-1.558142603346911,1.7832756906872023,1.6617460058356508,-1.2249449980563965,-0.17374317298675762,0.9357852103967995,0.0,-0.4491320378060763,0.015190246157726272,-1.4720446861318601,-0.5767841229921421,-0.5758980819066646
-1.2249669964992675,0.8437007554702182,0.5855324480466901,-1.558142603346911,1.7832756906872023,1.6617460058356508,-1.2249449980563965,-0.11519048561535342,0.9930617050436122,0.0,-0.4491320378060763,0.015190246157726272,-1.4720446861318601,-0.5767841229921421,-0.5758980819066646
-0.5163188607077753,0.8437007554702182,0.5855324480466901,-1.558142603346911,1.7832756906872023,1.6617460058356508,-0.5162710609978353,0.11902026387026342,-1.641657048709776,0.0,1.469306471464339,-1.2093507338753493,-1.4720446861318601,-0.5767841229921421,-0.5758980819066646
-0.5163188607077753,0.8437007554702182,0.5855324480466901,-1.558142603346911,1.7832756906872023,1.6617460058356508,-0.5162710609978353,1.4657320734125603,-0.267021177186269,0.0,1.469306471464339,-1.2093507338753493,-1.4720446861318601,-0.5767841229921421,-0.5758980819066646
-0.0438867701801139,0.8437007554702182,0.5855324480466901,-1.558142603346911,1.7832756906872023,1.6617460058356508,-0.043821769625461124,-1.5790076699004587,1.623103146158553,0.0,-0.4491320378060763,-1.2093507338753493,-1.4720446861318601,-0.5767841229921421,-0.5758980819066646
0.42854532034754755,-0.16100164822711013,0.5855324480466901,-1.558142603346911,1.7832756906872023,1.6617460058356508,0.428627521746913,1.114415949184135,0.19119077998823328,0.0,-0.8328197396601593,-1.2093507338753493,-1.4720446861318601,-0.5767841229921421,-0.5758980819066646
1.845841591930532,-0.16100164822711013,0.5855324480466901,-1.558142603346911,1.7832756906872023,1.6617460058356508,1.8459753958640353,0.35323101335588025,1.623103146158553,0.0,-0.8328197396601593,1.239731226190802,-1.4720446861318601,-0.5767841229921421,-0.5758980819066646
1.845841591930532,-1.1657040519244384,0.5855324480466901,-1.558142603346911,1.7832756906872023,1.6617460058356508,1.8459753958640353,0.47033638809868866,-1.584380554062963,0.0,-1.2165074415142423,1.239731226190802,-1.4720446861318601,-0.5767841229921421,-0.5758980819066646
-1.4611830417630982,-0.16100164822711013,1.0928318113152808,-1.272449565659059,-1.6857986465344652,1.6617460058356508,-1.4611696437425834,1.2315213239269434,-0.38157416647989456,0.0,-0.8328197396601593,0.015190246157726272,-0.4906815620439534,-0.8707707998498987,-0.8632799750584568
-0.9887509512354369,-0.16100164822711013,1.0928318113152808,-1.272449565659059,-1.6857986465344652,1.6617460058356508,-0.9887203523702093,-1.2862442330434376,-0.43885066112670734,0.0,-0.8328197396601593,0.015190246157726272,-0.4906815620439534,-0.8707707998498987,-0.8632799750584568
-0.2801028154439446,-1.1657040519244384,1.0928318113152808,-1.272449565659059,-1.6857986465344652,1.6617460058356508,-0.28004641531164814,-0.8763754214436081,0.9357852103967995,0.0,0.31824336590208974,-1.2093507338753493,-0.4906815620439534,-0.8707707998498987,-0.8632799750584568
-0.2801028154439446,-1.1657040519244384,1.0928318113152808,-1.272449565659059,-1.6857986465344652,1.6617460058356508,-0.28004641531164814,-0.817822734072204,-0.037915198599017846,0.0,0.31824336590208974,-1.2093507338753493,-0.4906815620439534,-0.8707707998498987,-0.8632799750584568
-0.0438867701801139,0.8437007554702182,1.0928318113152808,-1.272449565659059,-1.6857986465344652,1.6617460058356508,-0.043821769625461124,0.35323101335588025,-0.6679566397139585,0.0,-0.4491320378060763,-1.2093507338753493,-0.4906815620439534,-0.8707707998498987,-0.8632799750584568
-0.0438867701801139,0.8437007554702182,1.0928318113152808,-1.272449565659059,-1.6857986465344652,1.6617460058356508,-0.043821769625461124,0.4117837007272845,-0.782509629007584,0.0,-0.4491320378060763,-1.2093507338753493,-0.4906815620439534,-0.8707707998498987,-0.8632799750584568
0.19232927508371683,0.8437007554702182,1.0928318113152808,-1.272449565659059,-1.6857986465344652,1.6617460058356508,0.19240287606072592,1.1729686365555392,1.623103146158553,0.0,1.469306471464339,-1.2093507338753493,-0.4906815620439534,-0.8707707998498987,-0.8632799750584568
0.900977410875209,0.8437007554702182,1.0928318113152808,-1.272449565659059,-1.6857986465344652,1.6617460058356508,0.901076813119287,1.6413901355267728,-0.8970626183012096,0.0,-0.4491320378060763,1.239731226190802,-0.4906815620439534,-0.8707707998498987,-0.8632799750584568
1.1371934561390398,-0.16100164822711013,1.0928318113152808,-1.272449565659059,-1.6857986465344652,1.6617460058356508,1.1373014588054742,1.407179386041156,-0.8397861236543969,0.0,-0.8328197396601593,1.239731226190802,-0.4906815620439534,-0.8707707998498987,-0.8632799750584568
1.1371934561390398,-0.16100164822711013,1.0928318113152808,-1.272449565659059,-1.6857986465344652,1.6617460058356508,1.1373014588054742,1.4657320734125603,-0.3242976718330818,0.0,-0.8328197396601593,1.239731226190802,-0.4906815620439534,-0.8707707998498987,-0.8632799750584568
1.6096255466667013,-0.16100164822711013,1.0928318113152808,-1.272449565659059,-1.6857986465344652,1.6617460058356508,1.609750750177848,0.47033638809868866,-1.641657048709776,0.0,-0.8328197396601593,1.239731226190802,-0.4906815620439534,-0.8707707998498987,-0.8632799750584568
-0.9887509512354369,0.8437007554702182,1.6001311745838716,-1.272449565659059,-1.570162835293743,1.6617460058356508,-0.9887203523702093,1.5828374481553686,-0.4961271557735201,0.0,-0.4491320378060763,0.015190246157726272,0.0,-0.8707707998498987,-0.8632799750584568
-0.9887509512354369,0.8437007554702182,1.6001311745838716,-1.272449565659059,-1.570162835293743,1.6617460058356508,-0.9887203523702093,1.6413901355267728,0.42029675857548443,0.0,-0.4491320378060763,0.015190246157726272,0.0,-0.8707707998498987,-0.8632799750584568
-0.5163188607077753,0.8437007554702182,1.6001311745838716,-1.272449565659059,-1.570162835293743,1.6617460058356508,-0.5162710609978353,1.4657320734125603,0.1339142853414205,0.0,1.469306471464339,-1.2093507338753493,0.0,-0.8707707998498987,-0.8632799750584568
-0.5163188607077753,0.8437007554702182,1.6001311745838716,-1.272449565659059,-1.570162835293743,1.6617460058356508,-0.5162710609978353,1.5828374481553686,-1.4698275647693375,0.0,1.469306471464339,-1.2093507338753493,0.0,-0.8707707998498987,-0.8632799750584568
-0.0438867701801139,-0.16100164822711013,1.6001311745838716,-1.272449565659059,-1.570162835293743,1.6617460058356508,-0.043821769625461124,-0.40795392247237444,1.56582665151174,0.0,-0.8328197396601593,-1.2093507338753493,0.0,-0.8707707998498987,-0.8632799750584568
0.42854532034754755,0.8437007554702182,1.6001311745838716,-1.272449565659059,-1.570162835293743,1.6617460058356508,0.428627521746913,0.9387578870699224,-1.2979980808288991,0.0,1.469306471464339,-1.2093507338753493,0.0,-0.8707707998498987,-0.8632799750584568
0.42854532034754755,0.8437007554702182,1.6001311745838716,-1.272449565659059,-1.570162835293743,1.6617460058356508,0.428627521746913,0.9973105744413265,1.56582665151174,0.0,1.469306471464339,-1.2093507338753493,0.0,-0.8707707998498987,-0.8632799750584568
-1.697399087026929,0.8437007554702182,-1.4436650050276725,-1.272449565659059,-1.4545270240530206,1.6617460058356508,-1.6973942894287704,-1.5204549825290543,-0.3242976718330818,0.0,-0.4491320378060763,0.015190246157726272,-0.9813631240879068,-0.8707707998498987,-0.8632799750584568
-1.697399087026929,-0.16100164822711013,-1.4436650050276725,-1.272449565659059,-1.4545270240530206,1.6617460058356508,-1.6973942894287704,-1.4619022951576501,1.5085501568649273,0.0,-0.8328197396601593,0.015190246157726272,-0.9813631240879068,-0.8707707998498987,-0.8632799750584568
-1.4611830417630982,-2.1704064556217677,-1.4436650050276725,-1.272449565659059,-1.4545270240530206,1.6617460058356508,-1.4611696437425834,-1.4619022951576501,-1.5271040594161502,0.0,0.7019310677561728,0.015190246157726272,-0.9813631240879068,-0.8707707998498987,-0.8632799750584568
-1.4611830417630982,-0.16100164822711013,-1.4436650050276725,-1.272449565659059,-1.4545270240530206,1.6617460058356508,-1.4611696437425834,-1.1691388583006292,-1.2407215861820864,0.0,-0.8328197396601593,0.015190246157726272,-0.9813631240879068,-0.8707707998498987,-0.8632799750584568
-0.9887509512354369,-1.1657040519244384,-1.4436650050276725,-1.272449565659059,-1.4545270240530206,1.6617460058356508,-0.9887203523702093,-0.817822734072204,0.4775732532222972,0.0,-1.2165074415142423,0.015190246157726272,-0.9813631240879068,-0.8707707998498987,-0.8632799750584568
-0.9887509512354369,0.8437007554702182,-1.4436650050276725,-1.272449565659059,-1.4545270240530206,1.6617460058356508,-0.9887203523702093,-0.40795392247237444,-0.6679566397139585,0.0,-0.4491320378060763,0.015190246157726272,-0.9813631240879068,-0.8707707998498987,-0.8632799750584568
-0.9887509512354369,-0.16100164822711013,-1.4436650050276725,-1.272449565659059,-1.4545270240530206,1.6617460058356508,-0.9887203523702093,1.1729686365555392,1.623103146158553,0.0,-0.8328197396601593,0.015190246157726272,-0.9813631240879068,-0.8707707998498987,-0.8632799750584568
-0.2801028154439446,0.8437007554702182,-1.4436650050276725,-1.272449565659059,-1.4545270240530206,1.6617460058356508,-0.28004641531164814,-0.23229586035816183,-1.584380554062963,0.0,-0.4491320378060763,-1.2093507338753493,-0.9813631240879068,-0.8707707998498987,-0.8632799750584568
-0.2801028154439446,0.8437007554702182,-1.4436650050276725,-1.272449565659059,-1.4545270240530206,1.6617460058356508,-0.28004641531164814,0.17757295124166764,1.336720672924489,0.0,-0.4491320378060763,-1.2093507338753493,-0.9813631240879068,-0.8707707998498987,-0.8632799750584568
-0.2801028154439446,-1.1657040519244384,-1.4436650050276725,-1.272449565659059,-1.4545270240530206,1.6617460058356508,-0.28004641531164814,1.2900740112983475,-1.5271040594161502,0.0,-1.2165074415142423,-1.2093507338753493,-0.9813631240879068,-0.8707707998498987,-0.8632799750584568
-0.0438867701801139,-1.1657040519244384,-1.4436650050276725,-1.272449565659059,-1.4545270240530206,1.6617460058356508,-0.043821769625461124,-1.3447969204148418,0.36302026392867165,0.0,-1.2165074415142423,-1.2093507338753493,-0.9813631240879068,-0.8707707998498987,-0.8632799750584568
-0.0438867701801139,0.8437007554702182,-1.4436650050276725,-1.272449565659059,-1.4545270240530206,1.6617460058356508,-0.043821769625461124,1.0558632618127308,-1.584380554062963,0.0,1.469306471464339,-1.2093507338753493,-0.9813631240879068,-0.8707707998498987,-0.8632799750584568
-0.0438867701801139,0.8437007554702182,-1.4436650050276725,-1.272449565659059,-1.4545270240530206,1.6617460058356508,-0.043821769625461124,1.2315213239269434,-0.5534036504203329,0.0,1.469306471464339,-1.2093507338753493,-0.9813631240879068,-0.8707707998498987,-0.8632799750584568
0.19232927508371683,0.8437007554702182,-1.4436650050276725,-1.272449565659059,-1.4545270240530206,1.6617460058356508,0.19240287606072592,-1.6375603572718629,0.821232221103174,0.0,1.469306471464339,-1.2093507338753493,-0.9813631240879068,-0.8707707998498987,-0.8632799750584568
0.19232927508371683,-1.1657040519244384,-1.4436650050276725,-1.272449565659059,-1.4545270240530206,1.6617460058356508,0.19240287606072592,0.7045471375843055,-0.1524681878926434,0.0,-1.2165074415142423,-1.2093507338753493,-0.9813631240879068,-0.8707707998498987,-0.8632799750584568
0.6647613656113783,0.8437007554702182,-1.4436650050276725,-1.272449565659059,-1.4545270240530206,1.6617460058356508,0.6648521674331,-1.6375603572718629,-0.2097446825394562,0.0,-0.0654443359519933,1.239731226190802,-0.9813631240879068,-0.8707707998498987,-0.8632799750584568
0.6647613656113783,-0.16100164822711013,-1.4436650050276725,-1.272449565659059,-1.4545270240530206,1.6617460058356508,0.6648521674331,-1.1691388583006292,1.4512736622181146,0.0,-0.8328197396601593,1.239731226190802,-0.9813631240879068,-0.8707707998498987,-0.8632799750584568
0.6647613656113783,-0.16100164822711013,-1.4436650050276725,-1.272449565659059,-1.4545270240530206,1.6617460058356508,0.6648521674331,-1.0520334835578207,-1.2979980808288991,0.0,-0.8328197396601593,1.239731226190802,-0.9813631240879068,-0.8707707998498987,-0.8632799750584568
0.6647613656113783,-0.16100164822711013,-1.4436650050276725,-1.272449565659059,-1.4545270240530206,1.6617460058356508,0.6648521674331,-0.9934807961864165,-1.4125510701225246,0.0,-0.8328197396601593,1.239731226190802,-0.9813631240879068,-0.8707707998498987,-0.8632799750584568
0.6647613656113783,0.8437007554702182,-1.4436650050276725,-1.272449565659059,-1.4545270240530206,1.6617460058356508,0.6648521674331,-0.9349281088150123,-0.4961271557735201,0.0,1.0856187696102557,1.239731226190802,-0.9813631240879068,-0.8707707998498987,-0.8632799750584568
0.6647613656113783,0.8437007554702182,-1.4436650050276725,-1.272449565659059,-1.4545270240530206,1.6617460058356508,0.6648521674331,-0.8763754214436081,-0.6679566397139585,0.0,1.469306471464339,1.239731226190802,-0.9813631240879068,-0.8707707998498987,-0.8632799750584568
0.6647613656113783,0.8437007554702182,-1.4436650050276725,-1.272449565659059,-1.4545270240530206,1.6617460058356508,0.6648521674331,-0.817822734072204,0.5921262425159228,0.0,1.0856187696102557,1.239731226190802,-0.9813631240879068,-0.8707707998498987,-0.8632799750584568
0.6647613656113783,-0.16100164822711013,-1.4436650050276725,-1.272449565659059,-1.4545270240530206,1.6617460058356508,0.6648521674331,0.8802051996985182,-0.7252331343607713,0.0,-0.8328197396601593,1.239731226190802,-0.9813631240879068,-0.8707707998498987,-0.8632799750584568
0.900977410875209,-1.1657040519244384,-1.4436650050276725,-1.272449565659059,-1.4545270240530206,1.6617460058356508,0.901076813119287,-1.1691388583006292,-1.6989335433565886,0.0,-1.2165074415142423,1.239731226190802,-0.9813631240879068,-0.8707707998498987,-0.8632799750584568
1.3734095014028704,0.8437007554702182,-1.4436650050276725,-1.272449565659059,-1.4545270240530206,1.6617460058356508,1.3735261044916611,0.8802051996985182,-0.8970626183012096,0.0,-0.0654443359519933,1.239731226190802,-0.9813631240879068,-0.8707707998498987,-0.8632799750584568
-0.9887509512354369,-0.16100164822711013,-0.9363656417590819,-1.272449565659059,-1.3388912128122985,1.6617460058356508,-0.9887203523702093,-1.4619022951576501,1.5085501568649273,0.0,-0.8328197396601593,0.015190246157726272,0.9813631240879068,-0.8707707998498987,-0.8632799750584568
-0.9887509512354369,-1.1657040519244384,-0.9363656417590819,-1.272449565659059,-1.3388912128122985,1.6617460058356508,-0.9887203523702093,-1.0520334835578207,0.07663779069460772,0.0,-1.2165074415142423,0.015190246157726272,0.9813631240879068,-0.8707707998498987,-0.8632799750584568
-0.5163188607077753,-0.16100164822711013,-0.9363656417590819,-1.272449565659059,-1.3388912128122985,1.6617460058356508,-0.5162710609978353,0.35323101335588025,1.623103146158553,0.0,-0.8328197396601593,-1.2093507338753493,0.9813631240879068,-0.8707707998498987,-0.8632799750584568
-0.2801028154439446,-1.1657040519244384,-0.9363656417590819,-1.272449565659059,-1.3388912128122985,1.6617460058356508,-0.28004641531164814,-1.2862442330434376,0.53484974786911,0.0,0.31824336590208974,-1.2093507338753493,0.9813631240879068,-0.8707707998498987,-0.8632799750584568
-0.0438867701801139,-1.1657040519244384,-0.9363656417590819,-1.272449565659059,-1.3388912128122985,1.6617460058356508,-0.043821769625461124,-0.817822734072204,-0.8970626183012096,0.0,-1.2165074415142423,-1.2093507338753493,0.9813631240879068,-0.8707707998498987,-0.8632799750584568
-0.0438867701801139,-0.16100164822711013,-0.9363656417590819,-1.272449565659059,-1.3388912128122985,1.6617460058356508,-0.043821769625461124,-0.7007173593293955,0.36302026392867165,0.0,-0.8328197396601593,-1.2093507338753493,0.9813631240879068,-0.8707707998498987,-0.8632799750584568
-0.0438867701801139,-1.1657040519244384,-0.9363656417590819,-1.272449565659059,-1.3388912128122985,1.6617460058356508,-0.043821769625461124,-0.583611984586587,1.050338199690425,0.0,-1.2165074415142423,-1.2093507338753493,0.9813631240879068,-0.8707707998498987,-0.8632799750584568
0.900977410875209,-0.16100164822711013,-0.9363656417590819,-1.272449565659059,-1.3388912128122985,1.6617460058356508,0.901076813119287,-0.9349281088150123,0.6494027371627356,0.0,-0.8328197396601593,1.239731226190802,0.9813631240879068,-0.8707707998498987,-0.8632799750584568
1.1371934561390398,0.8437007554702182,-0.9363656417590819,-1.272449565659059,-1.3388912128122985,1.6617460058356508,1.1373014588054742,-1.403349607786246,-0.4961271557735201,0.0,-0.0654443359519933,1.239731226190802,0.9813631240879068,-0.8707707998498987,-0.8632799750584568
1.1371934561390398,0.8437007554702182,-0.9363656417590819,-1.272449565659059,-1.3388912128122985,1.6617460058356508,1.1373014588054742,-1.1691388583006292,0.36302026392867165,0.0,-0.0654443359519933,1.239731226190802,0.9813631240879068,-0.8707707998498987,-0.8632799750584568
1.1371934561390398,0.8437007554702182,-0.9363656417590819,-1.272449565659059,-1.3388912128122985,1.6617460058356508,1.1373014588054742,-1.110586170929225,-0.1524681878926434,0.0,-0.0654443359519933,1.239731226190802,0.9813631240879068,-0.8707707998498987,-0.8632799750584568
1.1371934561390398,-1.1657040519244384,-0.9363656417590819,-1.272449565659059,-1.3388912128122985,1.6617460058356508,1.1373014588054742,-0.11519048561535342,-0.1524681878926434,0.0,0.31824336590208974,1.239731226190802,0.9813631240879068,-0.8707707998498987,-0.8632799750584568
-1.4611830417630982,-0.16100164822711013,-0.42906627849049117,-1.272449565659059,-1.2232554015715762,1.6617460058356508,-1.4611696437425834,0.7630998249557097,-1.1261685968884607,0.0,-0.8328197396601593,0.015190246157726272,1.4720446861318601,-0.8707707998498987,-0.8632799750584568
-1.2249669964992675,-0.16100164822711013,-0.42906627849049117,-1.272449565659059,-1.2232554015715762,1.6617460058356508,-1.2249449980563965,-1.110586170929225,0.7639557264563611,0.0,-0.8328197396601593,0.015190246157726272,1.4720446861318601,-0.8707707998498987,-0.8632799750584568
-0.7525349059716061,-1.1657040519244384,-0.42906627849049117,-1.272449565659059,-1.2232554015715762,1.6617460058356508,-0.7524957066840222,1.1729686365555392,0.30574376928185887,0.0,-1.2165074415142423,0.015190246157726272,1.4720446861318601,-0.8707707998498987,-0.8632799750584568
-0.7525349059716061,-1.1657040519244384,-0.42906627849049117,-1.272449565659059,-1.2232554015715762,1.6617460058356508,-0.7524957066840222,1.2315213239269434,0.6494027371627356,0.0,-1.2165074415142423,0.015190246157726272,1.4720446861318601,-0.8707707998498987,-0.8632799750584568
-0.7525349059716061,-1.1657040519244384,-0.42906627849049117,-1.272449565659059,-1.2232554015715762,1.6617460058356508,-0.7524957066840222,1.2900740112983475,0.8785087157499867,0.0,-1.2165074415142423,0.015190246157726272,1.4720446861318601,-0.8707707998498987,-0.8632799750584568
-0.7525349059716061,-0.16100164822711013,-0.42906627849049117,-1.272449565659059,-1.2232554015715762,1.6617460058356508,-0.7524957066840222,1.699942822898177,0.36302026392867165,0.0,-0.8328197396601593,0.015190246157726272,1.4720446861318601,-0.8707707998498987,-0.8632799750584568
-0.5163188607077753,-1.1657040519244384,-0.42906627849049117,-1.272449565659059,-1.2232554015715762,1.6617460058356508,-0.5162710609978353,-1.110586170929225,0.9357852103967995,0.0,-1.2165074415142423,-1.2093507338753493,1.4720446861318601,-0.8707707998498987,-0.8632799750584568
-0.2801028154439446,-1.1657040519244384,-0.42906627849049117,-1.272449565659059,-1.2232554015715762,1.6617460058356508,-0.28004641531164814,-0.5250592972151829,0.9357852103967995,0.0,-1.2165074415142423,-1.2093507338753493,1.4720446861318601,-0.8707707998498987,-0.8632799750584568
-0.2801028154439446,-2.1704064556217677,-0.42906627849049117,-1.272449565659059,-1.2232554015715762,1.6617460058356508,-0.28004641531164814,0.8216525123271139,0.7066792318095484,0.0,0.7019310677561728,-1.2093507338753493,1.4720446861318601,-0.8707707998498987,-0.8632799750584568
-0.2801028154439446,-2.1704064556217677,-0.42906627849049117,-1.272449565659059,-1.2232554015715762,1.6617460058356508,-0.28004641531164814,0.8802051996985182,-0.037915198599017846,0.0,0.7019310677561728,-1.2093507338753493,1.4720446861318601,-0.8707707998498987,-0.8632799750584568
-0.0438867701801139,0.8437007554702182,-0.42906627849049117,-1.272449565659059,-1.2232554015715762,1.6617460058356508,-0.043821769625461124,1.6413901355267728,1.2794441782776762,0.0,-0.4491320378060763,-1.2093507338753493,1.4720446861318601,-0.8707707998498987,-0.8632799750584568
0.19232927508371683,0.8437007554702182,-0.42906627849049117,-1.272449565659059,-1.2232554015715762,1.6617460058356508,0.19240287606072592,1.2315213239269434,1.623103146158553,0.0,-0.4491320378060763,-1.2093507338753493,1.4720446861318601,-0.8707707998498987,-0.8632799750584568
0.42854532034754755,0.8437007554702182,-0.42906627849049117,-1.272449565659059,-1.2232554015715762,1.6617460058356508,0.428627521746913,0.2946783259844761,-0.5534036504203329,0.0,1.0856187696102557,-1.2093507338753493,1.4720446861318601,-0.8707707998498987,-0.8632799750584568
0.42854532034754755,0.8437007554702182,-0.42906627849049117,-1.272449565659059,-1.2232554015715762,1.6617460058356508,0.428627521746913,0.35323101335588025,0.19119077998823328,0.0,1.469306471464339,-1.2093507338753493,1.4720446861318601,-0.8707707998498987,-0.8632799750584568
0.42854532034754755,0.8437007554702182,-0.42906627849049117,-1.272449565659059,-1.2232554015715762,1.6617460058356508,0.428627521746913,0.4117837007272845,0.24846727463504606,0.0,1.469306471464339,-1.2093507338753493,1.4720446861318601,-0.8707707998498987,-0.8632799750584568
0.42854532034754755,0.8437007554702182,-0.42906627849049117,-1.272449565659059,-1.2232554015715762,1.6617460058356508,0.428627521746913,0.5874417628414971,-1.641657048709776,0.0,-0.0654443359519933,-1.2093507338753493,1.4720446861318601,-0.8707707998498987,-0.8632799750584568
0.42854532034754755,0.8437007554702182,-0.42906627849049117,-1.272449565659059,-1.2232554015715762,1.6617460058356508,0.428627521746913,0.7045471375843055,-1.1834450915352734,0.0,1.0856187696102557,-1.2093507338753493,1.4720446861318601,-0.8707707998498987,-0.8632799750584568
0.900977410875209,0.8437007554702182,-0.42906627849049117,-1.272449565659059,-1.2232554015715762,1.6617460058356508,0.901076813119287,-0.6421646719579913,0.24846727463504606,0.0,-0.4491320378060763,1.239731226190802,1.4720446861318601,-0.8707707998498987,-0.8632799750584568
0.900977410875209,0.8437007554702182,-0.42906627849049117,-1.272449565659059,-1.2232554015715762,1.6617460058356508,0.901076813119287,-0.583611984586587,1.1076146943372378,0.0,-0.4491320378060763,1.239731226190802,1.4720446861318601,-0.8707707998498987,-0.8632799750584568
0.900977410875209,0.8437007554702182,-0.42906627849049117,-1.272449565659059,-1.2232554015715762,1.6617460058356508,0.901076813119287,-0.5250592972151829,1.2221676836308635,0.0,-0.0654443359519933,1.239731226190802,1.4720446861318601,-0.8707707998498987,-0.8632799750584568
0.900977410875209,-0.16100164822711013,-0.42906627849049117,-1.272449565659059,-1.2232554015715762,1.6617460058356508,0.901076813119287,-0.23229586035816183,-0.037915198599017846,0.0,-0.8328197396601593,1.239731226190802,1.4720446861318601,-0.8707707998498987,-0.8632799750584568
0.900977410875209,0.8437007554702182,-0.42906627849049117,-1.272449565659059,-1.2232554015715762,1.6617460058356508,0.901076813119287,0.9387578870699224,0.7066792318095484,0.0,-0.4491320378060763,1.239731226190802,1.4720446861318601,-0.8707707998498987,-0.8632799750584568
1.1371934561390398,0.8437007554702182,-0.42906627849049117,-1.272449565659059,-1.2232554015715762,1.6617460058356508,1.1373014588054742,-1.3447969204148418,0.9357852103967995,0.0,1.0856187696102557,1.239731226190802,1.4720446861318601,-0.8707707998498987,-0.8632799750584568
1.3734095014028704,0.8437007554702182,-0.42906627849049117,-1.272449565659059,-1.2232554015715762,1.6617460058356508,1.3735261044916611,-1.5204549825290543,-0.5534036504203329,0.0,-0.0654443359519933,1.239731226190802,1.4720446861318601,-0.8707707998498987,-0.8632799750584568
-1.697399087026929,-0.16100164822711013,0.07823308477809952,-1.272449565659059,-1.1076195903308539,1.6617460058356508,-1.6973942894287704,-0.7592700467007997,1.050338199690425,0.0,-0.8328197396601593,0.015190246157726272,0.4906815620439534,-0.8707707998498987,-0.8632799750584568
-0.2801028154439446,-1.1657040519244384,0.07823308477809952,-1.272449565659059,-1.1076195903308539,1.6617460058356508,-0.28004641531164814,1.7584955102695812,-0.4961271557735201,0.0,-1.2165074415142423,-1.2093507338753493,0.4906815620439534,-0.8707707998498987,-0.8632799750584568
-0.0438867701801139,-0.16100164822711013,0.07823308477809952,-1.272449565659059,-1.1076195903308539,1.6617460058356508,-0.043821769625461124,1.5242847607839645,0.07663779069460772,0.0,-0.8328197396601593,-1.2093507338753493,0.4906815620439534,-0.8707707998498987,-0.8632799750584568
-0.0438867701801139,0.8437007554702182,0.07823308477809952,-1.272449565659059,-1.1076195903308539,1.6617460058356508,-0.043821769625461124,1.7584955102695812,-0.43885066112670734,0.0,-0.4491320378060763,-1.2093507338753493,0.4906815620439534,-0.8707707998498987,-0.8632799750584568
0.42854532034754755,0.8437007554702182,0.07823308477809952,-1.272449565659059,-1.1076195903308539,1.6617460058356508,0.428627521746913,-0.8763754214436081,1.1076146943372378,0.0,-0.0654443359519933,-1.2093507338753493,0.4906815620439534,-0.8707707998498987,-0.8632799750584568
0.6647613656113783,0.8437007554702182,0.07823308477809952,-1.272449565659059,-1.1076195903308539,1.6617460058356508,0.6648521674331,-1.1691388583006292,0.8785087157499867,0.0,-0.0654443359519933,1.239731226190802,0.4906815620439534,-0.8707707998498987,-0.8632799750584568
0.6647613656113783,0.8437007554702182,0.07823308477809952,-1.272449565659059,-1.1076195903308539,1.6617460058356508,0.6648521674331,1.4657320734125603,-0.267021177186269,0.0,-0.0654443359519933,1.239731226190802,0.4906815620439534,-0.8707707998498987,-0.8632799750584568
1.1371934561390398,0.8437007554702182,0.07823308477809952,-1.272449565659059,-1.1076195903308539,1.6617460058356508,1.1373014588054742,1.407179386041156,-1.0116156075948353,0.0,-0.4491320378060763,1.239731226190802,0.4906815620439534,-0.8707707998498987,-0.8632799750584568
1.1371934561390398,-2.1704064556217677,0.07823308477809952,-1.272449565659059,-1.1076195903308539,1.6617460058356508,1.1373014588054742,1.5242847607839645,-1.3552745754757118,0.0,0.7019310677561728,1.239731226190802,0.4906815620439534,-0.8707707998498987,-0.8632799750584568
1.3734095014028704,0.8437007554702182,0.07823308477809952,-1.272449565659059,-1.1076195903308539,1.6617460058356508,1.3735261044916611,-1.3447969204148418,1.6803796408053657,0.0,-0.0654443359519933,1.239731226190802,0.4906815620439534,-0.8707707998498987,-0.8632799750584568
1.3734095014028704,0.8437007554702182,0.07823308477809952,-1.272449565659059,-1.1076195903308539,1.6617460058356508,1.3735261044916611,-1.2862442330434376,0.9930617050436122,0.0,-0.0654443359519933,1.239731226190802,0.4906815620439534,-0.8707707998498987,-0.8632799750584568
1.3734095014028704,0.8437007554702182,0.07823308477809952,-1.272449565659059,-1.1076195903308539,1.6617460058356508,1.3735261044916611,-0.34940123510097026,-0.9543391129480224,0.0,1.469306471464339,1.239731226190802,0.4906815620439534,-0.8707707998498987,-0.8632799750584568
-1.4611830417630982,-0.16100164822711013,0.5855324480466901,-1.272449565659059,-0.9919837790901317,1.6617460058356508,-1.4611696437425834,0.8802051996985182,1.1076146943372378,0.0,-0.8328197396601593,0.015190246157726272,-1.4720446861318601,-0.8707707998498987,-0.8632799750584568
-1.2249669964992675,-0.16100164822711013,0.5855324480466901,-1.272449565659059,-0.9919837790901317,1.6617460058356508,-1.2249449980563965,-1.2862442330434376,-1.4698275647693375,0.0,-0.8328197396601593,0.015190246157726272,-1.4720446861318601,-0.8707707998498987,-0.8632799750584568
-0.9887509512354369,-1.1657040519244384,0.5855324480466901,-1.272449565659059,-0.9919837790901317,1.6617460058356508,-0.9887203523702093,1.1729686365555392,-0.38157416647989456,0.0,-1.2165074415142423,0.015190246157726272,-1.4720446861318601,-0.8707707998498987,-0.8632799750584568
-0.5163188607077753,0.8437007554702182,0.5855324480466901,-1.272449565659059,-0.9919837790901317,1.6617460058356508,-0.5162710609978353,-1.1691388583006292,0.4775732532222972,0.0,-0.0654443359519933,-1.2093507338753493,-1.4720446861318601,-0.8707707998498987,-0.8632799750584568
-0.5163188607077753,-0.16100164822711013,0.5855324480466901,-1.272449565659059,-0.9919837790901317,1.6617460058356508,-0.5162710609978353,1.2900740112983475,-0.43885066112670734,0.0,-0.8328197396601593,-1.2093507338753493,-1.4720446861318601,-0.8707707998498987,-0.8632799750584568
-0.5163188607077753,-1.1657040519244384,0.5855324480466901,-1.272449565659059,-0.9919837790901317,1.6617460058356508,-0.5162710609978353,1.699942822898177,1.2221676836308635,0.0,-1.2165074415142423,-1.2093507338753493,-1.4720446861318601,-0.8707707998498987,-0.8632799750584568
0.42854532034754755,-1.1657040519244384,0.5855324480466901,-1.272449565659059,-0.9919837790901317,1.6617460058356508,0.428627521746913,-1.4619022951576501,-1.1261685968884607,0.0,0.31824336590208974,-1.2093507338753493,-1.4720446861318601,-0.8707707998498987,-0.8632799750584568
0.42854532034754755,0.8437007554702182,0.5855324480466901,-1.272449565659059,-0.9919837790901317,1.6617460058356508,0.428627521746913,-0.40795392247237444,-0.9543391129480224,0.0,1.469306471464339,-1.2093507338753493,-1.4720446861318601,-0.8707707998498987,-0.8632799750584568
0.42854532034754755,0.8437007554702182,0.5855324480466901,-1.272449565659059,-0.9919837790901317,1.6617460058356508,0.428627521746913,-0.34940123510097026,-0.8970626183012096,0.0,1.0856187696102557,-1.2093507338753493,-1.4720446861318601,-0.8707707998498987,-0.8632799750584568
0.42854532034754755,0.8437007554702182,0.5855324480466901,-1.272449565659059,-0.9919837790901317,1.6617460058356508,0.428627521746913,-0.29084854772956603,0.30574376928185887,0.0,1.469306471464339,-1.2093507338753493,-1.4720446861318601,-0.8707707998498987,-0.8632799750584568
0.900977410875209,0.8437007554702182,0.5855324480466901,-1.272449565659059,-0.9919837790901317,1.6617460058356508,0.901076813119287,0.7630998249557097,0.36302026392867165,0.0,-0.0654443359519933,1.239731226190802,-1.4720446861318601,-0.8707707998498987,-0.8632799750584568
0.900977410875209,0.8437007554702182,0.5855324480466901,-1.272449565659059,-0.9919837790901317,1.6617460058356508,0.901076813119287,0.8216525123271139,0.36302026392867165,0.0,-0.0654443359519933,1.239731226190802,-1.4720446861318601,-0.8707707998498987,-0.8632799750584568
0.900977410875209,-1.1657040519244384,0.5855324480466901,-1.272449565659059,-0.9919837790901317,1.6617460058356508,0.901076813119287,0.8802051996985182,0.019361296047794935,0.0,0.31824336590208974,1.239731226190802,-1.4720446861318601,-0.8707707998498987,-0.8632799750584568
0.900977410875209,0.8437007554702182,0.5855324480466901,-1.272449565659059,-0.9919837790901317,1.6617460058356508,0.901076813119287,0.9387578870699224,-0.38157416647989456,0.0,-0.0654443359519933,1.239731226190802,-1.4720446861318601,-0.8707707998498987,-0.8632799750584568
1.3734095014028704,0.8437007554702182,0.5855324480466901,-1.272449565659059,-0.9919837790901317,1.6617460058356508,1.3735261044916611,-1.110586170929225,1.6803796408053657,0.0,-0.0654443359519933,1.239731226190802,-1.4720446861318601,-0.8707707998498987,-0.8632799750584568
1.3734095014028704,-1.1657040519244384,0.5855324480466901,-1.272449565659059,-0.9919837790901317,1.6617460058356508,1.3735261044916611,0.06046757649885921,1.5085501568649273,0.0,0.31824336590208974,1.239731226190802,-1.4720446861318601,-0.8707707998498987,-0.8632799750584568
-1.2249669964992675,-1.1657040519244384,1.0928318113152808,-1.272449565659059,-0.8763479678494094,1.6617460058356508,-1.2249449980563965,-1.6375603572718629,0.7066792318095484,0.0,-1.2165074415142423,0.015190246157726272,-0.4906815620439534,-0.8707707998498987,-0.8632799750584568
-0.9887509512354369,-0.16100164822711013,1.0928318113152808,-1.272449565659059,-0.8763479678494094,1.6617460058356508,-0.9887203523702093,1.5828374481553686,-0.7252331343607713,0.0,-0.8328197396601593,0.015190246157726272,-0.4906815620439534,-0.8707707998498987,-0.8632799750584568
-0.7525349059716061,-1.1657040519244384,1.0928318113152808,-1.272449565659059,-0.8763479678494094,1.6617460058356508,-0.7524957066840222,-1.5790076699004587,0.6494027371627356,0.0,0.31824336590208974,0.015190246157726272,-0.4906815620439534,-0.8707707998498987,-0.8632799750584568
-0.7525349059716061,-1.1657040519244384,1.0928318113152808,-1.272449565659059,-0.8763479678494094,1.6617460058356508,-0.7524957066840222,0.5874417628414971,0.19119077998823328,0.0,-1.2165074415142423,0.015190246157726272,-0.4906815620439534,-0.8707707998498987,-0.8632799750584568
-0.5163188607077753,-1.1657040519244384,1.0928318113152808,-1.272449565659059,-0.8763479678494094,1.6617460058356508,-0.5162710609978353,0.9973105744413265,-1.0116156075948353,0.0,-1.2165074415142423,-1.2093507338753493,-0.4906815620439534,-0.8707707998498987,-0.8632799750584568
-0.2801028154439446,-1.1657040519244384,1.0928318113152808,-1.272449565659059,-0.8763479678494094,1.6617460058356508,-0.28004641531164814,-0.17374317298675762,0.9930617050436122,0.0,-1.2165074415142423,-1.2093507338753493,-0.4906815620439534,-0.8707707998498987,-0.8632799750584568
0.19232927508371683,-1.1657040519244384,1.0928318113152808,-1.272449565659059,-0.8763479678494094,1.6617460058356508,0.19240287606072592,-1.2862442330434376,-1.4698275647693375,0.0,-1.2165074415142423,-1.2093507338753493,-0.4906815620439534,-0.8707707998498987,-0.8632799750584568
0.19232927508371683,-1.1657040519244384,1.0928318113152808,-1.272449565659059,-0.8763479678494094,1.6617460058356508,0.19240287606072592,-1.2276915456720334,-1.1834450915352734,0.0,-1.2165074415142423,-1.2093507338753493,-0.4906815620439534,-0.8707707998498987,-0.8632799750584568
-1.4611830417630982,0.8437007554702182,1.6001311745838716,-1.272449565659059,-0.7607121566086872,1.6617460058356508,-1.4611696437425834,1.1729686365555392,-0.3242976718330818,0.0,-0.0654443359519933,0.015190246157726272,0.0,-0.8707707998498987,-0.8632799750584568
-0.9887509512354369,-0.16100164822711013,1.6001311745838716,-1.272449565659059,-0.7607121566086872,1.6617460058356508,-0.9887203523702093,0.11902026387026342,-1.1834450915352734,0.0,-0.8328197396601593,0.015190246157726272,0.0,-0.8707707998498987,-0.8632799750584568
-0.9887509512354369,-1.1657040519244384,1.6001311745838716,-1.272449565659059,-0.7607121566086872,1.6617460058356508,-0.9887203523702093,1.2900740112983475,-0.09519169324583063,0.0,-1.2165074415142423,0.015190246157726272,0.0,-0.8707707998498987,-0.8632799750584568
-0.5163188607077753,0.8437007554702182,1.6001311745838716,-1.272449565659059,-0.7607121566086872,1.6617460058356508,-0.5162710609978353,-1.403349607786246,-1.4125510701225246,0.0,1.469306471464339,-1.2093507338753493,0.0,-0.8707707998498987,-0.8632799750584568
0.19232927508371683,0.8437007554702182,1.6001311745838716,-1.272449565659059,-0.7607121566086872,1.6617460058356508,0.19240287606072592,-0.9349281088150123,-1.1834450915352734,0.0,-0.0654443359519933,-1.2093507338753493,0.0,-0.8707707998498987,-0.8632799750584568
0.19232927508371683,0.8437007554702182,1.6001311745838716,-1.272449565659059,-0.7607121566086872,1.6617460058356508,0.19240287606072592,-0.8763754214436081,-1.584380554062963,0.0,1.469306471464339,-1.2093507338753493,0.0,-0.8707707998498987,-0.8632799750584568
0.19232927508371683,0.8437007554702182,1.6001311745838716,-1.272449565659059,-0.7607121566086872,1.6617460058356508,0.19240287606072592,-0.817822734072204,1.56582665151174,0.0,1.0856187696102557,-1.2093507338753493,0.0,-0.8707707998498987,-0.8632799750584568
0.19232927508371683,0.8437007554702182,1.6001311745838716,-1.272449565659059,-0.7607121566086872,1.6617460058356508,0.19240287606072592,-0.7592700467007997,1.2794441782776762,0.0,-0.0654443359519933,-1.2093507338753493,0.0,-0.8707707998498987,-0.8632799750584568
0.42854532034754755,-1.1657040519244384,1.6001311745838716,-1.272449565659059,-0.7607121566086872,1.6617460058356508,0.428627521746913,-0.5250592972151829,-0.6679566397139585,0.0,0.31824336590208974,-1.2093507338753493,0.0,-0.8707707998498987,-0.8632799750584568
-1.697399087026929,-1.1657040519244384,-1.4436650050276725,-1.272449565659059,-0.6450763453679649,1.6617460058356508,-1.6973942894287704,-1.6375603572718629,0.9357852103967995,0.0,-1.2165074415142423,0.015190246157726272,-0.9813631240879068,-0.8707707998498987,-0.8632799750584568
-1.4611830417630982,-1.1657040519244384,-1.4436650050276725,-1.272449565659059,-0.6450763453679649,1.6617460058356508,-1.4611696437425834,-0.7592700467007997,0.1339142853414205,0.0,-1.2165074415142423,0.015190246157726272,-0.9813631240879068,-0.8707707998498987,-0.8632799750584568
-1.4611830417630982,-1.1657040519244384,-1.4436650050276725,-1.272449565659059,-0.6450763453679649,1.6617460058356508,-1.4611696437425834,-0.29084854772956603,1.5085501568649273,0.0,-1.2165074415142423,0.015190246157726272,-0.9813631240879068,-0.8707707998498987,-0.8632799750584568
-0.7525349059716061,-0.16100164822711013,-1.4436650050276725,-1.272449565659059,-0.6450763453679649,1.6617460058356508,-0.7524957066840222,-1.0520334835578207,0.7639557264563611,0.0,-0.8328197396601593,0.015190246157726272,-0.9813631240879068,-0.8707707998498987,-0.8632799750584568
-0.2801028154439446,-1.1657040519244384,-1.4436650050276725,-1.272449565659059,-0.6450763453679649,1.6617460058356508,-0.28004641531164814,-1.2276915456720334,1.1648911889840505,0.0,-1.2165074415142423,-1.2093507338753493,-0.9813631240879068,-0.8707707998498987,-0.8632799750584568
-0.2801028154439446,0.8437007554702182,-1.4436650050276725,-1.272449565659059,-0.6450763453679649,1.6617460058356508,-0.28004641531164814,-1.0520334835578207,-1.4125510701225246,0.0,-0.0654443359519933,-1.2093507338753493,-0.9813631240879068,-0.8707707998498987,-0.8632799750584568
-0.2801028154439446,-0.16100164822711013,-1.4436650050276725,-1.272449565659059,-0.6450763453679649,1.6617460058356508,-0.28004641531164814,-0.17374317298675762,1.3939971675713017,0.0,-0.8328197396601593,-1.2093507338753493,-0.9813631240879068,-0.8707707998498987,-0.8632799750584568
-0.2801028154439446,-1.1657040519244384,-1.4436650050276725,-1.272449565659059,-0.6450763453679649,1.6617460058356508,-0.28004641531164814,0.6459944502129013,-0.9543391129480224,0.0,-1.2165074415142423,-1.2093507338753493,-0.9813631240879068,-0.8707707998498987,-0.8632799750584568
-0.0438867701801139,0.8437007554702182,-1.4436650050276725,-1.272449565659059,-0.6450763453679649,1.6617460058356508,-0.043821769625461124,-1.6375603572718629,1.2794441782776762,0.0,1.469306471464339,-1.2093507338753493,-0.9813631240879068,-0.8707707998498987,-0.8632799750584568
-0.0438867701801139,-1.1657040519244384,-1.4436650050276725,-1.272449565659059,-0.6450763453679649,1.6617460058356508,-0.043821769625461124,-1.2862442330434376,0.6494027371627356,0.0,-1.2165074415142423,-1.2093507338753493,-0.9813631240879068,-0.8707707998498987,-0.8632799750584568
-0.0438867701801139,0.8437007554702182,-1.4436650050276725,-1.272449565659059,-0.6450763453679649,1.6617460058356508,-0.043821769625461124,-1.0520334835578207,0.9357852103967995,0.0,-0.0654443359519933,-1.2093507338753493,-0.9813631240879068,-0.8707707998498987,-0.8632799750584568
-0.0438867701801139,0.8437007554702182,-1.4436650050276725,-1.272449565659059,-0.6450763453679649,1.6617460058356508,-0.043821769625461124,-0.817822734072204,0.821232221103174,0.0,-0.0654443359519933,-1.2093507338753493,-0.9813631240879068,-0.8707707998498987,-0.8632799750584568
0.19232927508371683,0.8437007554702182,-1.4436650050276725,-1.272449565659059,-0.6450763453679649,1.6617460058356508,0.19240287606072592,-1.6375603572718629,1.3939971675713017,0.0,-0.4491320378060763,-1.2093507338753493,-0.9813631240879068,-0.8707707998498987,-0.8632799750584568
0.19232927508371683,-0.16100164822711013,-1.4436650050276725,-1.272449565659059,-0.6450763453679649,1.6617460058356508,0.19240287606072592,-0.8763754214436081,-1.641657048709776,0.0,-0.8328197396601593,-1.2093507338753493,-0.9813631240879068,-0.8707707998498987,-0.8632799750584568
0.19232927508371683,0.8437007554702182,-1.4436650050276725,-1.272449565659059,-0.6450763453679649,1.6617460058356508,0.19240287606072592,0.9973105744413265,-1.584380554062963,0.0,1.469306471464339,-1.2093507338753493,-0.9813631240879068,-0.8707707998498987,-0.8632799750584568
0.19232927508371683,0.8437007554702182,-1.4436650050276725,-1.272449565659059,-0.6450763453679649,1.6617460058356508,0.19240287606072592,1.0558632618127308,0.821232221103174,0.0,1.0856187696102557,-1.2093507338753493,-0.9813631240879068,-0.8707707998498987,-0.8632799750584568
0.42854532034754755,0.8437007554702182,-1.4436650050276725,-1.272449565659059,-0.6450763453679649,1.6617460058356508,0.428627521746913,-0.5250592972151829,1.4512736622181146,0.0,-0.0654443359519933,-1.2093507338753493,-0.9813631240879068,-0.8707707998498987,-0.8632799750584568
0.6647613656113783,-1.1657040519244384,-1.4436650050276725,-1.272449565659059,-0.6450763453679649,1.6617460058356508,0.6648521674331,-0.9934807961864165,-1.584380554062963,0.0,-1.2165074415142423,1.239731226190802,-0.9813631240879068,-0.8707707998498987,-0.8632799750584568
0.900977410875209,-0.16100164822711013,-1.4436650050276725,-1.272449565659059,-0.6450763453679649,1.6617460058356508,0.901076813119287,-0.11519048561535342,-0.8970626183012096,0.0,-0.8328197396601593,1.239731226190802,-0.9813631240879068,-0.8707707998498987,-0.8632799750584568
1.1371934561390398,0.8437007554702182,-1.4436650050276725,-1.272449565659059,-0.6450763453679649,1.6617460058356508,1.1373014588054742,-0.8763754214436081,-1.641657048709776,0.0,1.469306471464339,1.239731226190802,-0.9813631240879068,-0.8707707998498987,-0.8632799750584568
1.1371934561390398,0.8437007554702182,-1.4436650050276725,-1.272449565659059,-0.6450763453679649,1.6617460058356508,1.1373014588054742,-0.8763754214436081,1.336720672924489,0.0,1.469306471464339,1.239731226190802,-0.9813631240879068,-0.8707707998498987,-0.8632799750584568
-0.9887509512354369,-1.1657040519244384,-0.9363656417590819,-1.272449565659059,-0.5294405341272427,1.6617460058356508,-0.9887203523702093,0.5288890754700929,-0.2097446825394562,0.0,-1.2165074415142423,0.015190246157726272,0.9813631240879068,-0.8707707998498987,-0.8632799750584568
-0.7525349059716061,-1.1657040519244384,-0.9363656417590819,-1.272449565659059,-0.5294405341272427,1.6617460058356508,-0.7524957066840222,-0.583611984586587,-0.8397861236543969,0.0,-1.2165074415142423,0.015190246157726272,0.9813631240879068,-0.8707707998498987,-0.8632799750584568
-0.7525349059716061,-0.16100164822711013,-0.9363656417590819,-1.272449565659059,-0.5294405341272427,1.6617460058356508,-0.7524957066840222,-0.5250592972151829,-1.0116156075948353,0.0,-0.8328197396601593,0.015190246157726272,0.9813631240879068,-0.8707707998498987,-0.8632799750584568
-0.7525349059716061,0.8437007554702182,-0.9363656417590819,-1.272449565659059,-0.5294405341272427,1.6617460058356508,-0.7524957066840222,-0.4665066098437787,-1.2407215861820864,0.0,-0.0654443359519933,0.015190246157726272,0.9813631240879068,-0.8707707998498987,-0.8632799750584568
0.19232927508371683,0.8437007554702182,-0.9363656417590819,-1.272449565659059,-0.5294405341272427,1.6617460058356508,0.19240287606072592,1.5828374481553686,1.1076146943372378,0.0,1.0856187696102557,-1.2093507338753493,0.9813631240879068,-0.8707707998498987,-0.8632799750584568
0.42854532034754755,-0.16100164822711013,-0.9363656417590819,-1.272449565659059,-0.5294405341272427,1.6617460058356508,0.428627521746913,-1.1691388583006292,-1.2407215861820864,0.0,-0.8328197396601593,-1.2093507338753493,0.9813631240879068,-0.8707707998498987,-0.8632799750584568
0.42854532034754755,-2.1704064556217677,-0.9363656417590819,-1.272449565659059,-0.5294405341272427,1.6617460058356508,0.428627521746913,1.1729686365555392,0.5921262425159228,0.0,0.7019310677561728,-1.2093507338753493,0.9813631240879068,-0.8707707998498987,-0.8632799750584568
0.6647613656113783,0.8437007554702182,-0.9363656417590819,-1.272449565659059,-0.5294405341272427,1.6617460058356508,0.6648521674331,0.35323101335588025,0.24846727463504606,0.0,1.469306471464339,1.239731226190802,0.9813631240879068,-0.8707707998498987,-0.8632799750584568
0.6647613656113783,-0.16100164822711013,-0.9363656417590819,-1.272449565659059,-0.5294405341272427,1.6617460058356508,0.6648521674331,0.4117837007272845,0.7066792318095484,0.0,-0.8328197396601593,1.239731226190802,0.9813631240879068,-0.8707707998498987,-0.8632799750584568
0.6647613656113783,-0.16100164822711013,-0.9363656417590819,-1.272449565659059,-0.5294405341272427,1.6617460058356508,0.6648521674331,0.8802051996985182,-1.0116156075948353,0.0,-0.8328197396601593,1.239731226190802,0.9813631240879068,-0.8707707998498987,-0.8632799750584568
0.6647613656113783,-1.1657040519244384,-0.9363656417590819,-1.272449565659059,-0.5294405341272427,1.6617460058356508,0.6648521674331,1.2315213239269434,0.5921262425159228,0.0,-1.2165074415142423,1.239731226190802,0.9813631240879068,-0.8707707998498987,-0.8632799750584568
0.6647613656113783,-0.16100164822711013,-0.9363656417590819,-1.272449565659059,-0.5294405341272427,1.6617460058356508,0.6648521674331,1.4657320734125603,0.42029675857548443,0.0,-0.8328197396601593,1.239731226190802,0.9813631240879068,-0.8707707998498987,-0.8632799750584568
1.1371934561390398,0.8437007554702182,-0.9363656417590819,-1.272449565659059,-0.5294405341272427,1.6617460058356508,1.1373014588054742,-1.4619022951576501,-1.068892102241648,0.0,1.469306471464339,1.239731226190802,0.9813631240879068,-0.8707707998498987,-0.8632799750584568
1.1371934561390398,0.8437007554702182,-0.9363656417590819,-1.272449565659059,-0.5294405341272427,1.6617460058356508,1.1373014588054742,-1.403349607786246,-1.5271040594161502,0.0,-0.0654443359519933,1.239731226190802,0.9813631240879068,-0.8707707998498987,-0.8632799750584568
-1.697399087026929,0.8437007554702182,-0.42906627849049117,-1.272449565659059,-0.4138047228865204,1.6617460058356508,-1.6973942894287704,-0.7592700467007997,1.56582665151174,0.0,-0.4491320378060763,0.015190246157726272,1.4720446861318601,-0.8707707998498987,-0.8632799750584568
-1.697399087026929,-1.1657040519244384,-0.42906627849049117,-1.272449565659059,-0.4138047228865204,1.6617460058356508,-1.6973942894287704,0.35323101335588025,0.42029675857548443,0.0,-1.2165074415142423,0.015190246157726272,1.4720446861318601,-0.8707707998498987,-0.8632799750584568
-1.4611830417630982,0.8437007554702182,-0.42906627849049117,-1.272449565659059,-0.4138047228865204,1.6617460058356508,-1.4611696437425834,1.4657320734125603,0.30574376928185887,0.0,-0.0654443359519933,0.015190246157726272,1.4720446861318601,-0.8707707998498987,-0.8632799750584568
-1.2249669964992675,-0.16100164822711013,-0.42906627849049117,-1.272449565659059,-0.4138047228865204,1.6617460058356508,-1.2249449980563965,-0.583611984586587,0.8785087157499867,0.0,-0.8328197396601593,0.015190246157726272,1.4720446861318601,-0.8707707998498987,-0.8632799750584568
-0.9887509512354369,-1.1657040519244384,-0.42906627849049117,-1.272449565659059,-0.4138047228865204,1.6617460058356508,-0.9887203523702093,0.8216525123271139,-0.9543391129480224,0.0,-1.2165074415142423,0.015190246157726272,1.4720446861318601,-0.8707707998498987,-0.8632799750584568
-0.5163188607077753,-1.1657040519244384,-0.42906627849049117,-1.272449565659059,-0.4138047228865204,1.6617460058356508,-0.5162710609978353,0.8216525123271139,-0.037915198599017846,0.0,-1.2165074415142423,-1.2093507338753493,1.4720446861318601,-0.8707707998498987,-0.8632799750584568
-0.2801028154439446,-1.1657040519244384,-0.42906627849049117,-1.272449565659059,-0.4138047228865204,1.6617460058356508,-0.28004641531164814,-1.2276915456720334,-1.1834450915352734,0.0,-1.2165074415142423,-1.2093507338753493,1.4720446861318601,-0.8707707998498987,-0.8632799750584568
-0.2801028154439446,0.8437007554702182,-0.42906627849049117,-1.272449565659059,-0.4138047228865204,1.6617460058356508,-0.28004641531164814,0.7045471375843055,0.53484974786911,0.0,1.0856187696102557,-1.2093507338753493,1.4720446861318601,-0.8707707998498987,-0.8632799750584568
0.19232927508371683,0.8437007554702182,-0.42906627849049117,-1.272449565659059,-0.4138047228865204,1.6617460058356508,0.19240287606072592,0.7045471375843055,-0.3242976718330818,0.0,1.0856187696102557,-1.2093507338753493,1.4720446861318601,-0.8707707998498987,-0.8632799750584568
0.19232927508371683,0.8437007554702182,-0.42906627849049117,-1.272449565659059,-0.4138047228865204,1.6617460058356508,0.19240287606072592,0.7630998249557097,-0.782509629007584,0.0,1.469306471464339,-1.2093507338753493,1.4720446861318601,-0.8707707998498987,-0.8632799750584568
0.19232927508371683,0.8437007554702182,-0.42906627849049117,-1.272449565659059,-0.4138047228865204,1.6617460058356508,0.19240287606072592,0.8216525123271139,0.24846727463504606,0.0,1.0856187696102557,-1.2093507338753493,1.4720446861318601,-0.8707707998498987,-0.8632799750584568
0.42854532034754755,-1.1657040519244384,-0.42906627849049117,-1.272449565659059,-0.4138047228865204,1.6617460058356508,0.428627521746913,-0.9934807961864165,1.623103146158553,0.0,-1.2165074415142423,-1.2093507338753493,1.4720446861318601,-0.8707707998498987,-0.8632799750584568
0.42854532034754755,-1.1657040519244384,-0.42906627849049117,-1.272449565659059,-0.4138047228865204,1.6617460058356508,0.428627521746913,-0.17374317298675762,-1.2407215861820864,0.0,-1.2165074415142423,-1.2093507338753493,1.4720446861318601,-0.8707707998498987,-0.8632799750584568
0.6647613656113783,0.8437007554702182,-0.42906627849049117,-1.272449565659059,-0.4138047228865204,1.6617460058356508,0.6648521674331,-1.403349607786246,0.07663779069460772,0.0,-0.4491320378060763,1.239731226190802,1.4720446861318601,-0.8707707998498987,-0.8632799750584568
0.6647613656113783,-1.1657040519244384,-0.42906627849049117,-1.272449565659059,-0.4138047228865204,1.6617460058356508,0.6648521674331,0.7630998249557097,1.2221676836308635,0.0,-1.2165074415142423,1.239731226190802,1.4720446861318601,-0.8707707998498987,-0.8632799750584568
1.3734095014028704,0.8437007554702182,-0.42906627849049117,-1.272449565659059,-0.4138047228865204,1.6617460058356508,1.3735261044916611,-1.403349607786246,0.5921262425159228,0.0,1.469306471464339,1.239731226190802,1.4720446861318601,-0.8707707998498987,-0.8632799750584568
1.3734095014028704,0.8437007554702182,-0.42906627849049117,-1.272449565659059,-0.4138047228865204,1.6617460058356508,1.3735261044916611,-0.34940123510097026,-0.9543391129480224,0.0,-0.0654443359519933,1.239731226190802,1.4720446861318601,-0.8707707998498987,-0.8632799750584568
1.6096255466667013,0.8437007554702182,-0.42906627849049117,-1.272449565659059,-0.4138047228865204,1.6617460058356508,1.609750750177848,-0.7007173593293955,-1.4698275647693375,0.0,-0.4491320378060763,1.239731226190802,1.4720446861318601,-0.8707707998498987,-0.8632799750584568
-1.697399087026929,-0.16100164822711013,0.07823308477809952,-1.272449565659059,-0.2981689116457982,1.6617460058356508,-1.6973942894287704,0.5288890754700929,0.9930617050436122,0.0,-0.8328197396601593,0.015190246157726272,0.4906815620439534,-0.8707707998498987,-0.8632799750584568
-1.4611830417630982,-1.1657040519244384,0.07823308477809952,-1.272449565659059,-0.2981689116457982,1.6617460058356508,-1.4611696437425834,0.9387578870699224,1.56582665151174,0.0,-1.2165074415142423,0.015190246157726272,0.4906815620439534,-0.8707707998498987,-0.8632799750584568
-1.2249669964992675,-2.1704064556217677,0.07823308477809952,-1.272449565659059,-0.2981689116457982,1.6617460058356508,-1.2249449980563965,-0.7007173593293955,-0.4961271557735201,0.0,0.7019310677561728,0.015190246157726272,0.4906815620439534,-0.8707707998498987,-0.8632799750584568
-1.2249669964992675,0.8437007554702182,0.07823308477809952,-1.272449565659059,-0.2981689116457982,1.6617460058356508,-1.2249449980563965,0.4117837007272845,-1.4125510701225246,0.0,-0.0654443359519933,0.015190246157726272,0.4906815620439534,-0.8707707998498987,-0.8632799750584568
-0.9887509512354369,-0.16100164822711013,0.07823308477809952,-1.272449565659059,-0.2981689116457982,1.6617460058356508,-0.9887203523702093,0.0019148891274550072,0.1339142853414205,0.0,-0.8328197396601593,0.015190246157726272,0.4906815620439534,-0.8707707998498987,-0.8632799750584568
-0.9887509512354369,-0.16100164822711013,0.07823308477809952,-1.272449565659059,-0.2981689116457982,1.6617460058356508,-0.9887203523702093,1.7584955102695812,-0.1524681878926434,0.0,-0.8328197396601593,0.015190246157726272,0.4906815620439534,-0.8707707998498987,-0.8632799750584568
0.42854532034754755,-1.1657040519244384,0.07823308477809952,-1.272449565659059,-0.2981689116457982,1.6617460058356508,0.428627521746913,0.06046757649885921,0.53484974786911,0.0,-1.2165074415142423,-1.2093507338753493,0.4906815620439534,-0.8707707998498987,-0.8632799750584568
0.42854532034754755,-1.1657040519244384,0.07823308477809952,-1.272449565659059,-0.2981689116457982,1.6617460058356508,0.428627521746913,0.11902026387026342,0.19119077998823328,0.0,-1.2165074415142423,-1.2093507338753493,0.4906815620439534,-0.8707707998498987,-0.8632799750584568
0.6647613656113783,-0.16100164822711013,0.07823308477809952,-1.272449565659059,-0.2981689116457982,1.6617460058356508,0.6648521674331,-0.7592700467007997,-1.068892102241648,0.0,-0.8328197396601593,1.239731226190802,0.4906815620439534,-0.8707707998498987,-0.8632799750584568
0.6647613656113783,-0.16100164822711013,0.07823308477809952,-1.272449565659059,-0.2981689116457982,1.6617460058356508,0.6648521674331,-0.7007173593293955,-0.5534036504203329,0.0,-0.8328197396601593,1.239731226190802,0.4906815620439534,-0.8707707998498987,-0.8632799750584568
0.900977410875209,0.8437007554702182,0.07823308477809952,-1.272449565659059,-0.2981689116457982,1.6617460058356508,0.901076813119287,-1.6375603572718629,0.30574376928185887,0.0,1.469306471464339,1.239731226190802,0.4906815620439534,-0.8707707998498987,-0.8632799750584568
0.900977410875209,0.8437007554702182,0.07823308477809952,-1.272449565659059,-0.2981689116457982,1.6617460058356508,0.901076813119287,-0.817822734072204,-1.2407215861820864,0.0,-0.4491320378060763,1.239731226190802,0.4906815620439534,-0.8707707998498987,-0.8632799750584568
1.1371934561390398,0.8437007554702182,0.07823308477809952,-1.272449565659059,-0.2981689116457982,1.6617460058356508,1.1373014588054742,-1.3447969204148418,0.019361296047794935,0.0,1.469306471464339,1.239731226190802,0.4906815620439534,-0.8707707998498987,-0.8632799750584568
-0.7525349059716061,-1.1657040519244384,0.5855324480466901,-1.272449565659059,-0.1825331004050759,1.6617460058356508,-0.7524957066840222,0.5288890754700929,1.4512736622181146,0.0,-1.2165074415142423,0.015190246157726272,-1.4720446861318601,-0.8707707998498987,-0.8632799750584568
-0.0438867701801139,0.8437007554702182,0.5855324480466901,-1.272449565659059,-0.1825331004050759,1.6617460058356508,-0.043821769625461124,-1.2862442330434376,-1.1834450915352734,0.0,1.0856187696102557,-1.2093507338753493,-1.4720446861318601,-0.8707707998498987,-0.8632799750584568
-0.0438867701801139,-1.1657040519244384,0.5855324480466901,-1.272449565659059,-0.1825331004050759,1.6617460058356508,-0.043821769625461124,0.9387578870699224,1.6803796408053657,0.0,-1.2165074415142423,-1.2093507338753493,-1.4720446861318601,-0.8707707998498987,-0.8632799750584568
-0.0438867701801139,-2.1704064556217677,0.5855324480466901,-1.272449565659059,-0.1825331004050759,1.6617460058356508,-0.043821769625461124,0.9973105744413265,0.8785087157499867,0.0,0.7019310677561728,-1.2093507338753493,-1.4720446861318601,-0.8707707998498987,-0.8632799750584568
-0.0438867701801139,-0.16100164822711013,0.5855324480466901,-1.272449565659059,-0.1825331004050759,1.6617460058356508,-0.043821769625461124,1.699942822898177,-1.0116156075948353,0.0,-0.8328197396601593,-1.2093507338753493,-1.4720446861318601,-0.8707707998498987,-0.8632799750584568
0.19232927508371683,0.8437007554702182,0.5855324480466901,-1.272449565659059,-0.1825331004050759,1.6617460058356508,0.19240287606072592,-1.696113044643267,-0.782509629007584,0.0,-0.4491320378060763,-1.2093507338753493,-1.4720446861318601,-0.8707707998498987,-0.8632799750584568
0.19232927508371683,0.8437007554702182,0.5855324480466901,-1.272449565659059,-0.1825331004050759,1.6617460058356508,0.19240287606072592,0.4117837007272845,0.5921262425159228,0.0,-0.4491320378060763,-1.2093507338753493,-1.4720446861318601,-0.8707707998498987,-0.8632799750584568
0.19232927508371683,0.8437007554702182,0.5855324480466901,-1.272449565659059,-0.1825331004050759,1.6617460058356508,0.19240287606072592,0.5288890754700929,0.9930617050436122,0.0,1.469306471464339,-1.2093507338753493,-1.4720446861318601,-0.8707707998498987,-0.8632799750584568
0.19232927508371683,0.8437007554702182,0.5855324480466901,-1.272449565659059,-0.1825331004050759,1.6617460058356508,0.19240287606072592,1.407179386041156,1.5085501568649273,0.0,1.0856187696102557,-1.2093507338753493,-1.4720446861318601,-0.8707707998498987,-0.8632799750584568
0.19232927508371683,0.8437007554702182,0.5855324480466901,-1.272449565659059,-0.1825331004050759,1.6617460058356508,0.19240287606072592,1.4657320734125603,1.56582665151174,0.0,-0.4491320378060763,-1.2093507338753493,-1.4720446861318601,-0.8707707998498987,-0.8632799750584568
0.6647613656113783,-1.1657040519244384,0.5855324480466901,-1.272449565659059,-0.1825331004050759,1.6617460058356508,0.6648521674331,-1.5204549825290543,-0.782509629007584,0.0,-1.2165074415142423,1.239731226190802,-1.4720446861318601,-0.8707707998498987,-0.8632799750584568
0.6647613656113783,0.8437007554702182,0.5855324480466901,-1.272449565659059,-0.1825331004050759,1.6617460058356508,0.6648521674331,-1.4619022951576501,-0.037915198599017846,0.0,-0.0654443359519933,1.239731226190802,-1.4720446861318601,-0.8707707998498987,-0.8632799750584568
0.6647613656113783,-2.1704064556217677,0.5855324480466901,-1.272449565659059,-0.1825331004050759,1.6617460058356508,0.6648521674331,-1.1691388583006292,-1.2979980808288991,0.0,0.7019310677561728,1.239731226190802,-1.4720446861318601,-0.8707707998498987,-0.8632799750584568
0.6647613656113783,-0.16100164822711013,0.5855324480466901,-1.272449565659059,-0.1825331004050759,1.6617460058356508,0.6648521674331,-0.23229586035816183,-0.3242976718330818,0.0,-0.8328197396601593,1.239731226190802,-1.4720446861318601,-0.8707707998498987,-0.8632799750584568
1.6096255466667013,-1.1657040519244384,0.5855324480466901,-1.272449565659059,-0.1825331004050759,1.6617460058356508,1.609750750177848,-0.6421646719579913,-0.037915198599017846,0.0,-1.2165074415142423,1.239731226190802,-1.4720446861318601,-0.8707707998498987,-0.8632799750584568
-1.2249669964992675,0.8437007554702182,1.0928318113152808,-1.272449565659059,-0.06689728916435364,1.6617460058356508,-1.2249449980563965,-0.40795392247237444,1.2221676836308635,0.0,-0.4491320378060763,0.015190246157726272,-0.4906815620439534,-0.8707707998498987,-0.8632799750584568
-0.5163188607077753,0.8437007554702182,1.0928318113152808,-1.272449565659059,-0.06689728916435364,1.6617460058356508,-0.5162710609978353,0.7045471375843055,1.336720672924489,0.0,-0.4491320378060763,-1.2093507338753493,-0.4906815620439534,-0.8707707998498987,-0.8632799750584568
-0.5163188607077753,-1.1657040519244384,1.0928318113152808,-1.272449565659059,-0.06689728916435364,1.6617460058356508,-0.5162710609978353,0.8802051996985182,-0.2097446825394562,0.0,-1.2165074415142423,-1.2093507338753493,-0.4906815620439534,-0.8707707998498987,-0.8632799750584568
-0.2801028154439446,-0.16100164822711013,1.0928318113152808,-1.272449565659059,-0.06689728916435364,1.6617460058356508,-0.28004641531164814,-1.5790076699004587,-0.6106801450671457,0.0,-0.8328197396601593,-1.2093507338753493,-0.4906815620439534,-0.8707707998498987,-0.8632799750584568
-0.2801028154439446,-0.16100164822711013,1.0928318113152808,-1.272449565659059,-0.06689728916435364,1.6617460058356508,-0.28004641531164814,0.17757295124166764,-1.4125510701225246,0.0,-0.8328197396601593,-1.2093507338753493,-0.4906815620439534,-0.8707707998498987,-0.8632799750584568
-0.0438867701801139,0.8437007554702182,1.0928318113152808,-1.272449565659059,-0.06689728916435364,1.6617460058356508,-0.043821769625461124,-1.6375603572718629,1.2221676836308635,0.0,-0.4491320378060763,-1.2093507338753493,-0.4906815620439534,-0.8707707998498987,-0.8632799750584568
-0.0438867701801139,-1.1657040519244384,1.0928318113152808,-1.272449565659059,-0.06689728916435364,1.6617460058356508,-0.043821769625461124,-1.0520334835578207,1.336720672924489,0.0,-1.2165074415142423,-1.2093507338753493,-0.4906815620439534,-0.8707707998498987,-0.8632799750584568
0.19232927508371683,0.8437007554702182,1.0928318113152808,-1.272449565659059,-0.06689728916435364,1.6617460058356508,0.19240287606072592,0.6459944502129013,-1.2979980808288991,0.0,1.0856187696102557,-1.2093507338753493,-0.4906815620439534,-0.8707707998498987,-0.8632799750584568
0.19232927508371683,0.8437007554702182,1.0928318113152808,-1.272449565659059,-0.06689728916435364,1.6617460058356508,0.19240287606072592,0.6459944502129013,1.6803796408053657,0.0,1.0856187696102557,-1.2093507338753493,-0.4906815620439534,-0.8707707998498987,-0.8632799750584568
-0.9887509512354369,-1.1657040519244384,1.6001311745838716,-1.272449565659059,0.048738522076368605,1.6617460058356508,-0.9887203523702093,0.9973105744413265,0.7639557264563611,0.0,-1.2165074415142423,0.015190246157726272,0.0,-0.8707707998498987,-0.8632799750584568
-0.9887509512354369,-1.1657040519244384,1.6001311745838716,-1.272449565659059,0.048738522076368605,1.6617460058356508,-0.9887203523702093,1.2315213239269434,-1.6989335433565886,0.0,-1.2165074415142423,0.015190246157726272,0.0,-0.8707707998498987,-0.8632799750584568
-0.9887509512354369,-0.16100164822711013,1.6001311745838716,-1.272449565659059,0.048738522076368605,1.6617460058356508,-0.9887203523702093,1.2900740112983475,-1.5271040594161502,0.0,-0.8328197396601593,0.015190246157726272,0.0,-0.8707707998498987,-0.8632799750584568
-0.7525349059716061,0.8437007554702182,1.6001311745838716,-1.272449565659059,0.048738522076368605,1.6617460058356508,-0.7524957066840222,-1.4619022951576501,0.9930617050436122,0.0,1.0856187696102557,0.015190246157726272,0.0,-0.8707707998498987,-0.8632799750584568
-0.7525349059716061,-1.1657040519244384,1.6001311745838716,-1.272449565659059,0.048738522076368605,1.6617460058356508,-0.7524957066840222,0.17757295124166764,-0.037915198599017846,0.0,-1.2165074415142423,0.015190246157726272,0.0,-0.8707707998498987,-0.8632799750584568
-0.0438867701801139,0.8437007554702182,1.6001311745838716,-1.272449565659059,0.048738522076368605,1.6617460058356508,-0.043821769625461124,-0.817822734072204,0.42029675857548443,0.0,1.0856187696102557,-1.2093507338753493,0.0,-0.8707707998498987,-0.8632799750584568
-0.0438867701801139,0.8437007554702182,1.6001311745838716,-1.272449565659059,0.048738522076368605,1.6617460058356508,-0.043821769625461124,-0.7592700467007997,0.6494027371627356,0.0,1.469306471464339,-1.2093507338753493,0.0,-0.8707707998498987,-0.8632799750584568
0.6647613656113783,0.8437007554702182,1.6001311745838716,-1.272449565659059,0.048738522076368605,1.6617460058356508,0.6648521674331,-0.9934807961864165,-0.1524681878926434,0.0,1.0856187696102557,1.239731226190802,0.0,-0.8707707998498987,-0.8632799750584568
0.6647613656113783,-0.16100164822711013,1.6001311745838716,-1.272449565659059,0.048738522076368605,1.6617460058356508,0.6648521674331,-0.9349281088150123,0.1339142853414205,0.0,-0.8328197396601593,1.239731226190802,0.0,-0.8707707998498987,-0.8632799750584568
0.6647613656113783,-0.16100164822711013,1.6001311745838716,-1.272449565659059,0.048738522076368605,1.6617460058356508,0.6648521674331,0.8802051996985182,0.1339142853414205,0.0,-0.8328197396601593,1.239731226190802,0.0,-0.8707707998498987,-0.8632799750584568
-1.9336151322907598,0.8437007554702182,-1.4436650050276725,-1.272449565659059,0.16437433331709086,1.6617460058356508,-1.9336189351149575,1.2315213239269434,-1.4698275647693375,0.0,-0.4491320378060763,0.015190246157726272,-0.9813631240879068,-0.8707707998498987,-0.8632799750584568
-1.4611830417630982,-1.1657040519244384,-1.4436650050276725,-1.272449565659059,0.16437433331709086,1.6617460058356508,-1.4611696437425834,1.407179386041156,-0.9543391129480224,0.0,-1.2165074415142423,0.015190246157726272,-0.9813631240879068,-0.8707707998498987,-0.8632799750584568
-1.2249669964992675,-1.1657040519244384,-1.4436650050276725,-1.272449565659059,0.16437433331709086,1.6617460058356508,-1.2249449980563965,-1.696113044643267,1.4512736622181146,0.0,-1.2165074415142423,0.015190246157726272,-0.9813631240879068,-0.8707707998498987,-0.8632799750584568
-1.2249669964992675,-0.16100164822711013,-1.4436650050276725,-1.272449565659059,0.16437433331709086,1.6617460058356508,-1.2249449980563965,-0.056637798243949204,-1.3552745754757118,0.0,-0.8328197396601593,0.015190246157726272,-0.9813631240879068,-0.8707707998498987,-0.8632799750584568
-1.2249669964992675,0.8437007554702182,-1.4436650050276725,-1.272449565659059,0.16437433331709086,1.6617460058356508,-1.2249449980563965,1.5828374481553686,1.6803796408053657,0.0,1.0856187696102557,0.015190246157726272,-0.9813631240879068,-0.8707707998498987,-0.8632799750584568
-0.9887509512354369,-0.16100164822711013,-1.4436650050276725,-1.272449565659059,0.16437433331709086,1.6617460058356508,-0.9887203523702093,-0.5250592972151829,-1.0116156075948353,0.0,-0.8328197396601593,0.015190246157726272,-0.9813631240879068,-0.8707707998498987,-0.8632799750584568
-0.9887509512354369,-1.1657040519244384,-1.4436650050276725,-1.272449565659059,0.16437433331709086,1.6617460058356508,-0.9887203523702093,0.8802051996985182,1.050338199690425,0.0,-1.2165074415142423,0.015190246157726272,-0.9813631240879068,-0.8707707998498987,-0.8632799750584568
-0.7525349059716061,-0.16100164822711013,-1.4436650050276725,-1.272449565659059,0.16437433331709086,1.6617460058356508,-0.7524957066840222,1.407179386041156,1.623103146158553,0.0,-0.8328197396601593,0.015190246157726272,-0.9813631240879068,-0.8707707998498987,-0.8632799750584568
-0.7525349059716061,-2.1704064556217677,-1.4436650050276725,-1.272449565659059,0.16437433331709086,1.6617460058356508,-0.7524957066840222,1.5242847607839645,-1.584380554062963,0.0,0.7019310677561728,0.015190246157726272,-0.9813631240879068,-0.8707707998498987,-0.8632799750584568
-0.5163188607077753,0.8437007554702182,-1.4436650050276725,-1.272449565659059,0.16437433331709086,1.6617460058356508,-0.5162710609978353,1.114415949184135,1.623103146158553,0.0,-0.4491320378060763,-1.2093507338753493,-0.9813631240879068,-0.8707707998498987,-0.8632799750584568
-0.0438867701801139,0.8437007554702182,-1.4436650050276725,-1.272449565659059,0.16437433331709086,1.6617460058356508,-0.043821769625461124,-0.34940123510097026,-1.641657048709776,0.0,1.469306471464339,-1.2093507338753493,-0.9813631240879068,-0.8707707998498987,-0.8632799750584568
0.19232927508371683,-0.16100164822711013,-1.4436650050276725,-1.272449565659059,0.16437433331709086,1.6617460058356508,0.19240287606072592,-1.403349607786246,0.6494027371627356,0.0,-0.8328197396601593,-1.2093507338753493,-0.9813631240879068,-0.8707707998498987,-0.8632799750584568
0.19232927508371683,0.8437007554702182,-1.4436650050276725,-1.272449565659059,0.16437433331709086,1.6617460058356508,0.19240287606072592,0.23612563861307184,-0.6106801450671457,0.0,1.469306471464339,-1.2093507338753493,-0.9813631240879068,-0.8707707998498987,-0.8632799750584568
0.42854532034754755,-2.1704064556217677,-1.4436650050276725,-1.272449565659059,0.16437433331709086,1.6617460058356508,0.428627521746913,-0.583611984586587,-1.3552745754757118,0.0,0.7019310677561728,-1.2093507338753493,-0.9813631240879068,-0.8707707998498987,-0.8632799750584568
0.42854532034754755,-1.1657040519244384,-1.4436650050276725,-1.272449565659059,0.16437433331709086,1.6617460058356508,0.428627521746913,-0.40795392247237444,0.7066792318095484,0.0,-1.2165074415142423,-1.2093507338753493,-0.9813631240879068,-0.8707707998498987,-0.8632799750584568
0.6647613656113783,-0.16100164822711013,-1.4436650050276725,-1.272449565659059,0.16437433331709086,1.6617460058356508,0.6648521674331,0.11902026387026342,-0.8970626183012096,0.0,-0.8328197396601593,1.239731226190802,-0.9813631240879068,-0.8707707998498987,-0.8632799750584568
0.900977410875209,-1.1657040519244384,-1.4436650050276725,-1.272449565659059,0.16437433331709086,1.6617460058356508,0.901076813119287,-0.34940123510097026,1.2794441782776762,0.0,-1.2165074415142423,1.239731226190802,-0.9813631240879068,-0.8707707998498987,-0.8632799750584568
1.1371934561390398,-1.1657040519244384,-1.4436650050276725,-1.272449565659059,0.16437433331709086,1.6617460058356508,1.1373014588054742,-0.9349281088150123,1.2221676836308635,0.0,-1.2165074415142423,1.239731226190802,-0.9813631240879068,-0.8707707998498987,-0.8632799750584568
1.1371934561390398,-1.1657040519244384,-1.4436650050276725,-1.272449565659059,0.16437433331709086,1.6617460058356508,1.1373014588054742,-0.817822734072204,-1.6989335433565886,0.0,-1.2165074415142423,1.239731226190802,-0.9813631240879068,-0.8707707998498987,-0.8632799750584568
1.3734095014028704,0.8437007554702182,-1.4436650050276725,-1.272449565659059,0.16437433331709086,1.6617460058356508,1.3735261044916611,-0.6421646719579913,-0.7252331343607713,0.0,1.469306471464339,1.239731226190802,-0.9813631240879068,-0.8707707998498987,-0.8632799750584568
-1.4611830417630982,-1.1657040519244384,-0.9363656417590819,-1.272449565659059,0.2800101445578131,1.6617460058356508,-1.4611696437425834,1.407179386041156,-1.2407215861820864,0.0,-1.2165074415142423,0.015190246157726272,0.9813631240879068,-0.8707707998498987,-0.8632799750584568
-1.4611830417630982,-1.1657040519244384,-0.9363656417590819,-1.272449565659059,0.2800101445578131,1.6617460058356508,-1.4611696437425834,1.4657320734125603,-0.8970626183012096,0.0,-1.2165074415142423,0.015190246157726272,0.9813631240879068,-0.8707707998498987,-0.8632799750584568
-0.7525349059716061,-1.1657040519244384,-0.9363656417590819,-1.272449565659059,0.2800101445578131,1.6617460058356508,-0.7524957066840222,-1.2862442330434376,0.30574376928185887,0.0,-1.2165074415142423,0.015190246157726272,0.9813631240879068,-0.8707707998498987,-0.8632799750584568
-0.7525349059716061,-1.1657040519244384,-0.9363656417590819,-1.272449565659059,0.2800101445578131,1.6617460058356508,-0.7524957066840222,0.06046757649885921,-1.3552745754757118,0.0,-1.2165074415142423,0.015190246157726272,0.9813631240879068,-0.8707707998498987,-0.8632799750584568
-0.7525349059716061,-0.16100164822711013,-0.9363656417590819,-1.272449565659059,0.2800101445578131,1.6617460058356508,-0.7524957066840222,0.5288890754700929,-0.38157416647989456,0.0,-0.8328197396601593,0.015190246157726272,0.9813631240879068,-0.8707707998498987,-0.8632799750584568
-0.5163188607077753,-0.16100164822711013,-0.9363656417590819,-1.272449565659059,0.2800101445578131,1.6617460058356508,-0.5162710609978353,-0.817822734072204,-0.2097446825394562,0.0,-0.8328197396601593,-1.2093507338753493,0.9813631240879068,-0.8707707998498987,-0.8632799750584568
-0.2801028154439446,0.8437007554702182,-0.9363656417590819,-1.272449565659059,0.2800101445578131,1.6617460058356508,-0.28004641531164814,-1.4619022951576501,-0.1524681878926434,0.0,-0.0654443359519933,-1.2093507338753493,0.9813631240879068,-0.8707707998498987,-0.8632799750584568
-0.2801028154439446,-1.1657040519244384,-0.9363656417590819,-1.272449565659059,0.2800101445578131,1.6617460058356508,-0.28004641531164814,-0.23229586035816183,0.8785087157499867,0.0,-1.2165074415142423,-1.2093507338753493,0.9813631240879068,-0.8707707998498987,-0.8632799750584568
-0.2801028154439446,-0.16100164822711013,-0.9363656417590819,-1.272449565659059,0.2800101445578131,1.6617460058356508,-0.28004641531164814,-0.11519048561535342,-1.4125510701225246,0.0,-0.8328197396601593,-1.2093507338753493,0.9813631240879068,-0.8707707998498987,-0.8632799750584568
0.6647613656113783,0.8437007554702182,-0.9363656417590819,-1.272449565659059,0.2800101445578131,1.6617460058356508,0.6648521674331,-1.403349607786246,-0.09519169324583063,0.0,1.0856187696102557,1.239731226190802,0.9813631240879068,-0.8707707998498987,-0.8632799750584568
0.6647613656113783,-0.16100164822711013,-0.9363656417590819,-1.272449565659059,0.2800101445578131,1.6617460058356508,0.6648521674331,-1.2276915456720334,-0.6106801450671457,0.0,-0.8328197396601593,1.239731226190802,0.9813631240879068,-0.8707707998498987,-0.8632799750584568
0.6647613656113783,-2.1704064556217677,-0.9363656417590819,-1.272449565659059,0.2800101445578131,1.6617460058356508,0.6648521674331,-1.1691388583006292,-0.7252331343607713,0.0,0.7019310677561728,1.239731226190802,0.9813631240879068,-0.8707707998498987,-0.8632799750584568
0.6647613656113783,0.8437007554702182,-0.9363656417590819,-1.272449565659059,0.2800101445578131,1.6617460058356508,0.6648521674331,-1.110586170929225,-0.43885066112670734,0.0,-0.0654443359519933,1.239731226190802,0.9813631240879068,-0.8707707998498987,-0.8632799750584568
0.6647613656113783,0.8437007554702182,-0.9363656417590819,-1.272449565659059,0.2800101445578131,1.6617460058356508,0.6648521674331,-1.0520334835578207,0.30574376928185887,0.0,-0.0654443359519933,1.239731226190802,0.9813631240879068,-0.8707707998498987,-0.8632799750584568
1.1371934561390398,0.8437007554702182,-0.9363656417590819,-1.272449565659059,0.2800101445578131,1.6617460058356508,1.1373014588054742,0.4117837007272845,-0.1524681878926434,0.0,-0.0654443359519933,1.239731226190802,0.9813631240879068,-0.8707707998498987,-0.8632799750584568
1.3734095014028704,0.8437007554702182,-0.9363656417590819,-1.272449565659059,0.2800101445578131,1.6617460058356508,1.3735261044916611,-1.3447969204148418,1.5085501568649273,0.0,-0.0654443359519933,1.239731226190802,0.9813631240879068,-0.8707707998498987,-0.8632799750584568
1.3734095014028704,0.8437007554702182,-0.9363656417590819,-1.272449565659059,0.2800101445578131,1.6617460058356508,1.3735261044916611,1.699942822898177,-1.0116156075948353,0.0,1.0856187696102557,1.239731226190802,0.9813631240879068,-0.8707707998498987,-0.8632799750584568
1.6096255466667013,-0.16100164822711013,-0.9363656417590819,-1.272449565659059,0.2800101445578131,1.6617460058356508,1.609750750177848,-1.6375603572718629,1.6803796408053657,0.0,-0.8328197396601593,1.239731226190802,0.9813631240879068,-0.8707707998498987,-0.8632799750584568
-1.4611830417630982,0.8437007554702182,-0.42906627849049117,-1.272449565659059,0.39564595579853534,1.6617460058356508,-1.4611696437425834,-1.2276915456720334,1.2794441782776762,0.0,-0.4491320378060763,0.015190246157726272,1.4720446861318601,-0.8707707998498987,-0.8632799750584568
-1.4611830417630982,-1.1657040519244384,-0.42906627849049117,-1.272449565659059,0.39564595579853534,1.6617460058356508,-1.4611696437425834,-1.1691388583006292,1.3939971675713017,0.0,-1.2165074415142423,0.015190246157726272,1.4720446861318601,-0.8707707998498987,-0.8632799750584568
-1.4611830417630982,-1.1657040519244384,-0.42906627849049117,-1.272449565659059,0.39564595579853534,1.6617460058356508,-1.4611696437425834,1.0558632618127308,0.1339142853414205,0.0,-1.2165074415142423,0.015190246157726272,1.4720446861318601,-0.8707707998498987,-0.8632799750584568
-1.2249669964992675,0.8437007554702182,-0.42906627849049117,-1.272449565659059,0.39564595579853534,1.6617460058356508,-1.2249449980563965,-0.29084854772956603,0.07663779069460772,0.0,-0.4491320378060763,0.015190246157726272,1.4720446861318601,-0.8707707998498987,-0.8632799750584568
-0.9887509512354369,-1.1657040519244384,-0.42906627849049117,-1.272449565659059,0.39564595579853534,1.6617460058356508,-0.9887203523702093,-1.1691388583006292,1.2221676836308635,0.0,-1.2165074415142423,0.015190246157726272,1.4720446861318601,-0.8707707998498987,-0.8632799750584568
-0.9887509512354369,0.8437007554702182,-0.42906627849049117,-1.272449565659059,0.39564595579853534,1.6617460058356508,-0.9887203523702093,-0.583611984586587,-1.641657048709776,0.0,1.0856187696102557,0.015190246157726272,1.4720446861318601,-0.8707707998498987,-0.8632799750584568
-0.9887509512354369,-0.16100164822711013,-0.42906627849049117,-1.272449565659059,0.39564595579853534,1.6617460058356508,-0.9887203523702093,0.6459944502129013,1.2221676836308635,0.0,-0.8328197396601593,0.015190246157726272,1.4720446861318601,-0.8707707998498987,-0.8632799750584568
-0.5163188607077753,-1.1657040519244384,-0.42906627849049117,-1.272449565659059,0.39564595579853534,1.6617460058356508,-0.5162710609978353,0.9387578870699224,-1.3552745754757118,0.0,-1.2165074415142423,-1.2093507338753493,1.4720446861318601,-0.8707707998498987,-0.8632799750584568
-0.5163188607077753,0.8437007554702182,-0.42906627849049117,-1.272449565659059,0.39564595579853534,1.6617460058356508,-0.5162710609978353,0.9973105744413265,-1.5271040594161502,0.0,-0.0654443359519933,-1.2093507338753493,1.4720446861318601,-0.8707707998498987,-0.8632799750584568
-0.2801028154439446,-1.1657040519244384,-0.42906627849049117,-1.272449565659059,0.39564595579853534,1.6617460058356508,-0.28004641531164814,-1.3447969204148418,1.3939971675713017,0.0,-1.2165074415142423,-1.2093507338753493,1.4720446861318601,-0.8707707998498987,-0.8632799750584568
0.19232927508371683,0.8437007554702182,-0.42906627849049117,-1.272449565659059,0.39564595579853534,1.6617460058356508,0.19240287606072592,1.2315213239269434,0.7066792318095484,0.0,-0.4491320378060763,-1.2093507338753493,1.4720446861318601,-0.8707707998498987,-0.8632799750584568
0.6647613656113783,-1.1657040519244384,-0.42906627849049117,-1.272449565659059,0.39564595579853534,1.6617460058356508,0.6648521674331,-1.4619022951576501,-1.6989335433565886,0.0,-1.2165074415142423,1.239731226190802,1.4720446861318601,-0.8707707998498987,-0.8632799750584568
0.6647613656113783,0.8437007554702182,-0.42906627849049117,-1.272449565659059,0.39564595579853534,1.6617460058356508,0.6648521674331,0.2946783259844761,1.1076146943372378,0.0,-0.4491320378060763,1.239731226190802,1.4720446861318601,-0.8707707998498987,-0.8632799750584568
0.6647613656113783,-0.16100164822711013,-0.42906627849049117,-1.272449565659059,0.39564595579853534,1.6617460058356508,0.6648521674331,1.6413901355267728,1.2794441782776762,0.0,-0.8328197396601593,1.239731226190802,1.4720446861318601,-0.8707707998498987,-0.8632799750584568
0.900977410875209,0.8437007554702182,-0.42906627849049117,-1.272449565659059,0.39564595579853534,1.6617460058356508,0.901076813119287,0.35323101335588025,0.4775732532222972,0.0,-0.4491320378060763,1.239731226190802,1.4720446861318601,-0.8707707998498987,-0.8632799750584568
1.1371934561390398,0.8437007554702182,-0.42906627849049117,-1.272449565659059,0.39564595579853534,1.6617460058356508,1.1373014588054742,-1.6375603572718629,0.19119077998823328,0.0,1.469306471464339,1.239731226190802,1.4720446861318601,-0.8707707998498987,-0.8632799750584568
1.1371934561390398,0.8437007554702182,-0.42906627849049117,-1.272449565659059,0.39564595579853534,1.6617460058356508,1.1373014588054742,-1.0520334835578207,1.1076146943372378,0.0,-0.0654443359519933,1.239731226190802,1.4720446861318601,-0.8707707998498987,-0.8632799750584568
1.1371934561390398,0.8437007554702182,-0.42906627849049117,-1.272449565659059,0.39564595579853534,1.6617460058356508,1.1373014588054742,-0.9934807961864165,0.7066792318095484,0.0,1.0856187696102557,1.239731226190802,1.4720446861318601,-0.8707707998498987,-0.8632799750584568
1.1371934561390398,0.8437007554702182,-0.42906627849049117,-1.272449565659059,0.39564595579853534,1.6617460058356508,1.1373014588054742,-0.17374317298675762,-0.43885066112670734,0.0,1.469306471464339,1.239731226190802,1.4720446861318601,-0.8707707998498987,-0.8632799750584568
1.3734095014028704,0.8437007554702182,-0.42906627849049117,-1.272449565659059,0.39564595579853534,1.6617460058356508,1.3735261044916611,-1.403349607786246,-0.09519169324583063,0.0,-0.0654443359519933,1.239731226190802,1.4720446861318601,-0.8707707998498987,-0.8632799750584568
-1.697399087026929,0.8437007554702182,0.07823308477809952,-1.272449565659059,0.5112817670392577,1.6617460058356508,-1.6973942894287704,1.5828374481553686,-0.3242976718330818,0.0,-0.4491320378060763,0.015190246157726272,0.4906815620439534,-0.8707707998498987,-0.8632799750584568
-1.2249669964992675,-1.1657040519244384,0.07823308477809952,-1.272449565659059,0.5112817670392577,1.6617460058356508,-1.2249449980563965,-0.7007173593293955,1.336720672924489,0.0,-1.2165074415142423,0.015190246157726272,0.4906815620439534,-0.8707707998498987,-0.8632799750584568
-0.9887509512354369,0.8437007554702182,0.07823308477809952,-1.272449565659059,0.5112817670392577,1.6617460058356508,-0.9887203523702093,-0.7592700467007997,0.5921262425159228,0.0,-0.4491320378060763,0.015190246157726272,0.4906815620439534,-0.8707707998498987,-0.8632799750584568
-0.9887509512354369,-1.1657040519244384,0.07823308477809952,-1.272449565659059,0.5112817670392577,1.6617460058356508,-0.9887203523702093,-0.7007173593293955,0.4775732532222972,0.0,-1.2165074415142423,0.015190246157726272,0.4906815620439534,-0.8707707998498987,-0.8632799750584568
-0.9887509512354369,-1.1657040519244384,0.07823308477809952,-1.272449565659059,0.5112817670392577,1.6617460058356508,-0.9887203523702093,-0.5250592972151829,-0.3242976718330818,0.0,-1.2165074415142423,0.015190246157726272,0.4906815620439534,-0.8707707998498987,-0.8632799750584568
-0.9887509512354369,-1.1657040519244384,0.07823308477809952,-1.272449565659059,0.5112817670392577,1.6617460058356508,-0.9887203523702093,-0.29084854772956603,-0.38157416647989456,0.0,-1.2165074415142423,0.015190246157726272,0.4906815620439534,-0.8707707998498987,-0.8632799750584568
-0.2801028154439446,-0.16100164822711013,0.07823308477809952,-1.272449565659059,0.5112817670392577,1.6617460058356508,-0.28004641531164814,-1.5790076699004587,-0.6106801450671457,0.0,-0.8328197396601593,-1.2093507338753493,0.4906815620439534,-0.8707707998498987,-0.8632799750584568
-0.0438867701801139,0.8437007554702182,0.07823308477809952,-1.272449565659059,0.5112817670392577,1.6617460058356508,-0.043821769625461124,-0.5250592972151829,0.19119077998823328,0.0,1.469306471464339,-1.2093507338753493,0.4906815620439534,-0.8707707998498987,-0.8632799750584568
-0.0438867701801139,-1.1657040519244384,0.07823308477809952,-1.272449565659059,0.5112817670392577,1.6617460058356508,-0.043821769625461124,0.47033638809868866,1.6803796408053657,0.0,-1.2165074415142423,-1.2093507338753493,0.4906815620439534,-0.8707707998498987,-0.8632799750584568
-0.0438867701801139,-1.1657040519244384,0.07823308477809952,-1.272449565659059,0.5112817670392577,1.6617460058356508,-0.043821769625461124,0.5288890754700929,1.1076146943372378,0.0,-1.2165074415142423,-1.2093507338753493,0.4906815620439534,-0.8707707998498987,-0.8632799750584568
0.19232927508371683,-2.1704064556217677,0.07823308477809952,-1.272449565659059,0.5112817670392577,1.6617460058356508,0.19240287606072592,-0.583611984586587,0.8785087157499867,0.0,0.7019310677561728,-1.2093507338753493,0.4906815620439534,-0.8707707998498987,-0.8632799750584568
0.42854532034754755,0.8437007554702182,0.07823308477809952,-1.272449565659059,0.5112817670392577,1.6617460058356508,0.428627521746913,-1.403349607786246,1.1076146943372378,0.0,-0.4491320378060763,-1.2093507338753493,0.4906815620439534,-0.8707707998498987,-0.8632799750584568
0.42854532034754755,0.8437007554702182,0.07823308477809952,-1.272449565659059,0.5112817670392577,1.6617460058356508,0.428627521746913,1.7584955102695812,-1.3552745754757118,0.0,-0.4491320378060763,-1.2093507338753493,0.4906815620439534,-0.8707707998498987,-0.8632799750584568
0.6647613656113783,0.8437007554702182,0.07823308477809952,-1.272449565659059,0.5112817670392577,1.6617460058356508,0.6648521674331,-1.696113044643267,0.36302026392867165,0.0,1.0856187696102557,1.239731226190802,0.4906815620439534,-0.8707707998498987,-0.8632799750584568
0.6647613656113783,-1.1657040519244384,0.07823308477809952,-1.272449565659059,0.5112817670392577,1.6617460058356508,0.6648521674331,-1.2862442330434376,-0.1524681878926434,0.0,-1.2165074415142423,1.239731226190802,0.4906815620439534,-0.8707707998498987,-0.8632799750584568
0.900977410875209,-1.1657040519244384,0.07823308477809952,-1.272449565659059,0.5112817670392577,1.6617460058356508,0.901076813119287,1.6413901355267728,0.24846727463504606,0.0,-1.2165074415142423,1.239731226190802,0.4906815620439534,-0.8707707998498987,-0.8632799750584568
1.1371934561390398,0.8437007554702182,0.07823308477809952,-1.272449565659059,0.5112817670392577,1.6617460058356508,1.1373014588054742,-1.6375603572718629,1.2221676836308635,0.0,1.0856187696102557,1.239731226190802,0.4906815620439534,-0.8707707998498987,-0.8632799750584568
1.1371934561390398,0.8437007554702182,0.07823308477809952,-1.272449565659059,0.5112817670392577,1.6617460058356508,1.1373014588054742,-1.2862442330434376,-0.267021177186269,0.0,-0.0654443359519933,1.239731226190802,0.4906815620439534,-0.8707707998498987,-0.8632799750584568
1.3734095014028704,0.8437007554702182,0.07823308477809952,-1.272449565659059,0.5112817670392577,1.6617460058356508,1.3735261044916611,-1.2862442330434376,-1.5271040594161502,0.0,1.469306471464339,1.239731226190802,0.4906815620439534,-0.8707707998498987,-0.8632799750584568
-1.9336151322907598,-1.1657040519244384,0.5855324480466901,-1.272449565659059,0.6269175782799798,1.6617460058356508,-1.9336189351149575,1.7584955102695812,-1.2407215861820864,0.0,-1.2165074415142423,0.015190246157726272,-1.4720446861318601,-0.8707707998498987,-0.8632799750584568
-1.2249669964992675,0.8437007554702182,0.5855324480466901,-1.272449565659059,0.6269175782799798,1.6617460058356508,-1.2249449980563965,0.7045471375843055,-0.037915198599017846,0.0,1.469306471464339,0.015190246157726272,-1.4720446861318601,-0.8707707998498987,-0.8632799750584568
-1.2249669964992675,0.8437007554702182,0.5855324480466901,-1.272449565659059,0.6269175782799798,1.6617460058356508,-1.2249449980563965,1.1729686365555392,-0.5534036504203329,0.0,-0.4491320378060763,0.015190246157726272,-1.4720446861318601,-0.8707707998498987,-0.8632799750584568
-1.2249669964992675,-2.1704064556217677,0.5855324480466901,-1.272449565659059,0.6269175782799798,1.6617460058356508,-1.2249449980563965,1.2900740112983475,-1.0116156075948353,0.0,0.7019310677561728,0.015190246157726272,-1.4720446861318601,-0.8707707998498987,-0.8632799750584568
-0.9887509512354369,-1.1657040519244384,0.5855324480466901,-1.272449565659059,0.6269175782799798,1.6617460058356508,-0.9887203523702093,-0.6421646719579913,-1.1261685968884607,0.0,-1.2165074415142423,0.015190246157726272,-1.4720446861318601,-0.8707707998498987,-0.8632799750584568
-0.7525349059716061,-0.16100164822711013,0.5855324480466901,-1.272449565659059,0.6269175782799798,1.6617460058356508,-0.7524957066840222,-1.110586170929225,-1.2979980808288991,0.0,-0.8328197396601593,0.015190246157726272,-1.4720446861318601,-0.8707707998498987,-0.8632799750584568
-0.5163188607077753,-1.1657040519244384,0.5855324480466901,-1.272449565659059,0.6269175782799798,1.6617460058356508,-0.5162710609978353,-1.4619022951576501,1.1076146943372378,0.0,-1.2165074415142423,-1.2093507338753493,-1.4720446861318601,-0.8707707998498987,-0.8632799750584568
-0.5163188607077753,-1.1657040519244384,0.5855324480466901,-1.272449565659059,0.6269175782799798,1.6617460058356508,-0.5162710609978353,-1.2862442330434376,0.7066792318095484,0.0,-1.2165074415142423,-1.2093507338753493,-1.4720446861318601,-0.8707707998498987,-0.8632799750584568
-0.5163188607077753,-1.1657040519244384,0.5855324480466901,-1.272449565659059,0.6269175782799798,1.6617460058356508,-0.5162710609978353,1.5828374481553686,-0.7252331343607713,0.0,-1.2165074415142423,-1.2093507338753493,-1.4720446861318601,-0.8707707998498987,-0.8632799750584568
-0.5163188607077753,-1.1657040519244384,0.5855324480466901,-1.272449565659059,0.6269175782799798,1.6617460058356508,-0.5162710609978353,1.6413901355267728,-1.584380554062963,0.0,-1.2165074415142423,-1.2093507338753493,-1.4720446861318601,-0.8707707998498987,-0.8632799750584568
-0.2801028154439446,-1.1657040519244384,0.5855324480466901,-1.272449565659059,0.6269175782799798,1.6617460058356508,-0.28004641531164814,-1.3447969204148418,0.7066792318095484,0.0,-1.2165074415142423,-1.2093507338753493,-1.4720446861318601,-0.8707707998498987,-0.8632799750584568
-0.0438867701801139,-1.1657040519244384,0.5855324480466901,-1.272449565659059,0.6269175782799798,1.6617460058356508,-0.043821769625461124,-0.7007173593293955,1.3939971675713017,0.0,-1.2165074415142423,-1.2093507338753493,-1.4720446861318601,-0.8707707998498987,-0.8632799750584568
0.19232927508371683,0.8437007554702182,0.5855324480466901,-1.272449565659059,0.6269175782799798,1.6617460058356508,0.19240287606072592,-0.6421646719579913,0.07663779069460772,0.0,-0.4491320378060763,-1.2093507338753493,-1.4720446861318601,-0.8707707998498987,-0.8632799750584568
0.19232927508371683,-1.1657040519244384,0.5855324480466901,-1.272449565659059,0.6269175782799798,1.6617460058356508,0.19240287606072592,0.9387578870699224,1.3939971675713017,0.0,-1.2165074415142423,-1.2093507338753493,-1.4720446861318601,-0.8707707998498987,-0.8632799750584568
0.19232927508371683,-1.1657040519244384,0.5855324480466901,-1.272449565659059,0.6269175782799798,1.6617460058356508,0.19240287606072592,0.9973105744413265,1.050338199690425,0.0,-1.2165074415142423,-1.2093507338753493,-1.4720446861318601,-0.8707707998498987,-0.8632799750584568
0.19232927508371683,-1.1657040519244384,0.5855324480466901,-1.272449565659059,0.6269175782799798,1.6617460058356508,0.19240287606072592,1.3486266986697517,1.050338199690425,0.0,-1.2165074415142423,-1.2093507338753493,-1.4720446861318601,-0.8707707998498987,-0.8632799750584568
0.42854532034754755,0.8437007554702182,0.5855324480466901,-1.272449565659059,0.6269175782799798,1.6617460058356508,0.428627521746913,-1.110586170929225,-1.3552745754757118,0.0,-0.0654443359519933,-1.2093507338753493,-1.4720446861318601,-0.8707707998498987,-0.8632799750584568
0.42854532034754755,0.8437007554702182,0.5855324480466901,-1.272449565659059,0.6269175782799798,1.6617460058356508,0.428627521746913,0.9973105744413265,1.623103146158553,0.0,1.469306471464339,-1.2093507338753493,-1.4720446861318601,-0.8707707998498987,-0.8632799750584568
0.42854532034754755,0.8437007554702182,0.5855324480466901,-1.272449565659059,0.6269175782799798,1.6617460058356508,0.428627521746913,1.114415949184135,1.623103146158553,0.0,1.0856187696102557,-1.2093507338753493,-1.4720446861318601,-0.8707707998498987,-0.8632799750584568
0.42854532034754755,0.8437007554702182,0.5855324480466901,-1.272449565659059,0.6269175782799798,1.6617460058356508,0.428627521746913,1.2315213239269434,-0.9543391129480224,0.0,1.469306471464339,-1.2093507338753493,-1.4720446861318601,-0.8707707998498987,-0.8632799750584568
1.1371934561390398,0.8437007554702182,0.5855324480466901,-1.272449565659059,0.6269175782799798,1.6617460058356508,1.1373014588054742,-1.2276915456720334,-0.6679566397139585,0.0,-0.0654443359519933,1.239731226190802,-1.4720446861318601,-0.8707707998498987,-0.8632799750584568
1.1371934561390398,0.8437007554702182,0.5855324480466901,-1.272449565659059,0.6269175782799798,1.6617460058356508,1.1373014588054742,-1.1691388583006292,-1.1834450915352734,0.0,-0.0654443359519933,1.239731226190802,-1.4720446861318601,-0.8707707998498987,-0.8632799750584568
1.1371934561390398,0.8437007554702182,0.5855324480466901,-1.272449565659059,0.6269175782799798,1.6617460058356508,1.1373014588054742,1.7584955102695812,-0.3242976718330818,0.0,-0.4491320378060763,1.239731226190802,-1.4720446861318601,-0.8707707998498987,-0.8632799750584568
-0.9887509512354369,0.8437007554702182,1.0928318113152808,-1.272449565659059,0.7425533895207022,1.6617460058356508,-0.9887203523702093,1.3486266986697517,-0.6679566397139585,0.0,1.0856187696102557,0.015190246157726272,-0.4906815620439534,-0.8707707998498987,-0.8632799750584568
-0.7525349059716061,-1.1657040519244384,1.0928318113152808,-1.272449565659059,0.7425533895207022,1.6617460058356508,-0.7524957066840222,-0.056637798243949204,0.019361296047794935,0.0,-1.2165074415142423,0.015190246157726272,-0.4906815620439534,-0.8707707998498987,-0.8632799750584568
-0.7525349059716061,-1.1657040519244384,1.0928318113152808,-1.272449565659059,0.7425533895207022,1.6617460058356508,-0.7524957066840222,0.7045471375843055,-1.0116156075948353,0.0,-1.2165074415142423,0.015190246157726272,-0.4906815620439534,-0.8707707998498987,-0.8632799750584568
-0.5163188607077753,-2.1704064556217677,1.0928318113152808,-1.272449565659059,0.7425533895207022,1.6617460058356508,-0.5162710609978353,1.7584955102695812,0.6494027371627356,0.0,0.7019310677561728,-1.2093507338753493,-0.4906815620439534,-0.8707707998498987,-0.8632799750584568
0.19232927508371683,-0.16100164822711013,1.0928318113152808,-1.272449565659059,0.7425533895207022,1.6617460058356508,0.19240287606072592,-1.5204549825290543,-1.5271040594161502,0.0,-0.8328197396601593,-1.2093507338753493,-0.4906815620439534,-0.8707707998498987,-0.8632799750584568
-0.9887509512354369,-0.16100164822711013,1.6001311745838716,-1.272449565659059,0.8581892007614244,1.6617460058356508,-0.9887203523702093,0.23612563861307184,-1.068892102241648,0.0,-0.8328197396601593,0.015190246157726272,0.0,-0.8707707998498987,-0.8632799750584568
-0.5163188607077753,-0.16100164822711013,1.6001311745838716,-1.272449565659059,0.8581892007614244,1.6617460058356508,-0.5162710609978353,1.3486266986697517,-0.2097446825394562,0.0,-0.8328197396601593,-1.2093507338753493,0.0,-0.8707707998498987,-0.8632799750584568
-0.5163188607077753,-0.16100164822711013,1.6001311745838716,-1.272449565659059,0.8581892007614244,1.6617460058356508,-0.5162710609978353,1.4657320734125603,-1.3552745754757118,0.0,-0.8328197396601593,-1.2093507338753493,0.0,-0.8707707998498987,-0.8632799750584568
-0.2801028154439446,0.8437007554702182,1.6001311745838716,-1.272449565659059,0.8581892007614244,1.6617460058356508,-0.28004641531164814,1.2315213239269434,-0.4961271557735201,0.0,-0.4491320378060763,-1.2093507338753493,0.0,-0.8707707998498987,-0.8632799750584568
-0.0438867701801139,0.8437007554702182,1.6001311745838716,-1.272449565659059,0.8581892007614244,1.6617460058356508,-0.043821769625461124,-1.5790076699004587,-1.5271040594161502,0.0,-0.0654443359519933,-1.2093507338753493,0.0,-0.8707707998498987,-0.8632799750584568
0.6647613656113783,-1.1657040519244384,1.6001311745838716,-1.272449565659059,0.8581892007614244,1.6617460058356508,0.6648521674331,-0.11519048561535342,0.821232221103174,0.0,-1.2165074415142423,1.239731226190802,0.0,-0.8707707998498987,-0.8632799750584568
-1.2249669964992675,-0.16100164822711013,-1.4436650050276725,-1.272449565659059,0.9738250120021467,1.6617460058356508,-1.2249449980563965,-0.8763754214436081,1.336720672924489,0.0,-0.8328197396601593,0.015190246157726272,-0.9813631240879068,-0.8707707998498987,-0.8632799750584568
-1.2249669964992675,0.8437007554702182,-1.4436650050276725,-1.272449565659059,0.9738250120021467,1.6617460058356508,-1.2249449980563965,0.9387578870699224,-1.1261685968884607,0.0,1.469306471464339,0.015190246157726272,-0.9813631240879068,-0.8707707998498987,-0.8632799750584568
-0.9887509512354369,-1.1657040519244384,-1.4436650050276725,-1.272449565659059,0.9738250120021467,1.6617460058356508,-0.9887203523702093,-1.5790076699004587,1.050338199690425,0.0,-1.2165074415142423,0.015190246157726272,-0.9813631240879068,-0.8707707998498987,-0.8632799750584568
-0.9887509512354369,-0.16100164822711013,-1.4436650050276725,-1.272449565659059,0.9738250120021467,1.6617460058356508,-0.9887203523702093,-1.1691388583006292,-1.0116156075948353,0.0,-0.8328197396601593,0.015190246157726272,-0.9813631240879068,-0.8707707998498987,-0.8632799750584568
-0.9887509512354369,-0.16100164822711013,-1.4436650050276725,-1.272449565659059,0.9738250120021467,1.6617460058356508,-0.9887203523702093,-1.110586170929225,-0.4961271557735201,0.0,-0.8328197396601593,0.015190246157726272,-0.9813631240879068,-0.8707707998498987,-0.8632799750584568
-0.9887509512354369,0.8437007554702182,-1.4436650050276725,-1.272449565659059,0.9738250120021467,1.6617460058356508,-0.9887203523702093,1.0558632618127308,0.9930617050436122,0.0,-0.0654443359519933,0.015190246157726272,-0.9813631240879068,-0.8707707998498987,-0.8632799750584568
-0.5163188607077753,0.8437007554702182,-1.4436650050276725,-1.272449565659059,0.9738250120021467,1.6617460058356508,-0.5162710609978353,1.699942822898177,0.6494027371627356,0.0,1.469306471464339,-1.2093507338753493,-0.9813631240879068,-0.8707707998498987,-0.8632799750584568
-0.2801028154439446,0.8437007554702182,-1.4436650050276725,-1.272449565659059,0.9738250120021467,1.6617460058356508,-0.28004641531164814,-1.696113044643267,-1.641657048709776,0.0,-0.0654443359519933,-1.2093507338753493,-0.9813631240879068,-0.8707707998498987,-0.8632799750584568
0.19232927508371683,-0.16100164822711013,-1.4436650050276725,-1.272449565659059,0.9738250120021467,1.6617460058356508,0.19240287606072592,0.6459944502129013,-1.641657048709776,0.0,-0.8328197396601593,-1.2093507338753493,-0.9813631240879068,-0.8707707998498987,-0.8632799750584568
0.42854532034754755,0.8437007554702182,-1.4436650050276725,-1.272449565659059,0.9738250120021467,1.6617460058356508,0.428627521746913,-1.696113044643267,-1.3552745754757118,0.0,-0.0654443359519933,-1.2093507338753493,-0.9813631240879068,-0.8707707998498987,-0.8632799750584568
0.42854532034754755,0.8437007554702182,-1.4436650050276725,-1.272449565659059,0.9738250120021467,1.6617460058356508,0.428627521746913,-1.110586170929225,-0.38157416647989456,0.0,-0.4491320378060763,-1.2093507338753493,-0.9813631240879068,-0.8707707998498987,-0.8632799750584568
0.42854532034754755,0.8437007554702182,-1.4436650050276725,-1.272449565659059,0.9738250120021467,1.6617460058356508,0.428627521746913,-0.056637798243949204,1.2794441782776762,0.0,1.469306471464339,-1.2093507338753493,-0.9813631240879068,-0.8707707998498987,-0.8632799750584568
0.42854532034754755,-1.1657040519244384,-1.4436650050276725,-1.272449565659059,0.9738250120021467,1.6617460058356508,0.428627521746913,1.7584955102695812,0.4775732532222972,0.0,-1.2165074415142423,-1.2093507338753493,-0.9813631240879068,-0.8707707998498987,-0.8632799750584568
0.6647613656113783,-1.1657040519244384,-1.4436650050276725,-1.272449565659059,0.9738250120021467,1.6617460058356508,0.6648521674331,-1.696113044643267,0.821232221103174,0.0,-1.2165074415142423,1.239731226190802,-0.9813631240879068,-0.8707707998498987,-0.8632799750584568
0.6647613656113783,-0.16100164822711013,-1.4436650050276725,-1.272449565659059,0.9738250120021467,1.6617460058356508,0.6648521674331,0.47033638809868866,0.4775732532222972,0.0,-0.8328197396601593,1.239731226190802,-0.9813631240879068,-0.8707707998498987,-0.8632799750584568
0.900977410875209,-0.16100164822711013,-1.4436650050276725,-1.272449565659059,0.9738250120021467,1.6617460058356508,0.901076813119287,-1.2862442330434376,-1.641657048709776,0.0,-0.8328197396601593,1.239731226190802,-0.9813631240879068,-0.8707707998498987,-0.8632799750584568
0.900977410875209,0.8437007554702182,-1.4436650050276725,-1.272449565659059,0.9738250120021467,1.6617460058356508,0.901076813119287,-0.4665066098437787,1.56582665151174,0.0,1.469306471464339,1.239731226190802,-0.9813631240879068,-0.8707707998498987,-0.8632799750584568
1.1371934561390398,-0.16100164822711013,-1.4436650050276725,-1.272449565659059,0.9738250120021467,1.6617460058356508,1.1373014588054742,-1.4619022951576501,0.24846727463504606,0.0,-0.8328197396601593,1.239731226190802,-0.9813631240879068,-0.8707707998498987,-0.8632799750584568
1.1371934561390398,0.8437007554702182,-1.4436650050276725,-1.272449565659059,0.9738250120021467,1.6617460058356508,1.1373014588054742,-0.29084854772956603,-1.1261685968884607,0.0,1.0856187696102557,1.239731226190802,-0.9813631240879068,-0.8707707998498987,-0.8632799750584568
1.1371934561390398,0.8437007554702182,-1.4436650050276725,-1.272449565659059,0.9738250120021467,1.6617460058356508,1.1373014588054742,-0.29084854772956603,1.3939971675713017,0.0,1.469306471464339,1.239731226190802,-0.9813631240879068,-0.8707707998498987,-0.8632799750584568
1.1371934561390398,0.8437007554702182,-1.4436650050276725,-1.272449565659059,0.9738250120021467,1.6617460058356508,1.1373014588054742,-0.17374317298675762,-0.8970626183012096,0.0,-0.0654443359519933,1.239731226190802,-0.9813631240879068,-0.8707707998498987,-0.8632799750584568
1.3734095014028704,0.8437007554702182,-1.4436650050276725,-1.272449565659059,0.9738250120021467,1.6617460058356508,1.3735261044916611,-0.8763754214436081,1.2221676836308635,0.0,-0.0654443359519933,1.239731226190802,-0.9813631240879068,-0.8707707998498987,-0.8632799750584568
-1.4611830417630982,-0.16100164822711013,-0.9363656417590819,-1.272449565659059,1.0894608232428689,1.6617460058356508,-1.4611696437425834,-1.696113044643267,0.53484974786911,0.0,-0.8328197396601593,0.015190246157726272,0.9813631240879068,-0.8707707998498987,-0.8632799750584568
-1.4611830417630982,-1.1657040519244384,-0.9363656417590819,-1.272449565659059,1.0894608232428689,1.6617460058356508,-1.4611696437425834,1.1729686365555392,-0.4961271557735201,0.0,-1.2165074415142423,0.015190246157726272,0.9813631240879068,-0.8707707998498987,-0.8632799750584568
-1.4611830417630982,-0.16100164822711013,-0.9363656417590819,-1.272449565659059,1.0894608232428689,1.6617460058356508,-1.4611696437425834,1.2315213239269434,-0.8970626183012096,0.0,-0.8328197396601593,0.015190246157726272,0.9813631240879068,-0.8707707998498987,-0.8632799750584568
-0.9887509512354369,-2.1704064556217677,-0.9363656417590819,-1.272449565659059,1.0894608232428689,1.6617460058356508,-0.9887203523702093,-1.5790076699004587,0.821232221103174,0.0,0.7019310677561728,0.015190246157726272,0.9813631240879068,-0.8707707998498987,-0.8632799750584568
-0.7525349059716061,-1.1657040519244384,-0.9363656417590819,-1.272449565659059,1.0894608232428689,1.6617460058356508,-0.7524957066840222,-1.5204549825290543,0.19119077998823328,0.0,-1.2165074415142423,0.015190246157726272,0.9813631240879068,-0.8707707998498987,-0.8632799750584568
-0.7525349059716061,-1.1657040519244384,-0.9363656417590819,-1.272449565659059,1.0894608232428689,1.6617460058356508,-0.7524957066840222,-1.4619022951576501,-0.2097446825394562,0.0,-1.2165074415142423,0.015190246157726272,0.9813631240879068,-0.8707707998498987,-0.8632799750584568
-0.5163188607077753,0.8437007554702182,-0.9363656417590819,-1.272449565659059,1.0894608232428689,1.6617460058356508,-0.5162710609978353,-0.5250592972151829,0.6494027371627356,0.0,-0.4491320378060763,-1.2093507338753493,0.9813631240879068,-0.8707707998498987,-0.8632799750584568
-0.0438867701801139,0.8437007554702182,-0.9363656417590819,-1.272449565659059,1.0894608232428689,1.6617460058356508,-0.043821769625461124,-0.8763754214436081,-0.6679566397139585,0.0,-0.4491320378060763,-1.2093507338753493,0.9813631240879068,-0.8707707998498987,-0.8632799750584568
0.42854532034754755,-1.1657040519244384,-0.9363656417590819,-1.272449565659059,1.0894608232428689,1.6617460058356508,0.428627521746913,1.1729686365555392,0.42029675857548443,0.0,-1.2165074415142423,-1.2093507338753493,0.9813631240879068,-0.8707707998498987,-0.8632799750584568
0.42854532034754755,-1.1657040519244384,-0.9363656417590819,-1.272449565659059,1.0894608232428689,1.6617460058356508,0.428627521746913,1.2315213239269434,0.30574376928185887,0.0,-1.2165074415142423,-1.2093507338753493,0.9813631240879068,-0.8707707998498987,-0.8632799750584568
0.900977410875209,0.8437007554702182,-0.9363656417590819,-1.272449565659059,1.0894608232428689,1.6617460058356508,0.901076813119287,-0.583611984586587,-1.1834450915352734,0.0,-0.0654443359519933,1.239731226190802,0.9813631240879068,-0.8707707998498987,-0.8632799750584568
1.1371934561390398,0.8437007554702182,-0.9363656417590819,-1.272449565659059,1.0894608232428689,1.6617460058356508,1.1373014588054742,0.17757295124166764,0.5921262425159228,0.0,-0.4491320378060763,1.239731226190802,0.9813631240879068,-0.8707707998498987,-0.8632799750584568
-1.4611830417630982,-1.1657040519244384,-0.42906627849049117,-1.272449565659059,1.2050966344835912,1.6617460058356508,-1.4611696437425834,1.6413901355267728,0.42029675857548443,0.0,-1.2165074415142423,0.015190246157726272,1.4720446861318601,-0.8707707998498987,-0.8632799750584568
-0.9887509512354369,-0.16100164822711013,-0.42906627849049117,-1.272449565659059,1.2050966344835912,1.6617460058356508,-0.9887203523702093,-1.0520334835578207,-0.1524681878926434,0.0,-0.8328197396601593,0.015190246157726272,1.4720446861318601,-0.8707707998498987,-0.8632799750584568
-0.9887509512354369,-0.16100164822711013,-0.42906627849049117,-1.272449565659059,1.2050966344835912,1.6617460058356508,-0.9887203523702093,-0.9934807961864165,-0.267021177186269,0.0,-0.8328197396601593,0.015190246157726272,1.4720446861318601,-0.8707707998498987,-0.8632799750584568
-0.9887509512354369,0.8437007554702182,-0.42906627849049117,-1.272449565659059,1.2050966344835912,1.6617460058356508,-0.9887203523702093,-0.7592700467007997,1.56582665151174,0.0,1.0856187696102557,0.015190246157726272,1.4720446861318601,-0.8707707998498987,-0.8632799750584568
-0.2801028154439446,0.8437007554702182,-0.42906627849049117,-1.272449565659059,1.2050966344835912,1.6617460058356508,-0.28004641531164814,-0.9349281088150123,-0.2097446825394562,0.0,-0.0654443359519933,-1.2093507338753493,1.4720446861318601,-0.8707707998498987,-0.8632799750584568
-0.2801028154439446,0.8437007554702182,-0.42906627849049117,-1.272449565659059,1.2050966344835912,1.6617460058356508,-0.28004641531164814,0.11902026387026342,-0.38157416647989456,0.0,1.469306471464339,-1.2093507338753493,1.4720446861318601,-0.8707707998498987,-0.8632799750584568
0.19232927508371683,-1.1657040519244384,-0.42906627849049117,-1.272449565659059,1.2050966344835912,1.6617460058356508,0.19240287606072592,-1.6375603572718629,1.623103146158553,0.0,-1.2165074415142423,-1.2093507338753493,1.4720446861318601,-0.8707707998498987,-0.8632799750584568
0.19232927508371683,-1.1657040519244384,-0.42906627849049117,-1.272449565659059,1.2050966344835912,1.6617460058356508,0.19240287606072592,-0.8763754214436081,0.9930617050436122,0.0,-1.2165074415142423,-1.2093507338753493,1.4720446861318601,-0.8707707998498987,-0.8632799750584568
0.19232927508371683,-1.1657040519244384,-0.42906627849049117,-1.272449565659059,1.2050966344835912,1.6617460058356508,0.19240287606072592,-0.7007173593293955,-0.3242976718330818,0.0,0.31824336590208974,-1.2093507338753493,1.4720446861318601,-0.8707707998498987,-0.8632799750584568
0.19232927508371683,0.8437007554702182,-0.42906627849049117,-1.272449565659059,1.2050966344835912,1.6617460058356508,0.19240287606072592,-0.5250592972151829,-1.584380554062963,0.0,1.0856187696102557,-1.2093507338753493,1.4720446861318601,-0.8707707998498987,-0.8632799750584568
0.19232927508371683,-1.1657040519244384,-0.42906627849049117,-1.272449565659059,1.2050966344835912,1.6617460058356508,0.19240287606072592,-0.5250592972151829,1.050338199690425,0.0,-1.2165074415142423,-1.2093507338753493,1.4720446861318601,-0.8707707998498987,-0.8632799750584568
0.19232927508371683,-1.1657040519244384,-0.42906627849049117,-1.272449565659059,1.2050966344835912,1.6617460058356508,0.19240287606072592,-0.056637798243949204,0.8785087157499867,0.0,-1.2165074415142423,-1.2093507338753493,1.4720446861318601,-0.8707707998498987,-0.8632799750584568
0.42854532034754755,0.8437007554702182,-0.42906627849049117,-1.272449565659059,1.2050966344835912,1.6617460058356508,0.428627521746913,-0.5250592972151829,0.9357852103967995,0.0,1.469306471464339,-1.2093507338753493,1.4720446861318601,-0.8707707998498987,-0.8632799750584568
0.42854532034754755,0.8437007554702182,-0.42906627849049117,-1.272449565659059,1.2050966344835912,1.6617460058356508,0.428627521746913,1.5242847607839645,-0.9543391129480224,0.0,1.0856187696102557,-1.2093507338753493,1.4720446861318601,-0.8707707998498987,-0.8632799750584568
0.42854532034754755,0.8437007554702182,-0.42906627849049117,-1.272449565659059,1.2050966344835912,1.6617460058356508,0.428627521746913,1.5242847607839645,1.6803796408053657,0.0,1.469306471464339,-1.2093507338753493,1.4720446861318601,-0.8707707998498987,-0.8632799750584568
0.6647613656113783,-0.16100164822711013,-0.42906627849049117,-1.272449565659059,1.2050966344835912,1.6617460058356508,0.6648521674331,-0.40795392247237444,0.821232221103174,0.0,-0.8328197396601593,1.239731226190802,1.4720446861318601,-0.8707707998498987,-0.8632799750584568
0.900977410875209,0.8437007554702182,-0.42906627849049117,-1.272449565659059,1.2050966344835912,1.6617460058356508,0.901076813119287,-1.0520334835578207,-0.3242976718330818,0.0,1.469306471464339,1.239731226190802,1.4720446861318601,-0.8707707998498987,-0.8632799750584568
0.900977410875209,0.8437007554702182,-0.42906627849049117,-1.272449565659059,1.2050966344835912,1.6617460058356508,0.901076813119287,-0.9349281088150123,1.1648911889840505,0.0,-0.4491320378060763,1.239731226190802,1.4720446861318601,-0.8707707998498987,-0.8632799750584568
-1.697399087026929,0.8437007554702182,0.07823308477809952,-1.272449565659059,1.3207324457243135,1.6617460058356508,-1.6973942894287704,-0.583611984586587,-1.6989335433565886,0.0,-0.4491320378060763,0.015190246157726272,0.4906815620439534,-0.8707707998498987,-0.8632799750584568
-1.697399087026929,0.8437007554702182,0.07823308477809952,-1.272449565659059,1.3207324457243135,1.6617460058356508,-1.6973942894287704,-0.4665066098437787,-1.6989335433565886,0.0,-0.4491320378060763,0.015190246157726272,0.4906815620439534,-0.8707707998498987,-0.8632799750584568
-0.9887509512354369,-2.1704064556217677,0.07823308477809952,-1.272449565659059,1.3207324457243135,1.6617460058356508,-0.9887203523702093,1.3486266986697517,-0.037915198599017846,0.0,0.7019310677561728,0.015190246157726272,0.4906815620439534,-0.8707707998498987,-0.8632799750584568
-0.7525349059716061,0.8437007554702182,0.07823308477809952,-1.272449565659059,1.3207324457243135,1.6617460058356508,-0.7524957066840222,-1.2276915456720334,-0.782509629007584,0.0,-0.0654443359519933,0.015190246157726272,0.4906815620439534,-0.8707707998498987,-0.8632799750584568
-0.5163188607077753,0.8437007554702182,0.07823308477809952,-1.272449565659059,1.3207324457243135,1.6617460058356508,-0.5162710609978353,1.114415949184135,-0.8397861236543969,0.0,-0.0654443359519933,-1.2093507338753493,0.4906815620439534,-0.8707707998498987,-0.8632799750584568
-0.2801028154439446,-0.16100164822711013,0.07823308477809952,-1.272449565659059,1.3207324457243135,1.6617460058356508,-0.28004641531164814,0.0019148891274550072,1.050338199690425,0.0,-0.8328197396601593,-1.2093507338753493,0.4906815620439534,-0.8707707998498987,-0.8632799750584568
-0.0438867701801139,-1.1657040519244384,0.07823308477809952,-1.272449565659059,1.3207324457243135,1.6617460058356508,-0.043821769625461124,-0.34940123510097026,-0.782509629007584,0.0,-1.2165074415142423,-1.2093507338753493,0.4906815620439534,-0.8707707998498987,-0.8632799750584568
-0.0438867701801139,0.8437007554702182,0.07823308477809952,-1.272449565659059,1.3207324457243135,1.6617460058356508,-0.043821769625461124,0.8216525123271139,-0.6106801450671457,0.0,1.469306471464339,-1.2093507338753493,0.4906815620439534,-0.8707707998498987,-0.8632799750584568
0.19232927508371683,-1.1657040519244384,0.07823308477809952,-1.272449565659059,1.3207324457243135,1.6617460058356508,0.19240287606072592,1.0558632618127308,1.1648911889840505,0.0,-1.2165074415142423,-1.2093507338753493,0.4906815620439534,-0.8707707998498987,-0.8632799750584568
0.42854532034754755,-1.1657040519244384,0.07823308477809952,-1.272449565659059,1.3207324457243135,1.6617460058356508,0.428627521746913,-0.056637798243949204,-0.09519169324583063,0.0,-1.2165074415142423,-1.2093507338753493,0.4906815620439534,-0.8707707998498987,-0.8632799750584568
0.6647613656113783,-1.1657040519244384,0.07823308477809952,-1.272449565659059,1.3207324457243135,1.6617460058356508,0.6648521674331,-0.9934807961864165,1.4512736622181146,0.0,-1.2165074415142423,1.239731226190802,0.4906815620439534,-0.8707707998498987,-0.8632799750584568
0.6647613656113783,-1.1657040519244384,0.07823308477809952,-1.272449565659059,1.3207324457243135,1.6617460058356508,0.6648521674331,-0.34940123510097026,-1.1261685968884607,0.0,-1.2165074415142423,1.239731226190802,0.4906815620439534,-0.8707707998498987,-0.8632799750584568
0.6647613656113783,0.8437007554702182,0.07823308477809952,-1.272449565659059,1.3207324457243135,1.6617460058356508,0.6648521674331,1.407179386041156,-0.9543391129480224,0.0,1.469306471464339,1.239731226190802,0.4906815620439534,-0.8707707998498987,-0.8632799750584568
0.900977410875209,0.8437007554702182,0.07823308477809952,-1.272449565659059,1.3207324457243135,1.6617460058356508,0.901076813119287,-0.7007173593293955,-0.09519169324583063,0.0,1.469306471464339,1.239731226190802,0.4906815620439534,-0.8707707998498987,-0.8632799750584568
0.900977410875209,0.8437007554702182,0.07823308477809952,-1.272449565659059,1.3207324457243135,1.6617460058356508,0.901076813119287,0.5288890754700929,0.5921262425159228,0.0,-0.4491320378060763,1.239731226190802,0.4906815620439534,-0.8707707998498987,-0.8632799750584568
0.900977410875209,0.8437007554702182,0.07823308477809952,-1.272449565659059,1.3207324457243135,1.6617460058356508,0.901076813119287,0.6459944502129013,-1.641657048709776,0.0,-0.0654443359519933,1.239731226190802,0.4906815620439534,-0.8707707998498987,-0.8632799750584568
0.900977410875209,0.8437007554702182,0.07823308477809952,-1.272449565659059,1.3207324457243135,1.6617460058356508,0.901076813119287,0.6459944502129013,1.2794441782776762,0.0,-0.0654443359519933,1.239731226190802,0.4906815620439534,-0.8707707998498987,-0.8632799750584568
1.1371934561390398,0.8437007554702182,0.07823308477809952,-1.272449565659059,1.3207324457243135,1.6617460058356508,1.1373014588054742,-0.8763754214436081,-0.8397861236543969,0.0,1.469306471464339,1.239731226190802,0.4906815620439534,-0.8707707998498987,-0.8632799750584568
1.3734095014028704,0.8437007554702182,0.07823308477809952,-1.272449565659059,1.3207324457243135,1.6617460058356508,1.3735261044916611,-1.5790076699004587,-1.2979980808288991,0.0,-0.4491320378060763,1.239731226190802,0.4906815620439534,-0.8707707998498987,-0.8632799750584568
-1.9336151322907598,-0.16100164822711013,0.5855324480466901,-1.272449565659059,1.4363682569650356,1.6617460058356508,-1.9336189351149575,1.3486266986697517,0.8785087157499867,0.0,-0.8328197396601593,0.015190246157726272,-1.4720446861318601,-0.8707707998498987,-0.8632799750584568
-1.9336151322907598,-0.16100164822711013,0.5855324480466901,-1.272449565659059,1.4363682569650356,1.6617460058356508,-1.9336189351149575,1.4657320734125603,1.6803796408053657,0.0,-0.8328197396601593,0.015190246157726272,-1.4720446861318601,-0.8707707998498987,-0.8632799750584568
-1.697399087026929,0.8437007554702182,0.5855324480466901,-1.272449565659059,1.4363682569650356,1.6617460058356508,-1.6973942894287704,-0.6421646719579913,0.36302026392867165,0.0,-0.4491320378060763,0.015190246157726272,-1.4720446861318601,-0.8707707998498987,-0.8632799750584568
-1.4611830417630982,-2.1704064556217677,0.5855324480466901,-1.272449565659059,1.4363682569650356,1.6617460058356508,-1.4611696437425834,-1.1691388583006292,1.56582665151174,0.0,0.7019310677561728,0.015190246157726272,-1.4720446861318601,-0.8707707998498987,-0.8632799750584568
-1.2249669964992675,-0.16100164822711013,0.5855324480466901,-1.272449565659059,1.4363682569650356,1.6617460058356508,-1.2249449980563965,-1.5790076699004587,0.4775732532222972,0.0,-0.8328197396601593,0.015190246157726272,-1.4720446861318601,-0.8707707998498987,-0.8632799750584568
-0.0438867701801139,-1.1657040519244384,0.5855324480466901,-1.272449565659059,1.4363682569650356,1.6617460058356508,-0.043821769625461124,0.8802051996985182,-0.09519169324583063,0.0,-1.2165074415142423,-1.2093507338753493,-1.4720446861318601,-0.8707707998498987,-0.8632799750584568
-0.0438867701801139,-1.1657040519244384,0.5855324480466901,-1.272449565659059,1.4363682569650356,1.6617460058356508,-0.043821769625461124,0.9387578870699224,-0.43885066112670734,0.0,-1.2165074415142423,-1.2093507338753493,-1.4720446861318601,-0.8707707998498987,-0.8632799750584568
-0.0438867701801139,-1.1657040519244384,0.5855324480466901,-1.272449565659059,1.4363682569650356,1.6617460058356508,-0.043821769625461124,1.0558632618127308,1.2794441782776762,0.0,-1.2165074415142423,-1.2093507338753493,-1.4720446861318601,-0.8707707998498987,-0.8632799750584568
-0.0438867701801139,0.8437007554702182,0.5855324480466901,-1.272449565659059,1.4363682569650356,1.6617460058356508,-0.043821769625461124,1.3486266986697517,-1.584380554062963,0.0,1.469306471464339,-1.2093507338753493,-1.4720446861318601,-0.8707707998498987,-0.8632799750584568
0.19232927508371683,-1.1657040519244384,0.5855324480466901,-1.272449565659059,1.4363682569650356,1.6617460058356508,0.19240287606072592,-0.583611984586587,-0.6679566397139585,0.0,-1.2165074415142423,-1.2093507338753493,-1.4720446861318601,-0.8707707998498987,-0.8632799750584568
0.42854532034754755,0.8437007554702182,0.5855324480466901,-1.272449565659059,1.4363682569650356,1.6617460058356508,0.428627521746913,-0.40795392247237444,-0.1524681878926434,0.0,-0.0654443359519933,-1.2093507338753493,-1.4720446861318601,-0.8707707998498987,-0.8632799750584568
0.42854532034754755,-1.1657040519244384,0.5855324480466901,-1.272449565659059,1.4363682569650356,1.6617460058356508,0.428627521746913,0.06046757649885921,-1.3552745754757118,0.0,-1.2165074415142423,-1.2093507338753493,-1.4720446861318601,-0.8707707998498987,-0.8632799750584568
0.6647613656113783,0.8437007554702182,0.5855324480466901,-1.272449565659059,1.4363682569650356,1.6617460058356508,0.6648521674331,-0.4665066098437787,-1.6989335433565886,0.0,1.469306471464339,1.239731226190802,-1.4720446861318601,-0.8707707998498987,-0.8632799750584568
0.6647613656113783,-0.16100164822711013,0.5855324480466901,-1.272449565659059,1.4363682569650356,1.6617460058356508,0.6648521674331,0.11902026387026342,-1.4698275647693375,0.0,-0.8328197396601593,1.239731226190802,-1.4720446861318601,-0.8707707998498987,-0.8632799750584568
0.6647613656113783,-1.1657040519244384,0.5855324480466901,-1.272449565659059,1.4363682569650356,1.6617460058356508,0.6648521674331,0.17757295124166764,-0.782509629007584,0.0,-1.2165074415142423,1.239731226190802,-1.4720446861318601,-0.8707707998498987,-0.8632799750584568
0.6647613656113783,-1.1657040519244384,0.5855324480466901,-1.272449565659059,1.4363682569650356,1.6617460058356508,0.6648521674331,0.23612563861307184,1.1076146943372378,0.0,-1.2165074415142423,1.239731226190802,-1.4720446861318601,-0.8707707998498987,-0.8632799750584568
0.900977410875209,0.8437007554702182,0.5855324480466901,-1.272449565659059,1.4363682569650356,1.6617460058356508,0.901076813119287,1.407179386041156,1.1076146943372378,0.0,1.469306471464339,1.239731226190802,-1.4720446861318601,-0.8707707998498987,-0.8632799750584568
-0.9887509512354369,0.8437007554702182,1.0928318113152808,-0.9867565279712074,-1.6857986465344652,1.6617460058356508,-0.9887203523702093,0.11902026387026342,0.8785087157499867,0.0,-0.4491320378060763,0.015190246157726272,-0.4906815620439534,0.30517590758112756,0.5736294907005042
-0.7525349059716061,-1.1657040519244384,1.0928318113152808,-0.9867565279712074,-1.6857986465344652,1.6617460058356508,-0.7524957066840222,-0.29084854772956603,-1.4698275647693375,0.0,-1.2165074415142423,0.015190246157726272,-0.4906815620439534,0.30517590758112756,0.5736294907005042
-0.7525349059716061,-1.1657040519244384,1.0928318113152808,-0.9867565279712074,-1.6857986465344652,1.6617460058356508,-0.7524957066840222,-0.11519048561535342,1.623103146158553,0.0,-1.2165074415142423,0.015190246157726272,-0.4906815620439534,0.30517590758112756,0.5736294907005042
-0.0438867701801139,0.8437007554702182,1.0928318113152808,-0.9867565279712074,-1.6857986465344652,1.6617460058356508,-0.043821769625461124,0.8216525123271139,-0.38157416647989456,0.0,1.469306471464339,-1.2093507338753493,-0.4906815620439534,0.30517590758112756,0.5736294907005042
0.19232927508371683,-1.1657040519244384,1.0928318113152808,-0.9867565279712074,-1.6857986465344652,1.6617460058356508,0.19240287606072592,-1.5790076699004587,0.07663779069460772,0.0,-1.2165074415142423,-1.2093507338753493,-0.4906815620439534,0.30517590758112756,0.5736294907005042
0.19232927508371683,-0.16100164822711013,1.0928318113152808,-0.9867565279712074,-1.6857986465344652,1.6617460058356508,0.19240287606072592,-1.2276915456720334,-0.5534036504203329,0.0,-0.8328197396601593,-1.2093507338753493,-0.4906815620439534,0.30517590758112756,0.5736294907005042
0.42854532034754755,0.8437007554702182,1.0928318113152808,-0.9867565279712074,-1.6857986465344652,1.6617460058356508,0.428627521746913,0.7630998249557097,-0.9543391129480224,0.0,-0.4491320378060763,-1.2093507338753493,-0.4906815620439534,0.30517590758112756,0.5736294907005042
0.6647613656113783,-1.1657040519244384,1.0928318113152808,-0.9867565279712074,-1.6857986465344652,1.6617460058356508,0.6648521674331,-1.2276915456720334,0.19119077998823328,0.0,-1.2165074415142423,1.239731226190802,-0.4906815620439534,0.30517590758112756,0.5736294907005042
-1.2249669964992675,0.8437007554702182,1.6001311745838716,-0.9867565279712074,-1.570162835293743,1.6617460058356508,-1.2249449980563965,1.699942822898177,-0.8397861236543969,0.0,-0.0654443359519933,0.015190246157726272,0.0,0.30517590758112756,0.5736294907005042
-0.5163188607077753,0.8437007554702182,1.6001311745838716,-0.9867565279712074,-1.570162835293743,1.6617460058356508,-0.5162710609978353,-0.7007173593293955,0.36302026392867165,0.0,1.469306471464339,-1.2093507338753493,0.0,0.30517590758112756,0.5736294907005042
-0.2801028154439446,-0.16100164822711013,1.6001311745838716,-0.9867565279712074,-1.570162835293743,1.6617460058356508,-0.28004641531164814,0.4117837007272845,-0.6106801450671457,0.0,-0.8328197396601593,-1.2093507338753493,0.0,0.30517590758112756,0.5736294907005042
0.19232927508371683,-0.16100164822711013,1.6001311745838716,-0.9867565279712074,-1.570162835293743,1.6617460058356508,0.19240287606072592,-0.40795392247237444,-0.7252331343607713,0.0,-0.8328197396601593,-1.2093507338753493,0.0,0.30517590758112756,0.5736294907005042
0.19232927508371683,-1.1657040519244384,1.6001311745838716,-0.9867565279712074,-1.570162835293743,1.6617460058356508,0.19240287606072592,-0.34940123510097026,-0.8397861236543969,0.0,-1.2165074415142423,-1.2093507338753493,0.0,0.30517590758112756,0.5736294907005042
0.19232927508371683,-1.1657040519244384,1.6001311745838716,-0.9867565279712074,-1.570162835293743,1.6617460058356508,0.19240287606072592,-0.29084854772956603,0.8785087157499867,0.0,-1.2165074415142423,-1.2093507338753493,0.0,0.30517590758112756,0.5736294907005042
-1.4611830417630982,0.8437007554702182,-1.4436650050276725,-0.9867565279712074,-1.4545270240530206,1.6617460058356508,-1.4611696437425834,-0.29084854772956603,-1.641657048709776,0.0,-0.4491320378060763,0.015190246157726272,-0.9813631240879068,0.30517590758112756,0.5736294907005042
-1.2249669964992675,0.8437007554702182,-1.4436650050276725,-0.9867565279712074,-1.4545270240530206,1.6617460058356508,-1.2249449980563965,0.9973105744413265,1.2221676836308635,0.0,-0.0654443359519933,0.015190246157726272,-0.9813631240879068,0.30517590758112756,0.5736294907005042
-1.2249669964992675,0.8437007554702182,-1.4436650050276725,-0.9867565279712074,-1.4545270240530206,1.6617460058356508,-1.2249449980563965,1.114415949184135,0.53484974786911,0.0,1.469306471464339,0.015190246157726272,-0.9813631240879068,0.30517590758112756,0.5736294907005042
-0.9887509512354369,0.8437007554702182,-1.4436650050276725,-0.9867565279712074,-1.4545270240530206,1.6617460058356508,-0.9887203523702093,-0.4665066098437787,-0.3242976718330818,0.0,1.0856187696102557,0.015190246157726272,-0.9813631240879068,0.30517590758112756,0.5736294907005042
-0.9887509512354369,0.8437007554702182,-1.4436650050276725,-0.9867565279712074,-1.4545270240530206,1.6617460058356508,-0.9887203523702093,-0.29084854772956603,0.9357852103967995,0.0,1.0856187696102557,0.015190246157726272,-0.9813631240879068,0.30517590758112756,0.5736294907005042
-0.5163188607077753,0.8437007554702182,-1.4436650050276725,-0.9867565279712074,-1.4545270240530206,1.6617460058356508,-0.5162710609978353,1.699942822898177,-1.2407215861820864,0.0,-0.4491320378060763,-1.2093507338753493,-0.9813631240879068,0.30517590758112756,0.5736294907005042
0.19232927508371683,0.8437007554702182,-1.4436650050276725,-0.9867565279712074,-1.4545270240530206,1.6617460058356508,0.19240287606072592,-1.0520334835578207,-1.641657048709776,0.0,1.469306471464339,-1.2093507338753493,-0.9813631240879068,0.30517590758112756,0.5736294907005042
0.19232927508371683,-1.1657040519244384,-1.4436650050276725,-0.9867565279712074,-1.4545270240530206,1.6617460058356508,0.19240287606072592,1.0558632618127308,1.623103146158553,0.0,-1.2165074415142423,-1.2093507338753493,-0.9813631240879068,0.30517590758112756,0.5736294907005042
0.42854532034754755,0.8437007554702182,-1.4436650050276725,-0.9867565279712074,-1.4545270240530206,1.6617460058356508,0.428627521746913,-0.8763754214436081,1.1648911889840505,0.0,-0.0654443359519933,-1.2093507338753493,-0.9813631240879068,0.30517590758112756,0.5736294907005042
0.42854532034754755,0.8437007554702182,-1.4436650050276725,-0.9867565279712074,-1.4545270240530206,1.6617460058356508,0.428627521746913,-0.7592700467007997,0.30574376928185887,0.0,1.469306471464339,-1.2093507338753493,-0.9813631240879068,0.30517590758112756,0.5736294907005042
0.42854532034754755,0.8437007554702182,-1.4436650050276725,-0.9867565279712074,-1.4545270240530206,1.6617460058356508,0.428627521746913,-0.6421646719579913,-0.1524681878926434,0.0,1.469306471464339,-1.2093507338753493,-0.9813631240879068,0.30517590758112756,0.5736294907005042
0.42854532034754755,0.8437007554702182,-1.4436650050276725,-0.9867565279712074,-1.4545270240530206,1.6617460058356508,0.428627521746913,0.6459944502129013,-0.037915198599017846,0.0,-0.4491320378060763,-1.2093507338753493,-0.9813631240879068,0.30517590758112756,0.5736294907005042
0.42854532034754755,0.8437007554702182,-1.4436650050276725,-0.9867565279712074,-1.4545270240530206,1.6617460058356508,0.428627521746913,0.7630998249557097,-0.43885066112670734,0.0,-0.4491320378060763,-1.2093507338753493,-0.9813631240879068,0.30517590758112756,0.5736294907005042
0.42854532034754755,-1.1657040519244384,-1.4436650050276725,-0.9867565279712074,-1.4545270240530206,1.6617460058356508,0.428627521746913,1.3486266986697517,-1.068892102241648,0.0,-1.2165074415142423,-1.2093507338753493,-0.9813631240879068,0.30517590758112756,0.5736294907005042
0.6647613656113783,-0.16100164822711013,-1.4436650050276725,-0.9867565279712074,-1.4545270240530206,1.6617460058356508,0.6648521674331,-0.056637798243949204,0.7066792318095484,0.0,-0.8328197396601593,1.239731226190802,-0.9813631240879068,0.30517590758112756,0.5736294907005042
0.6647613656113783,-1.1657040519244384,-1.4436650050276725,-0.9867565279712074,-1.4545270240530206,1.6617460058356508,0.6648521674331,0.11902026387026342,-0.43885066112670734,0.0,-1.2165074415142423,1.239731226190802,-0.9813631240879068,0.30517590758112756,0.5736294907005042
0.6647613656113783,0.8437007554702182,-1.4436650050276725,-0.9867565279712074,-1.4545270240530206,1.6617460058356508,0.6648521674331,0.17757295124166764,-0.6679566397139585,0.0,1.0856187696102557,1.239731226190802,-0.9813631240879068,0.30517590758112756,0.5736294907005042
0.6647613656113783,-1.1657040519244384,-1.4436650050276725,-0.9867565279712074,-1.4545270240530206,1.6617460058356508,0.6648521674331,0.17757295124166764,1.623103146158553,0.0,-1.2165074415142423,1.239731226190802,-0.9813631240879068,0.30517590758112756,0.5736294907005042
0.6647613656113783,0.8437007554702182,-1.4436650050276725,-0.9867565279712074,-1.4545270240530206,1.6617460058356508,0.6648521674331,1.6413901355267728,0.1339142853414205,0.0,1.0856187696102557,1.239731226190802,-0.9813631240879068,0.30517590758112756,0.5736294907005042
0.6647613656113783,0.8437007554702182,-1.4436650050276725,-0.9867565279712074,-1.4545270240530206,1.6617460058356508,0.6648521674331,1.699942822898177,-0.1524681878926434,0.0,1.0856187696102557,1.239731226190802,-0.9813631240879068,0.30517590758112756,0.5736294907005042
0.900977410875209,-0.16100164822711013,-1.4436650050276725,-0.9867565279712074,-1.4545270240530206,1.6617460058356508,0.901076813119287,-1.5204549825290543,-1.4125510701225246,0.0,-0.8328197396601593,1.239731226190802,-0.9813631240879068,0.30517590758112756,0.5736294907005042
0.900977410875209,0.8437007554702182,-1.4436650050276725,-0.9867565279712074,-1.4545270240530206,1.6617460058356508,0.901076813119287,0.9973105744413265,1.2794441782776762,0.0,1.469306471464339,1.239731226190802,-0.9813631240879068,0.30517590758112756,0.5736294907005042
-1.697399087026929,0.8437007554702182,-0.9363656417590819,-0.9867565279712074,-1.3388912128122985,1.6617460058356508,-1.6973942894287704,-0.583611984586587,-0.4961271557735201,0.0,-0.4491320378060763,0.015190246157726272,0.9813631240879068,0.30517590758112756,0.5736294907005042
-1.697399087026929,-1.1657040519244384,-0.9363656417590819,-0.9867565279712074,-1.3388912128122985,1.6617460058356508,-1.6973942894287704,0.11902026387026342,1.4512736622181146,0.0,-1.2165074415142423,0.015190246157726272,0.9813631240879068,0.30517590758112756,0.5736294907005042
-1.4611830417630982,-0.16100164822711013,-0.9363656417590819,-0.9867565279712074,-1.3388912128122985,1.6617460058356508,-1.4611696437425834,1.2900740112983475,0.8785087157499867,0.0,-0.8328197396601593,0.015190246157726272,0.9813631240879068,0.30517590758112756,0.5736294907005042
-1.2249669964992675,-1.1657040519244384,-0.9363656417590819,-0.9867565279712074,-1.3388912128122985,1.6617460058356508,-1.2249449980563965,-1.1691388583006292,0.07663779069460772,0.0,-1.2165074415142423,0.015190246157726272,0.9813631240879068,0.30517590758112756,0.5736294907005042
-1.2249669964992675,-1.1657040519244384,-0.9363656417590819,-0.9867565279712074,-1.3388912128122985,1.6617460058356508,-1.2249449980563965,-1.110586170929225,-0.43885066112670734,0.0,-1.2165074415142423,0.015190246157726272,0.9813631240879068,0.30517590758112756,0.5736294907005042
-1.2249669964992675,-1.1657040519244384,-0.9363656417590819,-0.9867565279712074,-1.3388912128122985,1.6617460058356508,-1.2249449980563965,1.699942822898177,0.42029675857548443,0.0,-1.2165074415142423,0.015190246157726272,0.9813631240879068,0.30517590758112756,0.5736294907005042
-0.7525349059716061,-0.16100164822711013,-0.9363656417590819,-0.9867565279712074,-1.3388912128122985,1.6617460058356508,-0.7524957066840222,-1.4619022951576501,-1.641657048709776,0.0,-0.8328197396601593,0.015190246157726272,0.9813631240879068,0.30517590758112756,0.5736294907005042
-0.7525349059716061,-1.1657040519244384,-0.9363656417590819,-0.9867565279712074,-1.3388912128122985,1.6617460058356508,-0.7524957066840222,-1.403349607786246,-1.3552745754757118,0.0,-1.2165074415142423,0.015190246157726272,0.9813631240879068,0.30517590758112756,0.5736294907005042
-0.7525349059716061,-1.1657040519244384,-0.9363656417590819,-0.9867565279712074,-1.3388912128122985,1.6617460058356508,-0.7524957066840222,0.9973105744413265,0.6494027371627356,0.0,-1.2165074415142423,0.015190246157726272,0.9813631240879068,0.30517590758112756,0.5736294907005042
-0.7525349059716061,-1.1657040519244384,-0.9363656417590819,-0.9867565279712074,-1.3388912128122985,1.6617460058356508,-0.7524957066840222,1.0558632618127308,-0.3242976718330818,0.0,-1.2165074415142423,0.015190246157726272,0.9813631240879068,0.30517590758112756,0.5736294907005042
-0.7525349059716061,-1.1657040519244384,-0.9363656417590819,-0.9867565279712074,-1.3388912128122985,1.6617460058356508,-0.7524957066840222,1.2900740112983475,0.24846727463504606,0.0,-1.2165074415142423,0.015190246157726272,0.9813631240879068,0.30517590758112756,0.5736294907005042
-0.5163188607077753,0.8437007554702182,-0.9363656417590819,-0.9867565279712074,-1.3388912128122985,1.6617460058356508,-0.5162710609978353,-0.23229586035816183,1.6803796408053657,0.0,-0.0654443359519933,-1.2093507338753493,0.9813631240879068,0.30517590758112756,0.5736294907005042
0.42854532034754755,-1.1657040519244384,-0.9363656417590819,-0.9867565279712074,-1.3388912128122985,1.6617460058356508,0.428627521746913,1.114415949184135,1.623103146158553,0.0,-1.2165074415142423,-1.2093507338753493,0.9813631240879068,0.30517590758112756,0.5736294907005042
0.900977410875209,0.8437007554702182,-0.9363656417590819,-0.9867565279712074,-1.3388912128122985,1.6617460058356508,0.901076813119287,0.8216525123271139,-0.4961271557735201,0.0,-0.0654443359519933,1.239731226190802,0.9813631240879068,0.30517590758112756,0.5736294907005042
1.1371934561390398,0.8437007554702182,-0.9363656417590819,-0.9867565279712074,-1.3388912128122985,1.6617460058356508,1.1373014588054742,-1.110586170929225,-1.1834450915352734,0.0,1.469306471464339,1.239731226190802,0.9813631240879068,0.30517590758112756,0.5736294907005042
1.3734095014028704,0.8437007554702182,-0.9363656417590819,-0.9867565279712074,-1.3388912128122985,1.6617460058356508,1.3735261044916611,-1.1691388583006292,-1.6989335433565886,0.0,1.469306471464339,1.239731226190802,0.9813631240879068,0.30517590758112756,0.5736294907005042
-1.4611830417630982,-0.16100164822711013,-0.42906627849049117,-0.9867565279712074,-1.2232554015715762,1.6617460058356508,-1.4611696437425834,0.5874417628414971,1.2221676836308635,0.0,-0.8328197396601593,0.015190246157726272,1.4720446861318601,0.30517590758112756,0.5736294907005042
-1.2249669964992675,-1.1657040519244384,-0.42906627849049117,-0.9867565279712074,-1.2232554015715762,1.6617460058356508,-1.2249449980563965,0.5288890754700929,-0.3242976718330818,0.0,-1.2165074415142423,0.015190246157726272,1.4720446861318601,0.30517590758112756,0.5736294907005042
-0.9887509512354369,-1.1657040519244384,-0.42906627849049117,-0.9867565279712074,-1.2232554015715762,1.6617460058356508,-0.9887203523702093,-1.6375603572718629,-0.8970626183012096,0.0,-1.2165074415142423,0.015190246157726272,1.4720446861318601,0.30517590758112756,0.5736294907005042
-0.9887509512354369,-1.1657040519244384,-0.42906627849049117,-0.9867565279712074,-1.2232554015715762,1.6617460058356508,-0.9887203523702093,-1.5790076699004587,-1.4698275647693375,0.0,-1.2165074415142423,0.015190246157726272,1.4720446861318601,0.30517590758112756,0.5736294907005042
-0.9887509512354369,0.8437007554702182,-0.42906627849049117,-0.9867565279712074,-1.2232554015715762,1.6617460058356508,-0.9887203523702093,-1.110586170929225,1.1648911889840505,0.0,-0.4491320378060763,0.015190246157726272,1.4720446861318601,0.30517590758112756,0.5736294907005042
-0.9887509512354369,-0.16100164822711013,-0.42906627849049117,-0.9867565279712074,-1.2232554015715762,1.6617460058356508,-0.9887203523702093,0.6459944502129013,0.24846727463504606,0.0,-0.8328197396601593,0.015190246157726272,1.4720446861318601,0.30517590758112756,0.5736294907005042
-0.7525349059716061,0.8437007554702182,-0.42906627849049117,-0.9867565279712074,-1.2232554015715762,1.6617460058356508,-0.7524957066840222,-1.2276915456720334,0.07663779069460772,0.0,-0.4491320378060763,0.015190246157726272,1.4720446861318601,0.30517590758112756,0.5736294907005042
-0.7525349059716061,0.8437007554702182,-0.42906627849049117,-0.9867565279712074,-1.2232554015715762,1.6617460058356508,-0.7524957066840222,-1.110586170929225,1.3939971675713017,0.0,-0.0654443359519933,0.015190246157726272,1.4720446861318601,0.30517590758112756,0.5736294907005042
-0.7525349059716061,-1.1657040519244384,-0.42906627849049117,-0.9867565279712074,-1.2232554015715762,1.6617460058356508,-0.7524957066840222,0.5288890754700929,1.2221676836308635,0.0,-1.2165074415142423,0.015190246157726272,1.4720446861318601,0.30517590758112756,0.5736294907005042
-0.7525349059716061,-1.1657040519244384,-0.42906627849049117,-0.9867565279712074,-1.2232554015715762,1.6617460058356508,-0.7524957066840222,0.7045471375843055,-0.43885066112670734,0.0,-1.2165074415142423,0.015190246157726272,1.4720446861318601,0.30517590758112756,0.5736294907005042
-0.5163188607077753,-1.1657040519244384,-0.42906627849049117,-0.9867565279712074,-1.2232554015715762,1.6617460058356508,-0.5162710609978353,-0.9934807961864165,1.5085501568649273,0.0,-1.2165074415142423,-1.2093507338753493,1.4720446861318601,0.30517590758112756,0.5736294907005042
0.19232927508371683,0.8437007554702182,-0.42906627849049117,-0.9867565279712074,-1.2232554015715762,1.6617460058356508,0.19240287606072592,-1.2862442330434376,1.1648911889840505,0.0,1.469306471464339,-1.2093507338753493,1.4720446861318601,0.30517590758112756,0.5736294907005042
0.19232927508371683,0.8437007554702182,-0.42906627849049117,-0.9867565279712074,-1.2232554015715762,1.6617460058356508,0.19240287606072592,-0.4665066098437787,0.30574376928185887,0.0,1.469306471464339,-1.2093507338753493,1.4720446861318601,0.30517590758112756,0.5736294907005042
0.19232927508371683,0.8437007554702182,-0.42906627849049117,-0.9867565279712074,-1.2232554015715762,1.6617460058356508,0.19240287606072592,-0.23229586035816183,-1.068892102241648,0.0,1.0856187696102557,-1.2093507338753493,1.4720446861318601,0.30517590758112756,0.5736294907005042
0.6647613656113783,-0.16100164822711013,-0.42906627849049117,-0.9867565279712074,-1.2232554015715762,1.6617460058356508,0.6648521674331,-1.1691388583006292,1.5085501568649273,0.0,-0.8328197396601593,1.239731226190802,1.4720446861318601,0.30517590758112756,0.5736294907005042
0.6647613656113783,-2.1704064556217677,-0.42906627849049117,-0.9867565279712074,-1.2232554015715762,1.6617460058356508,0.6648521674331,-0.7592700467007997,-0.38157416647989456,0.0,0.7019310677561728,1.239731226190802,1.4720446861318601,0.30517590758112756,0.5736294907005042
0.6647613656113783,0.8437007554702182,-0.42906627849049117,-0.9867565279712074,-1.2232554015715762,1.6617460058356508,0.6648521674331,0.11902026387026342,0.5921262425159228,0.0,1.469306471464339,1.239731226190802,1.4720446861318601,0.30517590758112756,0.5736294907005042
0.900977410875209,0.8437007554702182,-0.42906627849049117,-0.9867565279712074,-1.2232554015715762,1.6617460058356508,0.901076813119287,-0.9349281088150123,-0.2097446825394562,0.0,-0.4491320378060763,1.239731226190802,1.4720446861318601,0.30517590758112756,0.5736294907005042
1.1371934561390398,0.8437007554702182,-0.42906627849049117,-0.9867565279712074,-1.2232554015715762,1.6617460058356508,1.1373014588054742,-1.5790076699004587,1.5085501568649273,0.0,-0.0654443359519933,1.239731226190802,1.4720446861318601,0.30517590758112756,0.5736294907005042
-1.2249669964992675,0.8437007554702182,0.07823308477809952,-0.9867565279712074,-1.1076195903308539,1.6617460058356508,-1.2249449980563965,0.23612563861307184,0.53484974786911,0.0,1.0856187696102557,0.015190246157726272,0.4906815620439534,0.30517590758112756,0.5736294907005042
-1.2249669964992675,-2.1704064556217677,0.07823308477809952,-0.9867565279712074,-1.1076195903308539,1.6617460058356508,-1.2249449980563965,0.35323101335588025,1.2794441782776762,0.0,0.7019310677561728,0.015190246157726272,0.4906815620439534,0.30517590758112756,0.5736294907005042
-0.9887509512354369,-0.16100164822711013,0.07823308477809952,-0.9867565279712074,-1.1076195903308539,1.6617460058356508,-0.9887203523702093,1.114415949184135,-1.4698275647693375,0.0,-0.8328197396601593,0.015190246157726272,0.4906815620439534,0.30517590758112756,0.5736294907005042
-0.9887509512354369,-1.1657040519244384,0.07823308477809952,-0.9867565279712074,-1.1076195903308539,1.6617460058356508,-0.9887203523702093,1.5828374481553686,0.9930617050436122,0.0,-1.2165074415142423,0.015190246157726272,0.4906815620439534,0.30517590758112756,0.5736294907005042
-0.9887509512354369,-1.1657040519244384,0.07823308477809952,-0.9867565279712074,-1.1076195903308539,1.6617460058356508,-0.9887203523702093,1.6413901355267728,0.30574376928185887,0.0,-1.2165074415142423,0.015190246157726272,0.4906815620439534,0.30517590758112756,0.5736294907005042
-0.7525349059716061,-1.1657040519244384,0.07823308477809952,-0.9867565279712074,-1.1076195903308539,1.6617460058356508,-0.7524957066840222,-1.403349607786246,0.7639557264563611,0.0,-1.2165074415142423,0.015190246157726272,0.4906815620439534,0.30517590758112756,0.5736294907005042
-0.7525349059716061,0.8437007554702182,0.07823308477809952,-0.9867565279712074,-1.1076195903308539,1.6617460058356508,-0.7524957066840222,-0.7007173593293955,0.4775732532222972,0.0,-0.4491320378060763,0.015190246157726272,0.4906815620439534,0.30517590758112756,0.5736294907005042
-0.2801028154439446,0.8437007554702182,0.07823308477809952,-0.9867565279712074,-1.1076195903308539,1.6617460058356508,-0.28004641531164814,1.2900740112983475,0.19119077998823328,0.0,1.469306471464339,-1.2093507338753493,0.4906815620439534,0.30517590758112756,0.5736294907005042
0.42854532034754755,-0.16100164822711013,0.07823308477809952,-0.9867565279712074,-1.1076195903308539,1.6617460058356508,0.428627521746913,-1.3447969204148418,0.9930617050436122,0.0,-0.8328197396601593,-1.2093507338753493,0.4906815620439534,0.30517590758112756,0.5736294907005042
0.6647613656113783,0.8437007554702182,0.07823308477809952,-0.9867565279712074,-1.1076195903308539,1.6617460058356508,0.6648521674331,1.1729686365555392,-1.068892102241648,0.0,-0.0654443359519933,1.239731226190802,0.4906815620439534,0.30517590758112756,0.5736294907005042
0.900977410875209,0.8437007554702182,0.07823308477809952,-0.9867565279712074,-1.1076195903308539,1.6617460058356508,0.901076813119287,-0.11519048561535342,-1.068892102241648,0.0,-0.4491320378060763,1.239731226190802,0.4906815620439534,0.30517590758112756,0.5736294907005042
1.1371934561390398,-0.16100164822711013,0.07823308477809952,-0.9867565279712074,-1.1076195903308539,1.6617460058356508,1.1373014588054742,-0.40795392247237444,-1.1261685968884607,0.0,-0.8328197396601593,1.239731226190802,0.4906815620439534,0.30517590758112756,0.5736294907005042
-1.697399087026929,0.8437007554702182,0.5855324480466901,-0.9867565279712074,-0.9919837790901317,1.6617460058356508,-1.6973942894287704,-1.403349607786246,0.7066792318095484,0.0,-0.4491320378060763,0.015190246157726272,-1.4720446861318601,0.30517590758112756,0.5736294907005042
-1.4611830417630982,-1.1657040519244384,0.5855324480466901,-0.9867565279712074,-0.9919837790901317,1.6617460058356508,-1.4611696437425834,0.9387578870699224,-1.1261685968884607,0.0,-1.2165074415142423,0.015190246157726272,-1.4720446861318601,0.30517590758112756,0.5736294907005042
-1.4611830417630982,-1.1657040519244384,0.5855324480466901,-0.9867565279712074,-0.9919837790901317,1.6617460058356508,-1.4611696437425834,0.9973105744413265,-1.5271040594161502,0.0,-1.2165074415142423,0.015190246157726272,-1.4720446861318601,0.30517590758112756,0.5736294907005042
-1.2249669964992675,-1.1657040519244384,0.5855324480466901,-0.9867565279712074,-0.9919837790901317,1.6617460058356508,-1.2249449980563965,-1.5790076699004587,0.5921262425159228,0.0,-1.2165074415142423,0.015190246157726272,-1.4720446861318601,0.30517590758112756,0.5736294907005042
-0.9887509512354369,0.8437007554702182,0.5855324480466901,-0.9867565279712074,-0.9919837790901317,1.6617460058356508,-0.9887203523702093,-1.1691388583006292,1.56582665151174,0.0,1.0856187696102557,0.015190246157726272,-1.4720446861318601,0.30517590758112756,0.5736294907005042
-0.9887509512354369,-0.16100164822711013,0.5855324480466901,-0.9867565279712074,-0.9919837790901317,1.6617460058356508,-0.9887203523702093,-0.17374317298675762,0.24846727463504606,0.0,-0.8328197396601593,0.015190246157726272,-1.4720446861318601,0.30517590758112756,0.5736294907005042
-0.9887509512354369,-0.16100164822711013,0.5855324480466901,-0.9867565279712074,-0.9919837790901317,1.6617460058356508,-0.9887203523702093,-0.11519048561535342,0.1339142853414205,0.0,-0.8328197396601593,0.015190246157726272,-1.4720446861318601,0.30517590758112756,0.5736294907005042
-0.9887509512354369,0.8437007554702182,0.5855324480466901,-0.9867565279712074,-0.9919837790901317,1.6617460058356508,-0.9887203523702093,0.7045471375843055,0.8785087157499867,0.0,-0.0654443359519933,0.015190246157726272,-1.4720446861318601,0.30517590758112756,0.5736294907005042
-0.7525349059716061,0.8437007554702182,0.5855324480466901,-0.9867565279712074,-0.9919837790901317,1.6617460058356508,-0.7524957066840222,1.2315213239269434,1.6803796408053657,0.0,-0.0654443359519933,0.015190246157726272,-1.4720446861318601,0.30517590758112756,0.5736294907005042
-0.5163188607077753,-0.16100164822711013,0.5855324480466901,-0.9867565279712074,-0.9919837790901317,1.6617460058356508,-0.5162710609978353,-1.5204549825290543,0.9357852103967995,0.0,-0.8328197396601593,-1.2093507338753493,-1.4720446861318601,0.30517590758112756,0.5736294907005042
-0.2801028154439446,0.8437007554702182,0.5855324480466901,-0.9867565279712074,-0.9919837790901317,1.6617460058356508,-0.28004641531164814,0.8216525123271139,1.050338199690425,0.0,1.0856187696102557,-1.2093507338753493,-1.4720446861318601,0.30517590758112756,0.5736294907005042
-0.2801028154439446,-1.1657040519244384,0.5855324480466901,-0.9867565279712074,-0.9919837790901317,1.6617460058356508,-0.28004641531164814,1.5242847607839645,0.07663779069460772,0.0,-1.2165074415142423,-1.2093507338753493,-1.4720446861318601,0.30517590758112756,0.5736294907005042
-0.0438867701801139,0.8437007554702182,0.5855324480466901,-0.9867565279712074,-0.9919837790901317,1.6617460058356508,-0.043821769625461124,1.407179386041156,0.019361296047794935,0.0,-0.4491320378060763,-1.2093507338753493,-1.4720446861318601,0.30517590758112756,0.5736294907005042
0.19232927508371683,0.8437007554702182,0.5855324480466901,-0.9867565279712074,-0.9919837790901317,1.6617460058356508,0.19240287606072592,-1.1691388583006292,-1.4698275647693375,0.0,1.469306471464339,-1.2093507338753493,-1.4720446861318601,0.30517590758112756,0.5736294907005042
0.19232927508371683,0.8437007554702182,0.5855324480466901,-0.9867565279712074,-0.9919837790901317,1.6617460058356508,0.19240287606072592,1.3486266986697517,1.2794441782776762,0.0,1.469306471464339,-1.2093507338753493,-1.4720446861318601,0.30517590758112756,0.5736294907005042
0.6647613656113783,0.8437007554702182,0.5855324480466901,-0.9867565279712074,-0.9919837790901317,1.6617460058356508,0.6648521674331,-1.110586170929225,-0.037915198599017846,0.0,1.469306471464339,1.239731226190802,-1.4720446861318601,0.30517590758112756,0.5736294907005042
0.6647613656113783,0.8437007554702182,0.5855324480466901,-0.9867565279712074,-0.9919837790901317,1.6617460058356508,0.6648521674331,-0.9934807961864165,-0.38157416647989456,0.0,1.0856187696102557,1.239731226190802,-1.4720446861318601,0.30517590758112756,0.5736294907005042
-1.2249669964992675,-0.16100164822711013,1.0928318113152808,-0.9867565279712074,-0.8763479678494094,1.6617460058356508,-1.2249449980563965,-0.34940123510097026,0.821232221103174,0.0,-0.8328197396601593,0.015190246157726272,-0.4906815620439534,0.30517590758112756,0.5736294907005042
-1.2249669964992675,-0.16100164822711013,1.0928318113152808,-0.9867565279712074,-0.8763479678494094,1.6617460058356508,-1.2249449980563965,0.7045471375843055,1.2794441782776762,0.0,-0.8328197396601593,0.015190246157726272,-0.4906815620439534,0.30517590758112756,0.5736294907005042
-0.9887509512354369,-1.1657040519244384,1.0928318113152808,-0.9867565279712074,-0.8763479678494094,1.6617460058356508,-0.9887203523702093,1.4657320734125603,-0.9543391129480224,0.0,-1.2165074415142423,0.015190246157726272,-0.4906815620439534,0.30517590758112756,0.5736294907005042
-0.7525349059716061,-1.1657040519244384,1.0928318113152808,-0.9867565279712074,-0.8763479678494094,1.6617460058356508,-0.7524957066840222,-0.583611984586587,0.8785087157499867,0.0,-1.2165074415142423,0.015190246157726272,-0.4906815620439534,0.30517590758112756,0.5736294907005042
-0.7525349059716061,-1.1657040519244384,1.0928318113152808,-0.9867565279712074,-0.8763479678494094,1.6617460058356508,-0.7524957066840222,-0.5250592972151829,0.1339142853414205,0.0,-1.2165074415142423,0.015190246157726272,-0.4906815620439534,0.30517590758112756,0.5736294907005042
-0.5163188607077753,-0.16100164822711013,1.0928318113152808,-0.9867565279712074,-0.8763479678494094,1.6617460058356508,-0.5162710609978353,0.7045471375843055,-0.6106801450671457,0.0,-0.8328197396601593,-1.2093507338753493,-0.4906815620439534,0.30517590758112756,0.5736294907005042
-0.5163188607077753,-1.1657040519244384,1.0928318113152808,-0.9867565279712074,-0.8763479678494094,1.6617460058356508,-0.5162710609978353,0.9387578870699224,-1.4125510701225246,0.0,-1.2165074415142423,-1.2093507338753493,-0.4906815620439534,0.30517590758112756,0.5736294907005042
-0.2801028154439446,0.8437007554702182,1.0928318113152808,-0.9867565279712074,-0.8763479678494094,1.6617460058356508,-0.28004641531164814,0.6459944502129013,-1.3552745754757118,0.0,-0.4491320378060763,-1.2093507338753493,-0.4906815620439534,0.30517590758112756,0.5736294907005042
-1.2249669964992675,-2.1704064556217677,1.6001311745838716,-0.9867565279712074,-0.7607121566086872,1.6617460058356508,-1.2249449980563965,0.7630998249557097,-1.5271040594161502,0.0,0.7019310677561728,0.015190246157726272,0.0,0.30517590758112756,0.5736294907005042
-0.7525349059716061,-0.16100164822711013,1.6001311745838716,-0.9867565279712074,-0.7607121566086872,1.6617460058356508,-0.7524957066840222,-0.23229586035816183,1.336720672924489,0.0,-0.8328197396601593,0.015190246157726272,0.0,0.30517590758112756,0.5736294907005042
-0.2801028154439446,0.8437007554702182,1.6001311745838716,-0.9867565279712074,-0.7607121566086872,1.6617460058356508,-0.28004641531164814,1.2900740112983475,1.5085501568649273,0.0,-0.4491320378060763,-1.2093507338753493,0.0,0.30517590758112756,0.5736294907005042
-0.0438867701801139,-1.1657040519244384,1.6001311745838716,-0.9867565279712074,-0.7607121566086872,1.6617460058356508,-0.043821769625461124,-0.6421646719579913,0.019361296047794935,0.0,-1.2165074415142423,-1.2093507338753493,0.0,0.30517590758112756,0.5736294907005042
0.19232927508371683,0.8437007554702182,1.6001311745838716,-0.9867565279712074,-0.7607121566086872,1.6617460058356508,0.19240287606072592,-0.9934807961864165,0.6494027371627356,0.0,-0.4491320378060763,-1.2093507338753493,0.0,0.30517590758112756,0.5736294907005042
0.19232927508371683,-1.1657040519244384,1.6001311745838716,-0.9867565279712074,-0.7607121566086872,1.6617460058356508,0.19240287606072592,0.5874417628414971,-1.2979980808288991,0.0,-1.2165074415142423,-1.2093507338753493,0.0,0.30517590758112756,0.5736294907005042
0.19232927508371683,-0.16100164822711013,1.6001311745838716,-0.9867565279712074,-0.7607121566086872,1.6617460058356508,0.19240287606072592,1.3486266986697517,0.53484974786911,0.0,-0.8328197396601593,-1.2093507338753493,0.0,0.30517590758112756,0.5736294907005042
0.19232927508371683,0.8437007554702182,1.6001311745838716,-0.9867565279712074,-0.7607121566086872,1.6617460058356508,0.19240287606072592,1.407179386041156,0.5921262425159228,0.0,-0.0654443359519933,-1.2093507338753493,0.0,0.30517590758112756,0.5736294907005042
-1.4611830417630982,-1.1657040519244384,-1.4436650050276725,-0.9867565279712074,-0.6450763453679649,1.6617460058356508,-1.4611696437425834,0.2946783259844761,0.7639557264563611,0.0,-1.2165074415142423,0.015190246157726272,-0.9813631240879068,0.30517590758112756,0.5736294907005042
-1.4611830417630982,0.8437007554702182,-1.4436650050276725,-0.9867565279712074,-0.6450763453679649,1.6617460058356508,-1.4611696437425834,0.35323101335588025,0.5921262425159228,0.0,1.469306471464339,0.015190246157726272,-0.9813631240879068,0.30517590758112756,0.5736294907005042
-1.2249669964992675,-0.16100164822711013,-1.4436650050276725,-0.9867565279712074,-0.6450763453679649,1.6617460058356508,-1.2249449980563965,-1.3447969204148418,-0.1524681878926434,0.0,-0.8328197396601593,0.015190246157726272,-0.9813631240879068,0.30517590758112756,0.5736294907005042
-1.2249669964992675,0.8437007554702182,-1.4436650050276725,-0.9867565279712074,-0.6450763453679649,1.6617460058356508,-1.2249449980563965,-0.583611984586587,-0.09519169324583063,0.0,1.0856187696102557,0.015190246157726272,-0.9813631240879068,0.30517590758112756,0.5736294907005042
-1.2249669964992675,0.8437007554702182,-1.4436650050276725,-0.9867565279712074,-0.6450763453679649,1.6617460058356508,-1.2249449980563965,1.2315213239269434,1.3939971675713017,0.0,-0.0654443359519933,0.015190246157726272,-0.9813631240879068,0.30517590758112756,0.5736294907005042
-0.9887509512354369,0.8437007554702182,-1.4436650050276725,-0.9867565279712074,-0.6450763453679649,1.6617460058356508,-0.9887203523702093,-0.6421646719579913,1.56582665151174,0.0,1.0856187696102557,0.015190246157726272,-0.9813631240879068,0.30517590758112756,0.5736294907005042
-0.5163188607077753,-1.1657040519244384,-1.4436650050276725,-0.9867565279712074,-0.6450763453679649,1.6617460058356508,-0.5162710609978353,0.4117837007272845,-0.8970626183012096,0.0,-1.2165074415142423,-1.2093507338753493,-0.9813631240879068,0.30517590758112756,0.5736294907005042
0.19232927508371683,-1.1657040519244384,-1.4436650050276725,-0.9867565279712074,-0.6450763453679649,1.6617460058356508,0.19240287606072592,0.17757295124166764,-1.1834450915352734,0.0,-1.2165074415142423,-1.2093507338753493,-0.9813631240879068,0.30517590758112756,0.5736294907005042
0.19232927508371683,0.8437007554702182,-1.4436650050276725,-0.9867565279712074,-0.6450763453679649,1.6617460058356508,0.19240287606072592,0.7045471375843055,1.56582665151174,0.0,1.0856187696102557,-1.2093507338753493,-0.9813631240879068,0.30517590758112756,0.5736294907005042
0.42854532034754755,0.8437007554702182,-1.4436650050276725,-0.9867565279712074,-0.6450763453679649,1.6617460058356508,0.428627521746913,-0.6421646719579913,-1.6989335433565886,0.0,1.469306471464339,-1.2093507338753493,-0.9813631240879068,0.30517590758112756,0.5736294907005042
0.42854532034754755,0.8437007554702182,-1.4436650050276725,-0.9867565279712074,-0.6450763453679649,1.6617460058356508,0.428627521746913,-0.6421646719579913,1.3939971675713017,0.0,1.469306471464339,-1.2093507338753493,-0.9813631240879068,0.30517590758112756,0.5736294907005042
0.42854532034754755,0.8437007554702182,-1.4436650050276725,-0.9867565279712074,-0.6450763453679649,1.6617460058356508,0.428627521746913,-0.29084854772956603,-0.267021177186269,0.0,-0.4491320378060763,-1.2093507338753493,-0.9813631240879068,0.30517590758112756,0.5736294907005042
0.42854532034754755,-0.16100164822711013,-1.4436650050276725,-0.9867565279712074,-0.6450763453679649,1.6617460058356508,0.428627521746913,-0.23229586035816183,0.1339142853414205,0.0,-0.8328197396601593,-1.2093507338753493,-0.9813631240879068,0.30517590758112756,0.5736294907005042
0.900977410875209,-1.1657040519244384,-1.4436650050276725,-0.9867565279712074,-0.6450763453679649,1.6617460058356508,0.901076813119287,-0.817822734072204,1.3939971675713017,0.0,-1.2165074415142423,1.239731226190802,-0.9813631240879068,0.30517590758112756,0.5736294907005042
0.900977410875209,0.8437007554702182,-1.4436650050276725,-0.9867565279712074,-0.6450763453679649,1.6617460058356508,0.901076813119287,1.114415949184135,0.019361296047794935,0.0,1.469306471464339,1.239731226190802,-0.9813631240879068,0.30517590758112756,0.5736294907005042
0.900977410875209,0.8437007554702182,-1.4436650050276725,-0.9867565279712074,-0.6450763453679649,1.6617460058356508,0.901076813119287,1.1729686365555392,-0.43885066112670734,0.0,1.469306471464339,1.239731226190802,-0.9813631240879068,0.30517590758112756,0.5736294907005042
1.1371934561390398,-0.16100164822711013,-1.4436650050276725,-0.9867565279712074,-0.6450763453679649,1.6617460058356508,1.1373014588054742,-0.17374317298675762,0.7066792318095484,0.0,-0.8328197396601593,1.239731226190802,-0.9813631240879068,0.30517590758112756,0.5736294907005042
-1.4611830417630982,-1.1657040519244384,-0.9363656417590819,-0.9867565279712074,-0.5294405341272427,1.6617460058356508,-1.4611696437425834,0.9973105744413265,-0.267021177186269,0.0,-1.2165074415142423,0.015190246157726272,0.9813631240879068,0.30517590758112756,0.5736294907005042
-1.2249669964992675,0.8437007554702182,-0.9363656417590819,-0.9867565279712074,-0.5294405341272427,1.6617460058356508,-1.2249449980563965,-0.9934807961864165,-0.1524681878926434,0.0,-0.4491320378060763,0.015190246157726272,0.9813631240879068,0.30517590758112756,0.5736294907005042
-1.2249669964992675,0.8437007554702182,-0.9363656417590819,-0.9867565279712074,-0.5294405341272427,1.6617460058356508,-1.2249449980563965,-0.11519048561535342,-1.4698275647693375,0.0,1.469306471464339,0.015190246157726272,0.9813631240879068,0.30517590758112756,0.5736294907005042
-0.9887509512354369,-1.1657040519244384,-0.9363656417590819,-0.9867565279712074,-0.5294405341272427,1.6617460058356508,-0.9887203523702093,-0.17374317298675762,1.56582665151174,0.0,-1.2165074415142423,0.015190246157726272,0.9813631240879068,0.30517590758112756,0.5736294907005042
-0.5163188607077753,-1.1657040519244384,-0.9363656417590819,-0.9867565279712074,-0.5294405341272427,1.6617460058356508,-0.5162710609978353,0.23612563861307184,-0.5534036504203329,0.0,-1.2165074415142423,-1.2093507338753493,0.9813631240879068,0.30517590758112756,0.5736294907005042
-0.2801028154439446,-1.1657040519244384,-0.9363656417590819,-0.9867565279712074,-0.5294405341272427,1.6617460058356508,-0.28004641531164814,-0.7592700467007997,1.3939971675713017,0.0,-1.2165074415142423,-1.2093507338753493,0.9813631240879068,0.30517590758112756,0.5736294907005042
0.42854532034754755,0.8437007554702182,-0.9363656417590819,-0.9867565279712074,-0.5294405341272427,1.6617460058356508,0.428627521746913,0.0019148891274550072,0.07663779069460772,0.0,1.0856187696102557,-1.2093507338753493,0.9813631240879068,0.30517590758112756,0.5736294907005042
0.42854532034754755,0.8437007554702182,-0.9363656417590819,-0.9867565279712074,-0.5294405341272427,1.6617460058356508,0.428627521746913,0.06046757649885921,-0.782509629007584,0.0,-0.0654443359519933,-1.2093507338753493,0.9813631240879068,0.30517590758112756,0.5736294907005042
0.42854532034754755,0.8437007554702182,-0.9363656417590819,-0.9867565279712074,-0.5294405341272427,1.6617460058356508,0.428627521746913,1.1729686365555392,0.5921262425159228,0.0,1.0856187696102557,-1.2093507338753493,0.9813631240879068,0.30517590758112756,0.5736294907005042
0.6647613656113783,0.8437007554702182,-0.9363656417590819,-0.9867565279712074,-0.5294405341272427,1.6617460058356508,0.6648521674331,0.9973105744413265,1.1648911889840505,0.0,-0.4491320378060763,1.239731226190802,0.9813631240879068,0.30517590758112756,0.5736294907005042
0.900977410875209,-0.16100164822711013,-0.9363656417590819,-0.9867565279712074,-0.5294405341272427,1.6617460058356508,0.901076813119287,1.5828374481553686,1.2794441782776762,0.0,-0.8328197396601593,1.239731226190802,0.9813631240879068,0.30517590758112756,0.5736294907005042
1.1371934561390398,0.8437007554702182,-0.9363656417590819,-0.9867565279712074,-0.5294405341272427,1.6617460058356508,1.1373014588054742,-1.2862442330434376,-0.8970626183012096,0.0,1.469306471464339,1.239731226190802,0.9813631240879068,0.30517590758112756,0.5736294907005042
1.3734095014028704,0.8437007554702182,-0.9363656417590819,-0.9867565279712074,-0.5294405341272427,1.6617460058356508,1.3735261044916611,-1.2276915456720334,1.5085501568649273,0.0,-0.0654443359519933,1.239731226190802,0.9813631240879068,0.30517590758112756,0.5736294907005042
-0.7525349059716061,0.8437007554702182,-0.42906627849049117,-0.9867565279712074,-0.4138047228865204,1.6617460058356508,-0.7524957066840222,-1.0520334835578207,0.53484974786911,0.0,-0.0654443359519933,0.015190246157726272,1.4720446861318601,0.30517590758112756,0.5736294907005042
-0.7525349059716061,-0.16100164822711013,-0.42906627849049117,-0.9867565279712074,-0.4138047228865204,1.6617460058356508,-0.7524957066840222,1.0558632618127308,0.24846727463504606,0.0,-0.8328197396601593,0.015190246157726272,1.4720446861318601,0.30517590758112756,0.5736294907005042
-0.7525349059716061,0.8437007554702182,-0.42906627849049117,-0.9867565279712074,-0.4138047228865204,1.6617460058356508,-0.7524957066840222,1.2315213239269434,-0.8397861236543969,0.0,-0.4491320378060763,0.015190246157726272,1.4720446861318601,0.30517590758112756,0.5736294907005042
-0.7525349059716061,-1.1657040519244384,-0.42906627849049117,-0.9867565279712074,-0.4138047228865204,1.6617460058356508,-0.7524957066840222,1.5242847607839645,1.4512736622181146,0.0,-1.2165074415142423,0.015190246157726272,1.4720446861318601,0.30517590758112756,0.5736294907005042
-0.7525349059716061,-1.1657040519244384,-0.42906627849049117,-0.9867565279712074,-0.4138047228865204,1.6617460058356508,-0.7524957066840222,1.5828374481553686,1.050338199690425,0.0,-1.2165074415142423,0.015190246157726272,1.4720446861318601,0.30517590758112756,0.5736294907005042
-0.5163188607077753,-1.1657040519244384,-0.42906627849049117,-0.9867565279712074,-0.4138047228865204,1.6617460058356508,-0.5162710609978353,-1.3447969204148418,-1.068892102241648,0.0,-1.2165074415142423,-1.2093507338753493,1.4720446861318601,0.30517590758112756,0.5736294907005042
-0.5163188607077753,0.8437007554702182,-0.42906627849049117,-0.9867565279712074,-0.4138047228865204,1.6617460058356508,-0.5162710609978353,1.5242847607839645,0.4775732532222972,0.0,1.0856187696102557,-1.2093507338753493,1.4720446861318601,0.30517590758112756,0.5736294907005042
-0.2801028154439446,0.8437007554702182,-0.42906627849049117,-0.9867565279712074,-0.4138047228865204,1.6617460058356508,-0.28004641531164814,-1.6375603572718629,1.1076146943372378,0.0,1.469306471464339,-1.2093507338753493,1.4720446861318601,0.30517590758112756,0.5736294907005042
-0.2801028154439446,0.8437007554702182,-0.42906627849049117,-0.9867565279712074,-0.4138047228865204,1.6617460058356508,-0.28004641531164814,1.5828374481553686,-0.38157416647989456,0.0,1.469306471464339,-1.2093507338753493,1.4720446861318601,0.30517590758112756,0.5736294907005042
0.42854532034754755,0.8437007554702182,-0.42906627849049117,-0.9867565279712074,-0.4138047228865204,1.6617460058356508,0.428627521746913,-0.11519048561535342,0.42029675857548443,0.0,-0.4491320378060763,-1.2093507338753493,1.4720446861318601,0.30517590758112756,0.5736294907005042
0.42854532034754755,0.8437007554702182,-0.42906627849049117,-0.9867565279712074,-0.4138047228865204,1.6617460058356508,0.428627521746913,0.35323101335588025,-1.5271040594161502,0.0,1.469306471464339,-1.2093507338753493,1.4720446861318601,0.30517590758112756,0.5736294907005042
0.42854532034754755,0.8437007554702182,-0.42906627849049117,-0.9867565279712074,-0.4138047228865204,1.6617460058356508,0.428627521746913,0.4117837007272845,-1.6989335433565886,0.0,1.469306471464339,-1.2093507338753493,1.4720446861318601,0.30517590758112756,0.5736294907005042
0.900977410875209,-1.1657040519244384,-0.42906627849049117,-0.9867565279712074,-0.4138047228865204,1.6617460058356508,0.901076813119287,-1.110586170929225,0.24846727463504606,0.0,-1.2165074415142423,1.239731226190802,1.4720446861318601,0.30517590758112756,0.5736294907005042
0.900977410875209,0.8437007554702182,-0.42906627849049117,-0.9867565279712074,-0.4138047228865204,1.6617460058356508,0.901076813119287,-0.7007173593293955,-0.7252331343607713,0.0,-0.0654443359519933,1.239731226190802,1.4720446861318601,0.30517590758112756,0.5736294907005042
0.900977410875209,-1.1657040519244384,-0.42906627849049117,-0.9867565279712074,-0.4138047228865204,1.6617460058356508,0.901076813119287,-0.29084854772956603,0.5921262425159228,0.0,-1.2165074415142423,1.239731226190802,1.4720446861318601,0.30517590758112756,0.5736294907005042
0.900977410875209,0.8437007554702182,-0.42906627849049117,-0.9867565279712074,-0.4138047228865204,1.6617460058356508,0.901076813119287,0.5288890754700929,1.5085501568649273,0.0,-0.4491320378060763,1.239731226190802,1.4720446861318601,0.30517590758112756,0.5736294907005042
0.900977410875209,-1.1657040519244384,-0.42906627849049117,-0.9867565279712074,-0.4138047228865204,1.6617460058356508,0.901076813119287,0.7630998249557097,-0.9543391129480224,0.0,-1.2165074415142423,1.239731226190802,1.4720446861318601,0.30517590758112756,0.5736294907005042
-1.697399087026929,0.8437007554702182,0.07823308477809952,-0.9867565279712074,-0.2981689116457982,1.6617460058356508,-1.6973942894287704,-1.6375603572718629,0.36302026392867165,0.0,-0.4491320378060763,0.015190246157726272,0.4906815620439534,0.30517590758112756,0.5736294907005042
-1.4611830417630982,-0.16100164822711013,0.07823308477809952,-0.9867565279712074,-0.2981689116457982,1.6617460058356508,-1.4611696437425834,-0.34940123510097026,-0.7252331343607713,0.0,-0.8328197396601593,0.015190246157726272,0.4906815620439534,0.30517590758112756,0.5736294907005042
-1.2249669964992675,-0.16100164822711013,0.07823308477809952,-0.9867565279712074,-0.2981689116457982,1.6617460058356508,-1.2249449980563965,-1.4619022951576501,0.9930617050436122,0.0,-0.8328197396601593,0.015190246157726272,0.4906815620439534,0.30517590758112756,0.5736294907005042
-1.2249669964992675,0.8437007554702182,0.07823308477809952,-0.9867565279712074,-0.2981689116457982,1.6617460058356508,-1.2249449980563965,-0.5250592972151829,-1.1834450915352734,0.0,1.469306471464339,0.015190246157726272,0.4906815620439534,0.30517590758112756,0.5736294907005042
-1.2249669964992675,-2.1704064556217677,0.07823308477809952,-0.9867565279712074,-0.2981689116457982,1.6617460058356508,-1.2249449980563965,-0.40795392247237444,-1.4698275647693375,0.0,0.7019310677561728,0.015190246157726272,0.4906815620439534,0.30517590758112756,0.5736294907005042
-1.2249669964992675,-1.1657040519244384,0.07823308477809952,-0.9867565279712074,-0.2981689116457982,1.6617460058356508,-1.2249449980563965,0.5288890754700929,-0.6106801450671457,0.0,-1.2165074415142423,0.015190246157726272,0.4906815620439534,0.30517590758112756,0.5736294907005042
-1.2249669964992675,-0.16100164822711013,0.07823308477809952,-0.9867565279712074,-0.2981689116457982,1.6617460058356508,-1.2249449980563965,0.5874417628414971,-0.8970626183012096,0.0,-0.8328197396601593,0.015190246157726272,0.4906815620439534,0.30517590758112756,0.5736294907005042
-0.7525349059716061,-1.1657040519244384,0.07823308477809952,-0.9867565279712074,-0.2981689116457982,1.6617460058356508,-0.7524957066840222,-0.6421646719579913,-1.584380554062963,0.0,-1.2165074415142423,0.015190246157726272,0.4906815620439534,0.30517590758112756,0.5736294907005042
-0.5163188607077753,0.8437007554702182,0.07823308477809952,-0.9867565279712074,-0.2981689116457982,1.6617460058356508,-0.5162710609978353,-0.9349281088150123,0.42029675857548443,0.0,1.469306471464339,-1.2093507338753493,0.4906815620439534,0.30517590758112756,0.5736294907005042
-0.0438867701801139,-0.16100164822711013,0.07823308477809952,-0.9867565279712074,-0.2981689116457982,1.6617460058356508,-0.043821769625461124,1.407179386041156,1.1648911889840505,0.0,-0.8328197396601593,-1.2093507338753493,0.4906815620439534,0.30517590758112756,0.5736294907005042
-0.0438867701801139,-1.1657040519244384,0.07823308477809952,-0.9867565279712074,-0.2981689116457982,1.6617460058356508,-0.043821769625461124,1.5242847607839645,0.07663779069460772,0.0,-1.2165074415142423,-1.2093507338753493,0.4906815620439534,0.30517590758112756,0.5736294907005042
0.900977410875209,0.8437007554702182,0.07823308477809952,-0.9867565279712074,-0.2981689116457982,1.6617460058356508,0.901076813119287,1.0558632618127308,0.7639557264563611,0.0,-0.4491320378060763,1.239731226190802,0.4906815620439534,0.30517590758112756,0.5736294907005042
-1.697399087026929,-1.1657040519244384,0.5855324480466901,-0.9867565279712074,-0.1825331004050759,1.6617460058356508,-1.6973942894287704,1.5242847607839645,-1.4125510701225246,0.0,-1.2165074415142423,0.015190246157726272,-1.4720446861318601,0.30517590758112756,0.5736294907005042
-1.4611830417630982,-0.16100164822711013,0.5855324480466901,-0.9867565279712074,-0.1825331004050759,1.6617460058356508,-1.4611696437425834,-0.9349281088150123,0.5921262425159228,0.0,-0.8328197396601593,0.015190246157726272,-1.4720446861318601,0.30517590758112756,0.5736294907005042
-1.4611830417630982,-1.1657040519244384,0.5855324480466901,-0.9867565279712074,-0.1825331004050759,1.6617460058356508,-1.4611696437425834,1.7584955102695812,-0.2097446825394562,0.0,-1.2165074415142423,0.015190246157726272,-1.4720446861318601,0.30517590758112756,0.5736294907005042
-1.2249669964992675,0.8437007554702182,0.5855324480466901,-0.9867565279712074,-0.1825331004050759,1.6617460058356508,-1.2249449980563965,-1.696113044643267,-0.037915198599017846,0.0,1.469306471464339,0.015190246157726272,-1.4720446861318601,0.30517590758112756,0.5736294907005042
-1.2249669964992675,-2.1704064556217677,0.5855324480466901,-0.9867565279712074,-0.1825331004050759,1.6617460058356508,-1.2249449980563965,-0.17374317298675762,-1.2979980808288991,0.0,0.7019310677561728,0.015190246157726272,-1.4720446861318601,0.30517590758112756,0.5736294907005042
-1.2249669964992675,-1.1657040519244384,0.5855324480466901,-0.9867565279712074,-0.1825331004050759,1.6617460058356508,-1.2249449980563965,-0.056637798243949204,0.42029675857548443,0.0,-1.2165074415142423,0.015190246157726272,-1.4720446861318601,0.30517590758112756,0.5736294907005042
-0.9887509512354369,-1.1657040519244384,0.5855324480466901,-0.9867565279712074,-0.1825331004050759,1.6617460058356508,-0.9887203523702093,-0.5250592972151829,1.2221676836308635,0.0,-1.2165074415142423,0.015190246157726272,-1.4720446861318601,0.30517590758112756,0.5736294907005042
-0.9887509512354369,0.8437007554702182,0.5855324480466901,-0.9867565279712074,-0.1825331004050759,1.6617460058356508,-0.9887203523702093,1.114415949184135,-0.43885066112670734,0.0,1.469306471464339,0.015190246157726272,-1.4720446861318601,0.30517590758112756,0.5736294907005042
-0.9887509512354369,0.8437007554702182,0.5855324480466901,-0.9867565279712074,-0.1825331004050759,1.6617460058356508,-0.9887203523702093,1.1729686365555392,-0.1524681878926434,0.0,-0.4491320378060763,0.015190246157726272,-1.4720446861318601,0.30517590758112756,0.5736294907005042
-0.0438867701801139,-1.1657040519244384,0.5855324480466901,-0.9867565279712074,-0.1825331004050759,1.6617460058356508,-0.043821769625461124,0.35323101335588025,-0.7252331343607713,0.0,-1.2165074415142423,-1.2093507338753493,-1.4720446861318601,0.30517590758112756,0.5736294907005042
-0.0438867701801139,0.8437007554702182,0.5855324480466901,-0.9867565279712074,-0.1825331004050759,1.6617460058356508,-0.043821769625461124,0.4117837007272845,-0.4961271557735201,0.0,1.469306471464339,-1.2093507338753493,-1.4720446861318601,0.30517590758112756,0.5736294907005042
0.19232927508371683,0.8437007554702182,0.5855324480466901,-0.9867565279712074,-0.1825331004050759,1.6617460058356508,0.19240287606072592,1.4657320734125603,-0.5534036504203329,0.0,1.469306471464339,-1.2093507338753493,-1.4720446861318601,0.30517590758112756,0.5736294907005042
0.19232927508371683,0.8437007554702182,0.5855324480466901,-0.9867565279712074,-0.1825331004050759,1.6617460058356508,0.19240287606072592,1.5242847607839645,0.5921262425159228,0.0,1.469306471464339,-1.2093507338753493,-1.4720446861318601,0.30517590758112756,0.5736294907005042
0.42854532034754755,-1.1657040519244384,0.5855324480466901,-0.9867565279712074,-0.1825331004050759,1.6617460058356508,0.428627521746913,-0.11519048561535342,-1.4698275647693375,0.0,-1.2165074415142423,-1.2093507338753493,-1.4720446861318601,0.30517590758112756,0.5736294907005042
0.42854532034754755,0.8437007554702182,0.5855324480466901,-0.9867565279712074,-0.1825331004050759,1.6617460058356508,0.428627521746913,0.11902026387026342,-1.6989335433565886,0.0,-0.0654443359519933,-1.2093507338753493,-1.4720446861318601,0.30517590758112756,0.5736294907005042
0.42854532034754755,0.8437007554702182,0.5855324480466901,-0.9867565279712074,-0.1825331004050759,1.6617460058356508,0.428627521746913,0.11902026387026342,1.4512736622181146,0.0,-0.0654443359519933,-1.2093507338753493,-1.4720446861318601,0.30517590758112756,0.5736294907005042
0.42854532034754755,0.8437007554702182,0.5855324480466901,-0.9867565279712074,-0.1825331004050759,1.6617460058356508,0.428627521746913,0.17757295124166764,0.5921262425159228,0.0,-0.0654443359519933,-1.2093507338753493,-1.4720446861318601,0.30517590758112756,0.5736294907005042
0.6647613656113783,-1.1657040519244384,0.5855324480466901,-0.9867565279712074,-0.1825331004050759,1.6617460058356508,0.6648521674331,-1.403349607786246,-0.3242976718330818,0.0,-1.2165074415142423,1.239731226190802,-1.4720446861318601,0.30517590758112756,0.5736294907005042
0.6647613656113783,-1.1657040519244384,0.5855324480466901,-0.9867565279712074,-0.1825331004050759,1.6617460058356508,0.6648521674331,-0.40795392247237444,-0.8970626183012096,0.0,-1.2165074415142423,1.239731226190802,-1.4720446861318601,0.30517590758112756,0.5736294907005042
0.6647613656113783,0.8437007554702182,0.5855324480466901,-0.9867565279712074,-0.1825331004050759,1.6617460058356508,0.6648521674331,-0.11519048561535342,-0.8397861236543969,0.0,1.469306471464339,1.239731226190802,-1.4720446861318601,0.30517590758112756,0.5736294907005042
0.6647613656113783,0.8437007554702182,0.5855324480466901,-0.9867565279712074,-0.1825331004050759,1.6617460058356508,0.6648521674331,-0.056637798243949204,0.4775732532222972,0.0,1.469306471464339,1.239731226190802,-1.4720446861318601,0.30517590758112756,0.5736294907005042
1.3734095014028704,-1.1657040519244384,0.5855324480466901,-0.9867565279712074,-0.1825331004050759,1.6617460058356508,1.3735261044916611,-0.5250592972151829,-0.43885066112670734,0.0,-1.2165074415142423,1.239731226190802,-1.4720446861318601,0.30517590758112756,0.5736294907005042
1.6096255466667013,-1.1657040519244384,0.5855324480466901,-0.9867565279712074,-0.1825331004050759,1.6617460058356508,1.609750750177848,0.6459944502129013,0.7639557264563611,0.0,-1.2165074415142423,1.239731226190802,-1.4720446861318601,0.30517590758112756,0.5736294907005042
-1.2249669964992675,-0.16100164822711013,1.0928318113152808,-0.9867565279712074,-0.06689728916435364,1.6617460058356508,-1.2249449980563965,1.407179386041156,-0.43885066112670734,0.0,-0.8328197396601593,0.015190246157726272,-0.4906815620439534,0.30517590758112756,0.5736294907005042
-0.9887509512354369,0.8437007554702182,1.0928318113152808,-0.9867565279712074,-0.06689728916435364,1.6617460058356508,-0.9887203523702093,-1.5204549825290543,-0.43885066112670734,0.0,-0.4491320378060763,0.015190246157726272,-0.4906815620439534,0.30517590758112756,0.5736294907005042
-0.2801028154439446,-1.1657040519244384,1.0928318113152808,-0.9867565279712074,-0.06689728916435364,1.6617460058356508,-0.28004641531164814,1.5242847607839645,0.6494027371627356,0.0,-1.2165074415142423,-1.2093507338753493,-0.4906815620439534,0.30517590758112756,0.5736294907005042
0.6647613656113783,0.8437007554702182,1.0928318113152808,-0.9867565279712074,-0.06689728916435364,1.6617460058356508,0.6648521674331,-1.110586170929225,-0.38157416647989456,0.0,-0.4491320378060763,1.239731226190802,-0.4906815620439534,0.30517590758112756,0.5736294907005042
0.6647613656113783,-0.16100164822711013,1.0928318113152808,-0.9867565279712074,-0.06689728916435364,1.6617460058356508,0.6648521674331,-0.9934807961864165,-1.2407215861820864,0.0,-0.8328197396601593,1.239731226190802,-0.4906815620439534,0.30517590758112756,0.5736294907005042
1.1371934561390398,-0.16100164822711013,1.0928318113152808,-0.9867565279712074,-0.06689728916435364,1.6617460058356508,1.1373014588054742,0.06046757649885921,0.36302026392867165,0.0,-0.8328197396601593,1.239731226190802,-0.4906815620439534,0.30517590758112756,0.5736294907005042
1.1371934561390398,0.8437007554702182,1.0928318113152808,-0.9867565279712074,-0.06689728916435364,1.6617460058356508,1.1373014588054742,1.2900740112983475,-0.1524681878926434,0.0,-0.4491320378060763,1.239731226190802,-0.4906815620439534,0.30517590758112756,0.5736294907005042
-1.2249669964992675,0.8437007554702182,1.6001311745838716,-0.9867565279712074,0.048738522076368605,1.6617460058356508,-1.2249449980563965,0.17757295124166764,-0.7252331343607713,0.0,-0.4491320378060763,0.015190246157726272,0.0,0.30517590758112756,0.5736294907005042
-1.2249669964992675,-0.16100164822711013,1.6001311745838716,-0.9867565279712074,0.048738522076368605,1.6617460058356508,-1.2249449980563965,0.4117837007272845,-0.38157416647989456,0.0,-0.8328197396601593,0.015190246157726272,0.0,0.30517590758112756,0.5736294907005042
-0.9887509512354369,0.8437007554702182,1.6001311745838716,-0.9867565279712074,0.048738522076368605,1.6617460058356508,-0.9887203523702093,1.2315213239269434,-1.1834450915352734,0.0,1.469306471464339,0.015190246157726272,0.0,0.30517590758112756,0.5736294907005042
-0.5163188607077753,0.8437007554702182,1.6001311745838716,-0.9867565279712074,0.048738522076368605,1.6617460058356508,-0.5162710609978353,-1.696113044643267,0.9930617050436122,0.0,1.0856187696102557,-1.2093507338753493,0.0,0.30517590758112756,0.5736294907005042
-0.0438867701801139,-1.1657040519244384,1.6001311745838716,-0.9867565279712074,0.048738522076368605,1.6617460058356508,-0.043821769625461124,-0.40795392247237444,0.7066792318095484,0.0,-1.2165074415142423,-1.2093507338753493,0.0,0.30517590758112756,0.5736294907005042
-1.9336151322907598,-1.1657040519244384,-1.4436650050276725,-0.9867565279712074,0.16437433331709086,1.6617460058356508,-1.9336189351149575,1.4657320734125603,0.5921262425159228,0.0,-1.2165074415142423,0.015190246157726272,-0.9813631240879068,0.30517590758112756,0.5736294907005042
-1.4611830417630982,-1.1657040519244384,-1.4436650050276725,-0.9867565279712074,0.16437433331709086,1.6617460058356508,-1.4611696437425834,-1.1691388583006292,1.1648911889840505,0.0,-1.2165074415142423,0.015190246157726272,-0.9813631240879068,0.30517590758112756,0.5736294907005042
-1.4611830417630982,-1.1657040519244384,-1.4436650050276725,-0.9867565279712074,0.16437433331709086,1.6617460058356508,-1.4611696437425834,-0.6421646719579913,-1.584380554062963,0.0,-1.2165074415142423,0.015190246157726272,-0.9813631240879068,0.30517590758112756,0.5736294907005042
-1.2249669964992675,-0.16100164822711013,-1.4436650050276725,-0.9867565279712074,0.16437433331709086,1.6617460058356508,-1.2249449980563965,-1.5790076699004587,1.623103146158553,0.0,-0.8328197396601593,0.015190246157726272,-0.9813631240879068,0.30517590758112756,0.5736294907005042
-0.9887509512354369,-1.1657040519244384,-1.4436650050276725,-0.9867565279712074,0.16437433331709086,1.6617460058356508,-0.9887203523702093,0.17757295124166764,0.53484974786911,0.0,-1.2165074415142423,0.015190246157726272,-0.9813631240879068,0.30517590758112756,0.5736294907005042
-0.2801028154439446,-1.1657040519244384,-1.4436650050276725,-0.9867565279712074,0.16437433331709086,1.6617460058356508,-0.28004641531164814,1.7584955102695812,-1.6989335433565886,0.0,-1.2165074415142423,-1.2093507338753493,-0.9813631240879068,0.30517590758112756,0.5736294907005042
-0.0438867701801139,0.8437007554702182,-1.4436650050276725,-0.9867565279712074,0.16437433331709086,1.6617460058356508,-0.043821769625461124,-0.4665066098437787,-0.3242976718330818,0.0,-0.0654443359519933,-1.2093507338753493,-0.9813631240879068,0.30517590758112756,0.5736294907005042
-0.0438867701801139,0.8437007554702182,-1.4436650050276725,-0.9867565279712074,0.16437433331709086,1.6617460058356508,-0.043821769625461124,-0.40795392247237444,-0.6106801450671457,0.0,-0.0654443359519933,-1.2093507338753493,-0.9813631240879068,0.30517590758112756,0.5736294907005042
-0.0438867701801139,0.8437007554702182,-1.4436650050276725,-0.9867565279712074,0.16437433331709086,1.6617460058356508,-0.043821769625461124,1.114415949184135,-1.5271040594161502,0.0,1.469306471464339,-1.2093507338753493,-0.9813631240879068,0.30517590758112756,0.5736294907005042
0.19232927508371683,0.8437007554702182,-1.4436650050276725,-0.9867565279712074,0.16437433331709086,1.6617460058356508,0.19240287606072592,-1.0520334835578207,-0.7252331343607713,0.0,-0.4491320378060763,-1.2093507338753493,-0.9813631240879068,0.30517590758112756,0.5736294907005042
0.19232927508371683,0.8437007554702182,-1.4436650050276725,-0.9867565279712074,0.16437433331709086,1.6617460058356508,0.19240287606072592,1.0558632618127308,-0.8397861236543969,0.0,1.469306471464339,-1.2093507338753493,-0.9813631240879068,0.30517590758112756,0.5736294907005042
0.19232927508371683,0.8437007554702182,-1.4436650050276725,-0.9867565279712074,0.16437433331709086,1.6617460058356508,0.19240287606072592,1.114415949184135,1.623103146158553,0.0,1.469306471464339,-1.2093507338753493,-0.9813631240879068,0.30517590758112756,0.5736294907005042
0.42854532034754755,-1.1657040519244384,-1.4436650050276725,-0.9867565279712074,0.16437433331709086,1.6617460058356508,0.428627521746913,0.9973105744413265,0.821232221103174,0.0,-1.2165074415142423,-1.2093507338753493,-0.9813631240879068,0.30517590758112756,0.5736294907005042
-1.4611830417630982,-0.16100164822711013,-0.9363656417590819,-0.9867565279712074,0.2800101445578131,1.6617460058356508,-1.4611696437425834,-0.34940123510097026,-1.1261685968884607,0.0,-0.8328197396601593,0.015190246157726272,0.9813631240879068,0.30517590758112756,0.5736294907005042
-1.4611830417630982,0.8437007554702182,-0.9363656417590819,-0.9867565279712074,0.2800101445578131,1.6617460058356508,-1.4611696437425834,0.23612563861307184,1.1076146943372378,0.0,1.469306471464339,0.015190246157726272,0.9813631240879068,0.30517590758112756,0.5736294907005042
-0.9887509512354369,0.8437007554702182,-0.9363656417590819,-0.9867565279712074,0.2800101445578131,1.6617460058356508,-0.9887203523702093,1.1729686365555392,1.2221676836308635,0.0,1.469306471464339,0.015190246157726272,0.9813631240879068,0.30517590758112756,0.5736294907005042
-0.9887509512354369,-1.1657040519244384,-0.9363656417590819,-0.9867565279712074,0.2800101445578131,1.6617460058356508,-0.9887203523702093,1.2900740112983475,-0.7252331343607713,0.0,-1.2165074415142423,0.015190246157726272,0.9813631240879068,0.30517590758112756,0.5736294907005042
-0.7525349059716061,0.8437007554702182,-0.9363656417590819,-0.9867565279712074,0.2800101445578131,1.6617460058356508,-0.7524957066840222,1.0558632618127308,-0.6106801450671457,0.0,1.0856187696102557,0.015190246157726272,0.9813631240879068,0.30517590758112756,0.5736294907005042
-0.7525349059716061,0.8437007554702182,-0.9363656417590819,-0.9867565279712074,0.2800101445578131,1.6617460058356508,-0.7524957066840222,1.114415949184135,1.4512736622181146,0.0,1.0856187696102557,0.015190246157726272,0.9813631240879068,0.30517590758112756,0.5736294907005042
-0.0438867701801139,-0.16100164822711013,-0.9363656417590819,-0.9867565279712074,0.2800101445578131,1.6617460058356508,-0.043821769625461124,0.8216525123271139,0.30574376928185887,0.0,-0.8328197396601593,-1.2093507338753493,0.9813631240879068,0.30517590758112756,0.5736294907005042
0.19232927508371683,-1.1657040519244384,-0.9363656417590819,-0.9867565279712074,0.2800101445578131,1.6617460058356508,0.19240287606072592,-1.5204549825290543,1.336720672924489,0.0,-1.2165074415142423,-1.2093507338753493,0.9813631240879068,0.30517590758112756,0.5736294907005042
0.19232927508371683,-0.16100164822711013,-0.9363656417590819,-0.9867565279712074,0.2800101445578131,1.6617460058356508,0.19240287606072592,-1.0520334835578207,-1.2979980808288991,0.0,-0.8328197396601593,-1.2093507338753493,0.9813631240879068,0.30517590758112756,0.5736294907005042
0.42854532034754755,-1.1657040519244384,-0.9363656417590819,-0.9867565279712074,0.2800101445578131,1.6617460058356508,0.428627521746913,-1.1691388583006292,-1.2979980808288991,0.0,-1.2165074415142423,-1.2093507338753493,0.9813631240879068,0.30517590758112756,0.5736294907005042
0.42854532034754755,0.8437007554702182,-0.9363656417590819,-0.9867565279712074,0.2800101445578131,1.6617460058356508,0.428627521746913,-1.0520334835578207,0.8785087157499867,0.0,1.469306471464339,-1.2093507338753493,0.9813631240879068,0.30517590758112756,0.5736294907005042
0.42854532034754755,-2.1704064556217677,-0.9363656417590819,-0.9867565279712074,0.2800101445578131,1.6617460058356508,0.428627521746913,-0.34940123510097026,-0.5534036504203329,0.0,0.7019310677561728,-1.2093507338753493,0.9813631240879068,0.30517590758112756,0.5736294907005042
0.900977410875209,0.8437007554702182,-0.9363656417590819,-0.9867565279712074,0.2800101445578131,1.6617460058356508,0.901076813119287,0.7630998249557097,0.019361296047794935,0.0,-0.0654443359519933,1.239731226190802,0.9813631240879068,0.30517590758112756,0.5736294907005042
0.900977410875209,0.8437007554702182,-0.9363656417590819,-0.9867565279712074,0.2800101445578131,1.6617460058356508,0.901076813119287,0.8216525123271139,-0.7252331343607713,0.0,-0.0654443359519933,1.239731226190802,0.9813631240879068,0.30517590758112756,0.5736294907005042
1.3734095014028704,0.8437007554702182,-0.9363656417590819,-0.9867565279712074,0.2800101445578131,1.6617460058356508,1.3735261044916611,-1.696113044643267,0.24846727463504606,0.0,-0.0654443359519933,1.239731226190802,0.9813631240879068,0.30517590758112756,0.5736294907005042
1.3734095014028704,0.8437007554702182,-0.9363656417590819,-0.9867565279712074,0.2800101445578131,1.6617460058356508,1.3735261044916611,-1.6375603572718629,0.42029675857548443,0.0,-0.0654443359519933,1.239731226190802,0.9813631240879068,0.30517590758112756,0.5736294907005042
1.6096255466667013,0.8437007554702182,-0.9363656417590819,-0.9867565279712074,0.2800101445578131,1.6617460058356508,1.609750750177848,-0.5250592972151829,0.5921262425159228,0.0,1.469306471464339,1.239731226190802,0.9813631240879068,0.30517590758112756,0.5736294907005042
-1.697399087026929,-1.1657040519244384,-0.42906627849049117,-0.9867565279712074,0.39564595579853534,1.6617460058356508,-1.6973942894287704,-1.5204549825290543,-1.2979980808288991,0.0,-1.2165074415142423,0.015190246157726272,1.4720446861318601,0.30517590758112756,0.5736294907005042
-1.697399087026929,-1.1657040519244384,-0.42906627849049117,-0.9867565279712074,0.39564595579853534,1.6617460058356508,-1.6973942894287704,-1.4619022951576501,-1.2407215861820864,0.0,-1.2165074415142423,0.015190246157726272,1.4720446861318601,0.30517590758112756,0.5736294907005042
-1.697399087026929,0.8437007554702182,-0.42906627849049117,-0.9867565279712074,0.39564595579853534,1.6617460058356508,-1.6973942894287704,-1.3447969204148418,0.24846727463504606,0.0,-0.4491320378060763,0.015190246157726272,1.4720446861318601,0.30517590758112756,0.5736294907005042
-1.4611830417630982,-1.1657040519244384,-0.42906627849049117,-0.9867565279712074,0.39564595579853534,1.6617460058356508,-1.4611696437425834,-1.5204549825290543,-0.6679566397139585,0.0,-1.2165074415142423,0.015190246157726272,1.4720446861318601,0.30517590758112756,0.5736294907005042
-0.9887509512354369,0.8437007554702182,-0.42906627849049117,-0.9867565279712074,0.39564595579853534,1.6617460058356508,-0.9887203523702093,-0.6421646719579913,0.53484974786911,0.0,1.0856187696102557,0.015190246157726272,1.4720446861318601,0.30517590758112756,0.5736294907005042
-0.7525349059716061,-1.1657040519244384,-0.42906627849049117,-0.9867565279712074,0.39564595579853534,1.6617460058356508,-0.7524957066840222,1.5242847607839645,0.53484974786911,0.0,-1.2165074415142423,0.015190246157726272,1.4720446861318601,0.30517590758112756,0.5736294907005042
-0.5163188607077753,-1.1657040519244384,-0.42906627849049117,-0.9867565279712074,0.39564595579853534,1.6617460058356508,-0.5162710609978353,1.699942822898177,-0.1524681878926434,0.0,-1.2165074415142423,-1.2093507338753493,1.4720446861318601,0.30517590758112756,0.5736294907005042
0.19232927508371683,0.8437007554702182,-0.42906627849049117,-0.9867565279712074,0.39564595579853534,1.6617460058356508,0.19240287606072592,-0.9934807961864165,1.336720672924489,0.0,1.469306471464339,-1.2093507338753493,1.4720446861318601,0.30517590758112756,0.5736294907005042
0.19232927508371683,0.8437007554702182,-0.42906627849049117,-0.9867565279712074,0.39564595579853534,1.6617460058356508,0.19240287606072592,-0.8763754214436081,-0.38157416647989456,0.0,1.469306471464339,-1.2093507338753493,1.4720446861318601,0.30517590758112756,0.5736294907005042
0.42854532034754755,0.8437007554702182,-0.42906627849049117,-0.9867565279712074,0.39564595579853534,1.6617460058356508,0.428627521746913,-0.583611984586587,0.19119077998823328,0.0,1.469306471464339,-1.2093507338753493,1.4720446861318601,0.30517590758112756,0.5736294907005042
0.42854532034754755,-1.1657040519244384,-0.42906627849049117,-0.9867565279712074,0.39564595579853534,1.6617460058356508,0.428627521746913,0.0019148891274550072,1.5085501568649273,0.0,-1.2165074415142423,-1.2093507338753493,1.4720446861318601,0.30517590758112756,0.5736294907005042
0.42854532034754755,0.8437007554702182,-0.42906627849049117,-0.9867565279712074,0.39564595579853534,1.6617460058356508,0.428627521746913,0.6459944502129013,0.19119077998823328,0.0,-0.4491320378060763,-1.2093507338753493,1.4720446861318601,0.30517590758112756,0.5736294907005042
0.42854532034754755,0.8437007554702182,-0.42906627849049117,-0.9867565279712074,0.39564595579853534,1.6617460058356508,0.428627521746913,0.7630998249557097,-0.782509629007584,0.0,-0.4491320378060763,-1.2093507338753493,1.4720446861318601,0.30517590758112756,0.5736294907005042
0.42854532034754755,-1.1657040519244384,-0.42906627849049117,-0.9867565279712074,0.39564595579853534,1.6617460058356508,0.428627521746913,1.2900740112983475,0.30574376928185887,0.0,-1.2165074415142423,-1.2093507338753493,1.4720446861318601,0.30517590758112756,0.5736294907005042
0.42854532034754755,-1.1657040519244384,-0.42906627849049117,-0.9867565279712074,0.39564595579853534,1.6617460058356508,0.428627521746913,1.3486266986697517,-0.037915198599017846,0.0,-1.2165074415142423,-1.2093507338753493,1.4720446861318601,0.30517590758112756,0.5736294907005042
0.6647613656113783,0.8437007554702182,-0.42906627849049117,-0.9867565279712074,0.39564595579853534,1.6617460058356508,0.428627521746913,1.7584955102695812,1.6803796408053657,0.0,-0.0654443359519933,1.239731226190802,1.4720446861318601,0.30517590758112756,0.5736294907005042
0.6647613656113783,-0.16100164822711013,-0.42906627849049117,-0.9867565279712074,0.39564595579853534,1.6617460058356508,0.6648521674331,-1.1691388583006292,1.4512736622181146,0.0,-0.8328197396601593,1.239731226190802,1.4720446861318601,0.30517590758112756,0.5736294907005042
0.6647613656113783,-0.16100164822711013,-0.42906627849049117,-0.9867565279712074,0.39564595579853534,1.6617460058356508,0.6648521674331,-0.11519048561535342,0.53484974786911,0.0,-0.8328197396601593,1.239731226190802,1.4720446861318601,0.30517590758112756,0.5736294907005042
0.900977410875209,-1.1657040519244384,-0.42906627849049117,-0.9867565279712074,0.39564595579853534,1.6617460058356508,0.901076813119287,0.0019148891274550072,1.1648911889840505,0.0,0.31824336590208974,1.239731226190802,1.4720446861318601,0.30517590758112756,0.5736294907005042
0.900977410875209,-2.1704064556217677,-0.42906627849049117,-0.9867565279712074,0.39564595579853534,1.6617460058356508,0.901076813119287,0.06046757649885921,0.821232221103174,0.0,0.7019310677561728,1.239731226190802,1.4720446861318601,0.30517590758112756,0.5736294907005042
0.900977410875209,-2.1704064556217677,-0.42906627849049117,-0.9867565279712074,0.39564595579853534,1.6617460058356508,0.901076813119287,0.11902026387026342,-0.267021177186269,0.0,0.7019310677561728,1.239731226190802,1.4720446861318601,0.30517590758112756,0.5736294907005042
-1.4611830417630982,-0.16100164822711013,0.07823308477809952,-0.9867565279712074,0.5112817670392577,1.6617460058356508,-1.4611696437425834,-0.9349281088150123,-0.782509629007584,0.0,-0.8328197396601593,0.015190246157726272,0.4906815620439534,0.30517590758112756,0.5736294907005042
-1.2249669964992675,-0.16100164822711013,0.07823308477809952,-0.9867565279712074,0.5112817670392577,1.6617460058356508,-1.2249449980563965,1.3486266986697517,-1.4698275647693375,0.0,-0.8328197396601593,0.015190246157726272,0.4906815620439534,0.30517590758112756,0.5736294907005042
-0.9887509512354369,-0.16100164822711013,0.07823308477809952,-0.9867565279712074,0.5112817670392577,1.6617460058356508,-0.9887203523702093,-1.3447969204148418,0.821232221103174,0.0,-0.8328197396601593,0.015190246157726272,0.4906815620439534,0.30517590758112756,0.5736294907005042
-0.9887509512354369,-1.1657040519244384,0.07823308477809952,-0.9867565279712074,0.5112817670392577,1.6617460058356508,-0.9887203523702093,0.9387578870699224,0.821232221103174,0.0,-1.2165074415142423,0.015190246157726272,0.4906815620439534,0.30517590758112756,0.5736294907005042
-0.9887509512354369,-1.1657040519244384,0.07823308477809952,-0.9867565279712074,0.5112817670392577,1.6617460058356508,-0.9887203523702093,1.5242847607839645,-0.7252331343607713,0.0,-1.2165074415142423,0.015190246157726272,0.4906815620439534,0.30517590758112756,0.5736294907005042
-0.5163188607077753,-1.1657040519244384,0.07823308477809952,-0.9867565279712074,0.5112817670392577,1.6617460058356508,-0.5162710609978353,1.114415949184135,-0.3242976718330818,0.0,-1.2165074415142423,-1.2093507338753493,0.4906815620439534,0.30517590758112756,0.5736294907005042
-0.0438867701801139,-1.1657040519244384,0.07823308477809952,-0.9867565279712074,0.5112817670392577,1.6617460058356508,-0.043821769625461124,-1.4619022951576501,0.7639557264563611,0.0,-1.2165074415142423,-1.2093507338753493,0.4906815620439534,0.30517590758112756,0.5736294907005042
-0.0438867701801139,-1.1657040519244384,0.07823308477809952,-0.9867565279712074,0.5112817670392577,1.6617460058356508,-0.043821769625461124,-0.5250592972151829,0.42029675857548443,0.0,-1.2165074415142423,-1.2093507338753493,0.4906815620439534,0.30517590758112756,0.5736294907005042
-0.0438867701801139,-2.1704064556217677,0.07823308477809952,-0.9867565279712074,0.5112817670392577,1.6617460058356508,-0.043821769625461124,-0.4665066098437787,0.6494027371627356,0.0,0.7019310677561728,-1.2093507338753493,0.4906815620439534,0.30517590758112756,0.5736294907005042
-0.0438867701801139,-1.1657040519244384,0.07823308477809952,-0.9867565279712074,0.5112817670392577,1.6617460058356508,-0.043821769625461124,-0.23229586035816183,-1.4698275647693375,0.0,0.31824336590208974,-1.2093507338753493,0.4906815620439534,0.30517590758112756,0.5736294907005042
-0.0438867701801139,0.8437007554702182,0.07823308477809952,-0.9867565279712074,0.5112817670392577,1.6617460058356508,-0.043821769625461124,-0.17374317298675762,0.9357852103967995,0.0,-0.4491320378060763,-1.2093507338753493,0.4906815620439534,0.30517590758112756,0.5736294907005042
-0.0438867701801139,0.8437007554702182,0.07823308477809952,-0.9867565279712074,0.5112817670392577,1.6617460058356508,-0.043821769625461124,1.7584955102695812,0.9930617050436122,0.0,-0.4491320378060763,-1.2093507338753493,0.4906815620439534,0.30517590758112756,0.5736294907005042
0.19232927508371683,-1.1657040519244384,0.07823308477809952,-0.9867565279712074,0.5112817670392577,1.6617460058356508,0.19240287606072592,-1.403349607786246,-0.43885066112670734,0.0,-1.2165074415142423,-1.2093507338753493,0.4906815620439534,0.30517590758112756,0.5736294907005042
0.19232927508371683,-1.1657040519244384,0.07823308477809952,-0.9867565279712074,0.5112817670392577,1.6617460058356508,0.19240287606072592,-0.4665066098437787,1.2221676836308635,0.0,-1.2165074415142423,-1.2093507338753493,0.4906815620439534,0.30517590758112756,0.5736294907005042
0.42854532034754755,0.8437007554702182,0.07823308477809952,-0.9867565279712074,0.5112817670392577,1.6617460058356508,0.428627521746913,0.9387578870699224,0.821232221103174,0.0,-0.4491320378060763,-1.2093507338753493,0.4906815620439534,0.30517590758112756,0.5736294907005042
0.6647613656113783,-1.1657040519244384,0.07823308477809952,-0.9867565279712074,0.5112817670392577,1.6617460058356508,0.6648521674331,-0.34940123510097026,1.2221676836308635,0.0,-1.2165074415142423,1.239731226190802,0.4906815620439534,0.30517590758112756,0.5736294907005042
0.900977410875209,0.8437007554702182,0.07823308477809952,-0.9867565279712074,0.5112817670392577,1.6617460058356508,0.901076813119287,1.5242847607839645,1.623103146158553,0.0,1.0856187696102557,1.239731226190802,0.4906815620439534,0.30517590758112756,0.5736294907005042
1.1371934561390398,0.8437007554702182,0.07823308477809952,-0.9867565279712074,0.5112817670392577,1.6617460058356508,1.1373014588054742,0.4117837007272845,0.6494027371627356,0.0,-0.0654443359519933,1.239731226190802,0.4906815620439534,0.30517590758112756,0.5736294907005042
1.1371934561390398,0.8437007554702182,0.07823308477809952,-0.9867565279712074,0.5112817670392577,1.6617460058356508,1.1373014588054742,1.6413901355267728,1.050338199690425,0.0,-0.4491320378060763,1.239731226190802,0.4906815620439534,0.30517590758112756,0.5736294907005042
1.6096255466667013,0.8437007554702182,0.07823308477809952,-0.9867565279712074,0.5112817670392577,1.6617460058356508,1.609750750177848,1.2315213239269434,-0.8397861236543969,0.0,1.469306471464339,1.239731226190802,0.4906815620439534,0.30517590758112756,0.5736294907005042
-1.697399087026929,-0.16100164822711013,0.5855324480466901,-0.9867565279712074,0.6269175782799798,1.6617460058356508,-1.6973942894287704,-1.3447969204148418,-1.068892102241648,0.0,-0.8328197396601593,0.015190246157726272,-1.4720446861318601,0.30517590758112756,0.5736294907005042
-1.697399087026929,-0.16100164822711013,0.5855324480466901,-0.9867565279712074,0.6269175782799798,1.6617460058356508,-1.6973942894287704,-1.1691388583006292,-1.2407215861820864,0.0,-0.8328197396601593,0.015190246157726272,-1.4720446861318601,0.30517590758112756,0.5736294907005042
-1.4611830417630982,-1.1657040519244384,0.5855324480466901,-0.9867565279712074,0.6269175782799798,1.6617460058356508,-1.4611696437425834,-0.7592700467007997,0.7639557264563611,0.0,-1.2165074415142423,0.015190246157726272,-1.4720446861318601,0.30517590758112756,0.5736294907005042
-1.4611830417630982,-1.1657040519244384,0.5855324480466901,-0.9867565279712074,0.6269175782799798,1.6617460058356508,-1.4611696437425834,-0.056637798243949204,0.36302026392867165,0.0,-1.2165074415142423,0.015190246157726272,-1.4720446861318601,0.30517590758112756,0.5736294907005042
-1.4611830417630982,-1.1657040519244384,0.5855324480466901,-0.9867565279712074,0.6269175782799798,1.6617460058356508,-1.4611696437425834,0.0019148891274550072,-0.5534036504203329,0.0,-1.2165074415142423,0.015190246157726272,-1.4720446861318601,0.30517590758112756,0.5736294907005042
-1.4611830417630982,0.8437007554702182,0.5855324480466901,-0.9867565279712074,0.6269175782799798,1.6617460058356508,-1.4611696437425834,0.35323101335588025,-0.6679566397139585,0.0,-0.4491320378060763,0.015190246157726272,-1.4720446861318601,0.30517590758112756,0.5736294907005042
-0.7525349059716061,-1.1657040519244384,0.5855324480466901,-0.9867565279712074,0.6269175782799798,1.6617460058356508,-0.7524957066840222,1.2315213239269434,-1.1834450915352734,0.0,-1.2165074415142423,0.015190246157726272,-1.4720446861318601,0.30517590758112756,0.5736294907005042
-0.7525349059716061,0.8437007554702182,0.5855324480466901,-0.9867565279712074,0.6269175782799798,1.6617460058356508,-0.7524957066840222,1.2900740112983475,-1.2979980808288991,0.0,1.469306471464339,0.015190246157726272,-1.4720446861318601,0.30517590758112756,0.5736294907005042
-0.2801028154439446,-1.1657040519244384,0.5855324480466901,-0.9867565279712074,0.6269175782799798,1.6617460058356508,-0.28004641531164814,-1.5790076699004587,1.050338199690425,0.0,-1.2165074415142423,-1.2093507338753493,-1.4720446861318601,0.30517590758112756,0.5736294907005042
-0.2801028154439446,0.8437007554702182,0.5855324480466901,-0.9867565279712074,0.6269175782799798,1.6617460058356508,-0.28004641531164814,-0.34940123510097026,1.56582665151174,0.0,1.469306471464339,-1.2093507338753493,-1.4720446861318601,0.30517590758112756,0.5736294907005042
-0.0438867701801139,0.8437007554702182,0.5855324480466901,-0.9867565279712074,0.6269175782799798,1.6617460058356508,-0.043821769625461124,-1.0520334835578207,0.821232221103174,0.0,-0.4491320378060763,-1.2093507338753493,-1.4720446861318601,0.30517590758112756,0.5736294907005042
0.19232927508371683,0.8437007554702182,0.5855324480466901,-0.9867565279712074,0.6269175782799798,1.6617460058356508,0.19240287606072592,-1.1691388583006292,-1.5271040594161502,0.0,-0.4491320378060763,-1.2093507338753493,-1.4720446861318601,0.30517590758112756,0.5736294907005042
0.19232927508371683,-1.1657040519244384,0.5855324480466901,-0.9867565279712074,0.6269175782799798,1.6617460058356508,0.19240287606072592,-0.29084854772956603,0.7066792318095484,0.0,-1.2165074415142423,-1.2093507338753493,-1.4720446861318601,0.30517590758112756,0.5736294907005042
0.19232927508371683,0.8437007554702182,0.5855324480466901,-0.9867565279712074,0.6269175782799798,1.6617460058356508,0.19240287606072592,-0.056637798243949204,-0.6106801450671457,0.0,1.469306471464339,-1.2093507338753493,-1.4720446861318601,0.30517590758112756,0.5736294907005042
0.19232927508371683,0.8437007554702182,0.5855324480466901,-0.9867565279712074,0.6269175782799798,1.6617460058356508,0.19240287606072592,0.0019148891274550072,0.1339142853414205,0.0,-0.4491320378060763,-1.2093507338753493,-1.4720446861318601,0.30517590758112756,0.5736294907005042
0.6647613656113783,0.8437007554702182,0.5855324480466901,-0.9867565279712074,0.6269175782799798,1.6617460058356508,0.6648521674331,-1.6375603572718629,-0.09519169324583063,0.0,1.0856187696102557,1.239731226190802,-1.4720446861318601,0.30517590758112756,0.5736294907005042
0.6647613656113783,0.8437007554702182,0.5855324480466901,-0.9867565279712074,0.6269175782799798,1.6617460058356508,0.6648521674331,-0.4665066098437787,-0.782509629007584,0.0,1.469306471464339,1.239731226190802,-1.4720446861318601,0.30517590758112756,0.5736294907005042
0.6647613656113783,0.8437007554702182,0.5855324480466901,-0.9867565279712074,0.6269175782799798,1.6617460058356508,0.6648521674331,-0.40795392247237444,1.1076146943372378,0.0,1.469306471464339,1.239731226190802,-1.4720446861318601,0.30517590758112756,0.5736294907005042
0.900977410875209,0.8437007554702182,0.5855324480466901,-0.9867565279712074,0.6269175782799798,1.6617460058356508,0.901076813119287,1.3486266986697517,-1.0116156075948353,0.0,1.469306471464339,1.239731226190802,-1.4720446861318601,0.30517590758112756,0.5736294907005042
0.900977410875209,-1.1657040519244384,0.5855324480466901,-0.9867565279712074,0.6269175782799798,1.6617460058356508,0.901076813119287,1.7584955102695812,-0.3242976718330818,0.0,-1.2165074415142423,1.239731226190802,-1.4720446861318601,0.30517590758112756,0.5736294907005042
-1.2249669964992675,-0.16100164822711013,1.0928318113152808,-0.9867565279712074,0.7425533895207022,1.6617460058356508,-1.2249449980563965,-1.403349607786246,-0.9543391129480224,0.0,-0.8328197396601593,0.015190246157726272,-0.4906815620439534,0.30517590758112756,0.5736294907005042
-0.9887509512354369,-0.16100164822711013,1.0928318113152808,-0.9867565279712074,0.7425533895207022,1.6617460058356508,-0.9887203523702093,0.06046757649885921,-1.1834450915352734,0.0,-0.8328197396601593,0.015190246157726272,-0.4906815620439534,0.30517590758112756,0.5736294907005042
-0.7525349059716061,0.8437007554702182,1.0928318113152808,-0.9867565279712074,0.7425533895207022,1.6617460058356508,-0.7524957066840222,-0.8763754214436081,-1.4125510701225246,0.0,1.0856187696102557,0.015190246157726272,-0.4906815620439534,0.30517590758112756,0.5736294907005042
-0.7525349059716061,0.8437007554702182,1.0928318113152808,-0.9867565279712074,0.7425533895207022,1.6617460058356508,-0.7524957066840222,0.7045471375843055,-0.5534036504203329,0.0,-0.0654443359519933,0.015190246157726272,-0.4906815620439534,0.30517590758112756,0.5736294907005042
-0.5163188607077753,-0.16100164822711013,1.0928318113152808,-0.9867565279712074,0.7425533895207022,1.6617460058356508,-0.5162710609978353,-0.6421646719579913,-0.1524681878926434,0.0,-0.8328197396601593,-1.2093507338753493,-0.4906815620439534,0.30517590758112756,0.5736294907005042
-0.5163188607077753,-1.1657040519244384,1.0928318113152808,-0.9867565279712074,0.7425533895207022,1.6617460058356508,-0.5162710609978353,-0.23229586035816183,1.6803796408053657,0.0,-1.2165074415142423,-1.2093507338753493,-0.4906815620439534,0.30517590758112756,0.5736294907005042
-0.2801028154439446,-1.1657040519244384,1.0928318113152808,-0.9867565279712074,0.7425533895207022,1.6617460058356508,-0.28004641531164814,-1.3447969204148418,-0.4961271557735201,0.0,-1.2165074415142423,-1.2093507338753493,-0.4906815620439534,0.30517590758112756,0.5736294907005042
-0.2801028154439446,-0.16100164822711013,1.0928318113152808,-0.9867565279712074,0.7425533895207022,1.6617460058356508,-0.28004641531164814,-0.34940123510097026,-0.7252331343607713,0.0,-0.8328197396601593,-1.2093507338753493,-0.4906815620439534,0.30517590758112756,0.5736294907005042
0.19232927508371683,-2.1704064556217677,1.0928318113152808,-0.9867565279712074,0.7425533895207022,1.6617460058356508,0.19240287606072592,1.6413901355267728,1.623103146158553,0.0,0.7019310677561728,-1.2093507338753493,-0.4906815620439534,0.30517590758112756,0.5736294907005042
0.42854532034754755,0.8437007554702182,1.0928318113152808,-0.9867565279712074,0.7425533895207022,1.6617460058356508,0.428627521746913,-0.17374317298675762,1.6803796408053657,0.0,1.469306471464339,-1.2093507338753493,-0.4906815620439534,0.30517590758112756,0.5736294907005042
0.6647613656113783,-0.16100164822711013,1.0928318113152808,-0.9867565279712074,0.7425533895207022,1.6617460058356508,0.6648521674331,1.407179386041156,0.30574376928185887,0.0,-0.8328197396601593,1.239731226190802,-0.4906815620439534,0.30517590758112756,0.5736294907005042
1.1371934561390398,-0.16100164822711013,1.0928318113152808,-0.9867565279712074,0.7425533895207022,1.6617460058356508,1.1373014588054742,-0.7592700467007997,1.2794441782776762,0.0,-0.8328197396601593,1.239731226190802,-0.4906815620439534,0.30517590758112756,0.5736294907005042
-0.9887509512354369,0.8437007554702182,1.6001311745838716,-0.9867565279712074,0.8581892007614244,1.6617460058356508,-0.9887203523702093,-1.2862442330434376,-1.068892102241648,0.0,1.469306471464339,0.015190246157726272,0.0,0.30517590758112756,0.5736294907005042
-0.9887509512354369,0.8437007554702182,1.6001311745838716,-0.9867565279712074,0.8581892007614244,1.6617460058356508,-0.9887203523702093,0.2946783259844761,1.3939971675713017,0.0,-0.4491320378060763,0.015190246157726272,0.0,0.30517590758112756,0.5736294907005042
-0.0438867701801139,0.8437007554702182,1.6001311745838716,-0.9867565279712074,0.8581892007614244,1.6617460058356508,-0.043821769625461124,0.8216525123271139,0.42029675857548443,0.0,-0.0654443359519933,-1.2093507338753493,0.0,0.30517590758112756,0.5736294907005042
-0.0438867701801139,0.8437007554702182,1.6001311745838716,-0.9867565279712074,0.8581892007614244,1.6617460058356508,-0.043821769625461124,0.8802051996985182,-0.782509629007584,0.0,-0.0654443359519933,-1.2093507338753493,0.0,0.30517590758112756,0.5736294907005042
0.19232927508371683,-1.1657040519244384,1.6001311745838716,-0.9867565279712074,0.8581892007614244,1.6617460058356508,0.19240287606072592,1.0558632618127308,-0.09519169324583063,0.0,-1.2165074415142423,-1.2093507338753493,0.0,0.30517590758112756,0.5736294907005042
0.900977410875209,0.8437007554702182,1.6001311745838716,-0.9867565279712074,0.8581892007614244,1.6617460058356508,0.901076813119287,-1.0520334835578207,0.4775732532222972,0.0,1.469306471464339,1.239731226190802,0.0,0.30517590758112756,0.5736294907005042
