Engine size,Year of manufacture,Mileage,Price,Manufacturer,Model,Fuel type
-1.063932522114964,-0.2289751577935585,0.2053251564077437,-0.6591003343763508,-0.9425392597054306,-1.2708291634064828,0.8650420589847486
2.9964653589466232,1.232257502024932,-0.7639329394612075,2.2128767361901045,-0.24093195011377463,-2.1040504874338124,0.8650420589847486
-0.25185294590264645,1.023509979193719,-1.024355633038092,0.6341824133773364,-0.9425392597054306,-0.15986739803671018,-1.5166816717001321
0.018840246168125976,-1.690207817612049,1.3708632502651894,-0.7434180828130971,0.4606753594778814,0.9510943673330624,-0.32581980635769175
-1.063932522114964,0.18851988786886734,0.2132662342558277,-0.5958466253591569,1.1622826690695374,0.3956134846481761,0.8650420589847486
-0.5225461379734192,1.4410050248561448,-1.102328922910228,0.9502661861876955,-0.9425392597054306,-0.9930887220640396,0.8650420589847486
0.018840246168125976,0.6060149335312932,-0.3614919538243886,0.035397058883510926,-0.9425392597054306,-0.15986739803671018,-1.5166816717001321
-0.5225461379734192,1.1278837406093254,-1.143360151158676,1.0175848852683118,0.4606753594778814,0.6733539259906193,-0.32581980635769175
-0.7932393300441917,0.8147624563625061,-0.5459370941412217,-0.2339393281974908,1.1622826690695374,0.3956134846481761,0.8650420589847486
0.28953343823889843,-1.2727127719496232,2.0923987946341565,-0.7838216204131742,-0.9425392597054306,-0.9930887220640396,-1.5166816717001321
0.28953343823889843,1.023509979193719,-0.4122785659319064,0.20926777023262316,1.1622826690695374,-0.7153482807215965,-1.5166816717001321
0.28953343823889843,-1.4814602947808362,2.527162339666692,-0.8041465707302861,-1.6441465692970867,1.784315691360392,0.8650420589847486
-0.7932393300441917,0.2928936492844738,-0.2776012351164222,-0.3685151356001866,1.1622826690695374,-0.7153482807215965,-1.5166816717001321
0.5602266303096711,0.2928936492844738,-0.46327452104069183,0.13862317019102496,0.4606753594778814,0.9510943673330624,0.8650420589847486
-0.5225461379734192,-0.6464702034559844,-0.21355623292862352,-0.5992341170786756,0.4606753594778814,1.5065752500179488,0.8650420589847486
-0.25185294590264645,-1.5858340561964426,1.5324202224434325,-0.7909661484034317,1.1622826690695374,-0.7153482807215965,-1.5166816717001321
0.8309198223804434,-0.12460139637795206,0.06750768057324559,-0.12985094627046292,0.4606753594778814,0.9510943673330624,-0.32581980635769175
-0.7932393300441917,-1.2727127719496232,1.8617865444377772,-0.8040849799717494,0.4606753594778814,1.5065752500179488,0.8650420589847486
0.28953343823889843,1.4410050248561448,-1.175208199751519,2.395616516768502,0.4606753594778814,0.9510943673330624,-0.32581980635769175
-0.7932393300441917,-0.6464702034559844,0.5924422343517749,-0.7179810995374387,1.1622826690695374,0.3956134846481761,0.8650420589847486
-0.7932393300441917,-1.7945815790276554,0.1277845087382276,-0.732023792483807,1.1622826690695374,-0.7153482807215965,-0.32581980635769175
-0.25185294590264645,-0.8552177262871973,-0.48852128699356345,-0.49939549749068024,-0.9425392597054306,-0.15986739803671018,-1.5166816717001321
-1.063932522114964,-0.12460139637795206,0.03772514959290949,-0.4473513065271663,0.4606753594778814,0.6733539259906193,-0.32581980635769175
-1.063932522114964,-1.4814602947808362,1.7582454960108262,-0.7892416071644041,0.4606753594778814,0.6733539259906193,-0.32581980635769175
1.1016130144512162,0.5016411721156867,-0.6463798661494123,1.7361026743574877,-0.24093195011377463,-1.826310046091369,0.8650420589847486
0.018840246168125976,1.3366312634405384,-1.1252868720492404,1.5512072172303055,0.4606753594778814,0.6733539259906193,-0.32581980635769175
2.319732378769692,0.08414612645326086,0.5438467456575246,0.3678023827060964,-0.24093195011377463,-1.826310046091369,0.8650420589847486
-0.7932393300441917,-0.2289751577935585,0.9282144521849082,-0.6914970733666566,0.4606753594778814,1.5065752500179488,0.8650420589847486
0.28953343823889843,1.6497525476873578,-1.3063406557455386,1.3926726047568323,1.1622826690695374,-0.7153482807215965,0.8650420589847486
0.018840246168125976,-0.2289751577935585,-0.6363732706888214,-0.013690775670241273,0.4606753594778814,0.9510943673330624,-0.32581980635769175
-1.063932522114964,0.6060149335312932,-0.3831938449557956,-0.0802703856484171,-0.9425392597054306,-0.9930887220640396,-0.32581980635769175
-1.063932522114964,-0.333348919209165,0.44859568008077016,-0.6942686575008081,-0.9425392597054306,-1.2708291634064828,0.8650420589847486
0.28953343823889843,0.39726741070008026,-0.21753374995270777,-0.30741710313177734,1.1622826690695374,0.3956134846481761,-1.5166816717001321
-0.25185294590264645,1.232257502024932,-0.8398686241210055,0.2144413939497062,1.1622826690695374,0.3956134846481761,0.8650420589847486
-0.5225461379734192,0.6060149335312932,0.0017600219751371731,-0.4212368249076043,-0.9425392597054306,-1.2708291634064828,0.8650420589847486
0.28953343823889843,-1.2727127719496232,1.199564850427961,-0.727466076352091,1.1622826690695374,0.11787304330573296,-1.5166816717001321
0.018840246168125976,-1.5858340561964426,1.4036324080636098,-0.7658987096789936,1.1622826690695374,0.11787304330573296,-1.5166816717001321
0.5602266303096711,0.08414612645326086,0.28730387570413274,-0.3242313802122972,-1.6441465692970867,1.784315691360392,0.8650420589847486
-0.25185294590264645,0.39726741070008026,0.23725694220109375,-0.488247570195537,1.1622826690695374,0.3956134846481761,0.8650420589847486
0.28953343823889843,-1.4814602947808362,0.5023968314065413,-0.6860154958568899,-1.6441465692970867,1.784315691360392,0.8650420589847486
0.28953343823889843,-0.9595914877028038,-0.29887048404520955,-0.5293286061395178,-0.9425392597054306,-0.9930887220640396,0.8650420589847486
2.9964653589466232,1.3366312634405384,-1.2536699566266125,5.172559046912825,-1.6441465692970867,-0.4376078393791533,0.8650420589847486
-0.5225461379734192,-1.4814602947808362,2.0786100689506646,-0.8162799501620166,1.1622826690695374,0.3956134846481761,0.8650420589847486
-0.5225461379734192,-0.9595914877028038,1.7166978883592514,-0.75980122458386,1.1622826690695374,0.11787304330573296,-1.5166816717001321
0.28953343823889843,-0.9595914877028038,-0.9745459549364897,-0.3635262841587137,-1.6441465692970867,1.784315691360392,0.8650420589847486
0.018840246168125976,0.08414612645326086,-0.1288979232160093,-0.2551265491341166,1.1622826690695374,0.11787304330573296,-1.5166816717001321
-0.25185294590264645,-0.12460139637795206,-0.6868668025945647,-0.23246114999260992,1.1622826690695374,0.11787304330573296,0.8650420589847486
-1.063932522114964,0.5016411721156867,-0.8485493805735683,-0.2516774666560612,0.4606753594778814,1.5065752500179488,0.8650420589847486
-0.5225461379734192,1.023509979193719,-0.9921865918433055,0.05824723030062769,-0.9425392597054306,-1.2708291634064828,0.8650420589847486
-0.5225461379734192,0.6060149335312932,-0.9696333725067435,-0.052184999755680576,0.4606753594778814,1.5065752500179488,0.8650420589847486
-1.063932522114964,1.3366312634405384,-1.0357997171073872,0.15285063541300334,-0.9425392597054306,-1.2708291634064828,-1.5166816717001321
0.8309198223804434,1.4410050248561448,-1.2281440666720507,2.1772156869973536,0.4606753594778814,0.9510943673330624,0.8650420589847486
-1.063932522114964,-0.43772268062477143,1.3223654549715305,-0.7572760034838552,1.1622826690695374,0.3956134846481761,-1.5166816717001321
-1.063932522114964,-1.4814602947808362,0.9820993407111863,-0.7946615939156338,-0.9425392597054306,-1.2708291634064828,0.8650420589847486
-0.25185294590264645,-1.0639652491184102,0.028737356738487537,-0.6015745659030703,1.1622826690695374,0.11787304330573296,-1.5166816717001321
-1.063932522114964,-0.9595914877028038,0.7034638060240213,-0.7571528219667818,1.1622826690695374,0.3956134846481761,0.8650420589847486
-0.7932393300441917,-0.2289751577935585,0.38094997827116894,-0.6197438396713977,1.1622826690695374,-0.7153482807215965,0.8650420589847486
1.1016130144512162,1.1278837406093254,-1.1010728649026222,2.4797494929296384,-0.24093195011377463,-1.548569604748926,-1.5166816717001321
0.5602266303096711,-0.020227634962345597,0.19802606376354698,-0.3327309048903622,-1.6441465692970867,1.784315691360392,0.8650420589847486
-0.7932393300441917,0.6060149335312932,-0.8518151313933428,-0.24404021259751008,-0.9425392597054306,-1.2708291634064828,0.8650420589847486
-1.063932522114964,0.6060149335312932,-0.5131260677425478,-0.30329052230981823,0.4606753594778814,1.5065752500179488,0.8650420589847486
-0.5225461379734192,0.6060149335312932,-0.9405765639308018,-0.1166705239436085,1.1622826690695374,0.3956134846481761,-1.5166816717001321
-0.25185294590264645,-0.7508439648715909,-0.3470193743367557,-0.6119218133372364,1.1622826690695374,0.3956134846481761,0.8650420589847486
0.018840246168125976,-1.1683390105340168,2.3316359764827608,-0.7952775015010008,-0.9425392597054306,-0.9930887220640396,0.8650420589847486
0.28953343823889843,1.4410050248561448,-1.2221568568357977,1.427779337122753,1.1622826690695374,-0.7153482807215965,-0.32581980635769175
-0.7932393300441917,-0.8552177262871973,-0.011400674704552114,-0.69180502715934,-0.9425392597054306,-1.2708291634064828,0.8650420589847486
-0.5225461379734192,1.232257502024932,-0.9587196240406597,0.9959665290219292,0.4606753594778814,0.6733539259906193,-0.32581980635769175
-1.063932522114964,0.2928936492844738,0.08652998128842745,-0.52162976132243,0.4606753594778814,1.5065752500179488,0.8650420589847486
-0.5225461379734192,1.232257502024932,-0.969368204705138,1.004527644458531,0.4606753594778814,0.6733539259906193,-0.32581980635769175
-0.25185294590264645,-1.3770865333652296,1.8885964048001136,-0.7836368481375641,1.1622826690695374,0.11787304330573296,-1.5166816717001321
0.28953343823889843,-1.3770865333652296,2.2270342568493873,-0.7958318183278312,-0.9425392597054306,-0.9930887220640396,0.8650420589847486
-0.25185294590264645,-1.0639652491184102,0.9318988890072177,-0.702398637627653,1.1622826690695374,0.11787304330573296,-1.5166816717001321
-1.063932522114964,0.5016411721156867,-0.6442724799366519,-0.3793551091026463,-0.9425392597054306,-1.2708291634064828,0.8650420589847486
0.018840246168125976,-0.5420964420403779,-0.11226213271527798,-0.4753135109028294,-0.9425392597054306,-0.15986739803671018,-1.5166816717001321
-1.063932522114964,-0.5420964420403779,-0.4465829057396225,-0.5443567512224733,0.4606753594778814,1.5065752500179488,-0.32581980635769175
-0.5225461379734192,-0.43772268062477143,0.21700649587847534,-0.554580817139566,-0.9425392597054306,-0.15986739803671018,-1.5166816717001321
0.28953343823889843,-1.2727127719496232,0.7883872835382412,-0.6591003343763508,-0.24093195011377463,-2.1040504874338124,0.8650420589847486
-0.25185294590264645,1.232257502024932,-0.6733013761124247,0.6076367964480174,1.1622826690695374,0.11787304330573296,0.8650420589847486
-0.25185294590264645,-1.1683390105340168,0.8913561277617275,-0.7083729412057131,1.1622826690695374,0.11787304330573296,-1.5166816717001321
-0.5225461379734192,-2.0033291018588684,0.9342016620211613,-0.7803725379351187,-0.9425392597054306,-0.9930887220640396,0.8650420589847486
0.018840246168125976,-0.5420964420403779,0.6955366843760218,-0.5160865930541267,0.4606753594778814,0.9510943673330624,-0.32581980635769175
0.8309198223804434,1.7541263091029642,-1.3749353791608863,3.433728751904629,-0.24093195011377463,-2.1040504874338124,0.8650420589847486
0.8309198223804434,-1.1683390105340168,1.5896685551900764,-0.737628551510647,-1.6441465692970867,1.784315691360392,0.8650420589847486
-0.7932393300441917,-0.9595914877028038,0.9873189595427916,-0.7665146172643607,-0.9425392597054306,-1.2708291634064828,0.8650420589847486
0.28953343823889843,-1.4814602947808362,0.08492501827870926,-0.69180502715934,1.1622826690695374,-0.7153482807215965,0.8650420589847486
-1.063932522114964,-1.1683390105340168,3.0848939636438106,-0.8189899435376315,0.4606753594778814,0.6733539259906193,-0.32581980635769175
0.018840246168125976,-1.3770865333652296,0.592386409551437,-0.692852070054464,1.1622826690695374,0.11787304330573296,-1.5166816717001321
-0.7932393300441917,-1.4814602947808362,1.2323898330267193,-0.7901038777839179,0.4606753594778814,1.5065752500179488,0.8650420589847486
0.018840246168125976,1.6497525476873578,-1.259084962259401,1.635894510218272,-0.9425392597054306,-0.9930887220640396,0.8650420589847486
-0.25185294590264645,1.1278837406093254,-1.2665794417047807,0.9029028928729711,-0.9425392597054306,-0.15986739803671018,-1.5166816717001321
-1.063932522114964,-2.0033291018588684,1.5495165675469524,-0.8094433759644426,-0.9425392597054306,-0.9930887220640396,0.8650420589847486
-0.25185294590264645,0.2928936492844738,-0.16454205823183796,-0.232030014682853,-0.9425392597054306,-0.15986739803671018,-1.5166816717001321
0.8309198223804434,-0.7508439648715909,-0.1232317059816998,-0.44611949135643225,-1.6441465692970867,1.784315691360392,0.8650420589847486
-0.7932393300441917,-0.7508439648715909,0.618693846710731,-0.7313462941399033,-0.9425392597054306,-1.2708291634064828,0.8650420589847486
-1.063932522114964,0.39726741070008026,-0.9764719105481515,-0.2577133609926581,0.4606753594778814,1.5065752500179488,0.8650420589847486
-0.5225461379734192,0.6060149335312932,-0.6730920331111572,0.11010664898853152,1.1622826690695374,0.11787304330573296,-1.5166816717001321
0.28953343823889843,-0.2289751577935585,0.9414867984652735,-0.5967704867372075,-0.9425392597054306,-0.9930887220640396,0.8650420589847486
-0.25185294590264645,0.08414612645326086,0.42009711950820866,-0.40208209900268965,-0.9425392597054306,-0.15986739803671018,-0.32581980635769175
-0.25185294590264645,1.4410050248561448,-1.2625600560804429,1.4078855221153979,1.1622826690695374,0.11787304330573296,-1.5166816717001321
3.5378517430881686,-1.7945815790276554,1.5834440899523867,-0.6663680438836818,-1.6441465692970867,-0.4376078393791533,0.8650420589847486
-0.5225461379734192,-1.7945815790276554,1.7267603086201804,-0.8014365773546712,-0.9425392597054306,-0.9930887220640396,0.8650420589847486
3.5378517430881686,0.39726741070008026,-0.03694052085919835,1.1046742178392095,-1.6441465692970867,-0.4376078393791533,0.8650420589847486
-1.063932522114964,0.5016411721156867,-0.711387846143042,-0.3643885547782275,-0.9425392597054306,-1.2708291634064828,0.8650420589847486
0.018840246168125976,-1.5858340561964426,2.582554497802097,-0.8123997323742043,-0.9425392597054306,-0.9930887220640396,-1.5166816717001321
0.018840246168125976,-0.9595914877028038,-0.0024407942502991747,-0.5258179329029258,0.4606753594778814,0.6733539259906193,-0.32581980635769175
-0.7932393300441917,0.39726741070008026,-0.21878980796031333,-0.45929991368328665,-0.9425392597054306,-1.2708291634064828,0.8650420589847486
-0.25185294590264645,-1.4814602947808362,1.548762932742389,-0.7727352838765676,1.1622826690695374,0.11787304330573296,-1.5166816717001321
-0.5225461379734192,1.6497525476873578,-1.2724550019403578,1.5727023919596148,1.1622826690695374,0.11787304330573296,-1.5166816717001321
0.5602266303096711,1.4410050248561448,-1.1202486838187338,1.658683090876852,-1.6441465692970867,1.784315691360392,0.8650420589847486
0.8309198223804434,1.7541263091029642,-1.4759922239727952,3.2184690508188525,0.4606753594778814,0.9510943673330624,0.8650420589847486
-0.25185294590264645,0.6060149335312932,-0.06248036701384458,-0.36321833036603013,1.1622826690695374,0.3956134846481761,0.8650420589847486
-0.25185294590264645,-0.6464702034559844,0.35320505250317075,-0.5939373118445191,-0.9425392597054306,-0.15986739803671018,-1.5166816717001321
-0.25185294590264645,0.9191362177781126,-0.647915048158708,0.2767712415888495,-0.9425392597054306,-0.9930887220640396,0.8650420589847486
-0.25185294590264645,0.6060149335312932,-0.6444678667378351,0.16252038450326567,1.1622826690695374,0.11787304330573296,-1.5166816717001321
0.5602266303096711,1.023509979193719,-0.7153374507669572,0.7581030195531826,-1.6441465692970867,1.784315691360392,0.8650420589847486
0.8309198223804434,1.232257502024932,-1.0914989116446512,1.65498764536465,0.4606753594778814,0.9510943673330624,0.8650420589847486
2.319732378769692,-0.12460139637795206,-0.06814658424815408,0.6530291854895675,-0.24093195011377463,-1.826310046091369,0.8650420589847486
0.018840246168125976,1.023509979193719,-1.1731287259389276,0.5702512060162388,1.1622826690695374,-0.7153482807215965,-1.5166816717001321
-0.25185294590264645,1.1278837406093254,-0.7627745748541935,0.6424971657797912,1.1622826690695374,0.11787304330573296,-1.5166816717001321
0.8309198223804434,-0.7508439648715909,0.47900624006490905,-0.5607398929932363,-1.6441465692970867,1.784315691360392,0.8650420589847486
-0.5225461379734192,-0.333348919209165,0.5509783639007072,-0.5380129030931929,0.4606753594778814,0.6733539259906193,-0.32581980635769175
2.9964653589466232,-0.12460139637795206,0.1580555067215214,0.35098810562557653,-1.6441465692970867,-0.4376078393791533,0.8650420589847486
0.018840246168125976,0.08414612645326086,0.09084244711453986,-0.14641886031683599,0.4606753594778814,0.9510943673330624,-0.32581980635769175
-0.7932393300441917,0.39726741070008026,-0.21545427614011636,-0.35163926776113,1.1622826690695374,-0.7153482807215965,-1.5166816717001321
0.28953343823889843,0.6060149335312932,-0.3654136460481348,0.04876225348597545,-0.9425392597054306,-0.9930887220640396,0.8650420589847486
-0.7932393300441917,-0.333348919209165,-0.37388505949943,-0.481410995997963,0.4606753594778814,1.5065752500179488,-0.32581980635769175
0.28953343823889843,1.1278837406093254,-0.8647246164715109,0.5523282952820583,1.1622826690695374,-0.7153482807215965,-1.5166816717001321
1.642999398592761,1.023509979193719,-0.4417680167104679,0.7965356528800852,-1.6441465692970867,1.784315691360392,0.8650420589847486
-1.063932522114964,-0.6464702034559844,-0.21694758954915852,-0.6614407832007455,1.1622826690695374,0.3956134846481761,0.8650420589847486
-1.063932522114964,-0.333348919209165,-0.751093235383462,-0.5134997811955851,0.4606753594778814,1.5065752500179488,0.8650420589847486
0.018840246168125976,0.39726741070008026,-0.3870457561791193,-0.060068616848378546,1.1622826690695374,0.11787304330573296,0.8650420589847486
-0.25185294590264645,1.023509979193719,-0.8609564424486943,0.6098540637553387,1.1622826690695374,0.11787304330573296,-1.5166816717001321
-0.25185294590264645,-0.6464702034559844,0.5574679969400026,-0.620298156498228,-0.9425392597054306,-0.9930887220640396,-1.5166816717001321
0.018840246168125976,-0.333348919209165,1.3999619274413846,-0.6032375163835613,0.4606753594778814,0.9510943673330624,-0.32581980635769175
-0.25185294590264645,-0.333348919209165,0.3908867927313373,-0.6028063810738044,1.1622826690695374,-0.7153482807215965,0.8650420589847486
0.8309198223804434,-1.690207817612049,2.008312689125007,-0.775568458769256,-0.24093195011377463,-2.1040504874338124,0.8650420589847486
1.642999398592761,1.4410050248561448,-1.2860204284224976,2.439222773812488,-1.6441465692970867,1.2288348086755054,0.8650420589847486
-0.7932393300441917,-1.898955340443262,0.48284419508814824,-0.7779089075936507,0.4606753594778814,1.5065752500179488,0.8650420589847486
3.5378517430881686,-0.7508439648715909,0.8295859861877033,-0.27840785586099026,-1.6441465692970867,-0.4376078393791533,0.8650420589847486
0.018840246168125976,0.08414612645326086,0.5215168255223147,-0.4730962435955081,-0.9425392597054306,-0.9930887220640396,0.8650420589847486
-0.25185294590264645,0.5016411721156867,0.30477703820993446,-0.272864687592687,1.1622826690695374,0.11787304330573296,-1.5166816717001321
0.018840246168125976,0.6060149335312932,-0.2916830410016889,0.35203514852070045,0.4606753594778814,0.9510943673330624,-0.32581980635769175
0.018840246168125976,0.08414612645326086,-0.9855713530032495,0.16781718973742213,0.4606753594778814,0.6733539259906193,-0.32581980635769175
0.28953343823889843,0.9191362177781126,-1.038032709120908,0.7210253829140875,1.1622826690695374,0.11787304330573296,0.8650420589847486
-1.063932522114964,0.8147624563625061,-0.9157484839804654,0.3232106735255235,0.4606753594778814,0.6733539259906193,-0.32581980635769175
0.28953343823889843,1.4410050248561448,-1.189052750235349,1.862671683150412,-1.6441465692970867,1.2288348086755054,-1.5166816717001321
0.28953343823889843,-0.9595914877028038,0.21836024728667244,-0.6773311989032149,1.1622826690695374,0.3956134846481761,0.8650420589847486
-0.5225461379734192,0.39726741070008026,-0.003892239059087813,-0.250692014519474,1.1622826690695374,0.11787304330573296,-1.5166816717001321
-0.5225461379734192,-2.1077028632744748,1.5702275684723594,-0.8183124451937278,1.1622826690695374,0.3956134846481761,0.8650420589847486
1.1016130144512162,-0.12460139637795206,-0.10085991724623646,0.0796808142714003,-0.24093195011377463,-1.548569604748926,-1.5166816717001321
-0.5225461379734192,0.08414612645326086,-0.20388458627006076,-0.353302218241621,-0.9425392597054306,-0.9930887220640396,0.8650420589847486
-0.25185294590264645,1.232257502024932,-1.0115996661608535,0.7561937060385447,-0.9425392597054306,-0.15986739803671018,0.8650420589847486
0.28953343823889843,-1.1683390105340168,0.6373951548239692,-0.6746212055276,1.1622826690695374,0.11787304330573296,0.8650420589847486
2.9964653589466232,1.4410050248561448,-1.283326881806188,3.519155133995036,-0.24093195011377463,-2.1040504874338124,0.8650420589847486
0.28953343823889843,0.6060149335312932,-0.1946037132138642,0.058678365610384614,-1.6441465692970867,1.784315691360392,0.8650420589847486
0.28953343823889843,-1.3770865333652296,0.8899884201534458,-0.7237090400813522,-0.9425392597054306,-0.9930887220640396,0.8650420589847486
0.018840246168125976,-0.6464702034559844,-0.6052090759001193,-0.4008502838319556,-0.9425392597054306,-0.15986739803671018,-1.5166816717001321
1.642999398592761,0.39726741070008026,-1.2801727805870897,0.8355841937923548,-1.6441465692970867,1.2288348086755054,0.8650420589847486
0.28953343823889843,0.5016411721156867,-0.7348203060849278,0.3760555443500146,0.4606753594778814,0.9510943673330624,0.8650420589847486
-0.5225461379734192,0.8147624563625061,-0.7588528826304474,-0.1145148473948239,1.1622826690695374,0.3956134846481761,0.8650420589847486
-0.5225461379734192,1.6497525476873578,-1.099132953090876,0.5670484865723302,-0.9425392597054306,-1.2708291634064828,0.8650420589847486
-0.7932393300441917,0.5016411721156867,-0.11376940232440463,-0.3449874658391661,1.1622826690695374,-0.7153482807215965,-1.5166816717001321
0.28953343823889843,-1.2727127719496232,1.9090561941239994,-0.7716882409814437,-1.6441465692970867,1.784315691360392,0.8650420589847486
1.1016130144512162,-0.12460139637795206,0.4328530863854473,-0.1914417048071658,-0.24093195011377463,-1.548569604748926,0.8650420589847486
0.018840246168125976,0.2928936492844738,0.04667107384707792,-0.26448834443169544,-0.9425392597054306,-0.15986739803671018,-1.5166816717001321
-0.5225461379734192,1.232257502024932,-0.7149048085643375,0.06643880118600919,-0.9425392597054306,-1.2708291634064828,0.8650420589847486
0.28953343823889843,1.232257502024932,-1.3227391908448334,0.6073288426553339,1.1622826690695374,0.3956134846481761,0.8650420589847486
0.018840246168125976,1.7541263091029642,-1.4579747696636978,3.349780548019103,0.4606753594778814,0.9510943673330624,-0.32581980635769175
0.28953343823889843,-1.4814602947808362,0.42287440332502535,-0.7393530927496746,1.1622826690695374,0.3956134846481761,0.8650420589847486
-1.063932522114964,0.5016411721156867,-0.6209656257955267,-0.3112973209195896,0.4606753594778814,1.5065752500179488,0.8650420589847486
0.28953343823889843,1.232257502024932,-0.8494286211788922,0.9057976585241961,-0.9425392597054306,-0.15986739803671018,-1.5166816717001321
-1.063932522114964,-0.6464702034559844,1.556369061788445,-0.7830209405521971,1.1622826690695374,0.3956134846481761,0.8650420589847486
-1.063932522114964,0.5016411721156867,-0.4018253720686113,-0.4315840723417704,-0.9425392597054306,-1.2708291634064828,0.8650420589847486
0.5602266303096711,0.8147624563625061,-0.2967491416323646,0.6719375483603353,0.4606753594778814,0.9510943673330624,-0.32581980635769175
0.28953343823889843,-0.7508439648715909,0.8443656020771952,-0.6380362949567984,1.1622826690695374,0.11787304330573296,-1.5166816717001321
0.28953343823889843,0.9191362177781126,-0.5182898617738151,0.39280823067199777,-0.9425392597054306,-0.9930887220640396,-1.5166816717001321
-1.063932522114964,0.18851988786886734,-0.12312005638102375,-0.31437685884642474,0.4606753594778814,0.6733539259906193,-0.32581980635769175
-0.25185294590264645,1.023509979193719,-0.4238063872017085,0.2739996574546979,-0.9425392597054306,-0.15986739803671018,-1.5166816717001321
-0.25185294590264645,-2.0033291018588684,-1.306131312744271,-0.5941220841201292,1.1622826690695374,0.11787304330573296,-1.5166816717001321
0.8309198223804434,0.8147624563625061,-0.2546991107777476,0.7056276932799117,0.4606753594778814,0.9510943673330624,-0.32581980635769175
1.1016130144512162,1.5453787862717514,-1.2901235512473426,3.8436768407249238,-0.24093195011377463,-1.548569604748926,-1.5166816717001321
-0.7932393300441917,1.4410050248561448,-1.0491837129884285,0.36176648836949954,1.1622826690695374,0.3956134846481761,-1.5166816717001321
-0.7932393300441917,-0.020227634962345597,0.9270839999780631,-0.6689548557422232,0.4606753594778814,1.5065752500179488,0.8650420589847486
0.28953343823889843,-0.5420964420403779,1.3118285239077283,-0.6302758593811738,-0.24093195011377463,-2.1040504874338124,0.8650420589847486
-1.063932522114964,-0.8552177262871973,-0.3478427901417416,-0.5404149426761243,0.4606753594778814,0.6733539259906193,-0.32581980635769175
0.018840246168125976,1.232257502024932,-1.1604425400621114,1.0538618420464296,-0.9425392597054306,-0.15986739803671018,-1.5166816717001321
-1.063932522114964,0.18851988786886734,0.11419116985591862,-0.4524633394857126,-0.9425392597054306,-0.9930887220640396,-1.5166816717001321
-0.25185294590264645,-0.6464702034559844,1.8638381058501996,-0.7490228418399371,-0.9425392597054306,-0.15986739803671018,-1.5166816717001321
-0.5225461379734192,0.8147624563625061,-0.5645546650539529,0.330355201515781,0.4606753594778814,0.6733539259906193,-0.32581980635769175
0.28953343823889843,-0.333348919209165,0.4869333617129086,-0.5237238471126778,-0.9425392597054306,-0.9930887220640396,-1.5166816717001321
0.8309198223804434,-0.7508439648715909,0.5208469279182585,-0.5676996487078837,-1.6441465692970867,1.784315691360392,0.8650420589847486
3.5378517430881686,-0.7508439648715909,-0.6392622041063143,0.4242811082842529,-1.6441465692970867,-0.4376078393791533,0.8650420589847486
-0.5225461379734192,1.6497525476873578,-1.307122202950271,1.4747730858862573,-0.9425392597054306,-0.15986739803671018,-1.5166816717001321
-0.5225461379734192,0.9191362177781126,-0.8259682488368374,0.15950243733496725,1.1622826690695374,-0.7153482807215965,-1.5166816717001321
-0.5225461379734192,-0.333348919209165,0.3328708689800453,-0.5990493448030655,1.1622826690695374,-0.7153482807215965,-1.5166816717001321
-0.7932393300441917,-0.333348919209165,-0.025245225188382205,-0.6223922422884759,1.1622826690695374,0.3956134846481761,0.8650420589847486
0.28953343823889843,-1.3770865333652296,1.0644130088096035,-0.7543196470740935,1.1622826690695374,-0.7153482807215965,0.8650420589847486
-1.063932522114964,0.9191362177781126,-1.391724687862547,0.32333385504259693,0.4606753594778814,1.5065752500179488,-0.32581980635769175
0.28953343823889843,-1.0639652491184102,0.6909730069483883,-0.6679694036056361,-0.9425392597054306,-0.9930887220640396,-1.5166816717001321
-0.25185294590264645,0.9191362177781126,-0.46148812742987505,0.22140114966435365,-0.9425392597054306,-0.15986739803671018,-1.5166816717001321
0.018840246168125976,0.7103886949468996,-0.21024861350859556,0.02585049131032198,-0.9425392597054306,-0.15986739803671018,-1.5166816717001321
-0.25185294590264645,-1.0639652491184102,-0.11230400131553149,-0.6449344599129091,1.1622826690695374,-0.7153482807215965,0.8650420589847486
-0.25185294590264645,1.232257502024932,-0.7695014632949255,0.37322236945732623,1.1622826690695374,-0.7153482807215965,0.8650420589847486
-0.7932393300441917,-0.12460139637795206,-0.10877308269415144,-0.5437408436371063,0.4606753594778814,1.5065752500179488,0.8650420589847486
-1.063932522114964,-0.2289751577935585,1.603303762672639,-0.7549971454179972,0.4606753594778814,1.5065752500179488,0.8650420589847486
0.018840246168125976,0.18851988786886734,-0.43935359409584834,-0.10484509830456154,1.1622826690695374,0.11787304330573296,-1.5166816717001321
-0.7932393300441917,0.39726741070008026,-0.4608600984260723,-0.40854912864904347,-0.9425392597054306,-1.2708291634064828,0.8650420589847486
-0.5225461379734192,0.2928936492844738,-0.3840730855611195,-0.3530558552074742,0.4606753594778814,1.5065752500179488,0.8650420589847486
0.28953343823889843,-0.43772268062477143,0.15700879171518345,-0.33728862102207824,0.4606753594778814,0.9510943673330624,-0.32581980635769175
0.5602266303096711,1.023509979193719,-0.6430582905292999,1.211965319210146,0.4606753594778814,0.9510943673330624,-0.32581980635769175
-0.25185294590264645,-0.5420964420403779,1.3265523149968823,-0.6892798060593353,1.1622826690695374,0.11787304330573296,-1.5166816717001321
1.642999398592761,-1.4814602947808362,0.5273644733577229,-0.6322467636543484,-1.6441465692970867,1.2288348086755054,-1.5166816717001321
-0.5225461379734192,0.9191362177781126,-0.5879731687957542,0.2759705617278724,1.1622826690695374,0.11787304330573296,-1.5166816717001321
0.018840246168125976,1.232257502024932,-0.9495504005851392,1.2345691275931159,0.4606753594778814,0.6733539259906193,-0.32581980635769175
-0.25185294590264645,0.8147624563625061,-0.8261775918381049,0.34815493073288817,1.1622826690695374,0.11787304330573296,0.8650420589847486
1.1016130144512162,1.1278837406093254,-0.9214565698150283,2.2328321419559964,-0.24093195011377463,-1.548569604748926,-1.5166816717001321
-1.063932522114964,-0.2289751577935585,1.0048200344487623,-0.7304224327618527,-0.9425392597054306,-1.2708291634064828,0.8650420589847486
-0.7932393300441917,-0.020227634962345597,0.6744628222484175,-0.667784631330026,-0.9425392597054306,-1.2708291634064828,0.8650420589847486
-1.063932522114964,1.8585000705185708,-1.4990199541122304,1.3741337864372847,0.4606753594778814,1.5065752500179488,-0.32581980635769175
-0.5225461379734192,-0.12460139637795206,0.9572712607608499,-0.6348335755128899,0.4606753594778814,1.5065752500179488,-0.32581980635769175
-0.5225461379734192,1.5453787862717514,-1.247780440190951,0.5958113708089705,1.1622826690695374,0.3956134846481761,0.8650420589847486
-0.5225461379734192,1.232257502024932,-0.6416626705208494,0.37981258062075346,0.4606753594778814,1.5065752500179488,-0.32581980635769175
0.018840246168125976,-0.5420964420403779,-0.09332356920060314,-0.4905880190199317,1.1622826690695374,-0.7153482807215965,-0.32581980635769175
-0.5225461379734192,1.023509979193719,-1.2272508698666424,0.6741548156676566,-0.9425392597054306,-0.9930887220640396,-1.5166816717001321
-1.063932522114964,-0.9595914877028038,1.9902673224157408,-0.8030379370766254,0.4606753594778814,1.5065752500179488,0.8650420589847486
-1.063932522114964,1.023509979193719,-1.2282696724728113,0.019321870905431474,1.1622826690695374,0.3956134846481761,0.8650420589847486
0.018840246168125976,1.7541263091029642,-1.2732784177453436,2.4102135265417006,0.4606753594778814,0.9510943673330624,0.8650420589847486
0.28953343823889843,-1.3770865333652296,0.07015935858930175,-0.6796100569690728,1.1622826690695374,-0.7153482807215965,0.8650420589847486
0.28953343823889843,-0.5420964420403779,0.31386252446494795,-0.549407193422483,-0.9425392597054306,-0.9930887220640396,0.8650420589847486
0.28953343823889843,0.18851988786886734,-0.2548805413788462,0.10259257644705377,0.4606753594778814,0.9510943673330624,-0.32581980635769175
-0.5225461379734192,0.6060149335312932,-0.22703792221025645,-0.36611309601725517,-0.9425392597054306,-1.2708291634064828,0.8650420589847486
-0.25185294590264645,-1.4814602947808362,0.3439241794469742,-0.727281304076481,1.1622826690695374,-0.7153482807215965,0.8650420589847486
0.5602266303096711,1.1278837406093254,-1.0765797337543141,1.8255324557527801,0.4606753594778814,0.9510943673330624,-0.32581980635769175
0.28953343823889843,-0.9595914877028038,0.4180734704959553,-0.5325313255834264,0.4606753594778814,0.9510943673330624,-0.32581980635769175
2.9964653589466232,0.8147624563625061,-0.9187769793988032,2.8999216476670253,-1.6441465692970867,-0.4376078393791533,0.8650420589847486
-0.25185294590264645,-0.333348919209165,-0.20777836609363798,-0.5609246652688464,1.1622826690695374,0.3956134846481761,0.8650420589847486
4.349931319300485,1.232257502024932,-0.984315294995644,4.781888865514519,-1.6441465692970867,-0.4376078393791533,0.8650420589847486
-0.25185294590264645,0.8147624563625061,-0.8933627390449175,-0.014676227806828519,1.1622826690695374,0.3956134846481761,0.8650420589847486
-0.5225461379734192,0.18851988786886734,-0.5009841736690275,-0.41316843553929616,1.1622826690695374,0.3956134846481761,0.8650420589847486
0.018840246168125976,1.3366312634405384,-1.3553548304423242,2.2443496138023598,0.4606753594778814,0.9510943673330624,-0.32581980635769175
0.28953343823889843,-0.43772268062477143,-0.028455151207818614,-0.4620714978174383,-0.9425392597054306,-0.9930887220640396,0.8650420589847486
-1.063932522114964,-1.2727127719496232,0.9874585215436367,-0.7872091121326928,-0.9425392597054306,-1.2708291634064828,0.8650420589847486
-0.5225461379734192,0.8147624563625061,-0.2558016505844236,-0.037341626948335184,-0.9425392597054306,-0.9930887220640396,0.8650420589847486
-0.5225461379734192,1.4410050248561448,-0.9849014553991933,0.9317889586266848,-0.9425392597054306,-0.15986739803671018,-1.5166816717001321
-0.7932393300441917,-1.4814602947808362,0.6553707405328131,-0.7609714489960574,1.1622826690695374,-0.7153482807215965,0.8650420589847486
-0.5225461379734192,-0.43772268062477143,-0.5420433143176445,-0.5507621901102905,1.1622826690695374,0.3956134846481761,0.8650420589847486
-1.063932522114964,0.5016411721156867,-0.6879832986013251,-0.1831269524047109,0.4606753594778814,1.5065752500179488,-0.32581980635769175
-0.5225461379734192,0.9191362177781126,-0.5677925034735584,0.2651305882254127,1.1622826690695374,0.11787304330573296,-1.5166816717001321
-0.5225461379734192,0.18851988786886734,0.6612602569684747,-0.5094347911321628,-0.9425392597054306,-0.15986739803671018,-1.5166816717001321
-0.7932393300441917,0.9191362177781126,-0.5163778623622377,-0.11790233911434256,0.4606753594778814,1.5065752500179488,0.8650420589847486
-0.5225461379734192,1.4410050248561448,-1.3154261420005522,1.1913940058588872,-0.9425392597054306,-0.15986739803671018,-1.5166816717001321
-0.7932393300441917,-0.9595914877028038,0.8780977376814466,-0.7585078186545893,1.1622826690695374,0.3956134846481761,0.8650420589847486
0.018840246168125976,-2.0033291018588684,1.7177725157657584,-0.7899806962668444,0.4606753594778814,0.6733539259906193,-0.32581980635769175
-1.063932522114964,-0.8552177262871973,0.44414365225381275,-0.734733785859422,1.1622826690695374,0.3956134846481761,0.8650420589847486
3.5378517430881686,0.39726741070008026,-0.4602041570221005,1.5815098704303634,-1.6441465692970867,-0.4376078393791533,0.8650420589847486
3.5378517430881686,-0.020227634962345597,-0.05850284998976033,0.6649162018871512,-1.6441465692970867,-0.4376078393791533,0.8650420589847486
1.642999398592761,0.9191362177781126,-0.6209795819956112,1.5555185703278747,-0.24093195011377463,-1.548569604748926,0.8650420589847486
-0.25185294590264645,1.5453787862717514,-1.1504917694018586,1.6448867609646307,-0.9425392597054306,-0.15986739803671018,-0.32581980635769175
1.642999398592761,1.1278837406093254,-0.9466056423673084,3.8996628402347864,-0.24093195011377463,-1.826310046091369,0.8650420589847486
-1.063932522114964,0.8147624563625061,-0.8382497049112028,-0.12289119055581549,0.4606753594778814,1.5065752500179488,0.8650420589847486
-1.063932522114964,0.08414612645326086,0.46277517936662843,-0.6172186185713928,0.4606753594778814,1.5065752500179488,0.8650420589847486
0.018840246168125976,1.232257502024932,-1.3392633317448885,1.1946583160613324,-0.9425392597054306,-0.15986739803671018,-1.5166816717001321
-0.5225461379734192,-0.6464702034559844,0.5921770665501693,-0.641239014400707,-0.9425392597054306,-0.15986739803671018,-1.5166816717001321
-0.5225461379734192,-0.8552177262871973,1.0567650111632942,-0.6847220899276192,0.4606753594778814,0.6733539259906193,-0.32581980635769175
0.28953343823889843,-0.333348919209165,-0.5535711355874465,-0.3080946014756811,-0.9425392597054306,-0.9930887220640396,0.8650420589847486
-0.5225461379734192,0.2928936492844738,-0.1098337539005739,-0.3735655778001962,1.1622826690695374,-0.7153482807215965,-1.5166816717001321
0.28953343823889843,-1.2727127719496232,2.0428961529344134,-0.8034074816278457,1.1622826690695374,0.3956134846481761,0.8650420589847486
-0.7932393300441917,-0.43772268062477143,0.7867823205285229,-0.6594082881690343,1.1622826690695374,-0.7153482807215965,-0.32581980635769175
0.28953343823889843,-1.1683390105340168,-0.30911433490723705,-0.5536569557615154,-0.9425392597054306,-0.9930887220640396,-1.5166816717001321
-0.5225461379734192,-1.3770865333652296,1.4104709461050178,-0.7546276008667769,0.4606753594778814,0.6733539259906193,-0.32581980635769175
0.5602266303096711,0.8147624563625061,-0.17193884427662623,0.5767798264211292,0.4606753594778814,0.9510943673330624,-0.32581980635769175
0.28953343823889843,1.5453787862717514,-1.2017528923122496,1.1625079401051737,1.1622826690695374,-0.7153482807215965,0.8650420589847486
-0.5225461379734192,0.5016411721156867,-0.04471412430626827,-0.19526033183644137,1.1622826690695374,0.11787304330573296,-1.5166816717001321
0.28953343823889843,1.023509979193719,-1.0258489464471343,0.745784867845842,-0.9425392597054306,-0.9930887220640396,0.8650420589847486
0.28953343823889843,-0.2289751577935585,-0.5393078991010812,-0.24798202114385906,1.1622826690695374,0.11787304330573296,0.8650420589847486
-0.5225461379734192,0.39726741070008026,0.01980538868440361,-0.47820827655405446,-0.9425392597054306,-1.2708291634064828,0.8650420589847486
0.018840246168125976,-0.12460139637795206,0.18582834488968863,-0.35250153838064385,0.4606753594778814,0.6733539259906193,-0.32581980635769175
-0.5225461379734192,-0.6464702034559844,0.18980586191377288,-0.6708025784983244,1.1622826690695374,0.3956134846481761,0.8650420589847486
1.642999398592761,-1.4814602947808362,0.9262605841730772,-0.5192893124980352,-0.24093195011377463,-1.826310046091369,0.8650420589847486
-0.25185294590264645,-0.8552177262871973,0.0791331952436392,-0.5887020973688994,-0.9425392597054306,-0.15986739803671018,-1.5166816717001321
-0.5225461379734192,-0.020227634962345597,-0.16903595465904894,-0.41261411871246584,0.4606753594778814,1.5065752500179488,-0.32581980635769175
-1.063932522114964,-2.0033291018588684,2.45486922322895,-0.8270583329059396,-0.9425392597054306,-0.9930887220640396,0.8650420589847486
0.28953343823889843,-0.7508439648715909,-0.8718004099143555,-0.320967070009852,1.1622826690695374,0.11787304330573296,-1.5166816717001321
1.1016130144512162,-0.12460139637795206,0.2439559182416567,0.241849281498539,-0.24093195011377463,-1.826310046091369,0.8650420589847486
0.018840246168125976,-1.2727127719496232,0.3235620835236797,-0.6998734165276481,1.1622826690695374,-0.7153482807215965,0.8650420589847486
0.018840246168125976,0.6060149335312932,-0.5865217239869656,-0.051322729136166735,1.1622826690695374,-0.7153482807215965,0.8650420589847486
0.28953343823889843,-0.12460139637795206,0.377698183651479,-0.4532024285881531,-0.9425392597054306,-0.9930887220640396,-1.5166816717001321
-0.25185294590264645,-0.020227634962345597,-0.09099288378649062,-0.3818803302026511,-0.9425392597054306,-0.9930887220640396,0.8650420589847486
0.28953343823889843,1.5453787862717514,-1.3064383491461302,2.4830138031320836,-0.24093195011377463,-2.1040504874338124,0.8650420589847486
-0.25185294590264645,-0.43772268062477143,-0.38304032675486605,-0.5395526720566105,1.1622826690695374,0.3956134846481761,-1.5166816717001321
-0.25185294590264645,0.8147624563625061,-0.6712637709000868,0.258848330854669,-0.9425392597054306,-0.15986739803671018,-1.5166816717001321
-1.063932522114964,-1.1683390105340168,0.1232208313105941,-0.722477224910618,0.4606753594778814,1.5065752500179488,0.8650420589847486
-1.063932522114964,1.4410050248561448,-1.297199344690187,0.796782015914232,-0.9425392597054306,-0.9930887220640396,0.8650420589847486
0.5602266303096711,0.5016411721156867,-0.17930771792124545,0.3229643104913767,0.4606753594778814,0.9510943673330624,-0.32581980635769175
-0.5225461379734192,-0.020227634962345597,0.6516304789101655,-0.6194358858787141,0.4606753594778814,1.5065752500179488,0.8650420589847486
-0.5225461379734192,-0.8552177262871973,-0.36104535542168437,-0.5539033187956622,-0.9425392597054306,-0.9930887220640396,0.8650420589847486
2.9964653589466232,-1.1683390105340168,0.5247267515417512,-0.5134997811955851,-0.24093195011377463,-2.1040504874338124,0.8650420589847486
3.5378517430881686,1.5453787862717514,-1.2819033493975684,6.448473200759162,-1.6441465692970867,-0.4376078393791533,0.8650420589847486
-0.5225461379734192,-1.898955340443262,-0.5938208166311623,-0.7284515284886782,1.1622826690695374,0.3956134846481761,0.8650420589847486
1.642999398592761,1.3366312634405384,-1.1486355947906193,2.206840841853508,-1.6441465692970867,1.2288348086755054,-1.5166816717001321
-0.7932393300441917,1.232257502024932,-1.029868332071472,0.2802819148254416,0.4606753594778814,1.5065752500179488,0.8650420589847486
0.8309198223804434,-0.9595914877028038,1.2645588742215061,-0.6415469681933905,0.4606753594778814,0.9510943673330624,-0.32581980635769175
0.8309198223804434,0.7103886949468996,-0.44309385571849597,0.48420891634046487,0.4606753594778814,0.9510943673330624,0.8650420589847486
-0.5225461379734192,-0.2289751577935585,0.8645462673993911,-0.6630421429226998,1.1622826690695374,-0.7153482807215965,0.8650420589847486
-0.25185294590264645,-1.1683390105340168,0.26950972059638745,-0.655959205690979,1.1622826690695374,0.11787304330573296,0.8650420589847486
-1.063932522114964,1.7541263091029642,-1.3750330725614779,1.2226821111955324,-0.9425392597054306,-0.9930887220640396,0.8650420589847486
0.8309198223804434,-0.8552177262871973,0.5088445958455832,-0.5839596089615733,-1.6441465692970867,1.784315691360392,0.8650420589847486
-1.063932522114964,-1.4814602947808362,0.4558249917245444,-0.7727352838765676,1.1622826690695374,0.3956134846481761,0.8650420589847486
-1.063932522114964,0.2928936492844738,-0.7149885457648445,-0.08187174537037137,0.4606753594778814,0.6733539259906193,-0.32581980635769175
-0.7932393300441917,-0.7508439648715909,-1.3898685132513078,-0.4070093596856259,0.4606753594778814,1.5065752500179488,-0.32581980635769175
-0.5225461379734192,-1.898955340443262,2.1020564850926347,-0.8247794748400815,-0.9425392597054306,-1.2708291634064828,0.8650420589847486
-0.5225461379734192,0.6060149335312932,-0.8337558084839918,-0.09862443169235455,0.4606753594778814,1.5065752500179488,0.8650420589847486
-0.25185294590264645,0.5016411721156867,-0.16476535743319007,-0.10422919071919451,1.1622826690695374,0.11787304330573296,-1.5166816717001321
-1.063932522114964,-0.5420964420403779,1.1286394415985008,-0.7565985051399515,1.1622826690695374,0.3956134846481761,0.8650420589847486
-0.7932393300441917,-0.7508439648715909,0.86980775483125,-0.7319006109667336,0.4606753594778814,1.5065752500179488,0.8650420589847486
0.28953343823889843,-0.6464702034559844,0.7933138221680718,-0.5975095758396479,-0.9425392597054306,-0.15986739803671018,-0.32581980635769175
-1.063932522114964,-1.1683390105340168,2.1881243710137843,-0.7941072770888036,0.4606753594778814,0.6733539259906193,-0.32581980635769175
0.28953343823889843,0.5016411721156867,0.23971323341596681,-0.10940281443627756,-1.6441465692970867,1.2288348086755054,-1.5166816717001321
-1.063932522114964,-0.6464702034559844,-0.11314137332060185,-0.5367810879224589,0.4606753594778814,0.6733539259906193,-0.32581980635769175
0.28953343823889843,0.39726741070008026,-0.0993666038371943,-0.13668752046803692,-0.9425392597054306,-0.15986739803671018,-1.5166816717001321
2.9964653589466232,-0.43772268062477143,0.5723173938299171,-0.0739881282776734,-1.6441465692970867,-0.4376078393791533,0.8650420589847486
-0.5225461379734192,-1.1683390105340168,-0.3899905143969501,-0.6797332384861463,-0.9425392597054306,-1.2708291634064828,0.8650420589847486
-0.25185294590264645,-0.333348919209165,1.290475537778434,-0.7062172646569285,1.1622826690695374,-0.7153482807215965,0.8650420589847486
-1.063932522114964,-1.1683390105340168,0.6546729305285878,-0.7662066634716771,1.1622826690695374,0.3956134846481761,0.8650420589847486
0.018840246168125976,-0.2289751577935585,0.7593025625621304,-0.5816191601371786,-0.9425392597054306,-0.9930887220640396,0.8650420589847486
-0.5225461379734192,-0.7508439648715909,0.4309271307737854,-0.7035688620398503,1.1622826690695374,0.3956134846481761,0.8650420589847486
-0.25185294590264645,1.1278837406093254,-0.7349459118856884,0.5448142227405804,-0.9425392597054306,-0.15986739803671018,-1.5166816717001321
2.9964653589466232,0.08414612645326086,0.2801583012608656,0.009836894090779228,-0.24093195011377463,-2.1040504874338124,0.8650420589847486
-0.5225461379734192,1.023509979193719,-0.8156825293745563,-0.009872148640965694,-0.9425392597054306,-1.2708291634064828,0.8650420589847486
-1.063932522114964,-0.333348919209165,-0.27949927832791505,-0.6185736152592003,-0.9425392597054306,-1.2708291634064828,0.8650420589847486
-0.25185294590264645,0.6060149335312932,-0.4447127749282987,-0.021143257453182324,-0.9425392597054306,-0.15986739803671018,0.8650420589847486
-0.7932393300441917,-2.0033291018588684,-0.5466488603455315,-0.7338099244813714,0.4606753594778814,1.5065752500179488,0.8650420589847486
-0.25185294590264645,-0.9595914877028038,-0.39159547740666834,-0.5493456026639463,-0.9425392597054306,-0.9930887220640396,0.8650420589847486
-0.25185294590264645,1.8585000705185708,-1.4910509638639773,2.223100802107197,-0.9425392597054306,-0.9930887220640396,-1.5166816717001321
0.8309198223804434,0.39726741070008026,0.44577652766369996,-0.038265488326385724,0.4606753594778814,0.9510943673330624,-0.32581980635769175
0.018840246168125976,1.023509979193719,-0.9407021697315623,1.2859974109712629,0.4606753594778814,0.9510943673330624,-0.32581980635769175
-1.063932522114964,-1.2727127719496232,1.4199192935622285,-0.8005743067351573,1.1622826690695374,0.3956134846481761,0.8650420589847486
0.018840246168125976,-0.7508439648715909,1.0588165725757166,-0.6502312651470656,0.4606753594778814,0.6733539259906193,-0.32581980635769175
-0.5225461379734192,-1.0639652491184102,0.9710460302442575,-0.7625728087180117,1.1622826690695374,0.3956134846481761,0.8650420589847486
0.5602266303096711,1.4410050248561448,-1.0258629026472188,2.348006860419631,0.4606753594778814,0.9510943673330624,-0.32581980635769175
0.018840246168125976,-0.333348919209165,0.8189513617233095,-0.5838364274444999,1.1622826690695374,0.11787304330573296,-1.5166816717001321
3.5378517430881686,0.7103886949468996,-0.4727507808980715,2.1379207830509372,-1.6441465692970867,-0.4376078393791533,0.8650420589847486
0.28953343823889843,0.7103886949468996,-0.5422666135189966,0.3020850433474344,1.1622826690695374,0.11787304330573296,-1.5166816717001321
0.018840246168125976,-0.7508439648715909,1.810357947126372,-0.7462512577057854,-0.9425392597054306,-0.15986739803671018,-1.5166816717001321
0.018840246168125976,-0.333348919209165,0.7502310325072014,-0.587347100681092,-0.9425392597054306,-0.15986739803671018,-1.5166816717001321
-0.7932393300441917,-1.4814602947808362,-0.21108598551366595,-0.6862618588910367,0.4606753594778814,1.5065752500179488,-0.32581980635769175
-0.5225461379734192,0.9191362177781126,-0.8674460754879896,0.36293671278169687,-0.9425392597054306,-0.15986739803671018,-1.5166816717001321
-0.5225461379734192,1.4410050248561448,-1.2331543425023885,1.125984620292909,-0.9425392597054306,-0.15986739803671018,-1.5166816717001321
0.5602266303096711,0.5016411721156867,-0.5323437552589128,0.20680413989115506,-1.6441465692970867,1.784315691360392,0.8650420589847486
0.5602266303096711,1.232257502024932,-0.9368223461080696,1.843209003452814,0.4606753594778814,0.9510943673330624,-0.32581980635769175
-0.5225461379734192,0.18851988786886734,-0.32188425798456016,-0.26331812001949806,-0.9425392597054306,-0.15986739803671018,-1.5166816717001321
-0.25185294590264645,-1.3770865333652296,-1.3479999129977895,-0.4811646329638162,1.1622826690695374,0.11787304330573296,0.8650420589847486
0.28953343823889843,1.8585000705185708,-1.550546244824227,2.6289223101055326,-0.9425392597054306,-0.15986739803671018,-1.5166816717001321
-0.5225461379734192,0.7103886949468996,-0.3438931855178263,-0.18171036495836673,1.1622826690695374,-0.7153482807215965,0.8650420589847486
-0.25185294590264645,1.232257502024932,-1.011474060360093,0.8363232828947953,-0.9425392597054306,-0.15986739803671018,-1.5166816717001321
-0.5225461379734192,-0.43772268062477143,-0.5006213124668303,-0.48492166923455504,1.1622826690695374,-0.7153482807215965,-1.5166816717001321
-0.5225461379734192,-1.3770865333652296,2.185961160000686,-0.8010670328034509,1.1622826690695374,0.11787304330573296,0.8650420589847486
-1.063932522114964,1.1278837406093254,-0.8938651622479598,0.5688346185698946,0.4606753594778814,0.6733539259906193,-0.32581980635769175
-0.5225461379734192,0.9191362177781126,-0.331835028644813,0.27449238352299155,0.4606753594778814,0.6733539259906193,-0.32581980635769175
-1.063932522114964,-0.2289751577935585,-0.38807851498537277,-0.5478674244590654,0.4606753594778814,1.5065752500179488,0.8650420589847486
0.5602266303096711,-1.5858340561964426,2.2343193932934997,-0.7780936798692608,0.4606753594778814,0.9510943673330624,-0.32581980635769175
-0.25185294590264645,1.4410050248561448,-0.922880102223648,1.0039117368731638,-0.9425392597054306,-0.15986739803671018,-1.5166816717001321
0.018840246168125976,1.023509979193719,-0.8271405696439359,1.180861986149111,0.4606753594778814,0.9510943673330624,-0.32581980635769175
-0.25185294590264645,-1.0639652491184102,2.1260332368378165,-0.7875170659253763,-0.9425392597054306,-0.15986739803671018,0.8650420589847486
2.9964653589466232,-0.43772268062477143,0.4543037659153332,-0.18947080053399132,-0.24093195011377463,-1.548569604748926,0.8650420589847486
0.018840246168125976,0.2928936492844738,0.27505033202993634,-0.23264592226822003,0.4606753594778814,0.6733539259906193,-0.32581980635769175
-0.7932393300441917,-0.7508439648715909,0.45107988369581226,-0.6832439117227384,1.1622826690695374,-0.7153482807215965,-1.5166816717001321
-1.063932522114964,-1.898955340443262,0.35778268613088876,-0.7856693431692753,-0.9425392597054306,-1.2708291634064828,-1.5166816717001321
2.9964653589466232,-1.690207817612049,1.4944733144136602,-0.7166261028496314,-0.24093195011377463,-2.1040504874338124,0.8650420589847486
-0.5225461379734192,-1.5858340561964426,3.6170857414662834,-0.8321703658644859,1.1622826690695374,0.11787304330573296,-1.5166816717001321
-0.5225461379734192,-1.4814602947808362,-0.5339766306688,-0.6120449948543099,1.1622826690695374,0.11787304330573296,-1.5166816717001321
-0.25185294590264645,-1.5858340561964426,1.2903778443778424,-0.7845607095156146,1.1622826690695374,-0.7153482807215965,0.8650420589847486
-0.25185294590264645,1.8585000705185708,-1.4672695989199789,2.168408208526605,-0.9425392597054306,-0.15986739803671018,-1.5166816717001321
0.28953343823889843,1.232257502024932,-1.4145151626005457,1.0306421260780927,1.1622826690695374,-0.7153482807215965,-1.5166816717001321
-0.25185294590264645,0.6060149335312932,-0.21341667092777847,-0.3229995650415632,1.1622826690695374,0.3956134846481761,0.8650420589847486
0.28953343823889843,1.3366312634405384,-0.9540582532124346,0.7372237524092403,1.1622826690695374,-0.7153482807215965,0.8650420589847486
-0.5225461379734192,-2.0033291018588684,2.162556612458969,-0.8146169996815256,1.1622826690695374,0.11787304330573296,-1.5166816717001321
0.5602266303096711,-0.7508439648715909,1.923766029013069,-0.7371974162008901,-1.6441465692970867,1.784315691360392,0.8650420589847486
-0.7932393300441917,-1.5858340561964426,0.5083840412427945,-0.775137323459499,-0.9425392597054306,-1.2708291634064828,0.8650420589847486
0.28953343823889843,-0.020227634962345597,0.3594016053406915,-0.2530940541024054,0.4606753594778814,0.9510943673330624,-0.32581980635769175
-0.7932393300441917,-1.7945815790276554,0.2908068819253438,-0.7474214821179828,0.4606753594778814,1.5065752500179488,-0.32581980635769175
-1.063932522114964,-0.333348919209165,0.4301734959692221,-0.5668989688469066,0.4606753594778814,0.6733539259906193,-0.32581980635769175
-0.5225461379734192,1.232257502024932,-1.0026956105069387,0.21967660842532596,1.1622826690695374,0.3956134846481761,0.8650420589847486
4.349931319300485,-0.5420964420403779,-0.423792431001624,0.5477089883918055,-1.6441465692970867,-0.4376078393791533,0.8650420589847486
-0.5225461379734192,0.8147624563625061,-0.8780388313521298,0.07081174504211508,1.1622826690695374,-0.7153482807215965,0.8650420589847486
-0.25185294590264645,0.8147624563625061,-0.6487524201637784,-0.10305896630699717,1.1622826690695374,0.3956134846481761,0.8650420589847486
-0.25185294590264645,-0.5420964420403779,-0.2962606746294069,-0.5358572265444084,1.1622826690695374,-0.7153482807215965,0.8650420589847486
0.28953343823889843,-1.4814602947808362,1.4316145892330445,-0.789672742474161,1.1622826690695374,0.3956134846481761,0.8650420589847486
2.9964653589466232,0.18851988786886734,-1.1400246193384789,1.913052923633435,-1.6441465692970867,-0.4376078393791533,0.8650420589847486
1.642999398592761,1.023509979193719,-0.6598615554310453,3.050880596840484,-0.24093195011377463,-1.826310046091369,0.8650420589847486
0.018840246168125976,1.4410050248561448,-1.3058940573428344,1.9106508840505037,0.4606753594778814,0.6733539259906193,-0.32581980635769175
-0.5225461379734192,0.2928936492844738,0.42946172976491226,-0.46601330636378724,0.4606753594778814,1.5065752500179488,-0.32581980635769175
0.8309198223804434,1.7541263091029642,-1.50270439093454,2.8665394565401323,-1.6441465692970867,1.784315691360392,0.8650420589847486
1.642999398592761,-1.1683390105340168,2.057913024225342,-0.7574607757594654,-1.6441465692970867,1.784315691360392,0.8650420589847486
-0.5225461379734192,1.1278837406093254,-1.0560501634300055,0.5958113708089705,-0.9425392597054306,-0.9930887220640396,0.8650420589847486
-0.5225461379734192,-0.333348919209165,-0.10162750825088429,-0.5941220841201292,1.1622826690695374,0.3956134846481761,0.8650420589847486
0.018840246168125976,-1.2727127719496232,1.6616406790258746,-0.7517944259740886,0.4606753594778814,0.6733539259906193,-0.32581980635769175
-0.25185294590264645,-1.0639652491184102,-0.5319529816565466,-0.5485449228029692,-0.9425392597054306,-0.9930887220640396,0.8650420589847486
-0.7932393300441917,0.8147624563625061,-0.14059321888682544,-0.2837662518536834,0.4606753594778814,1.5065752500179488,0.8650420589847486
-1.063932522114964,-0.7508439648715909,0.30908950403604685,-0.7171188289179249,1.1622826690695374,0.3956134846481761,0.8650420589847486
-0.25185294590264645,-1.2727127719496232,0.8833313127131364,-0.728697891522825,-0.9425392597054306,-0.9930887220640396,0.8650420589847486
1.642999398592761,0.18851988786886734,0.19720264795856113,0.1372681735032175,-0.24093195011377463,-1.548569604748926,0.8650420589847486
0.018840246168125976,0.39726741070008026,-0.36651618585481077,0.08005035882262052,0.4606753594778814,0.6733539259906193,-0.32581980635769175
-0.5225461379734192,-1.2727127719496232,1.859051129221214,-0.8069797456229745,-0.9425392597054306,-1.2708291634064828,0.8650420589847486
-0.25185294590264645,-1.690207817612049,1.3622104062127955,-0.7737207360131548,1.1622826690695374,0.11787304330573296,-1.5166816717001321
2.9964653589466232,-2.1077028632744748,-0.31589704814830705,-0.4133532078149063,-1.6441465692970867,-0.4376078393791533,0.8650420589847486
-1.063932522114964,0.18851988786886734,0.014264777250854673,-0.5737355430444806,-0.9425392597054306,-1.2708291634064828,0.8650420589847486
0.28953343823889843,-0.12460139637795206,-0.08132123712792787,-0.314746403397645,1.1622826690695374,0.11787304330573296,-1.5166816717001321
-0.5225461379734192,-1.2727127719496232,2.349346394389999,-0.8185588082278745,-0.9425392597054306,-1.2708291634064828,0.8650420589847486
-0.7932393300441917,1.4410050248561448,-1.162829050276562,0.329123386345047,-0.9425392597054306,-1.2708291634064828,0.8650420589847486
0.018840246168125976,1.023509979193719,-1.2729574251434,0.8937258698510023,-0.9425392597054306,-0.15986739803671018,-1.5166816717001321
-0.5225461379734192,0.6060149335312932,-0.6311257394570472,0.006510993129797273,-0.9425392597054306,-0.9930887220640396,0.8650420589847486
-0.5225461379734192,1.4410050248561448,-1.1973427330855457,0.9439839288169519,0.4606753594778814,1.5065752500179488,-0.32581980635769175
0.8309198223804434,1.4410050248561448,-1.3615653394799294,2.0358648961556205,-1.6441465692970867,1.784315691360392,0.8650420589847486
-0.5225461379734192,-0.9595914877028038,0.44616730126606613,-0.6708641692568611,-0.9425392597054306,-0.9930887220640396,0.8650420589847486
-0.25185294590264645,0.7103886949468996,-0.8202043382019363,0.3238265811108905,1.1622826690695374,0.11787304330573296,-1.5166816717001321
-1.063932522114964,0.08414612645326086,0.7335533734062165,-0.6783166510398021,-0.9425392597054306,-1.2708291634064828,0.8650420589847486
3.5378517430881686,-0.9595914877028038,0.6204662841214633,-0.2827807997170962,-1.6441465692970867,-0.4376078393791533,0.8650420589847486
0.018840246168125976,-0.2289751577935585,-0.8970471758672272,-0.17998582371933905,-0.9425392597054306,-0.15986739803671018,-1.5166816717001321
0.5602266303096711,-0.6464702034559844,0.8365501300298718,-0.340860885017207,-0.24093195011377463,-1.826310046091369,0.8650420589847486
-0.7932393300441917,1.4410050248561448,-1.1021056237088758,0.33010883848163425,1.1622826690695374,0.3956134846481761,0.8650420589847486
0.28953343823889843,-0.333348919209165,1.366913645641274,-0.6502312651470656,1.1622826690695374,0.11787304330573296,-1.5166816717001321
0.5602266303096711,-0.9595914877028038,0.8112475392766622,-0.42647203938322403,-0.24093195011377463,-1.826310046091369,0.8650420589847486
-1.063932522114964,0.08414612645326086,-0.14331467790330413,-0.44303995342959707,-0.9425392597054306,-0.9930887220640396,0.8650420589847486
-0.25185294590264645,-1.2727127719496232,-0.4062076188951462,-0.6017593381786804,-0.9425392597054306,-0.9930887220640396,0.8650420589847486
0.28953343823889843,-0.12460139637795206,1.005085202250368,-0.5628955695420209,-1.6441465692970867,1.784315691360392,0.8650420589847486
-0.7932393300441917,0.7103886949468996,-0.6086841697211613,-0.0462722869361571,0.4606753594778814,1.5065752500179488,-0.32581980635769175
-0.7932393300441917,0.2928936492844738,-0.34690772473607967,-0.30827937375129116,0.4606753594778814,1.5065752500179488,-0.32581980635769175
-0.5225461379734192,-0.12460139637795206,-0.2886126769830975,-0.28450534095612384,0.4606753594778814,0.6733539259906193,-0.32581980635769175
-0.7932393300441917,0.5016411721156867,0.047494489652063786,-0.4780235042784443,1.1622826690695374,0.3956134846481761,0.8650420589847486
0.28953343823889843,-0.12460139637795206,-0.1819035711369636,-0.2856755653683212,1.1622826690695374,0.11787304330573296,-1.5166816717001321
0.28953343823889843,-1.1683390105340168,1.364457354426401,-0.7594316800326398,1.1622826690695374,-0.7153482807215965,0.8650420589847486
0.28953343823889843,-1.0639652491184102,-0.6661139330689041,-0.5331472331687934,1.1622826690695374,-0.7153482807215965,-1.5166816717001321
0.28953343823889843,1.023509979193719,-0.8247680156295698,0.8426671310240756,-1.6441465692970867,1.2288348086755054,0.8650420589847486
-0.5225461379734192,1.6497525476873578,-1.3421662213624659,0.7127106305116325,-0.9425392597054306,-1.2708291634064828,0.8650420589847486
0.018840246168125976,-0.9595914877028038,-0.19936277744268077,-0.4902184744687115,0.4606753594778814,0.6733539259906193,-0.32581980635769175
-0.7932393300441917,-0.12460139637795206,0.44329232404865787,-0.6548505720373183,-0.9425392597054306,-1.2708291634064828,0.8650420589847486
-0.5225461379734192,-1.3770865333652296,0.24949652967520564,-0.7407080894374821,1.1622826690695374,0.3956134846481761,0.8650420589847486
-0.25185294590264645,-1.2727127719496232,2.468071788508893,-0.8056863396937036,-0.9425392597054306,-0.9930887220640396,0.8650420589847486
1.1016130144512162,0.18851988786886734,0.2369080371989811,0.48852026943803406,-0.24093195011377463,-1.826310046091369,0.8650420589847486
-0.25185294590264645,-0.5420964420403779,-0.35211338736760045,-0.4690928442906224,-0.9425392597054306,-0.15986739803671018,0.8650420589847486
-0.5225461379734192,-1.2727127719496232,1.0467444595026187,-0.7222308618764712,0.4606753594778814,0.6733539259906193,-0.32581980635769175
-0.7932393300441917,-0.2289751577935585,-0.31253360392794105,-0.5675148764322736,1.1622826690695374,0.3956134846481761,0.8650420589847486
-0.5225461379734192,-0.12460139637795206,-1.2374249397282473,-0.2899869184658904,0.4606753594778814,1.5065752500179488,0.8650420589847486
0.018840246168125976,-1.690207817612049,1.3059390074720667,-0.7553050992106807,0.4606753594778814,0.6733539259906193,-0.32581980635769175
2.9964653589466232,0.9191362177781126,-1.0080129227391355,1.9451417088310572,-0.24093195011377463,-2.1040504874338124,0.8650420589847486
0.018840246168125976,0.7103886949468996,0.014041478049502574,0.24369700425464008,0.4606753594778814,0.9510943673330624,-0.32581980635769175
0.018840246168125976,-1.1683390105340168,1.310167736097672,-0.7436028550887072,1.1622826690695374,-0.7153482807215965,-0.32581980635769175
0.8309198223804434,1.232257502024932,-1.2079075765495169,2.0244090150677936,-0.24093195011377463,-2.1040504874338124,0.8650420589847486
-1.063932522114964,-1.898955340443262,3.189495683277184,-0.8374671710986423,0.4606753594778814,1.5065752500179488,0.8650420589847486
-0.5225461379734192,-0.8552177262871973,0.4855237855043734,-0.6554048888641486,-0.9425392597054306,-0.15986739803671018,-1.5166816717001321
-0.7932393300441917,0.08414612645326086,-0.595635122642148,-0.4031907326563503,0.4606753594778814,1.5065752500179488,0.8650420589847486
-0.25185294590264645,0.18851988786886734,-0.3995225990546678,-0.19193443087545942,-0.9425392597054306,-0.9930887220640396,-1.5166816717001321
0.018840246168125976,1.232257502024932,-1.1861079920175182,1.014012621273183,1.1622826690695374,-0.7153482807215965,-0.32581980635769175
0.018840246168125976,1.023509979193719,-0.679651447150875,1.0476411754342227,0.4606753594778814,0.9510943673330624,-0.32581980635769175
0.018840246168125976,-1.2727127719496232,1.0668134752241385,-0.6823200503446878,0.4606753594778814,0.9510943673330624,-0.32581980635769175
0.28953343823889843,-1.4814602947808362,0.11519601626200306,-0.5798330281396142,0.4606753594778814,0.9510943673330624,-0.32581980635769175
-0.5225461379734192,-0.12460139637795206,0.7553250455380461,-0.5943068563957393,1.1622826690695374,-0.7153482807215965,-0.32581980635769175
0.28953343823889843,0.9191362177781126,-0.8868033250051996,0.8595429988631322,-1.6441465692970867,1.2288348086755054,-1.5166816717001321
-0.5225461379734192,-0.6464702034559844,1.6311463818412288,-0.7187201886398792,0.4606753594778814,0.6733539259906193,-0.32581980635769175
0.28953343823889843,1.023509979193719,-0.2965258424310125,0.6612207563749489,-0.24093195011377463,-2.1040504874338124,0.8650420589847486
-0.5225461379734192,-0.9595914877028038,0.21344766485692626,-0.7049238587276577,1.1622826690695374,0.3956134846481761,0.8650420589847486
3.5378517430881686,-1.0639652491184102,0.93819313524533,-0.41169025733441533,-1.6441465692970867,-0.4376078393791533,0.8650420589847486
-0.7932393300441917,0.39726741070008026,-0.9612177838557864,-0.2932512286683357,-0.9425392597054306,-1.2708291634064828,0.8650420589847486
2.319732378769692,-0.6464702034559844,-0.4067658668985265,0.054982920098182446,-0.24093195011377463,-1.548569604748926,-1.5166816717001321
-0.25185294590264645,-0.2289751577935585,0.323017791720384,-0.49120392660529877,1.1622826690695374,0.11787304330573296,-1.5166816717001321
-0.5225461379734192,1.4410050248561448,-1.376554298370689,0.8378630518582129,1.1622826690695374,-0.7153482807215965,0.8650420589847486
-0.7932393300441917,-1.0639652491184102,1.827007693827188,-0.8024836202497951,1.1622826690695374,0.3956134846481761,0.8650420589847486
0.28953343823889843,1.232257502024932,-0.9050999033159871,1.254709305634618,-1.6441465692970867,1.2288348086755054,-1.5166816717001321
2.9964653589466232,-0.9595914877028038,0.586734148517212,-0.47944009172478846,-0.24093195011377463,-2.1040504874338124,0.8650420589847486
-0.25185294590264645,-0.6464702034559844,0.6802965138837411,-0.670248261671494,1.1622826690695374,-0.7153482807215965,-1.5166816717001321
-0.7932393300441917,-0.6464702034559844,0.6179681243063366,-0.7232163140130585,-0.9425392597054306,-1.2708291634064828,0.8650420589847486
0.28953343823889843,1.8585000705185708,-1.4404876509578117,3.8511293225078647,0.4606753594778814,0.9510943673330624,-0.32581980635769175
-0.5225461379734192,-0.2289751577935585,0.0336638953683182,-0.4558508312052313,1.1622826690695374,0.11787304330573296,-1.5166816717001321
0.018840246168125976,0.9191362177781126,-0.7798988323578826,0.43068654717207006,1.1622826690695374,-0.7153482807215965,-0.32581980635769175
-0.25185294590264645,-1.1683390105340168,0.35901083173832526,-0.6666759976763653,-0.9425392597054306,-0.15986739803671018,-1.5166816717001321
-0.7932393300441917,1.6497525476873578,-1.2843875530126105,0.7877281744093366,0.4606753594778814,1.5065752500179488,0.8650420589847486
1.1016130144512162,-0.333348919209165,-0.577380412931614,0.18561691895452925,-0.24093195011377463,-1.548569604748926,-1.5166816717001321
0.28953343823889843,1.4410050248561448,-1.1869174516224197,2.411137387919751,0.4606753594778814,0.9510943673330624,-0.32581980635769175
0.018840246168125976,0.8147624563625061,-1.014125738376149,0.5217792790478536,-0.9425392597054306,-0.15986739803671018,-1.5166816717001321
0.8309198223804434,-0.6464702034559844,1.9509666629777713,-0.700920459422772,-0.24093195011377463,-2.1040504874338124,0.8650420589847486
0.28953343823889843,-1.1683390105340168,0.010524515628207028,-0.5010584479711712,0.4606753594778814,0.9510943673330624,-0.32581980635769175
-0.5225461379734192,-1.1683390105340168,-0.09102079618665963,-0.6388369748177756,-0.9425392597054306,-0.9930887220640396,0.8650420589847486
0.5602266303096711,1.023509979193719,-1.0156469641853603,1.5891471244889146,0.4606753594778814,0.9510943673330624,-0.32581980635769175
0.8309198223804434,-0.2289751577935585,0.9145094637019231,-0.43798951122958746,0.4606753594778814,0.9510943673330624,-0.32581980635769175
0.018840246168125976,-1.5858340561964426,1.6987502150505764,-0.7711955149131501,0.4606753594778814,0.6733539259906193,-0.32581980635769175
0.018840246168125976,1.023509979193719,-0.8590583992372014,0.9030260743900445,0.4606753594778814,0.6733539259906193,-0.32581980635769175
0.28953343823889843,-0.12460139637795206,0.5059137938278369,-0.42203750476858143,0.4606753594778814,0.9510943673330624,0.8650420589847486
0.28953343823889843,0.6060149335312932,0.058073289316119436,0.20298551286187946,0.4606753594778814,0.9510943673330624,-0.32581980635769175
-0.5225461379734192,-1.3770865333652296,2.870959372548416,-0.8187435805034847,1.1622826690695374,0.11787304330573296,0.8650420589847486
0.28953343823889843,0.08414612645326086,-0.5915459560173878,-0.09406671556063854,-0.9425392597054306,-0.9930887220640396,-1.5166816717001321
0.8309198223804434,0.6060149335312932,-0.8326672248774003,0.9507589122559892,0.4606753594778814,0.9510943673330624,-0.32581980635769175
0.28953343823889843,-0.6464702034559844,-0.0058321508708341655,-0.48122622372235285,1.1622826690695374,0.11787304330573296,-1.5166816717001321
-0.7932393300441917,-0.12460139637795206,1.2695691500518438,-0.7313462941399033,-0.9425392597054306,-1.2708291634064828,0.8650420589847486
0.018840246168125976,0.5016411721156867,-1.1123634307709878,0.3209934062182022,-0.9425392597054306,-0.15986739803671018,-1.5166816717001321
-0.7932393300441917,0.08414612645326086,0.007649538410798763,-0.5043843489321531,1.1622826690695374,-0.7153482807215965,0.8650420589847486
-0.5225461379734192,-2.0033291018588684,2.184174766389869,-0.8229317520839805,1.1622826690695374,-0.7153482807215965,0.8650420589847486
0.28953343823889843,1.1278837406093254,-1.1372333793215776,1.3305891201518358,0.4606753594778814,0.9510943673330624,0.8650420589847486
-0.5225461379734192,1.7541263091029642,-1.4278852022815025,1.5475117717181033,0.4606753594778814,1.5065752500179488,-0.32581980635769175
0.018840246168125976,0.9191362177781126,-1.501518113927357,0.9300028266291204,-0.9425392597054306,-0.15986739803671018,-1.5166816717001321
-1.063932522114964,1.4410050248561448,-1.196714704081743,0.7319885379336205,-0.9425392597054306,-0.9930887220640396,0.8650420589847486
0.5602266303096711,0.2928936492844738,-0.6054463313015559,0.4207088442891242,0.4606753594778814,0.9510943673330624,-0.32581980635769175
-0.25185294590264645,1.023509979193719,-0.6919747718254939,0.02073845835177564,1.1622826690695374,0.3956134846481761,0.8650420589847486
-0.5225461379734192,1.232257502024932,-0.9347568284955627,0.188573275364291,1.1622826690695374,0.3956134846481761,0.8650420589847486
-1.063932522114964,-0.43772268062477143,-0.35847741460613525,-0.5373969955078259,0.4606753594778814,1.5065752500179488,-0.32581980635769175
0.28953343823889843,-0.333348919209165,-0.47060152608505756,-0.3052614265829927,1.1622826690695374,0.11787304330573296,0.8650420589847486
0.8309198223804434,1.3366312634405384,-0.7634584286583344,1.2471952330931402,-1.6441465692970867,1.784315691360392,0.8650420589847486
-0.5225461379734192,-1.1683390105340168,1.1747646828777936,-0.744465125708221,-0.9425392597054306,-0.15986739803671018,-1.5166816717001321
-0.25185294590264645,-0.12460139637795206,-0.03148364662615645,-0.4222838678027282,1.1622826690695374,-0.7153482807215965,-0.32581980635769175
-0.5225461379734192,-1.3770865333652296,2.471058415326977,-0.8155408610595761,1.1622826690695374,-0.7153482807215965,-1.5166816717001321
-0.25185294590264645,0.7103886949468996,-0.5664108396651922,-0.17801491944616457,1.1622826690695374,0.3956134846481761,0.8650420589847486
0.018840246168125976,1.4410050248561448,-0.9801144787702076,1.1784599465661796,1.1622826690695374,0.11787304330573296,0.8650420589847486
0.018840246168125976,1.1278837406093254,-0.8674600316880741,0.7210869736726242,-0.9425392597054306,-0.15986739803671018,-1.5166816717001321
0.018840246168125976,-0.12460139637795206,0.8164392457080984,-0.5122679660248511,0.4606753594778814,0.9510943673330624,0.8650420589847486
0.018840246168125976,1.1278837406093254,-1.009268980746741,0.4999145597673241,1.1622826690695374,-0.7153482807215965,0.8650420589847486
-1.063932522114964,0.9191362177781126,-0.6022224490820349,-0.014306683255608302,0.4606753594778814,1.5065752500179488,-0.32581980635769175
0.5602266303096711,1.1278837406093254,-1.1797439647789834,1.9423701246969056,0.4606753594778814,0.9510943673330624,-0.32581980635769175
0.28953343823889843,-2.0033291018588684,2.441317752946895,-0.8149249534742091,1.1622826690695374,0.11787304330573296,-1.5166816717001321
0.8309198223804434,-0.333348919209165,0.44171527343910866,-0.42524022421248997,-1.6441465692970867,1.2288348086755054,-1.5166816717001321
0.8309198223804434,-1.1683390105340168,0.39006337692635146,-0.5406613057102712,0.4606753594778814,0.9510943673330624,-0.32581980635769175
-1.063932522114964,0.9191362177781126,-0.7980139800675715,0.105240979064132,-0.9425392597054306,-0.9930887220640396,0.8650420589847486
-0.5225461379734192,-0.2289751577935585,0.5213493511213007,-0.6320004006202016,0.4606753594778814,1.5065752500179488,0.8650420589847486
0.018840246168125976,1.7541263091029642,-1.48235625121133,1.5818794149815836,1.1622826690695374,-0.7153482807215965,0.8650420589847486
0.8309198223804434,0.2928936492844738,-0.007520851081059409,0.1288302395836892,0.4606753594778814,0.9510943673330624,-0.32581980635769175
0.018840246168125976,0.08414612645326086,-0.6667280058726224,0.03151684109569865,0.4606753594778814,0.6733539259906193,-0.32581980635769175
0.018840246168125976,0.2928936492844738,-0.915985739381902,0.4755862101453264,0.4606753594778814,0.9510943673330624,-0.32581980635769175
-1.063932522114964,0.18851988786886734,-0.1384718764739805,-0.41624797346613135,-0.9425392597054306,-0.9930887220640396,0.8650420589847486
-0.5225461379734192,1.023509979193719,-0.7017022432843947,0.009097804988338794,1.1622826690695374,0.3956134846481761,-1.5166816717001321
0.018840246168125976,-1.1683390105340168,1.175769529283878,-0.6825664133788346,0.4606753594778814,0.9510943673330624,-0.32581980635769175
-0.7932393300441917,1.3366312634405384,-1.0986723984880873,0.45809443472090283,1.1622826690695374,-0.7153482807215965,0.8650420589847486
0.5602266303096711,1.4410050248561448,-1.2614854286739359,4.8157637827097055,-0.24093195011377463,-1.826310046091369,0.8650420589847486
-0.5225461379734192,-0.333348919209165,-0.048175261927225786,-0.513746144229732,0.4606753594778814,1.5065752500179488,-0.32581980635769175
2.9964653589466232,-0.2289751577935585,-0.3086258679042793,0.29444778928888327,-0.24093195011377463,-1.548569604748926,0.8650420589847486
0.28953343823889843,1.4410050248561448,-1.278888810179315,2.5337645881663264,0.4606753594778814,0.9510943673330624,-0.32581980635769175
-0.5225461379734192,-0.8552177262871973,-0.13135421443088238,-0.5763223549030221,-0.9425392597054306,-0.15986739803671018,-1.5166816717001321
-0.7932393300441917,-0.333348919209165,0.2112286290434898,-0.6499233113543821,1.1622826690695374,0.3956134846481761,0.8650420589847486
-1.063932522114964,0.08414612645326086,-0.529482734241589,-0.3759676173831276,0.4606753594778814,1.5065752500179488,-0.32581980635769175
0.28953343823889843,1.5453787862717514,-1.0836694833972431,1.5238609204400095,-0.9425392597054306,-0.15986739803671018,-1.5166816717001321
-0.5225461379734192,-1.1683390105340168,1.1727270776654557,-0.7237706308398888,0.4606753594778814,0.6733539259906193,-0.32581980635769175
-0.5225461379734192,-0.2289751577935585,0.20653934581509573,-0.5757680380761918,1.1622826690695374,-0.7153482807215965,0.8650420589847486
-1.063932522114964,0.7103886949468996,-0.3803467801385564,-0.16520404167053038,-0.9425392597054306,-0.9930887220640396,0.8650420589847486
-0.5225461379734192,-0.12460139637795206,-0.3355613340673762,-0.38477509585387615,-0.9425392597054306,-0.9930887220640396,0.8650420589847486
-1.063932522114964,-1.2727127719496232,0.8934216453742343,-0.7312231126228299,0.4606753594778814,0.6733539259906193,-0.32581980635769175
0.018840246168125976,0.5016411721156867,-0.6106519939330767,0.4665323686404311,0.4606753594778814,0.9510943673330624,-0.32581980635769175
-0.7932393300441917,0.6060149335312932,-0.1767258209056118,-0.31862662118545726,1.1622826690695374,-0.7153482807215965,0.8650420589847486
0.8309198223804434,-0.020227634962345597,-0.6123965189436399,-0.02767187785807283,-1.6441465692970867,1.784315691360392,0.8650420589847486
0.28953343823889843,-0.020227634962345597,0.2335445929786151,-0.20899507099012612,0.4606753594778814,0.9510943673330624,-0.32581980635769175
-0.5225461379734192,1.3366312634405384,-1.0624421030687095,0.7371621616507036,0.4606753594778814,1.5065752500179488,-0.32581980635769175
-0.7932393300441917,0.5016411721156867,-0.5561530326030802,-0.2780383113097701,0.4606753594778814,1.5065752500179488,0.8650420589847486
-0.5225461379734192,-1.1683390105340168,1.4641046230297747,-0.7896111517156242,1.1622826690695374,0.3956134846481761,0.8650420589847486
0.5602266303096711,1.232257502024932,-1.169220989915266,2.1219687765899313,0.4606753594778814,0.9510943673330624,-0.32581980635769175
-0.5225461379734192,-1.2727127719496232,1.9653834176650662,-0.8013749865961345,1.1622826690695374,-0.7153482807215965,0.8650420589847486
-0.25185294590264645,-1.5858340561964426,3.1981066587293245,-0.8251490193913018,1.1622826690695374,0.11787304330573296,-1.5166816717001321
-0.25185294590264645,-0.5420964420403779,0.6013881586059434,-0.6221458792543291,-0.9425392597054306,-0.9930887220640396,0.8650420589847486
0.018840246168125976,1.5453787862717514,-1.1416295823481972,1.4570965381862235,-0.9425392597054306,-0.15986739803671018,-1.5166816717001321
4.349931319300485,-0.8552177262871973,0.3860858599022672,-0.10927963291920414,-1.6441465692970867,-0.4376078393791533,0.8650420589847486
-1.063932522114964,0.8147624563625061,-1.063921460277667,0.20434050954968694,-0.9425392597054306,-0.9930887220640396,-1.5166816717001321
-1.063932522114964,-1.898955340443262,3.0505058866355874,-0.837959897166936,-0.9425392597054306,-1.2708291634064828,0.8650420589847486
-0.5225461379734192,1.3366312634405384,-1.1472818433824221,0.5205474638771196,0.4606753594778814,1.5065752500179488,0.8650420589847486
0.8309198223804434,-0.9595914877028038,0.35432154850993125,-0.5212602167712097,-0.24093195011377463,-2.1040504874338124,0.8650420589847486
-0.5225461379734192,-0.333348919209165,-0.14906463233812065,-0.4434094979808173,1.1622826690695374,0.11787304330573296,-1.5166816717001321
0.018840246168125976,-1.3770865333652296,0.8569401383533353,-0.6979641030130104,0.4606753594778814,0.6733539259906193,-0.32581980635769175
-1.063932522114964,-0.020227634962345597,0.3679567559924937,-0.6511551265251161,-0.9425392597054306,-1.2708291634064828,0.8650420589847486
0.28953343823889843,0.2928936492844738,0.7057386666377958,-0.4028827788636668,1.1622826690695374,0.11787304330573296,-1.5166816717001321
-0.25185294590264645,1.4410050248561448,-0.9404230457298722,0.9457084700559796,-0.9425392597054306,-0.9930887220640396,0.8650420589847486
0.28953343823889843,1.8585000705185708,-1.462691965292261,2.7089902962032464,1.1622826690695374,0.11787304330573296,-1.5166816717001321
-0.25185294590264645,0.7103886949468996,-0.6054602875016404,-0.037772762258092105,1.1622826690695374,-0.7153482807215965,0.8650420589847486
-1.063932522114964,0.18851988786886734,-0.8479771763701035,-0.08642946150208738,0.4606753594778814,0.6733539259906193,-0.32581980635769175
0.28953343823889843,-0.43772268062477143,-0.2830999779497176,-0.4774075966930773,1.1622826690695374,-0.7153482807215965,0.8650420589847486
-0.25185294590264645,0.08414612645326086,0.45724852413316397,-0.5397990350907573,1.1622826690695374,-0.7153482807215965,0.8650420589847486
-0.7932393300441917,-0.020227634962345597,0.3644118811710292,-0.6318772191031281,-0.9425392597054306,-1.2708291634064828,0.8650420589847486
0.018840246168125976,0.18851988786886734,-0.9741551813341235,0.23248748620096016,0.4606753594778814,0.6733539259906193,-0.32581980635769175
0.8309198223804434,-0.333348919209165,0.3336384599846931,-0.35447244265381833,-0.24093195011377463,-2.1040504874338124,0.8650420589847486
-1.063932522114964,1.5453787862717514,-1.1793113225763638,0.7590268809312332,0.4606753594778814,1.5065752500179488,-0.32581980635769175
-0.7932393300441917,0.2928936492844738,-0.6782279147422554,-0.3794782906197197,1.1622826690695374,0.3956134846481761,0.8650420589847486
-0.5225461379734192,0.18851988786886734,-0.07374302048204104,-0.23289228530236683,0.4606753594778814,0.6733539259906193,-0.32581980635769175
-0.5225461379734192,1.5453787862717514,-1.1222444204308182,1.566666497623018,0.4606753594778814,0.6733539259906193,-0.32581980635769175
-0.5225461379734192,0.2928936492844738,-0.12034277256420703,-0.39364416508316136,1.1622826690695374,-0.7153482807215965,0.8650420589847486
0.28953343823889843,-1.3770865333652296,2.113695955963113,-0.8007590790107675,1.1622826690695374,-0.7153482807215965,0.8650420589847486
-0.5225461379734192,-0.6464702034559844,0.07017331478938627,-0.6635348689909935,-0.9425392597054306,-1.2708291634064828,0.8650420589847486
-0.7932393300441917,0.2928936492844738,-0.16900804225887994,-0.355581076307479,0.4606753594778814,1.5065752500179488,-0.32581980635769175
-0.5225461379734192,1.232257502024932,-0.844376476748301,0.9049353879046823,0.4606753594778814,0.6733539259906193,-0.32581980635769175
-0.25185294590264645,-1.2727127719496232,0.5619758495672981,-0.726419033456967,1.1622826690695374,-0.7153482807215965,0.8650420589847486
0.018840246168125976,0.6060149335312932,-1.132055629090226,0.36293671278169687,-0.9425392597054306,-0.9930887220640396,0.8650420589847486
0.5602266303096711,0.08414612645326086,-0.15784308219127502,-0.10915645140213075,0.4606753594778814,0.9510943673330624,0.8650420589847486
-0.25185294590264645,1.232257502024932,-1.1872803128246168,1.2430070615126443,-0.9425392597054306,-0.9930887220640396,-0.32581980635769175
0.28953343823889843,1.4410050248561448,-1.1748453385493218,1.1053517161831132,1.1622826690695374,-0.7153482807215965,-1.5166816717001321
0.018840246168125976,-0.333348919209165,1.0460745618985625,-0.6305838131738574,-0.9425392597054306,-0.15986739803671018,-1.5166816717001321
0.28953343823889843,-1.690207817612049,0.6643306209870661,-0.7655907558863101,1.1622826690695374,0.3956134846481761,0.8650420589847486
-0.5225461379734192,1.023509979193719,-0.9020853640977339,0.36269034974755004,0.4606753594778814,1.5065752500179488,-0.32581980635769175
0.018840246168125976,-0.9595914877028038,2.0485205015684693,-0.7569680496911717,0.4606753594778814,0.6733539259906193,-0.32581980635769175
-0.7932393300441917,0.18851988786886734,0.5333098145937224,-0.6240551927689668,-0.9425392597054306,-1.2708291634064828,0.8650420589847486
-0.7932393300441917,0.39726741070008026,-0.2080295776951591,-0.45129311507351527,1.1622826690695374,0.3956134846481761,0.8650420589847486
0.28953343823889843,0.8147624563625061,-0.1789309005189638,0.17545444379597327,1.1622826690695374,0.11787304330573296,-1.5166816717001321
2.319732378769692,-1.7945815790276554,2.8604363976846985,-0.7937377325375833,-0.24093195011377463,-1.548569604748926,0.8650420589847486
-0.25185294590264645,-0.12460139637795206,-0.5668574380678963,-0.297747354041515,-0.9425392597054306,-0.15986739803671018,0.8650420589847486
0.28953343823889843,-0.43772268062477143,0.04348906022781052,-0.3042759744464055,0.4606753594778814,0.9510943673330624,-0.32581980635769175
-0.25185294590264645,0.2928936492844738,-0.2971120028345618,-0.21379915015598894,-0.9425392597054306,-0.9930887220640396,0.8650420589847486
-1.063932522114964,1.1278837406093254,-1.1808046359854059,0.06151154050307295,1.1622826690695374,0.3956134846481761,0.8650420589847486
0.28953343823889843,-0.020227634962345597,0.35183734489488916,-0.44377904253203754,-0.9425392597054306,-0.15986739803671018,0.8650420589847486
0.018840246168125976,1.023509979193719,-1.0379629281204856,0.7332819438628914,-0.9425392597054306,-0.15986739803671018,-1.5166816717001321
-0.5225461379734192,-1.0639652491184102,2.1539316808067444,-0.7780936798692608,0.4606753594778814,0.6733539259906193,-0.32581980635769175
-1.063932522114964,0.39726741070008026,-0.9224335038209438,-0.3370422579879314,1.1622826690695374,0.3956134846481761,0.8650420589847486
-1.063932522114964,-0.12460139637795206,0.13668856439214253,-0.4686001182223288,0.4606753594778814,0.6733539259906193,-0.32581980635769175
-0.25185294590264645,-0.020227634962345597,0.8424536026656179,-0.6549737535543917,1.1622826690695374,0.3956134846481761,0.8650420589847486
0.5602266303096711,-1.0639652491184102,-0.4672101694645226,-0.4724187452516044,-1.6441465692970867,1.784315691360392,0.8650420589847486
0.018840246168125976,-1.0639652491184102,1.2743979952810829,-0.6818273242763941,0.4606753594778814,0.9510943673330624,-0.32581980635769175
-1.063932522114964,1.4410050248561448,-1.0926433200515806,0.6655937002310548,-0.9425392597054306,-0.9930887220640396,0.8650420589847486
1.642999398592761,0.2928936492844738,0.6659495401968688,0.34846288452557167,-0.24093195011377463,-1.826310046091369,0.8650420589847486
-1.063932522114964,-0.8552177262871973,-1.070732085918906,-0.5168256821565671,0.4606753594778814,1.5065752500179488,-0.32581980635769175
-0.7932393300441917,0.7103886949468996,-0.36287361763275466,-0.3111741394025162,-0.9425392597054306,-1.2708291634064828,-1.5166816717001321
1.642999398592761,1.4410050248561448,-1.3667291335111966,4.009417571947191,-0.24093195011377463,-1.548569604748926,-1.5166816717001321
-0.5225461379734192,1.6497525476873578,-1.1346514823059441,1.2346307183516527,-0.9425392597054306,-0.9930887220640396,0.8650420589847486
-0.7932393300441917,-0.6464702034559844,0.923469344156176,-0.741570360056996,1.1622826690695374,0.3956134846481761,0.8650420589847486
-0.5225461379734192,-1.0639652491184102,-0.8192971851964435,-0.592089589088418,0.4606753594778814,1.5065752500179488,0.8650420589847486
-0.25185294590264645,1.4410050248561448,-1.419595219431306,1.4213123074763991,-0.9425392597054306,-0.15986739803671018,-1.5166816717001321
-0.5225461379734192,0.08414612645326086,-0.42192230019030014,-0.1591681473339335,0.4606753594778814,0.6733539259906193,-0.32581980635769175
-0.25185294590264645,-0.6464702034559844,0.1159775634667354,-0.6506008096982858,1.1622826690695374,0.3956134846481761,0.8650420589847486
0.28953343823889843,-1.3770865333652296,1.7932755582229365,-0.7709491518790033,-1.6441465692970867,1.784315691360392,0.8650420589847486
-0.5225461379734192,-1.690207817612049,2.4716445757305263,-0.8273662866986231,-0.9425392597054306,-1.2708291634064828,0.8650420589847486
0.8309198223804434,-0.7508439648715909,1.875728788322199,-0.7033840897642402,-0.24093195011377463,-2.1040504874338124,0.8650420589847486
0.28953343823889843,-2.0033291018588684,0.424325848133814,-0.7205679113959803,-1.6441465692970867,1.2288348086755054,0.8650420589847486
0.018840246168125976,0.7103886949468996,-0.6683748374825941,0.31076934030110953,1.1622826690695374,0.11787304330573296,-1.5166816717001321
3.5378517430881686,-0.6464702034559844,0.6872327453257406,-0.18448194909251836,-1.6441465692970867,-0.4376078393791533,0.8650420589847486
-0.5225461379734192,1.4410050248561448,-1.1801905631816876,1.0090237698317102,-0.9425392597054306,-0.9930887220640396,0.8650420589847486
1.642999398592761,-0.8552177262871973,0.615386227290703,-0.5707175958761822,-1.6441465692970867,1.784315691360392,0.8650420589847486
-1.063932522114964,0.5016411721156867,-0.2658640708453525,-0.45936150444182333,-0.9425392597054306,-1.2708291634064828,0.8650420589847486
-1.063932522114964,1.5453787862717514,-1.371892927542464,0.5972895490138513,0.4606753594778814,1.5065752500179488,0.8650420589847486
0.28953343823889843,0.18851988786886734,-0.4293749110354264,-0.13890478777535825,-0.9425392597054306,-0.9930887220640396,0.8650420589847486
0.28953343823889843,-1.898955340443262,1.4359968360595794,-0.7555514622448275,0.4606753594778814,0.9510943673330624,-0.32581980635769175
0.5602266303096711,1.5453787862717514,-1.1700025371199982,1.8871232142894832,-1.6441465692970867,1.784315691360392,0.8650420589847486
-0.5225461379734192,-0.020227634962345597,-0.4449639865298198,-0.27292627835122374,1.1622826690695374,0.11787304330573296,-1.5166816717001321
0.28953343823889843,0.5016411721156867,-0.7266140604352381,0.03330297309326303,1.1622826690695374,-0.7153482807215965,-1.5166816717001321
-0.5225461379734192,-0.2289751577935585,0.018018995073586824,-0.4524633394857126,1.1622826690695374,0.11787304330573296,-1.5166816717001321
-0.25185294590264645,0.8147624563625061,-0.37867203612841566,0.11195437174463262,-0.9425392597054306,-0.15986739803671018,-1.5166816717001321
-0.7932393300441917,1.5453787862717514,-1.4932002186769913,0.8951424572973465,1.1622826690695374,-0.7153482807215965,0.8650420589847486
0.018840246168125976,1.1278837406093254,-0.7981954106686702,0.8901536058558736,-0.9425392597054306,-0.15986739803671018,-0.32581980635769175
-0.7932393300441917,-0.43772268062477143,0.331098431569313,-0.6526948954885337,0.4606753594778814,1.5065752500179488,0.8650420589847486
0.018840246168125976,-0.5420964420403779,-0.058768017791365944,-0.5030909430028824,-0.9425392597054306,-0.15986739803671018,0.8650420589847486
4.349931319300485,0.7103886949468996,-0.5001049330637035,2.3781247413440783,-1.6441465692970867,-0.4376078393791533,0.8650420589847486
-0.25185294590264645,-0.9595914877028038,1.3044596502631092,-0.7248176737350128,1.1622826690695374,0.11787304330573296,-1.5166816717001321
0.28953343823889843,-0.43772268062477143,0.5017548462026541,-0.4285045344149352,0.4606753594778814,0.9510943673330624,-0.32581980635769175
-0.7932393300441917,1.4410050248561448,-1.2397835375425288,0.3664473860182889,-0.9425392597054306,-1.2708291634064828,0.8650420589847486
1.642999398592761,-0.9595914877028038,1.5344996962560238,-0.6384058395080187,-0.24093195011377463,-1.548569604748926,0.8650420589847486
-0.7932393300441917,1.023509979193719,-1.0225273708270217,0.23913928812292407,1.1622826690695374,-0.7153482807215965,-1.5166816717001321
-0.7932393300441917,-0.12460139637795206,0.36184394035548,-0.640191971505583,1.1622826690695374,0.3956134846481761,0.8650420589847486
0.28953343823889843,0.8147624563625061,-0.7377650643027586,0.948726417224278,0.4606753594778814,0.9510943673330624,-0.32581980635769175
0.018840246168125976,0.39726741070008026,-0.1448917285128533,0.12501161255441362,0.4606753594778814,0.9510943673330624,-0.32581980635769175
0.28953343823889843,0.6060149335312932,-0.4085941291095968,0.11423322981049062,-0.9425392597054306,-0.9930887220640396,-1.5166816717001321
-0.5225461379734192,1.4410050248561448,-0.9941404598551363,0.8694591109875414,-0.9425392597054306,-0.9930887220640396,0.8650420589847486
-0.7932393300441917,1.7541263091029642,-1.3274284740732274,0.7645700491995364,-0.9425392597054306,-1.2708291634064828,-1.5166816717001321
0.5602266303096711,-1.2727127719496232,1.2172054873347766,-0.6813345982081005,0.4606753594778814,0.9510943673330624,-0.32581980635769175
0.28953343823889843,1.7541263091029642,-1.3818157858025477,1.2301345929784733,1.1622826690695374,0.3956134846481761,0.8650420589847486
-1.063932522114964,1.232257502024932,-1.1184762464080016,0.07524627965675769,-0.9425392597054306,-1.2708291634064828,0.8650420589847486
0.28953343823889843,-0.7508439648715909,0.2521621638913463,-0.4516010688661988,0.4606753594778814,0.9510943673330624,-0.32581980635769175
-0.5225461379734192,-1.0639652491184102,0.08313862466789246,-0.6445033246031522,-0.9425392597054306,-0.9930887220640396,0.8650420589847486
0.018840246168125976,0.7103886949468996,0.37991721946491547,0.041740907012791324,0.4606753594778814,0.9510943673330624,-0.32581980635769175
-1.063932522114964,0.18851988786886734,-0.39462397282500616,-0.2341856912316376,0.4606753594778814,0.6733539259906193,-0.32581980635769175
-0.25185294590264645,-0.2289751577935585,-0.40849643570900523,-0.31967366408058123,1.1622826690695374,0.11787304330573296,-1.5166816717001321
-0.5225461379734192,-1.898955340443262,0.9847789311274115,-0.792136372815629,0.4606753594778814,1.5065752500179488,0.8650420589847486
-1.063932522114964,0.2928936492844738,-0.3942750678228935,-0.32145979607814557,-0.9425392597054306,-0.9930887220640396,0.8650420589847486
1.642999398592761,-0.2289751577935585,0.030900567751585988,-0.020958485177572213,-0.24093195011377463,-1.548569604748926,0.8650420589847486
0.5602266303096711,0.5016411721156867,-0.6318514618614415,0.6200781296724314,0.4606753594778814,0.9510943673330624,-0.32581980635769175
4.349931319300485,-0.43772268062477143,0.13989849041157892,0.2605728720936967,-1.6441465692970867,-0.4376078393791533,0.8650420589847486
-0.5225461379734192,-1.3770865333652296,1.3072229778798412,-0.7808652640034124,1.1622826690695374,-0.7153482807215965,0.8650420589847486
0.8309198223804434,1.4410050248561448,-1.19961759369932,2.740771127608185,0.4606753594778814,0.9510943673330624,-0.32581980635769175
2.9964653589466232,-1.3770865333652296,1.8920714986211555,-0.7242633569081824,-0.24093195011377463,-2.1040504874338124,0.8650420589847486
-0.5225461379734192,-0.8552177262871973,0.2556372577123883,-0.6386522025421655,-0.9425392597054306,-0.15986739803671018,0.8650420589847486
-0.7932393300441917,-0.020227634962345597,-0.19747869043127245,-0.4894177946077344,1.1622826690695374,-0.7153482807215965,0.8650420589847486
0.5602266303096711,0.08414612645326086,-0.2660455014464511,0.09008965246410308,0.4606753594778814,0.9510943673330624,-0.32581980635769175
-0.5225461379734192,-1.2727127719496232,0.05254663408265501,-0.6744980240105265,0.4606753594778814,1.5065752500179488,-0.32581980635769175
-0.7932393300441917,-0.8552177262871973,-0.04143441728640932,-0.6892182153007985,-0.9425392597054306,-1.2708291634064828,0.8650420589847486
-0.25185294590264645,-0.333348919209165,0.23065565956112233,-0.6217147439445722,1.1622826690695374,0.3956134846481761,0.8650420589847486
0.28953343823889843,1.3366312634405384,-0.970805693313842,1.935841504292015,0.4606753594778814,0.9510943673330624,-0.32581980635769175
0.28953343823889843,1.1278837406093254,-0.8893433534205797,0.9165760412681191,1.1622826690695374,0.11787304330573296,-1.5166816717001321
0.018840246168125976,0.8147624563625061,-0.4315241658484404,0.1975039353521129,-0.9425392597054306,-0.15986739803671018,-1.5166816717001321
-0.5225461379734192,1.4410050248561448,-1.1550135782292386,1.4416988485520479,0.4606753594778814,0.6733539259906193,-0.32581980635769175
0.018840246168125976,-1.3770865333652296,2.0178447737827248,-0.8002047621839371,1.1622826690695374,-0.7153482807215965,0.8650420589847486
0.018840246168125976,1.023509979193719,-0.8581791586318775,0.8663795730607062,0.4606753594778814,0.9510943673330624,0.8650420589847486
-0.5225461379734192,1.3366312634405384,-1.1153919261893257,0.5025629623844023,0.4606753594778814,1.5065752500179488,0.8650420589847486
0.018840246168125976,-1.1683390105340168,2.082099118971791,-0.7956470460522211,1.1622826690695374,-0.7153482807215965,0.8650420589847486
-0.5225461379734192,-1.7945815790276554,1.49518508061797,-0.8098129205156628,1.1622826690695374,0.3956134846481761,0.8650420589847486
0.5602266303096711,1.6497525476873578,-1.2804519045887797,2.5313625485833953,0.4606753594778814,0.9510943673330624,0.8650420589847486
0.8309198223804434,-0.7508439648715909,1.0829468425218276,-0.648691496183648,-1.6441465692970867,1.784315691360392,0.8650420589847486
2.9964653589466232,1.3366312634405384,-1.0950437864661158,4.794453380256006,-1.6441465692970867,-0.4376078393791533,0.8650420589847486
0.28953343823889843,-1.690207817612049,2.0814431775678193,-0.8009438512863776,-0.9425392597054306,-0.9930887220640396,0.8650420589847486
-0.7932393300441917,1.232257502024932,-1.0676617219003146,0.5279383549015239,0.4606753594778814,1.5065752500179488,-0.32581980635769175
-0.5225461379734192,-0.2289751577935585,0.6813153164899101,-0.5919048168128079,-0.9425392597054306,-0.15986739803671018,-1.5166816717001321
-0.5225461379734192,-1.3770865333652296,0.7027241274195425,-0.7027681821788732,0.4606753594778814,0.6733539259906193,-0.32581980635769175
0.018840246168125976,-1.3770865333652296,3.128297745906625,-0.8215151646376363,-0.9425392597054306,-0.9930887220640396,0.8650420589847486
-0.5225461379734192,0.5016411721156867,-0.12009156096268592,-0.2298127473755317,-0.9425392597054306,-0.9930887220640396,0.8650420589847486
-1.063932522114964,1.4410050248561448,-1.035325206304514,0.17071195538864717,-0.9425392597054306,-1.2708291634064828,0.8650420589847486
-0.5225461379734192,-1.1683390105340168,0.1164381180695241,-0.6425324203299777,1.1622826690695374,0.11787304330573296,-1.5166816717001321
-1.063932522114964,-0.2289751577935585,0.49742842417645716,-0.6258413247665312,0.4606753594778814,1.5065752500179488,-0.32581980635769175
0.018840246168125976,0.18851988786886734,-0.07096573666522431,-0.23344660212919716,1.1622826690695374,0.11787304330573296,-1.5166816717001321
0.28953343823889843,-0.020227634962345597,0.16778297818042218,-0.35040745259039596,1.1622826690695374,0.11787304330573296,-1.5166816717001321
1.642999398592761,0.6060149335312932,-0.4609857042268328,0.9728699945706656,-0.24093195011377463,-1.548569604748926,0.8650420589847486
3.5378517430881686,-0.2289751577935585,-0.096407889419279,0.5030556884526959,-1.6441465692970867,-0.4376078393791533,0.8650420589847486
-0.25185294590264645,-1.3770865333652296,-0.23781210867549518,-0.6156172588494385,1.1622826690695374,0.11787304330573296,-1.5166816717001321
-0.5225461379734192,-1.7945815790276554,2.454841310828781,-0.8207760755351958,0.4606753594778814,1.5065752500179488,-0.32581980635769175
-0.25185294590264645,-0.9595914877028038,0.08260828906468123,-0.6058859190006395,-0.9425392597054306,-0.15986739803671018,-1.5166816717001321
-1.063932522114964,-0.8552177262871973,-0.26746903385507076,-0.6210372456006684,0.4606753594778814,1.5065752500179488,-0.32581980635769175
1.642999398592761,0.2928936492844738,-0.33801762528224927,0.2311940802716894,-1.6441465692970867,1.2288348086755054,-1.5166816717001321
1.642999398592761,-0.12460139637795206,0.39511552135694267,-0.12714095289484798,-0.24093195011377463,-1.548569604748926,0.8650420589847486
0.28953343823889843,-0.9595914877028038,-1.0577528198403152,-0.294421453080533,-1.6441465692970867,1.2288348086755054,-1.5166816717001321
0.28953343823889843,-0.43772268062477143,0.2319535861689814,-0.4979789100443361,1.1622826690695374,0.11787304330573296,0.8650420589847486
0.018840246168125976,1.1278837406093254,-0.56039571742877,0.5891595688870066,1.1622826690695374,0.11787304330573296,-1.5166816717001321
-0.5225461379734192,1.4410050248561448,-1.0880656864238627,0.8649013948558254,0.4606753594778814,1.5065752500179488,-0.32581980635769175
-0.7932393300441917,0.39726741070008026,-0.20494525747648323,-0.4010966468661024,0.4606753594778814,1.5065752500179488,0.8650420589847486
-0.7932393300441917,-0.7508439648715909,2.210314729148149,-0.7993424915644233,0.4606753594778814,1.5065752500179488,0.8650420589847486
-0.25185294590264645,0.9191362177781126,-0.5003980132654782,0.2420340537741491,-0.9425392597054306,-0.15986739803671018,-1.5166816717001321
-0.7932393300441917,-0.333348919209165,0.755101746336694,-0.6768384728349213,1.1622826690695374,-0.7153482807215965,0.8650420589847486
0.28953343823889843,-0.9595914877028038,0.0017879343753061854,-0.5760759918688754,-0.9425392597054306,-0.9930887220640396,0.8650420589847486
-0.7932393300441917,-1.7945815790276554,2.294275228856538,-0.8237940227034943,-0.9425392597054306,-1.2708291634064828,-0.32581980635769175
0.018840246168125976,-0.12460139637795206,-0.14864594633558548,-0.4475360788027764,1.1622826690695374,-0.7153482807215965,0.8650420589847486
-1.063932522114964,0.9191362177781126,-0.9588173174412513,-0.12326073510703571,1.1622826690695374,0.3956134846481761,0.8650420589847486
-0.7932393300441917,0.9191362177781126,-0.5405639571086869,-0.1932894275632669,1.1622826690695374,0.3956134846481761,0.8650420589847486
-0.25185294590264645,1.3366312634405384,-0.7636119468592639,0.7019938385262463,-0.9425392597054306,-0.9930887220640396,0.8650420589847486
-0.25185294590264645,-0.333348919209165,0.1271425235343403,-0.4921277879833493,-0.9425392597054306,-0.9930887220640396,-1.5166816717001321
-0.7932393300441917,0.5016411721156867,-0.4285235828302716,-0.37350398704165955,1.1622826690695374,0.3956134846481761,0.8650420589847486
-0.5225461379734192,-0.43772268062477143,0.822133375342577,-0.6305222224153206,1.1622826690695374,0.11787304330573296,-1.5166816717001321
-1.063932522114964,-1.7945815790276554,0.2785533382511474,-0.7515480629399418,-0.9425392597054306,-0.9930887220640396,0.8650420589847486
-0.5225461379734192,1.3366312634405384,-1.2303491462854026,1.0079767269365862,1.1622826690695374,0.11787304330573296,0.8650420589847486
0.8309198223804434,0.18851988786886734,-0.1903331159880053,-0.011227145328773157,-1.6441465692970867,1.2288348086755054,-1.5166816717001321
-0.5225461379734192,0.5016411721156867,0.2826704172760767,-0.30322893155128156,1.1622826690695374,0.11787304330573296,-1.5166816717001321
-0.5225461379734192,-1.898955340443262,2.0639700150620177,-0.8235476596693475,1.1622826690695374,0.3956134846481761,0.8650420589847486
-0.25185294590264645,-1.3770865333652296,1.7177027347653357,-0.7759380033204761,1.1622826690695374,0.11787304330573296,-1.5166816717001321
0.5602266303096711,0.7103886949468996,-0.41624212675590616,0.6623909807871463,0.4606753594778814,0.9510943673330624,-0.32581980635769175
-0.5225461379734192,1.232257502024932,-1.0176147883972757,0.7462160031555989,-0.9425392597054306,-0.9930887220640396,-1.5166816717001321
-1.063932522114964,-1.2727127719496232,-0.9045556115126914,-0.6783166510398021,-0.9425392597054306,-1.2708291634064828,0.8650420589847486
0.28953343823889843,1.023509979193719,-0.7597879480361093,0.7151742608531007,-1.6441465692970867,1.784315691360392,0.8650420589847486
0.28953343823889843,-0.12460139637795206,0.584640718504536,-0.501304811005318,-0.9425392597054306,-0.15986739803671018,-1.5166816717001321
-0.5225461379734192,0.9191362177781126,-0.9248200140353944,-0.003097165201928377,1.1622826690695374,0.3956134846481761,0.8650420589847486
0.018840246168125976,-0.8552177262871973,1.1645627006160195,-0.7255567628374532,1.1622826690695374,-0.7153482807215965,-1.5166816717001321
1.642999398592761,0.9191362177781126,-1.0201966854129092,2.0311224077482946,-0.24093195011377463,-1.548569604748926,0.8650420589847486
-1.063932522114964,0.18851988786886734,-0.21915266916251047,-0.4884323424711471,0.4606753594778814,1.5065752500179488,0.8650420589847486
-0.5225461379734192,1.5453787862717514,-1.2824057726006106,1.1339298281441434,0.4606753594778814,1.5065752500179488,-0.32581980635769175
-0.5225461379734192,-0.333348919209165,0.45879766234254415,-0.5357340450273349,-0.9425392597054306,-0.15986739803671018,-0.32581980635769175
-1.063932522114964,1.4410050248561448,-1.0362184031099224,0.19793507066186983,1.1622826690695374,0.3956134846481761,0.8650420589847486
-0.5225461379734192,0.39726741070008026,0.05117892647437341,-0.4051000461709881,1.1622826690695374,-0.7153482807215965,0.8650420589847486
0.28953343823889843,-0.12460139637795206,-0.27231183528439434,-0.25623518278777724,-1.6441465692970867,1.784315691360392,0.8650420589847486
-0.5225461379734192,0.6060149335312932,-0.5360700606814759,0.1690490049081562,0.4606753594778814,0.6733539259906193,-0.32581980635769175
0.018840246168125976,-0.9595914877028038,0.5160878636894418,-0.565359199883489,0.4606753594778814,0.9510943673330624,-0.32581980635769175
-0.25185294590264645,-1.4814602947808362,0.06713086317096392,-0.6720959844275951,1.1622826690695374,0.11787304330573296,0.8650420589847486
-0.25185294590264645,-0.2289751577935585,0.07068969419251299,-0.5341326853053806,1.1622826690695374,-0.7153482807215965,0.8650420589847486
-1.063932522114964,1.6497525476873578,-1.2511438844113167,0.45809443472090283,1.1622826690695374,0.3956134846481761,0.8650420589847486
0.018840246168125976,0.7103886949468996,-1.0474671003780343,0.525228361525909,1.1622826690695374,0.11787304330573296,-1.5166816717001321
0.018840246168125976,0.7103886949468996,-0.2465068213281425,0.40531115465494844,0.4606753594778814,0.9510943673330624,-0.32581980635769175
-1.063932522114964,-1.2727127719496232,0.8575960797573071,-0.756290551347268,0.4606753594778814,1.5065752500179488,-0.32581980635769175
0.018840246168125976,-0.12460139637795206,1.0040803558442835,-0.5913504999859777,1.1622826690695374,0.11787304330573296,0.8650420589847486
-0.5225461379734192,0.9191362177781126,-1.11710853879972,0.04586748783475042,-0.9425392597054306,-1.2708291634064828,0.8650420589847486
0.5602266303096711,1.023509979193719,-0.7440593105408708,0.7796597850410286,-1.6441465692970867,1.784315691360392,0.8650420589847486
0.28953343823889843,-0.333348919209165,1.2525984107490842,-0.5644969292639752,0.4606753594778814,0.9510943673330624,-0.32581980635769175
0.018840246168125976,-1.2727127719496232,0.2407878608224738,-0.6446265061202257,1.1622826690695374,0.11787304330573296,-1.5166816717001321
0.018840246168125976,0.08414612645326086,-0.45432859678652343,-0.18103286661446302,1.1622826690695374,0.11787304330573296,0.8650420589847486
0.28953343823889843,-0.8552177262871973,1.1089193308790937,-0.6963627432910561,-0.9425392597054306,-0.9930887220640396,0.8650420589847486
0.28953343823889843,1.5453787862717514,-1.0626374898698925,1.5029200625375305,-0.9425392597054306,-0.15986739803671018,-1.5166816717001321
0.8309198223804434,-0.6464702034559844,0.31203426225387765,-0.399310514868538,0.4606753594778814,0.9510943673330624,-0.32581980635769175
-1.063932522114964,0.6060149335312932,-0.7494743161736592,-0.2386202258462802,0.4606753594778814,1.5065752500179488,0.8650420589847486
-0.25185294590264645,-0.43772268062477143,0.20871651302827868,-0.5149779594004661,1.1622826690695374,0.11787304330573296,-1.5166816717001321
-1.063932522114964,-0.020227634962345597,0.624569406946308,-0.6785630140739489,-0.9425392597054306,-1.2708291634064828,0.8650420589847486
-1.063932522114964,-1.3770865333652296,0.7914716037569169,-0.7736591452546182,0.4606753594778814,1.5065752500179488,0.8650420589847486
-0.5225461379734192,-1.7945815790276554,1.29538812020818,-0.7889336533717205,0.4606753594778814,1.5065752500179488,-0.32581980635769175
-0.25185294590264645,-0.12460139637795206,-0.5038731070865202,-0.39567666011487257,1.1622826690695374,-0.7153482807215965,0.8650420589847486
-0.5225461379734192,0.8147624563625061,-0.5115490171329986,-0.2124441534681815,-0.9425392597054306,-1.2708291634064828,0.8650420589847486
0.28953343823889843,-0.43772268062477143,0.20178028158627914,-0.5953538992908634,1.1622826690695374,0.3956134846481761,-1.5166816717001321
0.018840246168125976,1.3366312634405384,-1.02540234804443,1.4523540497788974,0.4606753594778814,0.6733539259906193,-0.32581980635769175
-0.25185294590264645,1.1278837406093254,-1.3113509315758762,1.0348302976585886,1.1622826690695374,0.11787304330573296,-1.5166816717001321
-0.5225461379734192,-1.3770865333652296,1.659910110215396,-0.7686087030546085,0.4606753594778814,0.6733539259906193,-0.32581980635769175
0.018840246168125976,-0.8552177262871973,0.005639845598629879,-0.57281168166643,-0.9425392597054306,-0.9930887220640396,0.8650420589847486
-0.7932393300441917,-0.2289751577935585,0.801729410819029,-0.7020290930764327,-0.9425392597054306,-1.2708291634064828,0.8650420589847486
-0.25185294590264645,1.232257502024932,-1.1827305915970678,0.9615372949999123,-0.9425392597054306,-0.15986739803671018,-1.5166816717001321
-0.7932393300441917,1.1278837406093254,-1.0185498538029376,0.24055587556926825,-0.9425392597054306,-1.2708291634064828,-0.32581980635769175
0.8309198223804434,-0.8552177262871973,2.403970961520756,-0.7613409935472776,0.4606753594778814,0.9510943673330624,0.8650420589847486
0.018840246168125976,1.3366312634405384,-1.1415318889476056,1.9910884146994374,0.4606753594778814,0.9510943673330624,-0.32581980635769175
-1.063932522114964,0.9191362177781126,-0.43692521528114425,0.15198836479348948,0.4606753594778814,0.6733539259906193,-0.32581980635769175
-0.7932393300441917,-1.3770865333652296,0.7059898782393169,-0.7719961947741272,1.1622826690695374,0.3956134846481761,0.8650420589847486
0.28953343823889843,-1.3770865333652296,1.4011482044485677,-0.75419646555702,-0.9425392597054306,-0.15986739803671018,-1.5166816717001321
2.9964653589466232,0.2928936492844738,-0.21189544511856728,1.0625461390001048,-1.6441465692970867,-0.4376078393791533,0.8650420589847486
-1.063932522114964,-0.7508439648715909,1.439597535681382,-0.7841911649643943,-0.9425392597054306,-1.2708291634064828,0.8650420589847486
-0.7932393300441917,-0.12460139637795206,-0.37705311691861293,-0.4283813528978618,0.4606753594778814,1.5065752500179488,-0.32581980635769175
-0.7932393300441917,-0.333348919209165,1.0149522357101137,-0.7282667562130681,-0.9425392597054306,-1.2708291634064828,0.8650420589847486
-0.5225461379734192,-1.3770865333652296,2.436056265515036,-0.8220694814644667,-0.9425392597054306,-1.2708291634064828,0.8650420589847486
0.8309198223804434,-0.020227634962345597,0.3133740574619902,-0.23812749977798658,-0.24093195011377463,-2.1040504874338124,0.8650420589847486
-0.7932393300441917,1.1278837406093254,-0.7868908886002202,0.28970530088155716,0.4606753594778814,1.5065752500179488,-0.32581980635769175
-0.25185294590264645,0.39726741070008026,-0.4161304771552301,-0.09431307859478535,1.1622826690695374,0.11787304330573296,0.8650420589847486
4.349931319300485,1.3366312634405384,-1.0248580562411342,5.275908339737413,-1.6441465692970867,-0.4376078393791533,0.8650420589847486
0.28953343823889843,0.08414612645326086,-0.04499324830795839,-0.39142689777584005,1.1622826690695374,-0.7153482807215965,0.8650420589847486
-0.25185294590264645,-1.5858340561964426,1.589961635391851,-0.7856693431692753,-0.9425392597054306,-0.9930887220640396,0.8650420589847486
4.349931319300485,1.023509979193719,-0.7503954253792366,3.5901692785878545,-1.6441465692970867,-0.4376078393791533,0.8650420589847486
0.28953343823889843,-1.0639652491184102,0.6407865114445042,-0.6699403078788105,1.1622826690695374,-0.7153482807215965,-0.32581980635769175
-1.063932522114964,0.39726741070008026,-0.6309722212561176,-0.41236775567831907,-0.9425392597054306,-1.2708291634064828,0.8650420589847486
-1.063932522114964,1.3366312634405384,-1.0348786079018097,0.4760789362136201,0.4606753594778814,1.5065752500179488,-0.32581980635769175
0.018840246168125976,-0.6464702034559844,0.7242306317497664,-0.6313229022762978,-0.9425392597054306,-0.15986739803671018,-1.5166816717001321
0.8309198223804434,0.8147624563625061,-0.30477395668095564,0.41356431629886664,-1.6441465692970867,1.2288348086755054,0.8650420589847486
-0.5225461379734192,0.8147624563625061,-0.8294572988579639,0.21259367119360512,-0.9425392597054306,-0.15986739803671018,0.8650420589847486
0.018840246168125976,-1.1683390105340168,0.8930169155717836,-0.7067099907252221,-0.9425392597054306,-0.9930887220640396,-1.5166816717001321
-1.063932522114964,-1.1683390105340168,-0.3932562652167246,-0.7018443208008226,1.1622826690695374,0.3956134846481761,0.8650420589847486
-0.5225461379734192,-0.6464702034559844,0.8001244478093108,-0.6655057732641679,-0.9425392597054306,-0.15986739803671018,-1.5166816717001321
0.28953343823889843,1.1278837406093254,-0.9340031936909994,0.9517443643925765,1.1622826690695374,0.11787304330573296,-1.5166816717001321
-0.5225461379734192,1.3366312634405384,-0.7507722427815183,0.17206695207645462,1.1622826690695374,0.3956134846481761,0.8650420589847486
-0.7932393300441917,0.9191362177781126,-0.975215852540546,-0.048366372726404996,1.1622826690695374,0.3956134846481761,0.8650420589847486
-0.25185294590264645,-0.020227634962345597,-0.2604351090124796,-0.313083452917154,-0.9425392597054306,-0.9930887220640396,-1.5166816717001321
0.28953343823889843,1.232257502024932,-0.8085509111313737,0.8737704640851106,-0.9425392597054306,-0.15986739803671018,-1.5166816717001321
0.018840246168125976,1.232257502024932,-0.7513863155852366,0.7578566565190358,-0.9425392597054306,-0.9930887220640396,-1.5166816717001321
-0.5225461379734192,-1.4814602947808362,2.2610594726554134,-0.7982954486692994,0.4606753594778814,0.6733539259906193,-0.32581980635769175
0.018840246168125976,0.08414612645326086,0.801952710020381,-0.5179959065687645,-0.9425392597054306,-0.15986739803671018,-1.5166816717001321
0.28953343823889843,0.6060149335312932,-0.5682391018762625,-0.1466036325924461,1.1622826690695374,0.3956134846481761,0.8650420589847486
0.28953343823889843,0.8147624563625061,-0.32337757139360235,-0.10256624023870353,1.1622826690695374,0.3956134846481761,-1.5166816717001321
0.28953343823889843,1.3366312634405384,-0.8738519713267779,1.0473332216415392,-0.9425392597054306,-0.15986739803671018,-1.5166816717001321
0.018840246168125976,1.1278837406093254,-0.8805090787670874,1.3732715158177708,0.4606753594778814,0.9510943673330624,-0.32581980635769175
-1.063932522114964,-1.690207817612049,-0.052948282356126884,-0.693467977639831,0.4606753594778814,0.6733539259906193,-0.32581980635769175
-0.5225461379734192,-2.0033291018588684,0.6245275383460546,-0.746128076188712,0.4606753594778814,0.6733539259906193,-0.32581980635769175
-0.25185294590264645,0.9191362177781126,-0.7792289347538263,0.20643459533993483,1.1622826690695374,-0.7153482807215965,-1.5166816717001321
0.28953343823889843,-0.6464702034559844,0.4363421364065738,-0.5004425403858042,-0.24093195011377463,-2.1040504874338124,0.8650420589847486
-0.25185294590264645,0.9191362177781126,-0.5731935529062622,0.06360562629332085,1.1622826690695374,-0.7153482807215965,0.8650420589847486
-1.063932522114964,-1.2727127719496232,2.1769314985460104,-0.8200985771912922,-0.9425392597054306,-1.2708291634064828,0.8650420589847486
0.28953343823889843,-0.9595914877028038,0.8045625194361837,-0.7043079511422907,1.1622826690695374,-0.7153482807215965,0.8650420589847486
-0.7932393300441917,0.7103886949468996,-0.24322711430828356,-0.29109555211955107,0.4606753594778814,1.5065752500179488,0.8650420589847486
0.018840246168125976,-1.4814602947808362,0.2976175075665828,-0.6526948954885337,0.4606753594778814,0.6733539259906193,-0.32581980635769175
0.018840246168125976,0.7103886949468996,-0.44850886135128437,0.19405485287405755,1.1622826690695374,0.11787304330573296,-1.5166816717001321
-1.063932522114964,-0.9595914877028038,0.7741798718522139,-0.7609714489960574,1.1622826690695374,0.3956134846481761,0.8650420589847486
0.018840246168125976,1.1278837406093254,-0.6594428694285102,0.824559448014285,0.4606753594778814,0.9510943673330624,0.8650420589847486
0.018840246168125976,-1.3770865333652296,0.9786661154903978,-0.7318390202081969,-0.9425392597054306,-0.15986739803671018,-1.5166816717001321
-0.7932393300441917,-0.7508439648715909,0.3348945179922987,-0.6565135225178093,0.4606753594778814,1.5065752500179488,-0.32581980635769175
0.018840246168125976,0.6060149335312932,-0.883258450183735,0.507613404584412,0.4606753594778814,0.6733539259906193,-0.32581980635769175
-0.7932393300441917,-0.5420964420403779,1.0059783990557762,-0.7426789937106566,-0.9425392597054306,-1.2708291634064828,0.8650420589847486
0.018840246168125976,-0.020227634962345597,-0.17556745629859782,-0.3066780140293369,1.1622826690695374,0.11787304330573296,0.8650420589847486
-1.063932522114964,0.6060149335312932,-0.22808463721659442,-0.11174326326067227,0.4606753594778814,0.6733539259906193,-0.32581980635769175
0.28953343823889843,-0.9595914877028038,2.0942131006451423,-0.7703332442936363,-0.9425392597054306,-0.15986739803671018,-1.5166816717001321
0.8309198223804434,1.1278837406093254,-0.8409711639276815,1.67198669472078,0.4606753594778814,0.9510943673330624,-0.32581980635769175
0.8309198223804434,1.6497525476873578,-1.300060365707511,3.420548329577775,0.4606753594778814,0.9510943673330624,-0.32581980635769175
-0.7932393300441917,1.232257502024932,-0.6827915921698889,0.3109541125767196,0.4606753594778814,1.5065752500179488,-0.32581980635769175
-0.5225461379734192,0.8147624563625061,-0.7061821835115212,-0.1505454411387951,-0.9425392597054306,-1.2708291634064828,0.8650420589847486
-0.7932393300441917,0.6060149335312932,-1.1033895941166503,-0.15670451699246538,1.1622826690695374,0.3956134846481761,0.8650420589847486
-0.25185294590264645,0.9191362177781126,-1.332243363102382,0.7388251121311946,-0.9425392597054306,-0.9930887220640396,-1.5166816717001321
0.28953343823889843,-1.4814602947808362,1.2340087522365222,-0.7653443928521633,1.1622826690695374,-0.7153482807215965,-1.5166816717001321
0.018840246168125976,-0.020227634962345597,0.12168564930129841,-0.29910235072932245,0.4606753594778814,0.6733539259906193,-0.32581980635769175
-0.25185294590264645,0.18851988786886734,0.53804096642237,-0.4562203757564515,1.1622826690695374,0.11787304330573296,0.8650420589847486
0.28953343823889843,1.1278837406093254,-0.6473149315550742,0.3586253596841277,1.1622826690695374,-0.7153482807215965,0.8650420589847486
0.018840246168125976,-0.43772268062477143,0.38735587410995725,-0.5459581109444276,-0.9425392597054306,-0.15986739803671018,-1.5166816717001321
-0.7932393300441917,1.3366312634405384,-1.0489185451868228,0.6111474696846095,0.4606753594778814,1.5065752500179488,-0.32581980635769175
-0.5225461379734192,-0.8552177262871973,0.19854244316667372,-0.6556512518982954,1.1622826690695374,-0.7153482807215965,-1.5166816717001321
0.28953343823889843,0.8147624563625061,0.03769723719274048,-0.01874121787025091,-0.9425392597054306,-0.9930887220640396,0.8650420589847486
0.018840246168125976,-1.0639652491184102,0.2830611908784429,-0.5907345924006107,0.4606753594778814,0.6733539259906193,-0.32581980635769175
0.28953343823889843,0.8147624563625061,-0.28222073734439374,-0.1528858899631898,1.1622826690695374,0.3956134846481761,0.8650420589847486
-1.063932522114964,0.2928936492844738,-0.6220123408018646,-0.4107048051978281,1.1622826690695374,0.3956134846481761,-1.5166816717001321
-0.7932393300441917,-1.898955340443262,2.008089389923655,-0.8214535738790996,0.4606753594778814,1.5065752500179488,0.8650420589847486
0.8309198223804434,1.232257502024932,-1.1054411555290728,1.429195924569097,-1.6441465692970867,1.784315691360392,0.8650420589847486
2.319732378769692,1.023509979193719,-0.8347885672902452,3.7170462411734624,-0.24093195011377463,-1.826310046091369,0.8650420589847486
3.5378517430881686,0.6060149335312932,-0.46948503007829706,1.940830355733488,-1.6441465692970867,-0.4376078393791533,0.8650420589847486
0.8309198223804434,-0.12460139637795206,0.09734603635391971,-0.14155319039243647,0.4606753594778814,0.9510943673330624,-0.32581980635769175
-0.5225461379734192,-1.2727127719496232,0.6673312040052349,-0.7580766833448324,1.1622826690695374,0.3956134846481761,0.8650420589847486
-0.7932393300441917,-0.5420964420403779,0.6333059881992089,-0.6948845650861751,0.4606753594778814,1.5065752500179488,0.8650420589847486
-0.25185294590264645,1.4410050248561448,-1.1922905886549544,0.8277621674581935,1.1622826690695374,-0.7153482807215965,0.8650420589847486
0.28953343823889843,0.7103886949468996,-0.45894809901449496,0.2605728720936967,-1.6441465692970867,1.784315691360392,0.8650420589847486
-0.5225461379734192,-0.6464702034559844,0.7608377445714261,-0.7209990467057372,1.1622826690695374,0.3956134846481761,0.8650420589847486
-0.7932393300441917,1.232257502024932,-0.9024621815000154,0.43302699599646477,0.4606753594778814,1.5065752500179488,-0.32581980635769175
-0.5225461379734192,0.2928936492844738,-0.16070410320859876,-0.267691063875604,-0.9425392597054306,-0.9930887220640396,-1.5166816717001321
1.642999398592761,1.232257502024932,-1.2221429006357132,2.096716565589883,-1.6441465692970867,1.2288348086755054,-1.5166816717001321
0.8309198223804434,-1.690207817612049,2.2749598479395816,-0.7928754619180695,-1.6441465692970867,1.2288348086755054,-1.5166816717001321
-0.25185294590264645,-0.12460139637795206,0.6133346658782807,-0.5577219458249378,-0.9425392597054306,-0.15986739803671018,0.8650420589847486
-0.5225461379734192,0.18851988786886734,0.19755155296067378,-0.44020677853690876,0.4606753594778814,1.5065752500179488,-0.32581980635769175
0.28953343823889843,0.18851988786886734,-0.17495338349487954,-0.1635410911900394,1.1622826690695374,0.11787304330573296,-1.5166816717001321
0.28953343823889843,-1.7945815790276554,1.7277791112263492,-0.789672742474161,1.1622826690695374,0.11787304330573296,0.8650420589847486
0.018840246168125976,0.2928936492844738,0.1175685702763691,-0.1759824244144534,0.4606753594778814,0.6733539259906193,-0.32581980635769175
0.28953343823889843,-0.43772268062477143,1.3150803185274182,-0.6653825917470945,-0.9425392597054306,-0.9930887220640396,-1.5166816717001321
-0.5225461379734192,-1.2727127719496232,0.41410990967195555,-0.6639044135422136,0.4606753594778814,0.6733539259906193,-0.32581980635769175
0.28953343823889843,1.023509979193719,-1.0456667505671329,0.9259994273242347,-1.6441465692970867,1.784315691360392,0.8650420589847486
-1.063932522114964,-1.3770865333652296,0.7754080174596504,-0.7538885117643366,-0.9425392597054306,-0.9930887220640396,0.8650420589847486
0.018840246168125976,1.1278837406093254,-1.252748847421035,1.7514387732331267,0.4606753594778814,0.9510943673330624,-0.32581980635769175
0.8309198223804434,0.08414612645326086,0.031682114956318334,-0.011165554570236455,0.4606753594778814,0.9510943673330624,-0.32581980635769175
-1.063932522114964,-1.1683390105340168,-0.3156458365467859,-0.6003427507323362,0.4606753594778814,0.6733539259906193,-0.32581980635769175
-0.25185294590264645,-1.898955340443262,2.7782622915871262,-0.8289676464205774,1.1622826690695374,-0.7153482807215965,0.8650420589847486
-0.5225461379734192,-0.020227634962345597,0.4994660293887951,-0.5220608966321869,-0.9425392597054306,-0.15986739803671018,-1.5166816717001321
-0.7932393300441917,0.5016411721156867,-0.6201142975903718,-0.1426002332875604,0.4606753594778814,1.5065752500179488,-0.32581980635769175
-0.7932393300441917,0.6060149335312932,-0.4138556165414556,-0.2798244433073344,0.4606753594778814,1.5065752500179488,0.8650420589847486
0.018840246168125976,0.08414612645326086,-0.3318768972450666,-0.10145760658504288,0.4606753594778814,0.6733539259906193,-0.32581980635769175
-0.5225461379734192,1.232257502024932,-1.0459319183687386,0.4427583358452638,1.1622826690695374,-0.7153482807215965,0.8650420589847486
-0.7932393300441917,1.023509979193719,-0.5802693463491068,-0.13453184391925233,1.1622826690695374,0.3956134846481761,0.8650420589847486
0.018840246168125976,-0.020227634962345597,-0.3003917098544207,-0.16076950705588777,0.4606753594778814,0.6733539259906193,-0.32581980635769175
0.018840246168125976,-1.7945815790276554,1.8960629718453244,-0.7988497654961296,-0.9425392597054306,-0.15986739803671018,-1.5166816717001321
0.28953343823889843,1.1278837406093254,-0.8976333362707763,0.7484948612214569,-0.9425392597054306,-0.15986739803671018,0.8650420589847486
-0.5225461379734192,1.232257502024932,-1.1224537634320857,0.6726766374627757,0.4606753594778814,1.5065752500179488,-0.32581980635769175
0.28953343823889843,1.1278837406093254,-0.6216215671994985,0.1564228994081321,1.1622826690695374,0.3956134846481761,0.8650420589847486
2.9964653589466232,-1.0639652491184102,2.242818719144964,-0.6695091725690536,-1.6441465692970867,-0.4376078393791533,0.8650420589847486
0.8309198223804434,-0.5420964420403779,0.7650525169969469,-0.480363953102839,0.4606753594778814,0.9510943673330624,-0.32581980635769175
-0.7932393300441917,0.7103886949468996,-0.685331620585269,-0.13009730930460972,-0.9425392597054306,-1.2708291634064828,-0.32581980635769175
-0.7932393300441917,1.6497525476873578,-1.3190128854222702,0.6555544065895723,-0.9425392597054306,-1.2708291634064828,-1.5166816717001321
-1.063932522114964,1.4410050248561448,-1.1007797847008478,0.6707057331896011,-0.9425392597054306,-0.9930887220640396,0.8650420589847486
-0.5225461379734192,0.9191362177781126,-0.7792289347538263,-0.07682130317036173,-0.9425392597054306,-1.2708291634064828,0.8650420589847486
0.28953343823889843,-0.5420964420403779,0.05557512950099284,-0.5062320716882542,-0.9425392597054306,-0.15986739803671018,0.8650420589847486
0.28953343823889843,-0.2289751577935585,0.5249221383429342,-0.5280967909687838,-0.9425392597054306,-0.15986739803671018,0.8650420589847486
-0.7932393300441917,0.7103886949468996,-0.7953902144516845,-0.2020353152754787,1.1622826690695374,0.3956134846481761,0.8650420589847486
0.018840246168125976,-0.2289751577935585,0.5038622324154145,-0.5253867975931689,-0.9425392597054306,-0.15986739803671018,-1.5166816717001321
0.018840246168125976,-1.1683390105340168,3.841948037227846,-0.8297067355230178,-0.9425392597054306,-0.9930887220640396,0.8650420589847486
-1.063932522114964,-0.020227634962345597,0.29182568453151275,-0.6098277275469886,0.4606753594778814,1.5065752500179488,0.8650420589847486
-1.063932522114964,1.5453787862717514,-1.318929148221763,1.3610765456275038,0.4606753594778814,0.6733539259906193,-0.32581980635769175
0.018840246168125976,-1.0639652491184102,1.4914029503950688,-0.7250640367691596,0.4606753594778814,0.6733539259906193,-0.32581980635769175
-0.5225461379734192,1.6497525476873578,-1.4584632366666554,1.4187870863763943,0.4606753594778814,1.5065752500179488,-0.32581980635769175
-1.063932522114964,1.023509979193719,-0.7982651916690927,-0.004636934165345949,-0.9425392597054306,-1.2708291634064828,-0.32581980635769175
-0.5225461379734192,1.232257502024932,-1.0690852543089342,0.5206706453941929,1.1622826690695374,-0.7153482807215965,-1.5166816717001321
-0.5225461379734192,0.9191362177781126,-1.0140420011756421,0.6981752114969707,0.4606753594778814,0.6733539259906193,-0.32581980635769175
-0.7932393300441917,0.2928936492844738,-0.4346084860671162,-0.3536717627928412,1.1622826690695374,-0.7153482807215965,0.8650420589847486
0.5602266303096711,1.023509979193719,-0.8828537203812844,0.8853495266900108,-1.6441465692970867,1.784315691360392,0.8650420589847486
0.5602266303096711,0.9191362177781126,-1.167071735102252,0.9830324697292215,-1.6441465692970867,1.784315691360392,0.8650420589847486
-0.5225461379734192,1.3366312634405384,-0.7108854229399998,0.5669868958137936,-0.9425392597054306,-0.9930887220640396,0.8650420589847486
0.018840246168125976,0.8147624563625061,-1.0803479077771307,0.8390332762704101,0.4606753594778814,0.6733539259906193,-0.32581980635769175
-0.5225461379734192,0.08414612645326086,0.32929808175841174,-0.5866080115786515,1.1622826690695374,0.3956134846481761,0.8650420589847486
1.642999398592761,1.1278837406093254,-0.9347986970958162,2.3223235141098257,-0.24093195011377463,-1.548569604748926,0.8650420589847486
-1.063932522114964,1.232257502024932,-1.118601852208762,0.8201865041581791,0.4606753594778814,0.6733539259906193,-0.32581980635769175
-0.5225461379734192,0.6060149335312932,-0.14723637012705035,-0.012828505050727433,0.4606753594778814,0.6733539259906193,-0.32581980635769175
-1.063932522114964,1.6497525476873578,-1.434709784122826,1.620558411342633,0.4606753594778814,0.6733539259906193,-0.32581980635769175
0.28953343823889843,-1.0639652491184102,0.44467398785702394,-0.5574139920322544,0.4606753594778814,0.9510943673330624,-0.32581980635769175
-0.25185294590264645,0.2928936492844738,-0.08631755675818106,-0.17247175117786132,-0.9425392597054306,-0.15986739803671018,-0.32581980635769175
0.28953343823889843,0.18851988786886734,-0.23426723385403064,-0.06647405573619565,-1.6441465692970867,1.2288348086755054,-1.5166816717001321
-0.25185294590264645,-1.0639652491184102,0.15554339070631032,-0.6182040707079801,1.1622826690695374,0.11787304330573296,-1.5166816717001321
0.5602266303096711,-1.5858340561964426,0.45265693430536147,-0.6670455422275855,0.4606753594778814,0.9510943673330624,0.8650420589847486
-0.5225461379734192,1.3366312634405384,-1.0841160817999473,1.2317975434589643,0.4606753594778814,0.6733539259906193,-0.32581980635769175
-0.25185294590264645,1.3366312634405384,-0.5871357967906838,0.6363996806846577,-0.9425392597054306,-0.15986739803671018,-1.5166816717001321
2.9964653589466232,-0.5420964420403779,1.1253039097783037,-0.5014279925223915,-0.24093195011377463,-2.1040504874338124,0.8650420589847486
0.018840246168125976,0.18851988786886734,0.2569630967204164,-0.16434177105101652,0.4606753594778814,0.9510943673330624,-0.32581980635769175
-0.5225461379734192,0.9191362177781126,-0.7396351951140824,-0.09074081459965658,-0.9425392597054306,-1.2708291634064828,0.8650420589847486
2.9964653589466232,0.7103886949468996,-0.6367082194908497,2.233756003334047,-1.6441465692970867,-0.4376078393791533,0.8650420589847486
0.018840246168125976,0.18851988786886734,0.35254911109919895,-0.3620481059538328,1.1622826690695374,0.11787304330573296,-1.5166816717001321
-0.7932393300441917,-0.43772268062477143,0.028053502934346736,-0.648260360873891,-0.9425392597054306,-1.2708291634064828,0.8650420589847486
0.28953343823889843,1.4410050248561448,-1.1396478019361973,1.5515767617815257,1.1622826690695374,0.11787304330573296,-1.5166816717001321
-0.5225461379734192,1.232257502024932,-1.12290036183479,0.5518355692137646,1.1622826690695374,-0.7153482807215965,-1.5166816717001321
-0.7932393300441917,-0.43772268062477143,-0.4108689897233713,-0.5967088959786708,-0.9425392597054306,-1.2708291634064828,0.8650420589847486
-1.063932522114964,0.8147624563625061,-0.41506980594880766,-0.33593362433427076,-0.9425392597054306,-1.2708291634064828,0.8650420589847486
2.9964653589466232,-0.5420964420403779,1.45774059579124,-0.5157170485029064,-0.24093195011377463,-1.548569604748926,0.8650420589847486
-0.25185294590264645,-1.3770865333652296,1.6656600646502124,-0.7796334488326784,1.1622826690695374,-0.7153482807215965,-0.32581980635769175
0.018840246168125976,-1.3770865333652296,-0.5706116558906286,-0.5246477084907284,0.4606753594778814,0.9510943673330624,0.8650420589847486
-0.5225461379734192,0.6060149335312932,-1.1252310472489024,-0.09443626011185875,1.1622826690695374,0.3956134846481761,0.8650420589847486
-0.7932393300441917,-0.12460139637795206,-1.1168991957984522,-0.3048302912732358,1.1622826690695374,-0.7153482807215965,-1.5166816717001321
-0.25185294590264645,-0.8552177262871973,2.0469294947588357,-0.7933681879863631,1.1622826690695374,0.3956134846481761,-1.5166816717001321
-0.5225461379734192,0.5016411721156867,-1.435923973530178,0.32394976262796393,-0.9425392597054306,-0.15986739803671018,-1.5166816717001321
0.28953343823889843,0.08414612645326086,-0.34893137374833305,-0.14765067548757005,1.1622826690695374,0.11787304330573296,-1.5166816717001321
-0.7932393300441917,-0.6464702034559844,0.5945356643644508,-0.7214917727740309,-0.9425392597054306,-1.2708291634064828,0.8650420589847486
0.5602266303096711,1.4410050248561448,-1.0091991997463183,2.325279870519587,0.4606753594778814,0.9510943673330624,-0.32581980635769175
1.642999398592761,0.2928936492844738,0.6706109110250938,-0.23153728861455938,-1.6441465692970867,1.2288348086755054,-1.5166816717001321
-0.25185294590264645,-0.2289751577935585,0.512863981469921,-0.5283431540029306,1.1622826690695374,0.11787304330573296,-1.5166816717001321
0.28953343823889843,-1.1683390105340168,0.9955391613925657,-0.7009820501813088,-1.6441465692970867,1.784315691360392,0.8650420589847486
0.5602266303096711,-1.3770865333652296,1.218126596540354,-0.6921745717105603,0.4606753594778814,0.9510943673330624,-0.32581980635769175
-1.063932522114964,-0.6464702034559844,-0.33074644503822154,-0.6552817073470752,-0.9425392597054306,-1.2708291634064828,0.8650420589847486
-0.5225461379734192,1.7541263091029642,-1.4623011916898947,1.7866686871161206,-0.9425392597054306,-0.15986739803671018,-1.5166816717001321
-1.063932522114964,0.9191362177781126,-0.4424239581144397,-0.26528902429267254,-0.9425392597054306,-1.2708291634064828,-1.5166816717001321
-0.5225461379734192,-1.4814602947808362,-1.1790601109748426,-0.49083438205407853,0.4606753594778814,0.6733539259906193,-0.32581980635769175
0.28953343823889843,-0.7508439648715909,1.4086845524942009,-0.713977700232553,-0.9425392597054306,-0.9930887220640396,0.8650420589847486
0.28953343823889843,1.7541263091029642,-1.3334156839094806,2.99846686132575,-0.24093195011377463,-2.1040504874338124,0.8650420589847486
0.018840246168125976,-0.9595914877028038,-0.11203883351392588,-0.506293662446791,0.4606753594778814,0.6733539259906193,-0.32581980635769175
-0.5225461379734192,-2.0033291018588684,2.5727851577429424,-0.8239172042205677,-0.9425392597054306,-0.9930887220640396,-1.5166816717001321
-0.25185294590264645,-0.43772268062477143,-0.8356398954954001,-0.3326693141318255,-0.9425392597054306,-0.9930887220640396,0.8650420589847486
-1.063932522114964,-0.333348919209165,-0.09795702762865918,-0.4708173855296501,0.4606753594778814,0.6733539259906193,-0.32581980635769175
-0.5225461379734192,0.18851988786886734,-0.15946200140107772,-0.28007080634148124,1.1622826690695374,0.11787304330573296,-1.5166816717001321
0.8309198223804434,0.9191362177781126,-0.9619295500600962,0.905612886248586,-1.6441465692970867,1.784315691360392,0.8650420589847486
-1.063932522114964,-0.43772268062477143,0.027913940933501677,-0.5701632790493518,-0.9425392597054306,-0.9930887220640396,-1.5166816717001321
0.28953343823889843,0.7103886949468996,-0.2743354842966477,0.11293982388121986,-0.9425392597054306,-0.9930887220640396,-1.5166816717001321
-0.7932393300441917,-0.333348919209165,0.7637545903890878,-0.7082497596886397,-0.9425392597054306,-1.2708291634064828,0.8650420589847486
2.319732378769692,-1.2727127719496232,0.30942445283807496,-0.45548128665401105,-0.24093195011377463,-1.548569604748926,0.8650420589847486
-0.25185294590264645,1.4410050248561448,-1.0269096176535568,1.0893997097221073,-0.9425392597054306,-0.15986739803671018,-1.5166816717001321
1.642999398592761,-1.3770865333652296,2.0934734220406637,-0.7370742346838166,-0.24093195011377463,-1.548569604748926,0.8650420589847486
-1.063932522114964,0.18851988786886734,-0.1778283607122878,-0.5441103881883265,-0.9425392597054306,-1.2708291634064828,0.8650420589847486
-0.5225461379734192,-1.2727127719496232,0.4962421471692741,-0.7484685250131067,1.1622826690695374,0.3956134846481761,0.8650420589847486
0.28953343823889843,-0.333348919209165,0.6750629388520513,-0.6427787833641245,1.1622826690695374,0.3956134846481761,-1.5166816717001321
0.28953343823889843,-1.3770865333652296,2.512368767577115,-0.8005743067351573,-1.6441465692970867,1.784315691360392,0.8650420589847486
-0.5225461379734192,-0.7508439648715909,0.9924408849738053,-0.7022138653520428,-0.9425392597054306,-0.9930887220640396,0.8650420589847486
0.28953343823889843,-0.7508439648715909,1.3600611513997816,-0.7502546570106711,1.1622826690695374,0.3956134846481761,0.8650420589847486
0.28953343823889843,0.39726741070008026,-0.33092787563932013,-0.07682130317036173,-0.9425392597054306,-0.9930887220640396,0.8650420589847486
0.018840246168125976,-1.1683390105340168,0.027844159933079145,-0.661132829408062,1.1622826690695374,-0.7153482807215965,0.8650420589847486
0.28953343823889843,-0.9595914877028038,1.1869065769513139,-0.7129922480959658,-0.9425392597054306,-0.9930887220640396,0.8650420589847486
-0.5225461379734192,0.39726741070008026,-0.08215860913299823,-0.4573290094101122,-0.9425392597054306,-1.2708291634064828,0.8650420589847486
0.8309198223804434,0.7103886949468996,-0.693216873633015,0.9555014006633153,0.4606753594778814,0.9510943673330624,-0.32581980635769175
0.28953343823889843,-0.9595914877028038,1.0341001422260563,-0.7429253567448034,1.1622826690695374,0.3956134846481761,0.8650420589847486
-0.5225461379734192,1.232257502024932,-1.1500172585989854,0.757179158175132,-0.9425392597054306,-0.9930887220640396,0.8650420589847486
0.28953343823889843,1.232257502024932,-0.7167888955757459,0.8026947287337555,-0.9425392597054306,-0.15986739803671018,-1.5166816717001321
0.018840246168125976,0.7103886949468996,-0.47189945269291667,-0.042576841423954924,1.1622826690695374,-0.7153482807215965,0.8650420589847486
-0.5225461379734192,1.023509979193719,-0.8127377711567255,0.4149809037452108,-0.9425392597054306,-0.15986739803671018,-1.5166816717001321
-0.25185294590264645,-0.020227634962345597,0.9235670375567676,-0.6643355488519705,1.1622826690695374,0.3956134846481761,0.8650420589847486
0.5602266303096711,-0.12460139637795206,0.6387070376319128,-0.35219358458796035,0.4606753594778814,0.9510943673330624,-0.32581980635769175
-1.063932522114964,0.8147624563625061,-0.4959041168382672,-0.3009500734854235,1.1622826690695374,0.3956134846481761,0.8650420589847486
-1.063932522114964,1.232257502024932,-1.3421243527622124,0.16208924919350876,-0.9425392597054306,-1.2708291634064828,0.8650420589847486
0.8309198223804434,1.8585000705185708,-1.4294762090911364,4.2784460052355096,0.4606753594778814,0.9510943673330624,-0.32581980635769175
-0.7932393300441917,1.1278837406093254,-0.8742706573293131,0.046237032385970635,-0.9425392597054306,-1.2708291634064828,-1.5166816717001321
-1.063932522114964,-1.1683390105340168,1.5718604438822468,-0.7828977590351236,-0.9425392597054306,-0.9930887220640396,0.8650420589847486
-0.7932393300441917,0.6060149335312932,-0.679623534750706,-0.2017889522413319,0.4606753594778814,1.5065752500179488,0.8650420589847486
-1.063932522114964,-0.6464702034559844,1.5836534329536545,-0.735349693444789,0.4606753594778814,0.6733539259906193,-0.32581980635769175
-1.063932522114964,-0.6464702034559844,0.3705944778084654,-0.7129306573374291,1.1622826690695374,0.3956134846481761,0.8650420589847486
-0.5225461379734192,0.9191362177781126,-0.9182605999956764,0.29272324804985556,0.4606753594778814,1.5065752500179488,-0.32581980635769175
-0.5225461379734192,1.5453787862717514,-1.322180942841453,1.7692385024502337,0.4606753594778814,0.6733539259906193,-0.32581980635769175
-0.5225461379734192,-0.9595914877028038,0.707399454447852,-0.7269117595252607,0.4606753594778814,1.5065752500179488,0.8650420589847486
0.018840246168125976,0.18851988786886734,0.04111650621344448,-0.40608549830757534,1.1622826690695374,-0.7153482807215965,0.8650420589847486
0.28953343823889843,-0.8552177262871973,1.1952802970020175,-0.6985800105983774,-0.9425392597054306,-0.15986739803671018,-1.5166816717001321
0.8309198223804434,0.6060149335312932,-0.452249122973932,0.4004454847305489,-1.6441465692970867,1.2288348086755054,-1.5166816717001321
0.28953343823889843,1.1278837406093254,-1.0269933548540637,1.0256532746366198,1.1622826690695374,0.11787304330573296,-1.5166816717001321
0.28953343823889843,-1.898955340443262,1.9516086481816588,-0.808519514586392,1.1622826690695374,-0.7153482807215965,-1.5166816717001321
-0.5225461379734192,1.3366312634405384,-0.8208044548055701,0.17816443717158822,-0.9425392597054306,-1.2708291634064828,0.8650420589847486
3.5378517430881686,-0.7508439648715909,0.939072375850654,-0.3153007202244753,-1.6441465692970867,-0.4376078393791533,0.8650420589847486
-0.5225461379734192,1.5453787862717514,-1.1224816758322547,1.181293121458868,1.1622826690695374,0.11787304330573296,0.8650420589847486
0.5602266303096711,-0.8552177262871973,0.8816147001027421,-0.579648255864004,0.4606753594778814,0.9510943673330624,-0.32581980635769175
-0.5225461379734192,-0.8552177262871973,0.4732283732299235,-0.6430251463982714,1.1622826690695374,0.11787304330573296,-1.5166816717001321
-0.25185294590264645,0.7103886949468996,-0.16544921123733086,-0.30064211969274,1.1622826690695374,0.3956134846481761,0.8650420589847486
0.018840246168125976,-0.7508439648715909,0.643703357262166,-0.6232545129079897,1.1622826690695374,0.11787304330573296,-1.5166816717001321
0.018840246168125976,1.5453787862717514,-1.1715516753293784,2.4363895989197992,0.4606753594778814,0.9510943673330624,-0.32581980635769175
0.28953343823889843,-0.020227634962345597,-0.6990505652683385,-0.14771226624610675,-0.9425392597054306,-0.15986739803671018,0.8650420589847486
-1.063932522114964,1.3366312634405384,-1.0649821314840895,0.5515276154210811,-0.9425392597054306,-0.9930887220640396,0.8650420589847486
0.28953343823889843,-0.2289751577935585,1.7961644916404294,-0.7038768158325338,-0.9425392597054306,-0.15986739803671018,0.8650420589847486
0.8309198223804434,-0.6464702034559844,-0.6049578642985981,-0.3002109843829831,-1.6441465692970867,1.784315691360392,0.8650420589847486
0.8309198223804434,-1.0639652491184102,0.9289122621891335,-0.6097661367884518,0.4606753594778814,0.9510943673330624,-0.32581980635769175
2.9964653589466232,-1.3770865333652296,0.605128420228591,-0.5688698731200811,-0.24093195011377463,-2.1040504874338124,0.8650420589847486
-0.25185294590264645,-0.7508439648715909,1.3302507080192765,-0.7589389539643462,1.1622826690695374,0.3956134846481761,0.8650420589847486
-1.063932522114964,0.5016411721156867,-0.7746792135262773,-0.12572436544850382,-0.9425392597054306,-0.9930887220640396,0.8650420589847486
0.28953343823889843,-0.333348919209165,0.3409794212291434,-0.47863941186381137,1.1622826690695374,0.11787304330573296,-1.5166816717001321
-1.063932522114964,-0.2289751577935585,0.37055260920821187,-0.6488146777007214,0.4606753594778814,1.5065752500179488,0.8650420589847486
0.5602266303096711,-0.333348919209165,1.5162170741453207,-0.5968320774957442,0.4606753594778814,0.9510943673330624,-0.32581980635769175
0.018840246168125976,1.6497525476873578,-1.3237719496510867,1.29221807758347,1.1622826690695374,-0.7153482807215965,0.8650420589847486
0.8309198223804434,-1.5858340561964426,1.1183537221362196,-0.7221076803593979,-1.6441465692970867,1.2288348086755054,-1.5166816717001321
-0.5225461379734192,-0.8552177262871973,0.7588699203595106,-0.6972866046691066,0.4606753594778814,1.5065752500179488,-0.32581980635769175
-0.5225461379734192,-1.1683390105340168,0.6740860048461359,-0.7547507823838504,-0.9425392597054306,-1.2708291634064828,0.8650420589847486
2.9964653589466232,-0.7508439648715909,0.8166067201091125,-0.3916732608099869,-0.24093195011377463,-1.548569604748926,-1.5166816717001321
-0.5225461379734192,-2.1077028632744748,1.7541284169858968,-0.8106751911351766,-0.9425392597054306,-0.9930887220640396,0.8650420589847486
2.319732378769692,-0.5420964420403779,0.1759752676300273,0.15802425913008636,-0.24093195011377463,-1.826310046091369,0.8650420589847486
-0.7932393300441917,-1.690207817612049,0.9226180159510211,-0.7833288943448805,1.1622826690695374,-0.7153482807215965,0.8650420589847486
-0.25185294590264645,0.08414612645326086,0.6058401864329008,-0.5656055629176359,1.1622826690695374,-0.7153482807215965,0.8650420589847486
-0.5225461379734192,0.8147624563625061,-0.39167921460717536,0.05578359995915958,-0.9425392597054306,-0.15986739803671018,-1.5166816717001321
-0.5225461379734192,1.023509979193719,-0.7002647546756906,0.588050935233346,0.4606753594778814,0.6733539259906193,-0.32581980635769175
-1.063932522114964,-0.43772268062477143,-0.3292950002294329,-0.6220842884957923,1.1622826690695374,0.3956134846481761,0.8650420589847486
0.28953343823889843,-0.333348919209165,0.5243080655392159,-0.4054079999636716,0.4606753594778814,0.9510943673330624,-0.32581980635769175
-1.063932522114964,-1.4814602947808362,1.6980803174465202,-0.8010670328034509,0.4606753594778814,1.5065752500179488,-0.32581980635769175
0.018840246168125976,-1.2727127719496232,1.6059693968887796,-0.7482221619789599,0.4606753594778814,0.6733539259906193,-0.32581980635769175
0.28953343823889843,-1.2727127719496232,0.3783959936557043,-0.607240915688447,-0.24093195011377463,-2.1040504874338124,0.8650420589847486
1.642999398592761,0.9191362177781126,-0.7152397573663657,0.9943035785414381,-1.6441465692970867,1.2288348086755054,0.8650420589847486
0.018840246168125976,1.4410050248561448,-1.3238138182513404,1.6032514081938194,1.1622826690695374,0.11787304330573296,-1.5166816717001321
-0.5225461379734192,0.08414612645326086,0.3601133715450013,-0.5001345865931207,0.4606753594778814,1.5065752500179488,-0.32581980635769175
0.5602266303096711,0.2928936492844738,-0.09159300039012438,0.13037000854710679,0.4606753594778814,0.9510943673330624,-0.32581980635769175
2.319732378769692,-0.6464702034559844,0.037767018193163006,0.167632417461812,-0.24093195011377463,-1.826310046091369,0.8650420589847486
-0.5225461379734192,-1.1683390105340168,0.695983282778726,-0.7535189672131163,1.1622826690695374,0.3956134846481761,0.8650420589847486
-0.5225461379734192,1.6497525476873578,-1.2826290718019626,0.9175614934047064,0.4606753594778814,1.5065752500179488,0.8650420589847486
0.28953343823889843,-1.5858340561964426,0.19703517355754704,-0.6295983610372701,-0.24093195011377463,-2.1040504874338124,0.8650420589847486
-0.5225461379734192,0.08414612645326086,-0.27595440350645045,-0.4846753062004082,1.1622826690695374,0.3956134846481761,0.8650420589847486
-1.063932522114964,-0.333348919209165,0.37748884065021143,-0.6624262353373328,0.4606753594778814,1.5065752500179488,0.8650420589847486
2.9964653589466232,-1.2727127719496232,0.8593545609679548,-0.46601330636378724,-1.6441465692970867,-0.4376078393791533,0.8650420589847486
0.28953343823889843,-0.333348919209165,0.5409578122400318,-0.6363733444763074,1.1622826690695374,0.3956134846481761,0.8650420589847486
-0.5225461379734192,1.4410050248561448,-1.1494450543955206,0.9091851502437147,0.4606753594778814,1.5065752500179488,-0.32581980635769175
-0.25185294590264645,1.5453787862717514,-1.2793074961818502,1.4497056471618193,-0.9425392597054306,-0.15986739803671018,-1.5166816717001321
0.018840246168125976,1.023509979193719,-0.6108892493345133,0.6810529806237673,0.4606753594778814,0.9510943673330624,0.8650420589847486
1.642999398592761,0.39726741070008026,-0.7297402492541676,0.9643088791340638,-0.24093195011377463,-1.548569604748926,0.8650420589847486
-1.063932522114964,-1.898955340443262,3.848451626467226,-0.8375903526157158,0.4606753594778814,0.6733539259906193,-0.32581980635769175
0.8309198223804434,-1.3770865333652296,-0.4115807559276811,-0.5356724542687982,-1.6441465692970867,1.784315691360392,0.8650420589847486
-1.063932522114964,0.08414612645326086,0.33074952656720036,-0.6273195029714121,1.1622826690695374,0.3956134846481761,0.8650420589847486
-0.7932393300441917,-1.0639652491184102,0.46323573396941714,-0.7205063206374436,1.1622826690695374,-0.7153482807215965,0.8650420589847486
-0.5225461379734192,-0.6464702034559844,0.7297154183829774,-0.6575605654129333,-0.9425392597054306,-0.15986739803671018,-1.5166816717001321
0.28953343823889843,1.5453787862717514,-1.2886162816382158,1.746388331033117,1.1622826690695374,0.11787304330573296,0.8650420589847486
0.018840246168125976,1.5453787862717514,-1.241137288950726,1.5672208144498483,1.1622826690695374,0.11787304330573296,0.8650420589847486
-0.5225461379734192,-0.020227634962345597,0.4767872042514726,-0.6292288164860499,-0.9425392597054306,-1.2708291634064828,0.8650420589847486
-0.7932393300441917,0.7103886949468996,-0.6313071700581457,-0.26491947974145236,-0.9425392597054306,-1.2708291634064828,0.8650420589847486
-0.5225461379734192,-1.0639652491184102,0.9758609192734121,-0.7155174691959707,1.1622826690695374,0.11787304330573296,-1.5166816717001321
0.28953343823889843,-0.8552177262871973,-1.3828904132090547,-0.2384970443292068,1.1622826690695374,0.11787304330573296,-1.5166816717001321
0.018840246168125976,0.6060149335312932,-0.7808757663637981,0.446453781357466,0.4606753594778814,0.6733539259906193,-0.32581980635769175
-1.063932522114964,-0.020227634962345597,-0.06785350404637944,-0.5905498201250005,1.1622826690695374,0.3956134846481761,0.8650420589847486
-0.7932393300441917,1.3366312634405384,-1.356206158647479,0.5292317608307947,0.4606753594778814,1.5065752500179488,0.8650420589847486
0.28953343823889843,1.5453787862717514,-1.1286782286697754,2.2524795939292046,-0.24093195011377463,-2.1040504874338124,0.8650420589847486
0.018840246168125976,1.1278837406093254,-0.7184078147855486,1.2153528109296647,0.4606753594778814,0.9510943673330624,-0.32581980635769175
0.28953343823889843,0.08414612645326086,-1.0875353508206513,0.19233031163502987,-1.6441465692970867,1.2288348086755054,0.8650420589847486
-1.063932522114964,0.8147624563625061,-0.6868528463944802,-0.2639340276048651,-0.9425392597054306,-1.2708291634064828,0.8650420589847486
1.642999398592761,-1.0639652491184102,2.54629628998255,-0.778463224420481,-1.6441465692970867,1.784315691360392,0.8650420589847486
-0.7932393300441917,-0.12460139637795206,0.20930267343182796,-0.5922743613640282,0.4606753594778814,1.5065752500179488,0.8650420589847486
0.28953343823889843,1.6497525476873578,-1.3724372193457597,1.0890917559294238,1.1622826690695374,0.3956134846481761,0.8650420589847486
-0.5225461379734192,-1.4814602947808362,1.5629982568285854,-0.7947847754327073,1.1622826690695374,-0.7153482807215965,0.8650420589847486
0.28953343823889843,-1.1683390105340168,1.0220559415531274,-0.7116988421666951,-0.9425392597054306,-0.15986739803671018,-1.5166816717001321
-0.25185294590264645,1.1278837406093254,-0.44464299392787615,0.13030841778857008,1.1622826690695374,-0.7153482807215965,0.8650420589847486
-0.5225461379734192,-0.7508439648715909,0.9602020627785962,-0.69180502715934,-0.9425392597054306,-0.9930887220640396,-1.5166816717001321
-0.7932393300441917,0.2928936492844738,-0.1716318078747671,-0.4839362170979678,1.1622826690695374,0.3956134846481761,0.8650420589847486
-0.5225461379734192,-1.4814602947808362,2.6710647187380347,-0.8241019764961779,0.4606753594778814,1.5065752500179488,0.8650420589847486
1.642999398592761,-0.9595914877028038,1.670279566878184,-0.7003661425959418,-1.6441465692970867,1.2288348086755054,-1.5166816717001321
0.5602266303096711,0.8147624563625061,-0.4825480333573948,0.8204328671923259,0.4606753594778814,0.9510943673330624,-0.32581980635769175
-0.7932393300441917,-1.1683390105340168,-0.3758947523115989,-0.6688316742251499,0.4606753594778814,1.5065752500179488,0.8650420589847486
2.319732378769692,-0.43772268062477143,-0.5639405922502346,0.21357912333019238,-0.24093195011377463,-1.548569604748926,0.8650420589847486
-0.25185294590264645,-0.12460139637795206,-0.47354628430288837,-0.26467311670730553,1.1622826690695374,0.11787304330573296,-1.5166816717001321
-0.25185294590264645,0.08414612645326086,-0.9662559720862931,-0.08575196315818365,-0.9425392597054306,-0.9930887220640396,0.8650420589847486
0.5602266303096711,-0.333348919209165,-0.7444919527434906,0.05966381774697186,0.4606753594778814,0.9510943673330624,-0.32581980635769175
0.28953343823889843,-0.9595914877028038,1.8540129409907073,-0.7707643796033932,1.1622826690695374,-0.7153482807215965,-1.5166816717001321
-0.5225461379734192,-1.1683390105340168,1.1917493783806374,-0.7252488090447697,0.4606753594778814,0.6733539259906193,-0.32581980635769175
0.28953343823889843,-0.2289751577935585,-0.23764463427448113,-0.3064316509951901,1.1622826690695374,0.11787304330573296,-1.5166816717001321
-0.25185294590264645,0.18851988786886734,0.1880194683029561,-0.524339754698045,1.1622826690695374,0.3956134846481761,0.8650420589847486
-0.5225461379734192,0.18851988786886734,0.4001676657875339,-0.5865464208201148,-0.9425392597054306,-1.2708291634064828,0.8650420589847486
-0.7932393300441917,1.3366312634405384,-0.9336961572891402,0.30886002678647173,0.4606753594778814,1.5065752500179488,0.8650420589847486
2.9964653589466232,0.08414612645326086,0.29142095472906204,0.16135016009106834,-0.24093195011377463,-1.548569604748926,0.8650420589847486
-0.25185294590264645,0.5016411721156867,-0.05014308613914115,-0.18559058274617904,-0.9425392597054306,-0.15986739803671018,-1.5166816717001321
1.1016130144512162,0.08414612645326086,0.5424650818491584,-0.14420159300951468,-0.24093195011377463,-1.548569604748926,0.8650420589847486
0.018840246168125976,1.3366312634405384,-0.8890642294188896,0.6134263277504675,1.1622826690695374,-0.7153482807215965,0.8650420589847486
0.018840246168125976,1.3366312634405384,-1.021983079023726,1.0879831222757632,-0.9425392597054306,-0.9930887220640396,-1.5166816717001321
0.28953343823889843,0.18851988786886734,0.17880837624718204,-0.313083452917154,-0.9425392597054306,-0.15986739803671018,-1.5166816717001321
0.8309198223804434,0.9191362177781126,-0.6477336175576095,0.6723686836700922,-1.6441465692970867,1.784315691360392,0.8650420589847486
0.018840246168125976,0.6060149335312932,-0.7595088240344191,0.016119151461522922,1.1622826690695374,-0.7153482807215965,0.8650420589847486
-0.7932393300441917,-1.2727127719496232,0.29163029773032967,-0.7469903468082258,-0.9425392597054306,-1.2708291634064828,0.8650420589847486
-1.063932522114964,-0.12460139637795206,0.49061779853521814,-0.609519773754305,0.4606753594778814,1.5065752500179488,-0.32581980635769175
-0.7932393300441917,1.023509979193719,-1.0198059118105431,0.3318333797206619,0.4606753594778814,1.5065752500179488,-0.32581980635769175
-0.25185294590264645,-0.9595914877028038,1.3297064162159806,-0.7267885780081873,1.1622826690695374,0.11787304330573296,-1.5166816717001321
-1.063932522114964,0.2928936492844738,0.55965912035327,-0.45899195989060315,0.4606753594778814,0.6733539259906193,-0.32581980635769175
0.018840246168125976,-0.5420964420403779,1.6323745274486654,-0.7097895286520572,1.1622826690695374,0.11787304330573296,-1.5166816717001321
0.8309198223804434,-1.3770865333652296,2.5452774873763806,-0.7804341286936555,0.4606753594778814,0.9510943673330624,-0.32581980635769175
0.28953343823889843,0.39726741070008026,0.8590475245660957,-0.43373974889055494,-0.9425392597054306,-0.9930887220640396,-1.5166816717001321
-0.25185294590264645,0.18851988786886734,0.07607678742513235,-0.41883478532467283,1.1622826690695374,-0.7153482807215965,-1.5166816717001321
-0.7932393300441917,-0.43772268062477143,0.4080947874355334,-0.6866929942007937,-0.9425392597054306,-1.2708291634064828,0.8650420589847486
0.8309198223804434,-0.6464702034559844,1.0037174946420864,-0.6241783742860403,-1.6441465692970867,1.784315691360392,0.8650420589847486
-0.7932393300441917,1.023509979193719,-0.6441050055356379,-0.1313907152338805,-0.9425392597054306,-1.2708291634064828,0.8650420589847486
0.28953343823889843,1.5453787862717514,-1.2235385206441638,1.6644110314207654,-0.9425392597054306,-0.15986739803671018,-1.5166816717001321
-0.5225461379734192,-0.020227634962345597,0.07137354799665378,-0.5126375105760713,1.1622826690695374,-0.7153482807215965,0.8650420589847486
0.8309198223804434,-1.898955340443262,2.2993134170870446,-0.8005743067351573,-1.6441465692970867,1.2288348086755054,-1.5166816717001321
0.018840246168125976,-0.9595914877028038,1.0933721239849536,-0.7066483999666854,-0.9425392597054306,-0.15986739803671018,-1.5166816717001321
1.1016130144512162,-0.333348919209165,0.7429458960630891,-0.13520934226315606,-0.24093195011377463,-1.826310046091369,0.8650420589847486
-0.25185294590264645,-1.2727127719496232,1.0874407389490386,-0.7597396338253233,1.1622826690695374,-0.7153482807215965,0.8650420589847486
-0.5225461379734192,1.4410050248561448,-1.0553802658259492,1.0900156173074744,1.1622826690695374,0.11787304330573296,-1.5166816717001321
0.8309198223804434,0.39726741070008026,-0.7869327572004737,0.3140952412620915,-1.6441465692970867,1.784315691360392,0.8650420589847486
0.28953343823889843,1.5453787862717514,-1.4061972673501801,0.9876517766194742,1.1622826690695374,0.3956134846481761,0.8650420589847486
-0.7932393300441917,-1.898955340443262,0.8666117850118981,-0.800019989908327,-0.9425392597054306,-1.2708291634064828,0.8650420589847486
-0.7932393300441917,1.3366312634405384,-0.8056759339139654,0.4632064676794492,0.4606753594778814,1.5065752500179488,-0.32581980635769175
-0.7932393300441917,1.7541263091029642,-1.2978692422942435,0.6700898256042341,-0.9425392597054306,-1.2708291634064828,0.8650420589847486
-0.5225461379734192,1.5453787862717514,-1.130981001683719,1.0972833268148052,-0.9425392597054306,-0.9930887220640396,0.8650420589847486
0.018840246168125976,-1.898955340443262,1.2519424693451124,-0.7641125776814293,0.4606753594778814,0.6733539259906193,-0.32581980635769175
-1.063932522114964,-1.0639652491184102,-0.42986337803838415,-0.6929136608130007,-0.9425392597054306,-1.2708291634064828,0.8650420589847486
0.28953343823889843,-0.333348919209165,0.2294414701537703,-0.4544958345174238,1.1622826690695374,0.11787304330573296,-1.5166816717001321
-0.7932393300441917,1.5453787862717514,-1.1711329893268432,0.9065367476266365,0.4606753594778814,1.5065752500179488,-0.32581980635769175
4.349931319300485,-0.6464702034559844,1.2965604410152787,-0.3626024227806631,-1.6441465692970867,-0.4376078393791533,0.8650420589847486
0.018840246168125976,1.3366312634405384,-1.059260089449442,1.4857362409057904,0.4606753594778814,0.6733539259906193,-0.32581980635769175
-0.5225461379734192,0.8147624563625061,-0.4561289465974247,0.08528557329824027,-0.9425392597054306,-0.15986739803671018,-1.5166816717001321
0.8309198223804434,1.5453787862717514,-1.3976281604982932,2.4338643778197944,-1.6441465692970867,1.2288348086755054,0.8650420589847486
0.28953343823889843,-0.9595914877028038,0.39208702593860484,-0.693467977639831,1.1622826690695374,0.3956134846481761,0.8650420589847486
1.642999398592761,1.4410050248561448,-1.1952213906727007,2.1708718388680732,-1.6441465692970867,1.784315691360392,0.8650420589847486
0.8309198223804434,-1.7945815790276554,0.9219062497467113,-0.6981488752886205,0.4606753594778814,0.9510943673330624,-0.32581980635769175
-0.25185294590264645,-1.0639652491184102,1.3262034099947697,-0.7238938123569623,-0.9425392597054306,-0.9930887220640396,-0.32581980635769175
-1.063932522114964,-0.43772268062477143,1.7832829189624302,-0.7856693431692753,-0.9425392597054306,-1.2708291634064828,0.8650420589847486
-1.063932522114964,-0.333348919209165,0.6000204509976618,-0.7073258983105891,-0.9425392597054306,-1.2708291634064828,0.8650420589847486
-0.7932393300441917,1.3366312634405384,-1.0056403687247695,0.18278374406184092,-0.9425392597054306,-1.2708291634064828,0.8650420589847486
-0.7932393300441917,0.18851988786886734,0.25866575313072615,-0.5787243944859536,1.1622826690695374,0.3956134846481761,0.8650420589847486
0.28953343823889843,-0.8552177262871973,1.4380902660722554,-0.7250024460106229,-0.9425392597054306,-0.9930887220640396,0.8650420589847486
0.018840246168125976,-1.3770865333652296,1.697410419842464,-0.7601091783765436,0.4606753594778814,0.6733539259906193,-0.32581980635769175
0.018840246168125976,-0.6464702034559844,1.1045649964527278,-0.676468928283701,-0.9425392597054306,-0.15986739803671018,-1.5166816717001321
-0.7932393300441917,1.7541263091029642,-1.3838115224146321,0.7628455079605087,1.1622826690695374,0.3956134846481761,0.8650420589847486
-0.5225461379734192,0.08414612645326086,-0.3901579887979642,-0.4135379800905164,0.4606753594778814,1.5065752500179488,0.8650420589847486
0.018840246168125976,0.9191362177781126,-0.5756358879210508,0.5584873711357285,0.4606753594778814,0.9510943673330624,0.8650420589847486
-0.5225461379734192,1.4410050248561448,-1.0126742935673605,1.055032066458627,1.1622826690695374,0.11787304330573296,-1.5166816717001321
0.018840246168125976,-0.43772268062477143,-1.0733977201350466,0.04013954729083705,0.4606753594778814,0.9510943673330624,-0.32581980635769175
-0.5225461379734192,0.9191362177781126,-0.8367145229019071,-0.05643476209471308,-0.9425392597054306,-1.2708291634064828,0.8650420589847486
-1.063932522114964,-0.5420964420403779,1.4666306952450705,-0.7437876273643172,-0.9425392597054306,-0.9930887220640396,0.8650420589847486
0.28953343823889843,-0.020227634962345597,0.25164578448821956,-0.3732576240075127,1.1622826690695374,0.11787304330573296,-1.5166816717001321
-0.7932393300441917,0.9191362177781126,-0.6618991606433832,-0.1719790251095677,-0.9425392597054306,-1.2708291634064828,0.8650420589847486
0.28953343823889843,-1.2727127719496232,-0.5064689603022383,-0.5928286781908585,1.1622826690695374,-0.7153482807215965,-1.5166816717001321
-1.063932522114964,-0.7508439648715909,0.6380790086281101,-0.7400305910935784,1.1622826690695374,0.3956134846481761,0.8650420589847486
-0.7932393300441917,0.8147624563625061,-1.0576551264397238,-0.07306426689962285,1.1622826690695374,0.3956134846481761,0.8650420589847486
-0.5225461379734192,-0.8552177262871973,0.4572345679330795,-0.6900188951617756,1.1622826690695374,-0.7153482807215965,0.8650420589847486
-0.5225461379734192,-0.12460139637795206,0.40166097919657606,-0.4790705471735683,-0.9425392597054306,-0.15986739803671018,-0.32581980635769175
-0.7932393300441917,1.7541263091029642,-1.323143920647284,0.6851795614457263,-0.9425392597054306,-1.2708291634064828,0.8650420589847486
-0.5225461379734192,-1.5858340561964426,0.8259992427659851,-0.7573991850009286,0.4606753594778814,1.5065752500179488,-0.32581980635769175
0.28953343823889843,-0.7508439648715909,1.4204217167652706,-0.7540116932814099,1.1622826690695374,0.3956134846481761,0.8650420589847486
0.018840246168125976,1.3366312634405384,-1.0979606322837774,1.9401528573895843,0.4606753594778814,0.9510943673330624,-0.32581980635769175
0.28953343823889843,1.023509979193719,-0.9155530971792822,0.7326660362775242,-0.9425392597054306,-0.15986739803671018,-1.5166816717001321
-0.7932393300441917,-1.4814602947808362,0.4829418884887398,-0.7379365053033305,0.4606753594778814,1.5065752500179488,-0.32581980635769175
0.28953343823889843,0.6060149335312932,-0.9221683360193381,0.5719757472552665,-1.6441465692970867,1.2288348086755054,-1.5166816717001321
-0.5225461379734192,-1.4814602947808362,0.6349528198091806,-0.757522366518002,0.4606753594778814,1.5065752500179488,0.8650420589847486
0.018840246168125976,0.9191362177781126,-1.2473198855881622,1.4219898058203029,0.4606753594778814,0.9510943673330624,-0.32581980635769175
-0.5225461379734192,-0.12460139637795206,0.4183805068978144,-0.6028063810738044,0.4606753594778814,1.5065752500179488,0.8650420589847486
0.28953343823889843,1.6497525476873578,-1.0893636130317217,2.7288841112106015,0.4606753594778814,0.9510943673330624,-0.32581980635769175
-0.25185294590264645,-0.2289751577935585,-0.2692275150657185,-0.5311763288956189,1.1622826690695374,0.3956134846481761,0.8650420589847486
0.28953343823889843,-0.5420964420403779,0.26085687654399364,-0.6303374501397105,1.1622826690695374,0.3956134846481761,0.8650420589847486
0.28953343823889843,-0.020227634962345597,0.748374857895962,-0.5223688504248704,1.1622826690695374,-0.7153482807215965,-0.32581980635769175
0.28953343823889843,-1.690207817612049,2.138272824311928,-0.8160951778864065,1.1622826690695374,0.3956134846481761,0.8650420589847486
3.5378517430881686,0.8147624563625061,-0.4786402973337331,2.353118893378177,-1.6441465692970867,-0.4376078393791533,0.8650420589847486
0.018840246168125976,-1.3770865333652296,0.48377926049381015,-0.6604553310641583,0.4606753594778814,0.6733539259906193,-0.32581980635769175
0.28953343823889843,-1.5858340561964426,2.108518205731761,-0.7754452772521826,0.4606753594778814,0.9510943673330624,-0.32581980635769175
-0.7932393300441917,-0.6464702034559844,0.288908838713851,-0.6378515226811883,0.4606753594778814,1.5065752500179488,-0.32581980635769175
0.018840246168125976,-0.7508439648715909,-0.3009639140578855,-0.34141520184403734,0.4606753594778814,0.9510943673330624,-0.32581980635769175
0.28953343823889843,0.18851988786886734,-0.8388777339150055,-0.2386202258462802,1.1622826690695374,0.3956134846481761,0.8650420589847486
0.28953343823889843,1.8585000705185708,-1.437989491142685,2.690574659400772,-1.6441465692970867,1.784315691360392,0.8650420589847486
-0.5225461379734192,-0.2289751577935585,0.5527787137116085,-0.571579866495696,-0.9425392597054306,-0.15986739803671018,-1.5166816717001321
-1.063932522114964,-0.333348919209165,-0.5173547963681532,-0.5827277937908393,1.1622826690695374,0.3956134846481761,0.8650420589847486
0.018840246168125976,0.7103886949468996,-0.9252387000379295,0.8872588402046485,0.4606753594778814,0.9510943673330624,-0.32581980635769175
0.28953343823889843,-1.1683390105340168,1.5675479780561343,-0.7508089738375014,-0.9425392597054306,-0.9930887220640396,-1.5166816717001321
-0.7932393300441917,0.6060149335312932,-1.046908852374654,0.06606925663478896,0.4606753594778814,1.5065752500179488,-0.32581980635769175
-0.5225461379734192,-1.0639652491184102,0.437919187016123,-0.7275892578691644,-0.9425392597054306,-1.2708291634064828,-1.5166816717001321
-0.25185294590264645,0.6060149335312932,-1.0017884575014457,-0.04510206252395974,1.1622826690695374,0.3956134846481761,-1.5166816717001321
-0.25185294590264645,0.18851988786886734,0.235582198190953,-0.35841425120016734,1.1622826690695374,0.11787304330573296,-1.5166816717001321
0.8309198223804434,1.5453787862717514,-1.2566844958448657,2.1105744862606413,-1.6441465692970867,1.784315691360392,0.8650420589847486
0.018840246168125976,-1.0639652491184102,0.8908397483586007,-0.6895877598520187,1.1622826690695374,0.11787304330573296,-1.5166816717001321
3.5378517430881686,0.8147624563625061,-0.4928058404195068,2.3754147479684637,-1.6441465692970867,-0.4376078393791533,0.8650420589847486
0.018840246168125976,-1.0639652491184102,1.0775597492892084,-0.7402769541277252,1.1622826690695374,-0.7153482807215965,0.8650420589847486
0.018840246168125976,0.9191362177781126,-1.4274386038787983,0.8277005766996568,1.1622826690695374,-0.7153482807215965,-0.32581980635769175
-0.5225461379734192,1.4410050248561448,-1.2369225165252051,0.669289145743257,0.4606753594778814,1.5065752500179488,0.8650420589847486
-0.25185294590264645,-0.6464702034559844,-0.48903766639669016,-0.5102354709931399,1.1622826690695374,-0.7153482807215965,-1.5166816717001321
0.5602266303096711,-0.5420964420403779,-0.31552023074602537,-0.20320553968767605,0.4606753594778814,0.9510943673330624,-0.32581980635769175
0.018840246168125976,-0.12460139637795206,-0.10125069084860264,-0.2685533344951178,0.4606753594778814,0.6733539259906193,-0.32581980635769175
2.9964653589466232,0.8147624563625061,0.13103630335791752,1.3700072056153256,-1.6441465692970867,-0.4376078393791533,0.8650420589847486
-0.5225461379734192,-0.5420964420403779,1.7127064151350826,-0.7169340566423148,0.4606753594778814,0.6733539259906193,-0.32581980635769175
-1.063932522114964,0.6060149335312932,-0.4393396378957638,-0.38249623778801817,1.1622826690695374,0.3956134846481761,0.8650420589847486
-0.5225461379734192,1.5453787862717514,-1.3125930333833973,0.8232660420850142,0.4606753594778814,1.5065752500179488,0.8650420589847486
0.5602266303096711,-0.9595914877028038,0.9208455785402889,-0.6029911533494144,0.4606753594778814,0.9510943673330624,-0.32581980635769175
-1.063932522114964,1.7541263091029642,-1.4198324748327424,0.8339212433118638,0.4606753594778814,1.5065752500179488,0.8650420589847486
0.28953343823889843,-0.9595914877028038,1.7103338611207166,-0.7416319508155327,-1.6441465692970867,1.784315691360392,0.8650420589847486
0.28953343823889843,1.3366312634405384,-1.1363820511164229,0.8649629856143621,1.1622826690695374,-0.7153482807215965,0.8650420589847486
0.5602266303096711,-0.9595914877028038,0.4093089768428854,-0.5154706854687596,0.4606753594778814,0.9510943673330624,-0.32581980635769175
-0.5225461379734192,-2.1077028632744748,2.88695317784526,-0.8265040160791093,0.4606753594778814,0.6733539259906193,-0.32581980635769175
-1.063932522114964,0.7103886949468996,-0.729586731053238,-0.2025280413437723,0.4606753594778814,1.5065752500179488,0.8650420589847486
-0.5225461379734192,-1.5858340561964426,1.054392457148928,-0.7625728087180117,-0.9425392597054306,-0.15986739803671018,-1.5166816717001321
4.349931319300485,-0.6464702034559844,1.088361848154616,-0.2946062253561431,-1.6441465692970867,-0.4376078393791533,0.8650420589847486
0.018840246168125976,0.18851988786886734,-0.23675143746907273,-0.17746060261933425,1.1622826690695374,0.11787304330573296,-1.5166816717001321
0.28953343823889843,-1.1683390105340168,2.7240284980587353,-0.818066082159581,1.1622826690695374,0.3956134846481761,0.8650420589847486
-0.7932393300441917,0.39726741070008026,-0.1320938930353612,-0.4668139862247644,1.1622826690695374,0.3956134846481761,0.8650420589847486
2.319732378769692,-1.1683390105340168,1.24989090793269,-0.4935443754296934,-0.24093195011377463,-1.826310046091369,0.8650420589847486
-0.25185294590264645,1.232257502024932,-0.9125106455608599,0.24936335404001675,1.1622826690695374,0.3956134846481761,0.8650420589847486
1.642999398592761,-1.1683390105340168,-0.9461869563647732,0.24671495142293853,-0.24093195011377463,-1.826310046091369,0.8650420589847486
-0.7932393300441917,-0.2289751577935585,0.3797078764636479,-0.587347100681092,0.4606753594778814,1.5065752500179488,-0.32581980635769175
0.28953343823889843,-0.8552177262871973,0.1045893041977784,-0.5603087576834794,1.1622826690695374,0.11787304330573296,0.8650420589847486
2.9964653589466232,0.8147624563625061,-0.9705823941124899,2.9858407558257256,-1.6441465692970867,-0.4376078393791533,0.8650420589847486
-0.25185294590264645,1.4410050248561448,-1.1486774633908727,0.7980754218435028,1.1622826690695374,-0.7153482807215965,0.8650420589847486
0.018840246168125976,-0.43772268062477143,0.42874996356060247,-0.5364115433712386,1.1622826690695374,0.11787304330573296,-1.5166816717001321
-0.5225461379734192,-1.7945815790276554,1.4505810651478883,-0.8096897389985893,-0.9425392597054306,-1.2708291634064828,0.8650420589847486
1.642999398592761,-0.12460139637795206,-0.012684645112326679,-0.21589323594623686,-1.6441465692970867,1.784315691360392,0.8650420589847486
0.28953343823889843,-1.4814602947808362,0.19202489772720935,-0.7007972779056987,1.1622826690695374,-0.7153482807215965,0.8650420589847486
3.5378517430881686,0.08414612645326086,-0.27543802410332374,0.9641856976169905,-1.6441465692970867,-0.4376078393791533,0.8650420589847486
0.018840246168125976,0.08414612645326086,-0.11805395575034802,-0.31179004698788326,-0.9425392597054306,-0.9930887220640396,0.8650420589847486
-1.063932522114964,0.6060149335312932,-0.34083677769931947,-0.38280419158070167,1.1622826690695374,0.3956134846481761,-1.5166816717001321
-0.7932393300441917,-0.6464702034559844,1.2539940307575348,-0.7452658055691982,1.1622826690695374,-0.7153482807215965,0.8650420589847486
0.018840246168125976,-1.4814602947808362,0.21378261365895443,-0.683736637791032,-0.9425392597054306,-0.9930887220640396,0.8650420589847486
-0.7932393300441917,0.5016411721156867,0.1398566218113254,-0.37171785504409516,0.4606753594778814,1.5065752500179488,-0.32581980635769175
-0.5225461379734192,0.5016411721156867,-0.04444895650466265,-0.23030547344382532,-0.9425392597054306,-0.15986739803671018,-1.5166816717001321
-0.25185294590264645,-0.9595914877028038,1.2581808907828866,-0.7211222282228106,1.1622826690695374,0.11787304330573296,-1.5166816717001321
-0.25185294590264645,1.023509979193719,-0.9187351107985496,0.784956590275185,-0.9425392597054306,-0.9930887220640396,-0.32581980635769175
-1.063932522114964,0.2928936492844738,0.8622993191857856,-0.5236622563541412,0.4606753594778814,0.6733539259906193,-0.32581980635769175
0.28953343823889843,-0.43772268062477143,1.2359905326485219,-0.5800178004152243,0.4606753594778814,0.9510943673330624,-0.32581980635769175
0.018840246168125976,0.2928936492844738,0.06107387233428826,-0.2363413677804222,1.1622826690695374,0.11787304330573296,-1.5166816717001321
-0.7932393300441917,1.023509979193719,-1.29739473149137,0.4744159857331291,0.4606753594778814,1.5065752500179488,-0.32581980635769175
-1.063932522114964,1.232257502024932,-0.810574560143627,0.6109626974089993,0.4606753594778814,0.6733539259906193,-0.32581980635769175
0.28953343823889843,-0.7508439648715909,0.374195177430268,-0.511036150854117,-0.24093195011377463,-2.1040504874338124,0.8650420589847486
0.8309198223804434,-0.5420964420403779,1.626959521815877,-0.6700634893958839,0.4606753594778814,0.9510943673330624,0.8650420589847486
0.28953343823889843,1.023509979193719,-1.145900179574056,0.3383004093670157,1.1622826690695374,0.3956134846481761,0.8650420589847486
-0.7932393300441917,-0.020227634962345597,0.0039930139886581555,-0.5836516551688897,-0.9425392597054306,-1.2708291634064828,0.8650420589847486
0.5602266303096711,0.2928936492844738,0.28847619651123124,-0.24982974389996013,-1.6441465692970867,1.784315691360392,0.8650420589847486
-1.063932522114964,-1.1683390105340168,0.7019007116145566,-0.7402153633691885,0.4606753594778814,1.5065752500179488,-0.32581980635769175
-0.5225461379734192,0.7103886949468996,-0.030213632418466387,-0.17468901848518262,-0.9425392597054306,-0.9930887220640396,0.8650420589847486
-0.7932393300441917,-0.7508439648715909,1.3000634472364896,-0.7593084985155664,0.4606753594778814,1.5065752500179488,0.8650420589847486
0.28953343823889843,0.39726741070008026,0.5115520986619774,-0.4196970559441867,1.1622826690695374,-0.7153482807215965,-1.5166816717001321
-0.5225461379734192,1.3366312634405384,-1.1670298665019982,0.8799295399387809,-0.9425392597054306,-0.9930887220640396,0.8650420589847486
1.642999398592761,-0.8552177262871973,0.4283173213579828,-0.1874383055022801,-0.24093195011377463,-1.826310046091369,0.8650420589847486
0.018840246168125976,-1.2727127719496232,0.5928190517540566,-0.6895877598520187,-0.9425392597054306,-0.9930887220640396,-1.5166816717001321
0.018840246168125976,-1.0639652491184102,0.6872048329255717,-0.7111445253398647,1.1622826690695374,-0.7153482807215965,0.8650420589847486
-1.063932522114964,0.39726741070008026,0.14661142265222638,-0.5488528765956526,1.1622826690695374,0.3956134846481761,0.8650420589847486
-0.7932393300441917,1.232257502024932,-0.7885935450105299,0.027821395583496472,-0.9425392597054306,-1.2708291634064828,0.8650420589847486
0.28953343823889843,-1.690207817612049,0.9482695117063434,-0.7041231788666806,0.4606753594778814,0.9510943673330624,-0.32581980635769175
-0.25185294590264645,0.6060149335312932,-0.8903900684269177,0.2227561463521611,-0.9425392597054306,-0.15986739803671018,-1.5166816717001321
-0.7932393300441917,-1.0639652491184102,-0.22784738181515782,-0.694699792810565,-0.9425392597054306,-1.2708291634064828,0.8650420589847486
-1.063932522114964,0.7103886949468996,-0.604427528695387,-0.32250683897326954,-0.9425392597054306,-1.2708291634064828,0.8650420589847486
-1.063932522114964,0.9191362177781126,-0.2987588344445335,-0.33180704351231166,-0.9425392597054306,-1.2708291634064828,0.8650420589847486
-0.5225461379734192,0.9191362177781126,-1.218667806814671,0.231070898754616,0.4606753594778814,1.5065752500179488,0.8650420589847486
3.5378517430881686,-0.8552177262871973,1.0637710236057163,-0.38668440936851395,-1.6441465692970867,-0.4376078393791533,0.8650420589847486
-0.25185294590264645,0.18851988786886734,-0.16691461224620402,-0.29349759170248246,-0.9425392597054306,-0.9930887220640396,0.8650420589847486
0.018840246168125976,1.4410050248561448,-1.30262830652306,1.9071402108139115,0.4606753594778814,0.6733539259906193,-0.32581980635769175
0.28953343823889843,0.6060149335312932,-0.3852035377679645,0.14761542093738358,1.1622826690695374,0.11787304330573296,-1.5166816717001321
-0.7932393300441917,0.8147624563625061,-0.290831712796534,-0.32115184228546206,-0.9425392597054306,-1.2708291634064828,0.8650420589847486
-0.25185294590264645,-0.8552177262871973,0.26568572177323274,-0.6234392851835998,-0.9425392597054306,-0.9930887220640396,0.8650420589847486
-0.7932393300441917,-1.2727127719496232,0.20226874858923685,-0.7120067959593785,1.1622826690695374,-0.7153482807215965,-1.5166816717001321
0.018840246168125976,-1.1683390105340168,0.7204066329266118,-0.6617487369934291,0.4606753594778814,0.6733539259906193,-0.32581980635769175
-1.063932522114964,0.8147624563625061,-0.5026310052789992,-0.3132682251927641,-0.9425392597054306,-1.2708291634064828,0.8650420589847486
0.018840246168125976,1.1278837406093254,-0.950401728790294,1.4428074822057084,0.4606753594778814,0.9510943673330624,-0.32581980635769175
0.28953343823889843,0.2928936492844738,-0.515805658158773,-0.18368126923154124,1.1622826690695374,-0.7153482807215965,0.8650420589847486
-0.7932393300441917,0.39726741070008026,-0.716049216971267,-0.3382124824001288,1.1622826690695374,0.3956134846481761,0.8650420589847486
-0.5225461379734192,-1.3770865333652296,0.46352881417119174,-0.7556130530033642,-0.9425392597054306,-1.2708291634064828,0.8650420589847486
-1.063932522114964,0.2928936492844738,-0.7431102889351244,-0.22507025896820557,-0.9425392597054306,-0.9930887220640396,0.8650420589847486
0.018840246168125976,1.4410050248561448,-1.2017528923122496,0.936285083999864,1.1622826690695374,-0.7153482807215965,0.8650420589847486
0.8309198223804434,-0.12460139637795206,-0.015601490929988462,-0.22371526228039812,-1.6441465692970867,1.2288348086755054,-1.5166816717001321
-0.25185294590264645,1.4410050248561448,-1.2654769018981047,1.5951830188255114,-0.9425392597054306,-0.15986739803671018,-0.32581980635769175
0.018840246168125976,1.023509979193719,-0.6884438532041138,0.2437585950131768,1.1622826690695374,-0.7153482807215965,0.8650420589847486
-0.5225461379734192,-1.5858340561964426,1.8774593571326776,-0.8018677126644281,0.4606753594778814,1.5065752500179488,-0.32581980635769175
3.5378517430881686,1.5453787862717514,-1.259810684663795,6.384849947190748,-1.6441465692970867,-0.4376078393791533,0.8650420589847486
0.018840246168125976,0.39726741070008026,-0.2774337607154081,-0.0654886035996084,1.1622826690695374,0.11787304330573296,-1.5166816717001321
-0.5225461379734192,0.08414612645326086,0.5542859833207352,-0.5106050155443601,-0.9425392597054306,-0.15986739803671018,-1.5166816717001321
-0.5225461379734192,0.08414612645326086,0.5200095559131881,-0.4357106531637294,0.4606753594778814,0.6733539259906193,-0.32581980635769175
-0.5225461379734192,-0.12460139637795206,0.26998423139926064,-0.5810648433103482,0.4606753594778814,1.5065752500179488,0.8650420589847486
0.5602266303096711,1.232257502024932,-1.1012403393036365,3.7950201414809284,-0.24093195011377463,-1.826310046091369,0.8650420589847486
0.018840246168125976,0.2928936492844738,-0.5136145347455054,-0.09246535583868426,1.1622826690695374,-0.7153482807215965,-0.32581980635769175
1.642999398592761,-1.7945815790276554,1.0169619285222826,-0.7167492843667047,-1.6441465692970867,1.2288348086755054,-1.5166816717001321
0.018840246168125976,-0.020227634962345597,-0.5744775233140368,-0.15325543451441,1.1622826690695374,0.11787304330573296,-1.5166816717001321
2.319732378769692,0.08414612645326086,-0.03127430362488885,0.8336132895191803,-0.24093195011377463,-1.826310046091369,0.8650420589847486
0.28953343823889843,-0.6464702034559844,0.6485601148915742,-0.5114056954053373,0.4606753594778814,0.9510943673330624,-0.32581980635769175
-0.5225461379734192,-0.7508439648715909,0.20574384241027888,-0.6879248093715278,-0.9425392597054306,-1.2708291634064828,0.8650420589847486
0.018840246168125976,-0.43772268062477143,0.8829405391107702,-0.6573757931373231,1.1622826690695374,-0.7153482807215965,-1.5166816717001321
0.28953343823889843,1.5453787862717514,-1.1585724092507876,2.0136922230824075,-1.6441465692970867,1.2288348086755054,-1.5166816717001321
-1.063932522114964,-1.690207817612049,2.6339272703131638,-0.8196674418815352,0.4606753594778814,0.6733539259906193,-0.32581980635769175
0.28953343823889843,1.3366312634405384,-0.7585039776283347,1.6837505296012902,0.4606753594778814,0.9510943673330624,-0.32581980635769175
1.642999398592761,1.1278837406093254,-1.181055847586927,1.8612550957040679,-1.6441465692970867,1.2288348086755054,-1.5166816717001321
0.28953343823889843,0.5016411721156867,0.1396193664098888,-0.3088952813366582,1.1622826690695374,-0.7153482807215965,0.8650420589847486
0.018840246168125976,0.39726741070008026,-0.6895324368107053,0.428407689106212,0.4606753594778814,0.9510943673330624,-0.32581980635769175
-0.25185294590264645,-0.2289751577935585,0.18549339608766047,-0.494468236807744,1.1622826690695374,-0.7153482807215965,-0.32581980635769175
1.642999398592761,0.18851988786886734,-0.4361576242764964,0.11392527601780711,-1.6441465692970867,1.784315691360392,0.8650420589847486
-0.5225461379734192,-1.0639652491184102,1.1869344893514828,-0.7319006109667336,1.1622826690695374,0.11787304330573296,-1.5166816717001321
0.28953343823889843,-0.2289751577935585,-0.40483991128686464,-0.289863736948817,-0.9425392597054306,-0.15986739803671018,-1.5166816717001321
-0.5225461379734192,0.5016411721156867,0.24712397566083957,-0.2922041857732117,1.1622826690695374,0.11787304330573296,-1.5166816717001321
0.018840246168125976,-0.7508439648715909,0.6165166794975481,-0.5435560713614962,0.4606753594778814,0.9510943673330624,-0.32581980635769175
-0.5225461379734192,0.5016411721156867,-0.7865698959982765,-0.02453074917270098,0.4606753594778814,1.5065752500179488,-0.32581980635769175
0.28953343823889843,0.2928936492844738,1.5248699181977146,-0.5956002623250102,-0.9425392597054306,-0.15986739803671018,-1.5166816717001321
-1.063932522114964,1.3366312634405384,-0.8508521535875118,0.03102411502740502,-0.9425392597054306,-1.2708291634064828,0.8650420589847486
-1.063932522114964,0.7103886949468996,-0.9488944591811674,-0.21657073429014057,1.1622826690695374,0.3956134846481761,0.8650420589847486
0.018840246168125976,1.3366312634405384,-1.076161047751779,0.7367310263409467,1.1622826690695374,-0.7153482807215965,0.8650420589847486
-1.063932522114964,1.1278837406093254,-0.8880175144125516,-0.04528683479956985,1.1622826690695374,0.3956134846481761,0.8650420589847486
0.018840246168125976,0.5016411721156867,-0.5838421335707403,0.07401446448602364,-0.9425392597054306,-0.15986739803671018,-1.5166816717001321
2.319732378769692,1.1278837406093254,-0.80469899990805,2.3831135927855516,-0.24093195011377463,-1.548569604748926,0.8650420589847486
0.018840246168125976,0.7103886949468996,-0.5181642559730545,0.3741462308353768,0.4606753594778814,0.6733539259906193,-0.32581980635769175
-0.7932393300441917,-1.3770865333652296,1.9822285511670652,-0.8024836202497951,0.4606753594778814,1.5065752500179488,-0.32581980635769175
0.28953343823889843,-0.333348919209165,-0.16583998483969703,-0.3063084694781167,0.4606753594778814,0.9510943673330624,0.8650420589847486
-0.5225461379734192,0.7103886949468996,-0.30456461367968807,0.006757356163944085,1.1622826690695374,0.11787304330573296,-1.5166816717001321
0.28953343823889843,1.3366312634405384,-0.9665350960879832,1.237895028554098,1.1622826690695374,0.11787304330573296,-1.5166816717001321
0.28953343823889843,-0.43772268062477143,-0.971991970321025,-0.4148929767783239,1.1622826690695374,0.3956134846481761,0.8650420589847486
-1.063932522114964,-0.020227634962345597,-0.5927322330245708,-0.4687232997394022,0.4606753594778814,1.5065752500179488,0.8650420589847486
-1.063932522114964,-0.2289751577935585,0.41140240685556134,-0.6144470344372412,0.4606753594778814,1.5065752500179488,-0.32581980635769175
-0.7932393300441917,-0.333348919209165,-0.11872385335440432,-0.6169106647787094,-0.9425392597054306,-1.2708291634064828,0.8650420589847486
1.1016130144512162,-0.020227634962345597,0.6404934312427296,0.07777150075676251,-0.24093195011377463,-1.826310046091369,0.8650420589847486
0.018840246168125976,0.7103886949468996,-0.22103675617391882,0.38886642212564876,0.4606753594778814,0.9510943673330624,-0.32581980635769175
-0.5225461379734192,0.08414612645326086,-0.2781176145195489,-0.3339627200610963,-0.9425392597054306,-0.9930887220640396,0.8650420589847486
1.642999398592761,-0.43772268062477143,0.5419487024460318,-0.30624687871957995,-0.24093195011377463,-1.548569604748926,0.8650420589847486
0.28953343823889843,-0.5420964420403779,0.5926515773530425,-0.5676996487078837,-1.6441465692970867,1.784315691360392,0.8650420589847486
0.018840246168125976,-1.0639652491184102,1.1095054912826428,-0.7424326306765098,1.1622826690695374,-0.7153482807215965,0.8650420589847486
0.018840246168125976,-1.1683390105340168,0.48941756532795067,-0.7041231788666806,1.1622826690695374,-0.7153482807215965,0.8650420589847486
-1.063932522114964,0.2928936492844738,-0.6549350168012147,-0.3707324029075079,0.4606753594778814,1.5065752500179488,0.8650420589847486
0.28953343823889843,0.2928936492844738,0.3371693786060732,-0.17709105806811404,-0.24093195011377463,-2.1040504874338124,0.8650420589847486
0.5602266303096711,0.6060149335312932,-0.4458990519354817,0.5858952586845613,0.4606753594778814,0.9510943673330624,-0.32581980635769175
0.28953343823889843,-0.5420964420403779,0.09306148292797632,-0.4367576960588534,-1.6441465692970867,1.2288348086755054,-1.5166816717001321
-0.5225461379734192,-0.6464702034559844,0.0711642049953862,-0.6120449948543099,1.1622826690695374,-0.7153482807215965,-1.5166816717001321
0.018840246168125976,-0.12460139637795206,0.003951145388404637,-0.3003341659000565,0.4606753594778814,0.6733539259906193,-0.32581980635769175
4.349931319300485,-1.2727127719496232,1.658263278605424,-0.5904266386079271,-1.6441465692970867,-0.4376078393791533,0.8650420589847486
0.28953343823889843,0.39726741070008026,-0.34868016214681197,-0.29737780949029474,1.1622826690695374,0.3956134846481761,0.8650420589847486
-0.25185294590264645,-0.333348919209165,-0.5838421335707403,-0.5013664017638547,1.1622826690695374,0.3956134846481761,0.8650420589847486
0.28953343823889843,-1.2727127719496232,0.5612640833629883,-0.6698787171202738,1.1622826690695374,0.11787304330573296,-1.5166816717001321
-1.063932522114964,0.7103886949468996,-0.6204073777921465,-0.27736081296586634,1.1622826690695374,0.3956134846481761,-1.5166816717001321
0.28953343823889843,-1.4814602947808362,1.49772510903335,-0.7648516667838696,-0.9425392597054306,-0.9930887220640396,-1.5166816717001321
-1.063932522114964,-0.12460139637795206,-0.48379013516491587,-0.5497767379737032,1.1622826690695374,0.3956134846481761,0.8650420589847486
-0.25185294590264645,-1.5858340561964426,1.704807205887252,-0.7995272638400334,1.1622826690695374,-0.7153482807215965,0.8650420589847486
-0.7932393300441917,0.2928936492844738,-0.4983883204533093,-0.3123443638147136,1.1622826690695374,-0.7153482807215965,-1.5166816717001321
-0.25185294590264645,1.1278837406093254,-0.9096496245435362,0.6593114428603112,-0.9425392597054306,-0.15986739803671018,-1.5166816717001321
-0.5225461379734192,1.5453787862717514,-1.3189012358215941,1.1625695308637103,0.4606753594778814,1.5065752500179488,-0.32581980635769175
-0.5225461379734192,-0.5420964420403779,0.28433120508613297,-0.6347719847543531,1.1622826690695374,-0.7153482807215965,0.8650420589847486
-0.5225461379734192,0.9191362177781126,-1.1197183482155226,0.514634751057596,-0.9425392597054306,-0.9930887220640396,-1.5166816717001321
-0.5225461379734192,-0.12460139637795206,0.3430728512418193,-0.6210988363592052,1.1622826690695374,0.3956134846481761,0.8650420589847486
0.8309198223804434,1.3366312634405384,-0.9151623235769161,1.8648889504577333,-0.24093195011377463,-2.1040504874338124,0.8650420589847486
0.5602266303096711,0.08414612645326086,-0.1835364465468508,0.050733157759149945,0.4606753594778814,0.9510943673330624,-0.32581980635769175
0.28953343823889843,0.5016411721156867,-0.7873095746027553,0.4024163890037234,-1.6441465692970867,1.2288348086755054,-1.5166816717001321
-0.5225461379734192,0.7103886949468996,-0.7755584541316012,0.22602045655460637,1.1622826690695374,0.11787304330573296,-1.5166816717001321
-0.5225461379734192,0.2928936492844738,-0.31720893095625063,-0.22057413359502626,1.1622826690695374,0.11787304330573296,0.8650420589847486
0.018840246168125976,0.2928936492844738,0.1264307573300305,-0.2895557831561335,-0.9425392597054306,-0.15986739803671018,-1.5166816717001321
0.018840246168125976,1.023509979193719,-0.8316205098710624,0.5964272783943375,-0.9425392597054306,-0.15986739803671018,-1.5166816717001321
-1.063932522114964,0.39726741070008026,0.015660397259305285,-0.4852912137857753,0.4606753594778814,1.5065752500179488,0.8650420589847486
4.349931319300485,-0.6464702034559844,-0.8226187608165558,0.7303255874531296,-1.6441465692970867,-0.4376078393791533,0.8650420589847486
-1.063932522114964,1.4410050248561448,-1.1061250093332136,0.20163051617407202,-0.9425392597054306,-1.2708291634064828,0.8650420589847486
-0.25185294590264645,-0.333348919209165,0.9084664290653319,-0.6335401695836191,-0.9425392597054306,-0.9930887220640396,0.8650420589847486
0.28953343823889843,1.023509979193719,-0.8009726944854869,0.8681657050582706,-0.9425392597054306,-0.15986739803671018,-0.32581980635769175
-0.7932393300441917,0.18851988786886734,-0.15798264419212008,-0.5185502233955949,-0.9425392597054306,-1.2708291634064828,0.8650420589847486
-1.063932522114964,-0.6464702034559844,1.9308278662558291,-0.7986034024619828,-0.9425392597054306,-1.2708291634064828,0.8650420589847486
0.018840246168125976,-0.12460139637795206,0.7272730833681887,-0.5431249360517393,-0.9425392597054306,-0.9930887220640396,-1.5166816717001321
-0.7932393300441917,-2.1077028632744748,0.9903195425609604,-0.7938609140546568,0.4606753594778814,1.5065752500179488,-0.32581980635769175
-0.5225461379734192,0.8147624563625061,-0.8469583737639346,0.27449238352299155,-0.9425392597054306,-0.15986739803671018,-1.5166816717001321
0.28953343823889843,-1.690207817612049,1.0296899829993522,-0.7509321553545748,-0.9425392597054306,-0.15986739803671018,-1.5166816717001321
-0.5225461379734192,-0.43772268062477143,0.6994444203996835,-0.6263340508348249,-0.9425392597054306,-0.15986739803671018,-1.5166816717001321
0.018840246168125976,-0.2289751577935585,0.6516025665099965,-0.6093965922372315,1.1622826690695374,-0.7153482807215965,0.8650420589847486
0.8309198223804434,-1.1683390105340168,0.034054668970684376,-0.5059857086541074,-0.24093195011377463,-2.1040504874338124,0.8650420589847486
0.5602266303096711,1.023509979193719,-0.8655899008767503,1.4341231852520333,0.4606753594778814,0.9510943673330624,-0.32581980635769175
0.8309198223804434,-1.5858340561964426,1.3465655059180641,-0.7168108751252414,0.4606753594778814,0.9510943673330624,-0.32581980635769175
0.8309198223804434,-1.1683390105340168,1.0515733047318578,-0.676468928283701,-1.6441465692970867,1.2288348086755054,-1.5166816717001321
-1.063932522114964,-1.1683390105340168,0.9852255295301157,-0.7485917065301801,-0.9425392597054306,-0.9930887220640396,-1.5166816717001321
1.642999398592761,-0.333348919209165,0.5164925934918926,-0.4376199666783672,-1.6441465692970867,1.784315691360392,0.8650420589847486
-0.5225461379734192,-0.333348919209165,0.10738054421467963,-0.5275424741419534,-0.9425392597054306,-0.9930887220640396,0.8650420589847486
2.9964653589466232,-0.7508439648715909,0.2701935744005282,-0.09345080797527151,-1.6441465692970867,-0.4376078393791533,0.8650420589847486
0.018840246168125976,0.9191362177781126,-0.44758775214570695,0.7375932969604605,0.4606753594778814,0.9510943673330624,-0.32581980635769175
1.642999398592761,-1.4814602947808362,1.6745641203041273,-0.7524719243179924,-1.6441465692970867,1.784315691360392,0.8650420589847486
-1.063932522114964,0.6060149335312932,-1.0088084261439523,-0.2573438164414379,-0.9425392597054306,-1.2708291634064828,0.8650420589847486
-0.5225461379734192,-0.333348919209165,-0.1623230224184015,-0.5521171867980978,0.4606753594778814,1.5065752500179488,0.8650420589847486
0.018840246168125976,-1.4814602947808362,0.9039167078377829,-0.716687693608168,-0.9425392597054306,-0.9930887220640396,-0.32581980635769175
4.349931319300485,0.8147624563625061,-1.003532982512009,3.499877226573048,-1.6441465692970867,-0.4376078393791533,0.8650420589847486
0.28953343823889843,-0.2289751577935585,-0.8056061529135429,-0.1339159363338853,1.1622826690695374,0.11787304330573296,-1.5166816717001321
0.28953343823889843,1.1278837406093254,-1.4900600736579774,0.6026479450065445,1.1622826690695374,0.3956134846481761,0.8650420589847486
2.319732378769692,0.7103886949468996,-0.8123330413542749,1.635278602632905,-0.24093195011377463,-1.548569604748926,0.8650420589847486
-0.25185294590264645,-0.8552177262871973,1.0058109246547622,-0.6966091063252029,1.1622826690695374,0.11787304330573296,0.8650420589847486
0.8309198223804434,-1.1683390105340168,0.7526873237220745,-0.6610712386495253,-1.6441465692970867,1.784315691360392,0.8650420589847486
-0.5225461379734192,-1.2727127719496232,0.08967012630744134,-0.7258031258716,-0.9425392597054306,-1.2708291634064828,0.8650420589847486
-0.25185294590264645,-0.9595914877028038,1.0547134497508717,-0.7553050992106807,1.1622826690695374,0.3956134846481761,0.8650420589847486
-1.063932522114964,-0.8552177262871973,0.42464684073575765,-0.736396736339913,-0.9425392597054306,-1.2708291634064828,0.8650420589847486
-0.25185294590264645,0.39726741070008026,0.2378291464045585,-0.3443099674952624,-0.9425392597054306,-0.15986739803671018,0.8650420589847486
-0.7932393300441917,-0.43772268062477143,-0.034679616445508356,-0.6413621959177804,-0.9425392597054306,-1.2708291634064828,0.8650420589847486
-1.063932522114964,0.9191362177781126,-0.6322980602641457,-0.2234688992462513,1.1622826690695374,0.3956134846481761,0.8650420589847486
-1.063932522114964,-0.7508439648715909,1.4291582980181714,-0.7820354884156098,1.1622826690695374,0.3956134846481761,0.8650420589847486
0.018840246168125976,-0.6464702034559844,0.9086478596664305,-0.6525101232129236,-0.9425392597054306,-0.9930887220640396,-1.5166816717001321
2.319732378769692,-1.1683390105340168,-1.3619561130822955,0.09366191645923186,-0.24093195011377463,-1.548569604748926,0.8650420589847486
1.1016130144512162,0.08414612645326086,-0.1641652408295563,0.7074138252774761,-0.24093195011377463,-1.826310046091369,0.8650420589847486
3.5378517430881686,1.3366312634405384,-1.2174815298074881,5.375439005532725,-1.6441465692970867,-0.4376078393791533,0.8650420589847486
0.018840246168125976,-1.1683390105340168,0.8449517624807446,-0.6956236541886156,1.1622826690695374,0.11787304330573296,-1.5166816717001321
0.28953343823889843,-1.3770865333652296,-0.01398257172018575,-0.6717264398763749,1.1622826690695374,-0.7153482807215965,0.8650420589847486
0.8309198223804434,0.6060149335312932,-0.6577960378185383,0.5308947113112856,-1.6441465692970867,1.2288348086755054,-1.5166816717001321
0.8309198223804434,1.8585000705185708,-1.5067656451591314,3.960945644978806,-0.24093195011377463,-2.1040504874338124,0.8650420589847486
0.28953343823889843,-0.333348919209165,1.2963929666142646,-0.7149631523691403,1.1622826690695374,0.3956134846481761,0.8650420589847486
0.28953343823889843,-0.2289751577935585,0.2237892091195453,-0.4259793133149304,1.1622826690695374,0.11787304330573296,-1.5166816717001321
-0.7932393300441917,0.8147624563625061,-0.5403267017072503,-0.251307922104841,-0.9425392597054306,-1.2708291634064828,0.8650420589847486
0.28953343823889843,0.6060149335312932,-0.3749736431060215,0.25158062134733805,0.4606753594778814,0.9510943673330624,0.8650420589847486
-0.7932393300441917,-0.020227634962345597,0.6147442420868158,-0.6563287502421992,1.1622826690695374,0.3956134846481761,0.8650420589847486
-0.5225461379734192,-0.020227634962345597,-0.5752032457184311,-0.29559167749273035,-0.9425392597054306,-0.15986739803671018,0.8650420589847486
-0.25185294590264645,1.4410050248561448,-1.2145367715896573,0.5767798264211292,1.1622826690695374,0.3956134846481761,0.8650420589847486
0.28953343823889843,1.232257502024932,-0.6804190381555228,0.7118483598921187,-0.9425392597054306,-0.9930887220640396,0.8650420589847486
-1.063932522114964,1.023509979193719,-1.0375442421179504,-0.06708996332156268,-0.9425392597054306,-1.2708291634064828,0.8650420589847486
-0.25185294590264645,-0.9595914877028038,0.3317125043730313,-0.6255333709738478,1.1622826690695374,0.11787304330573296,-1.5166816717001321
2.319732378769692,-0.333348919209165,0.8281205851788301,-0.06247065643130996,-0.24093195011377463,-1.826310046091369,0.8650420589847486
-0.25185294590264645,0.18851988786886734,-0.25527131498121236,-0.33593362433427076,1.1622826690695374,-0.7153482807215965,-1.5166816717001321
0.28953343823889843,-0.2289751577935585,-0.8645431858704123,-0.15393293285831375,-0.9425392597054306,-0.15986739803671018,-1.5166816717001321
0.018840246168125976,-0.7508439648715909,0.48488180030048617,-0.5681923747761773,0.4606753594778814,0.6733539259906193,-0.32581980635769175
-0.5225461379734192,0.39726741070008026,-1.2190725366171218,-0.18029377751202258,-0.9425392597054306,-1.2708291634064828,0.8650420589847486
-0.7932393300441917,-1.690207817612049,1.4818289971370977,-0.7962013628790514,0.4606753594778814,1.5065752500179488,-0.32581980635769175
-0.25185294590264645,0.08414612645326086,-1.22746021286791,0.08676375150312113,1.1622826690695374,0.11787304330573296,-1.5166816717001321
0.018840246168125976,1.6497525476873578,-1.3815227056007733,1.862856455426022,-0.9425392597054306,-0.15986739803671018,-1.5166816717001321
-0.7932393300441917,-1.5858340561964426,0.12705878633383327,-0.7375053699935736,1.1622826690695374,-0.7153482807215965,0.8650420589847486
0.018840246168125976,-0.2289751577935585,0.18113906166129456,-0.38329691764899526,0.4606753594778814,0.6733539259906193,-0.32581980635769175
-0.5225461379734192,-0.9595914877028038,-0.07543172069226628,-0.6587307898251306,0.4606753594778814,1.5065752500179488,0.8650420589847486
-0.25185294590264645,-1.0639652491184102,1.08979933676332,-0.7631887163033787,1.1622826690695374,0.3956134846481761,0.8650420589847486
-0.5225461379734192,-0.9595914877028038,1.686468758976211,-0.7902270593009912,1.1622826690695374,0.3956134846481761,0.8650420589847486
-0.7932393300441917,0.2928936492844738,-0.32844367202427804,-0.46330331298817234,-0.9425392597054306,-1.2708291634064828,0.8650420589847486
-0.5225461379734192,-0.8552177262871973,0.5987364805898873,-0.6576221561714699,1.1622826690695374,0.11787304330573296,-1.5166816717001321
0.28953343823889843,-1.3770865333652296,1.1321564040197962,-0.7582614556204424,1.1622826690695374,-0.7153482807215965,0.8650420589847486
2.319732378769692,-0.2289751577935585,1.3730683298785413,-0.2505072422438639,-0.24093195011377463,-1.826310046091369,0.8650420589847486
0.5602266303096711,1.6497525476873578,-1.2262460234605579,3.120539744745495,0.4606753594778814,0.9510943673330624,-0.32581980635769175
3.5378517430881686,1.4410050248561448,-1.0708856041198356,5.4139948203767005,-1.6441465692970867,-0.4376078393791533,0.8650420589847486
-1.063932522114964,0.5016411721156867,0.04618260684412021,-0.370301267597751,-0.9425392597054306,-0.9930887220640396,0.8650420589847486
-0.7932393300441917,-1.4814602947808362,-0.5207880215889417,-0.7084345319642498,1.1622826690695374,0.3956134846481761,0.8650420589847486
-0.7932393300441917,-1.898955340443262,2.5369735483261,-0.8316776397961922,1.1622826690695374,0.3956134846481761,0.8650420589847486
0.28953343823889843,-0.9595914877028038,1.148415377118246,-0.6958700172227624,1.1622826690695374,0.11787304330573296,-1.5166816717001321
0.28953343823889843,-0.9595914877028038,-0.27889916172428125,-0.532592916341963,-0.9425392597054306,-0.9930887220640396,0.8650420589847486
4.349931319300485,-1.898955340443262,1.0990802098195167,-0.6012666121103868,-1.6441465692970867,-0.4376078393791533,0.8650420589847486
3.5378517430881686,-0.8552177262871973,0.989314696154876,-0.3648812808465211,-1.6441465692970867,-0.4376078393791533,0.8650420589847486
0.28953343823889843,0.8147624563625061,-1.4631943884953031,0.32789157117431295,1.1622826690695374,0.3956134846481761,0.8650420589847486
0.28953343823889843,-1.4814602947808362,-1.1468212887796334,-0.6087806846518645,1.1622826690695374,0.3956134846481761,0.8650420589847486
-1.063932522114964,-0.020227634962345597,0.17272347301033736,-0.5422626654322255,0.4606753594778814,1.5065752500179488,-0.32581980635769175
-0.7932393300441917,0.5016411721156867,-0.5598514256254743,-0.35490357796357525,-0.9425392597054306,-1.2708291634064828,0.8650420589847486
-0.5225461379734192,1.6497525476873578,-1.341566104758832,0.9588273016242973,0.4606753594778814,1.5065752500179488,0.8650420589847486
0.018840246168125976,-0.43772268062477143,-0.6405880431143424,-0.3234922911098568,-0.9425392597054306,-0.9930887220640396,-1.5166816717001321
-0.5225461379734192,0.8147624563625061,-0.2537221767718322,0.11497231891293105,-0.9425392597054306,-0.15986739803671018,-0.32581980635769175
0.018840246168125976,-0.6464702034559844,1.617860079360779,-0.7433564920545603,1.1622826690695374,-0.7153482807215965,-1.5166816717001321
0.28953343823889843,1.023509979193719,-0.6478452671582855,0.15094132189836554,1.1622826690695374,0.3956134846481761,-1.5166816717001321
2.319732378769692,-1.1683390105340168,1.5630261692287544,-0.6535571661080476,-0.24093195011377463,-1.548569604748926,0.8650420589847486
0.018840246168125976,1.4410050248561448,-1.0775287553600605,1.251568176949246,-0.9425392597054306,-0.15986739803671018,-1.5166816717001321
-0.25185294590264645,0.39726741070008026,-0.4851857551733665,-0.029026874545880293,1.1622826690695374,0.11787304330573296,-1.5166816717001321
-0.7932393300441917,-0.020227634962345597,-1.4387152135470793,-0.2508767867950841,0.4606753594778814,1.5065752500179488,0.8650420589847486
3.5378517430881686,-1.5858340561964426,0.2348983443868122,-0.37455102993678346,-1.6441465692970867,-0.4376078393791533,0.8650420589847486
0.28953343823889843,-1.898955340443262,2.6343599125157833,-0.818681989744948,-0.9425392597054306,-0.15986739803671018,-1.5166816717001321
-0.25185294590264645,1.1278837406093254,-1.5154743140118632,1.3523922486738287,-0.9425392597054306,-0.15986739803671018,-0.32581980635769175
0.018840246168125976,0.6060149335312932,-0.15205125915620496,0.2680869446351744,0.4606753594778814,0.9510943673330624,-0.32581980635769175
-0.25185294590264645,0.8147624563625061,-0.8021589714926699,0.39440959039395207,1.1622826690695374,0.11787304330573296,-1.5166816717001321
0.28953343823889843,-1.2727127719496232,-0.05312971295722547,-0.6094581829957683,-0.9425392597054306,-0.15986739803671018,-1.5166816717001321
-0.25185294590264645,0.8147624563625061,-0.5335021198659268,-0.14315455011439074,1.1622826690695374,0.3956134846481761,0.8650420589847486
-0.7932393300441917,1.4410050248561448,-0.9251270504372535,0.21598116291312378,-0.9425392597054306,-1.2708291634064828,0.8650420589847486
-0.5225461379734192,-1.2727127719496232,1.0865614983437148,-0.7785248151790177,1.1622826690695374,0.3956134846481761,0.8650420589847486
0.28953343823889843,-1.2727127719496232,1.6642086198414239,-0.7667609802985075,-0.9425392597054306,-0.9930887220640396,0.8650420589847486
-1.063932522114964,0.7103886949468996,-0.6056556743028234,-0.32219888518058604,-0.9425392597054306,-1.2708291634064828,0.8650420589847486
0.8309198223804434,1.4410050248561448,-0.8915763454341007,1.6437165365524333,-1.6441465692970867,1.2288348086755054,0.8650420589847486
-0.5225461379734192,-0.333348919209165,0.1444063430388744,-0.5973863943225746,0.4606753594778814,1.5065752500179488,0.8650420589847486
-0.5225461379734192,0.8147624563625061,-0.25970938660808535,0.16399856270814656,0.4606753594778814,0.6733539259906193,-0.32581980635769175
0.018840246168125976,-1.1683390105340168,1.2016024556402989,-0.7325165185521006,-0.9425392597054306,-0.15986739803671018,-1.5166816717001321
-1.063932522114964,-0.020227634962345597,0.2818888700713444,-0.641239014400707,-0.9425392597054306,-1.2708291634064828,0.8650420589847486
0.28953343823889843,-0.9595914877028038,1.3763619930984847,-0.7234626770472053,-0.9425392597054306,-0.15986739803671018,-1.5166816717001321
-0.25185294590264645,0.7103886949468996,-0.4279513786268068,0.21370230484726577,-0.9425392597054306,-0.9930887220640396,-0.32581980635769175
0.8309198223804434,1.3366312634405384,-1.0202525102132474,1.500086887644842,-1.6441465692970867,1.784315691360392,0.8650420589847486
-0.25185294590264645,0.6060149335312932,-0.5592652652219251,0.12217843766172529,1.1622826690695374,0.11787304330573296,-1.5166816717001321
4.349931319300485,1.3366312634405384,-1.108427782347157,5.495910529230515,-1.6441465692970867,-0.4376078393791533,0.8650420589847486
-1.063932522114964,-0.6464702034559844,-0.1525676385593317,-0.6722807567032052,-0.9425392597054306,-1.2708291634064828,0.8650420589847486
-0.5225461379734192,-0.7508439648715909,-0.0140942213208618,-0.5837132459274265,1.1622826690695374,-0.7153482807215965,-0.32581980635769175
1.642999398592761,-0.43772268062477143,0.20295260239337765,-0.38847054136607834,-1.6441465692970867,1.784315691360392,0.8650420589847486
0.28953343823889843,1.023509979193719,-1.1445603843659435,1.3881148886251162,-0.24093195011377463,-2.1040504874338124,0.8650420589847486
0.018840246168125976,-0.9595914877028038,1.1666561306286956,-0.7053549940374146,1.1622826690695374,0.11787304330573296,-1.5166816717001321
1.642999398592761,0.7103886949468996,-0.519364489180322,2.1361346510533727,-0.24093195011377463,-1.826310046091369,0.8650420589847486
0.28953343823889843,0.18851988786886734,0.5007639559966541,-0.4203129635295537,-0.9425392597054306,-0.9930887220640396,0.8650420589847486
0.8309198223804434,-1.690207817612049,1.2095435334883828,-0.7365199178569863,0.4606753594778814,0.9510943673330624,0.8650420589847486
-0.25185294590264645,-0.7508439648715909,1.3769062849017804,-0.7207526836715904,-0.9425392597054306,-0.15986739803671018,-1.5166816717001321
0.018840246168125976,-1.898955340443262,0.5910745267434934,-0.7219844988423244,0.4606753594778814,0.6733539259906193,-0.32581980635769175
0.8309198223804434,-1.1683390105340168,0.6118692648694075,-0.5780468961420498,0.4606753594778814,0.9510943673330624,-0.32581980635769175
-1.063932522114964,-0.6464702034559844,1.7431448875193905,-0.7464976207399322,0.4606753594778814,0.6733539259906193,-0.32581980635769175
-0.5225461379734192,-1.1683390105340168,1.5923900142065552,-0.768300749261925,1.1622826690695374,0.11787304330573296,0.8650420589847486
0.28953343823889843,0.18851988786886734,-0.8708095197083556,0.06089563291770592,-0.9425392597054306,-0.15986739803671018,-1.5166816717001321
0.018840246168125976,-0.2289751577935585,1.5032238518666454,-0.707757033620346,1.1622826690695374,-0.7153482807215965,0.8650420589847486
0.28953343823889843,-0.43772268062477143,1.0630732136014909,-0.6358806184080138,-0.9425392597054306,-0.15986739803671018,-1.5166816717001321
-0.5225461379734192,0.7103886949468996,-0.29998698005197005,-0.3131450436756907,-0.9425392597054306,-1.2708291634064828,0.8650420589847486
0.8309198223804434,1.232257502024932,-0.9872181846132213,2.0252712856873076,0.4606753594778814,0.9510943673330624,-0.32581980635769175
0.018840246168125976,-0.7508439648715909,1.2730861124731392,-0.7037536343154605,-0.9425392597054306,-0.15986739803671018,-1.5166816717001321
0.018840246168125976,-0.9595914877028038,1.4376994924698892,-0.6879864001300645,0.4606753594778814,0.9510943673330624,-0.32581980635769175
-0.5225461379734192,-0.12460139637795206,0.6895913431400221,-0.5216913520809666,0.4606753594778814,0.6733539259906193,-0.32581980635769175
-0.25185294590264645,-0.6464702034559844,-0.20352172506786362,-0.483689854063821,1.1622826690695374,0.11787304330573296,-1.5166816717001321
-0.25185294590264645,-0.333348919209165,0.2969196975623575,-0.6191279320860307,1.1622826690695374,0.3956134846481761,-1.5166816717001321
0.018840246168125976,0.5016411721156867,-0.9836314411915031,0.0454363525249935,1.1622826690695374,-0.7153482807215965,0.8650420589847486
-0.7932393300441917,1.232257502024932,-0.7709947767039677,0.020800049110312344,-0.9425392597054306,-1.2708291634064828,0.8650420589847486
-0.7932393300441917,-0.8552177262871973,2.1312668118695064,-0.8045161152815063,-0.9425392597054306,-1.2708291634064828,-1.5166816717001321
0.018840246168125976,-2.0033291018588684,0.4820766040835004,-0.7371358254423533,1.1622826690695374,0.11787304330573296,-1.5166816717001321
0.8309198223804434,0.08414612645326086,-0.19262193280186432,-0.13718024653633057,-1.6441465692970867,1.784315691360392,0.8650420589847486
-0.5225461379734192,-1.3770865333652296,1.0344350910280844,-0.7434796735716338,1.1622826690695374,0.11787304330573296,-1.5166816717001321
1.642999398592761,1.5453787862717514,-1.3430594181678743,2.5740449442493305,-1.6441465692970867,1.784315691360392,0.8650420589847486
-0.25185294590264645,1.3366312634405384,-0.8775782767493411,0.5913768361943279,1.1622826690695374,-0.7153482807215965,-1.5166816717001321
0.8309198223804434,-0.12460139637795206,-0.23937520308495988,-0.17875400854860501,-1.6441465692970867,1.2288348086755054,0.8650420589847486
-1.063932522114964,1.1278837406093254,-0.8586955380350042,-0.0760206233093846,-0.9425392597054306,-1.2708291634064828,0.8650420589847486
-0.5225461379734192,1.5453787862717514,-1.1304785784806768,1.5749196592669361,0.4606753594778814,0.6733539259906193,-0.32581980635769175
0.28953343823889843,0.9191362177781126,-0.8177340907869788,0.5124174837502747,-0.9425392597054306,-0.9930887220640396,0.8650420589847486
0.28953343823889843,1.023509979193719,-0.8404268721243857,0.6806218453140104,-0.9425392597054306,-0.15986739803671018,-1.5166816717001321
-0.5225461379734192,-0.2289751577935585,0.7248307483534002,-0.5491608303883362,0.4606753594778814,0.6733539259906193,-0.32581980635769175
-0.5225461379734192,-0.6464702034559844,-0.7317918106665899,-0.5268649757980497,0.4606753594778814,1.5065752500179488,0.8650420589847486
-0.7932393300441917,0.08414612645326086,0.22909256515165766,-0.5984334372176985,-0.9425392597054306,-1.2708291634064828,0.8650420589847486
-0.5225461379734192,-0.5420964420403779,-0.4451872857311719,-0.5896875495054866,-0.9425392597054306,-1.2708291634064828,0.8650420589847486
-0.5225461379734192,1.1278837406093254,-1.097862938883186,0.38621801950857054,1.1622826690695374,-0.7153482807215965,0.8650420589847486
-1.063932522114964,1.4410050248561448,-0.901261948292748,0.8883058830997724,0.4606753594778814,0.6733539259906193,-0.32581980635769175
0.018840246168125976,1.4410050248561448,-1.2887697998391454,1.3515299780543149,-0.9425392597054306,-0.9930887220640396,0.8650420589847486
0.018840246168125976,0.6060149335312932,0.002778824581306121,0.026158445103005492,0.4606753594778814,0.6733539259906193,-0.32581980635769175
-0.5225461379734192,1.3366312634405384,-1.3037448025298204,1.1584429500417512,1.1622826690695374,0.11787304330573296,-1.5166816717001321
0.8309198223804434,-0.7508439648715909,0.11645207426960862,-0.3795398813782564,0.4606753594778814,0.9510943673330624,-0.32581980635769175
0.8309198223804434,-1.898955340443262,0.8822706415067139,-0.7043695419008275,0.4606753594778814,0.9510943673330624,-0.32581980635769175
-0.5225461379734192,-1.1683390105340168,1.8551573493976368,-0.7809884455204859,1.1622826690695374,0.11787304330573296,0.8650420589847486
-0.5225461379734192,1.7541263091029642,-1.303814583530243,0.8388485039948,1.1622826690695374,0.3956134846481761,0.8650420589847486
0.28953343823889843,-1.1683390105340168,0.3954365139588863,-0.6381594764738718,1.1622826690695374,0.11787304330573296,-1.5166816717001321
-0.5225461379734192,-1.0639652491184102,0.9458271766915549,-0.7397842280594316,1.1622826690695374,-0.7153482807215965,-1.5166816717001321
0.28953343823889843,0.5016411721156867,-0.42802115962722936,0.4196618013940002,0.4606753594778814,0.9510943673330624,-0.32581980635769175
-0.5225461379734192,-0.43772268062477143,0.6706109110250938,-0.6097045460299151,1.1622826690695374,0.11787304330573296,-1.5166816717001321
-0.7932393300441917,0.8147624563625061,-1.0158981757868815,-0.10626168575090571,-0.9425392597054306,-1.2708291634064828,0.8650420589847486
2.9964653589466232,1.4410050248561448,-1.2074609781468126,5.469241730784123,-1.6441465692970867,-0.4376078393791533,0.8650420589847486
-1.063932522114964,1.3366312634405384,-0.7597321232357712,0.6758177661481475,0.4606753594778814,0.6733539259906193,-0.32581980635769175
-0.5225461379734192,0.5016411721156867,-0.6463938223494968,-0.010303283950722615,-0.9425392597054306,-0.15986739803671018,-1.5166816717001321
0.28953343823889843,0.18851988786886734,-0.4719413212931702,0.21259367119360512,0.4606753594778814,0.9510943673330624,-0.32581980635769175
-0.7932393300441917,1.232257502024932,-0.8121516107531763,0.17711739427646425,0.4606753594778814,1.5065752500179488,0.8650420589847486
-0.25185294590264645,-0.020227634962345597,0.37219944081818357,-0.5300061044834216,1.1622826690695374,-0.7153482807215965,-1.5166816717001321
-0.7932393300441917,-1.7945815790276554,2.9126884108010893,-0.8320471843474125,1.1622826690695374,-0.7153482807215965,0.8650420589847486
-1.063932522114964,-0.6464702034559844,0.2841358182849499,-0.7060324923813184,1.1622826690695374,0.3956134846481761,0.8650420589847486
-0.7932393300441917,-1.0639652491184102,2.3706714681191245,-0.8173269930571405,-0.9425392597054306,-1.2708291634064828,0.8650420589847486
1.642999398592761,1.3366312634405384,-0.9462427811651113,1.9552425932310764,-1.6441465692970867,1.2288348086755054,-1.5166816717001321
1.642999398592761,-1.3770865333652296,2.0636071538598206,-0.7348569673764953,-0.24093195011377463,-1.548569604748926,0.8650420589847486
-0.5225461379734192,0.2928936492844738,-0.4179168707660469,-0.3446179212879459,0.4606753594778814,1.5065752500179488,0.8650420589847486
4.349931319300485,0.9191362177781126,-0.8963772782631708,3.587151331419556,-1.6441465692970867,-0.4376078393791533,0.8650420589847486
-0.7932393300441917,1.4410050248561448,-1.0972209536792987,0.2975273272157184,-0.9425392597054306,-1.2708291634064828,0.8650420589847486
0.5602266303096711,1.232257502024932,-0.9828638501868554,1.897716824757796,0.4606753594778814,0.9510943673330624,-0.32581980635769175
-0.5225461379734192,0.9191362177781126,-0.8265125406401331,0.15974880036911404,1.1622826690695374,-0.7153482807215965,-1.5166816717001321
0.5602266303096711,-0.7508439648715909,1.1860692049462436,-0.46601330636378724,-0.24093195011377463,-1.826310046091369,0.8650420589847486
-0.5225461379734192,-0.020227634962345597,0.36097865595024065,-0.4250554519368798,0.4606753594778814,0.6733539259906193,-0.32581980635769175
-0.25185294590264645,-0.333348919209165,0.9449060674859775,-0.699688644252038,1.1622826690695374,0.3956134846481761,0.8650420589847486
-0.5225461379734192,1.1278837406093254,-0.6177138311758368,0.45470694300138415,1.1622826690695374,0.11787304330573296,-1.5166816717001321
0.5602266303096711,1.023509979193719,-0.6918631222248178,0.9083844703827376,0.4606753594778814,0.9510943673330624,0.8650420589847486
2.319732378769692,-0.12460139637795206,-0.7087501243270703,1.221327114507725,-0.24093195011377463,-1.826310046091369,0.8650420589847486
0.28953343823889843,1.6497525476873578,-1.3148958063973408,1.8286119936796152,-0.9425392597054306,-0.9930887220640396,0.8650420589847486
0.018840246168125976,-0.43772268062477143,1.6624780510309451,-0.7030761359715567,1.1622826690695374,0.11787304330573296,-1.5166816717001321
0.018840246168125976,0.39726741070008026,0.0024438757792779736,-0.3322381788220686,1.1622826690695374,-0.7153482807215965,0.8650420589847486
0.018840246168125976,-0.6464702034559844,1.269987836054379,-0.693467977639831,-0.9425392597054306,-0.15986739803671018,-1.5166816717001321
-1.063932522114964,0.18851988786886734,-0.7451897627477159,-0.4352795178539725,1.1622826690695374,0.3956134846481761,0.8650420589847486
0.5602266303096711,-1.898955340443262,1.5593696448066137,-0.7584462278960525,0.4606753594778814,0.9510943673330624,-0.32581980635769175
-0.7932393300441917,-0.12460139637795206,0.17925497464988624,-0.6175265723640764,1.1622826690695374,0.3956134846481761,0.8650420589847486
0.28953343823889843,0.9191362177781126,-0.737611546101829,0.9024717575632142,-0.24093195011377463,-2.1040504874338124,0.8650420589847486
0.018840246168125976,-0.020227634962345597,-0.14514294011437442,-0.21398392243159906,0.4606753594778814,0.6733539259906193,-0.32581980635769175
0.5602266303096711,-0.12460139637795206,0.29506352295111815,-0.24243885287555578,0.4606753594778814,0.9510943673330624,-0.32581980635769175
-0.5225461379734192,-0.8552177262871973,0.17060213059749244,-0.6953157003959322,-0.9425392597054306,-1.2708291634064828,0.8650420589847486
-0.25185294590264645,-1.2727127719496232,0.5508388018998621,-0.7256183535959899,1.1622826690695374,-0.7153482807215965,0.8650420589847486
0.018840246168125976,1.232257502024932,-0.8617379896534266,0.824990583324042,-0.9425392597054306,-0.15986739803671018,-1.5166816717001321
-0.5225461379734192,0.08414612645326086,0.709772008462218,-0.5404149426761243,-0.9425392597054306,-0.15986739803671018,-1.5166816717001321
-0.5225461379734192,0.39726741070008026,-0.19839979963684987,-0.3669137758782323,0.4606753594778814,1.5065752500179488,0.8650420589847486
0.8309198223804434,0.2928936492844738,-0.014443126322974453,0.13246409433735468,0.4606753594778814,0.9510943673330624,-0.32581980635769175
-0.5225461379734192,-0.6464702034559844,0.07851912243992093,-0.5159018207785167,0.4606753594778814,0.6733539259906193,-0.32581980635769175
-1.063932522114964,-0.8552177262871973,0.4126445086630824,-0.7356576472374725,-0.9425392597054306,-1.2708291634064828,0.8650420589847486
0.8309198223804434,1.7541263091029642,-1.3636587694926052,3.829079830951725,0.4606753594778814,0.9510943673330624,-0.32581980635769175
0.28953343823889843,0.2928936492844738,-0.6267993174308503,0.2658696773278531,-0.24093195011377463,-2.1040504874338124,0.8650420589847486
-0.25185294590264645,0.5016411721156867,-0.4698339350804097,-0.18417399529983486,1.1622826690695374,-0.7153482807215965,0.8650420589847486
-1.063932522114964,-0.333348919209165,-0.09241641619511025,-0.5588305794785985,0.4606753594778814,1.5065752500179488,-0.32581980635769175
-0.7932393300441917,-0.12460139637795206,1.0593469081789277,-0.6857075420642065,1.1622826690695374,-0.7153482807215965,0.8650420589847486
-0.5225461379734192,-1.690207817612049,0.7608237883713415,-0.784683891032688,-0.9425392597054306,-1.2708291634064828,0.8650420589847486
-0.5225461379734192,-1.898955340443262,1.5225811013838555,-0.8003279437010106,0.4606753594778814,1.5065752500179488,-0.32581980635769175
-0.5225461379734192,1.7541263091029642,-1.2961944982841027,1.977538447821363,-0.9425392597054306,-0.15986739803671018,-0.32581980635769175
0.28953343823889843,-1.5858340561964426,2.275336665341863,-0.8110447356863968,1.1622826690695374,-0.7153482807215965,0.8650420589847486
-0.25185294590264645,-1.1683390105340168,2.0388767673100756,-0.7814195808302428,1.1622826690695374,0.11787304330573296,-1.5166816717001321
-1.063932522114964,1.6497525476873578,-1.2993625557032855,1.033044165661024,-0.9425392597054306,-0.9930887220640396,0.8650420589847486
0.28953343823889843,1.6497525476873578,-1.304721736535736,1.3912560173104882,1.1622826690695374,-0.7153482807215965,0.8650420589847486
-0.5225461379734192,-0.020227634962345597,0.025025007516008904,-0.43842064653934437,-0.9425392597054306,-0.9930887220640396,0.8650420589847486
0.8309198223804434,1.8585000705185708,-1.500638873322033,3.5263612527438304,-1.6441465692970867,1.2288348086755054,-1.5166816717001321
0.018840246168125976,0.5016411721156867,-0.20772254129329995,-0.07725243848011865,-0.9425392597054306,-0.9930887220640396,-1.5166816717001321
0.8309198223804434,-0.12460139637795206,0.26431801416495115,-0.2613472157463236,-0.24093195011377463,-2.1040504874338124,0.8650420589847486
-0.7932393300441917,-0.020227634962345597,-0.02287267117401616,-0.50481548424191,1.1622826690695374,-0.7153482807215965,-1.5166816717001321
0.28953343823889843,-0.2289751577935585,0.1377911041988185,-0.44525722073691837,-0.9425392597054306,-0.9930887220640396,0.8650420589847486
1.642999398592761,0.6060149335312932,-0.15992255600386643,0.24252677984244272,-1.6441465692970867,1.784315691360392,0.8650420589847486
-1.063932522114964,0.18851988786886734,0.2935562533419915,-0.5073407053419149,-0.9425392597054306,-0.9930887220640396,0.8650420589847486
-0.5225461379734192,0.8147624563625061,-1.0326037472880352,0.4383853919891579,1.1622826690695374,0.11787304330573296,-1.5166816717001321
-0.5225461379734192,-0.7508439648715909,0.8008083016134516,-0.7320853832423437,1.1622826690695374,0.3956134846481761,0.8650420589847486
-1.063932522114964,-0.8552177262871973,1.2523890677478167,-0.7452658055691982,-0.9425392597054306,-0.9930887220640396,-1.5166816717001321
-0.5225461379734192,0.2928936492844738,-0.33667783007413665,-0.1826342263364173,1.1622826690695374,0.11787304330573296,-1.5166816717001321
-1.063932522114964,-0.5420964420403779,0.7276499007704704,-0.7339946967569815,-0.9425392597054306,-1.2708291634064828,0.8650420589847486
0.018840246168125976,0.39726741070008026,-0.2398636700879176,-0.15615020016563505,-0.9425392597054306,-0.15986739803671018,0.8650420589847486
4.349931319300485,1.4410050248561448,-1.2260227242592059,6.26807386900516,-1.6441465692970867,-0.4376078393791533,0.8650420589847486
-0.5225461379734192,1.232257502024932,-0.8918415132357064,0.14305770480566757,-0.9425392597054306,-1.2708291634064828,0.8650420589847486
-0.7932393300441917,-1.690207817612049,0.9250743071658942,-0.7742134620814485,0.4606753594778814,1.5065752500179488,-0.32581980635769175
0.018840246168125976,-1.7945815790276554,0.6363205274174623,-0.7437876273643172,-0.9425392597054306,-0.15986739803671018,0.8650420589847486
0.28953343823889843,0.6060149335312932,-0.501277253870802,0.43259586068670786,-0.24093195011377463,-2.1040504874338124,0.8650420589847486
2.9964653589466232,-0.2289751577935585,0.10047222517284908,0.3099070696815957,-1.6441465692970867,-0.4376078393791533,0.8650420589847486
0.28953343823889843,-0.6464702034559844,-0.3819377869481901,-0.48991052067602797,1.1622826690695374,-0.7153482807215965,-1.5166816717001321
-0.7932393300441917,1.232257502024932,-0.7903241138210086,0.028498893927400203,-0.9425392597054306,-1.2708291634064828,0.8650420589847486
0.8309198223804434,-0.333348919209165,0.827813548776971,-0.5432481175688126,-1.6441465692970867,1.784315691360392,0.8650420589847486
-0.7932393300441917,-0.2289751577935585,0.7456254864793144,-0.6969786508764231,-0.9425392597054306,-1.2708291634064828,0.8650420589847486
-1.063932522114964,0.9191362177781126,-0.2601280726106205,-0.07731402923865535,-0.9425392597054306,-0.9930887220640396,-1.5166816717001321
1.1016130144512162,0.39726741070008026,-0.6301069368508783,0.7621064188580683,-0.24093195011377463,-1.548569604748926,0.8650420589847486
0.018840246168125976,1.5453787862717514,-1.393678555874378,1.8437633202796442,1.1622826690695374,0.11787304330573296,-1.5166816717001321
-1.063932522114964,0.18851988786886734,-0.18663472296561118,-0.42363886449053567,0.4606753594778814,1.5065752500179488,-0.32581980635769175
-1.063932522114964,0.18851988786886734,-0.28301624074921056,-0.2679374269097508,0.4606753594778814,0.6733539259906193,-0.32581980635769175
1.642999398592761,1.232257502024932,-0.47349045950255036,1.2565570283907188,-1.6441465692970867,1.2288348086755054,-1.5166816717001321
-0.5225461379734192,0.8147624563625061,-0.6241895080150476,0.16455287953497688,-0.9425392597054306,-0.15986739803671018,-1.5166816717001321
-0.5225461379734192,0.2928936492844738,-0.8244888916278797,-0.17327243103883844,1.1622826690695374,-0.7153482807215965,-1.5166816717001321
-1.063932522114964,-0.5420964420403779,0.08253850806425869,-0.5957850346006203,-0.9425392597054306,-0.9930887220640396,-1.5166816717001321
-0.5225461379734192,-1.7945815790276554,2.84343774598177,-0.8327862734498529,1.1622826690695374,0.3956134846481761,0.8650420589847486
-0.5225461379734192,-0.43772268062477143,0.257172439721684,-0.6530028492812172,1.1622826690695374,0.3956134846481761,0.8650420589847486
0.018840246168125976,0.9191362177781126,-0.4590178800149175,0.11232391629585282,1.1622826690695374,-0.7153482807215965,-1.5166816717001321
-0.7932393300441917,-0.12460139637795206,0.14807682366109953,-0.5696089622225216,1.1622826690695374,-0.7153482807215965,0.8650420589847486
-0.5225461379734192,0.8147624563625061,0.05914791672262641,-0.30058052893420334,0.4606753594778814,1.5065752500179488,0.8650420589847486
1.642999398592761,0.5016411721156867,-0.7468226381576031,2.0611171071556686,-0.24093195011377463,-1.826310046091369,0.8650420589847486
0.018840246168125976,0.7103886949468996,-0.46695895786300146,0.10862847078365066,-0.9425392597054306,-0.9930887220640396,0.8650420589847486
0.28953343823889843,1.4410050248561448,-1.0721835307276946,1.2549556686687646,-0.9425392597054306,-0.15986739803671018,0.8650420589847486
-1.063932522114964,1.1278837406093254,-0.9480710433761815,0.6030790803163014,0.4606753594778814,0.6733539259906193,-0.32581980635769175
0.28953343823889843,0.08414612645326086,0.13321347057110047,-0.33162227123670157,1.1622826690695374,0.11787304330573296,0.8650420589847486
0.28953343823889843,-0.7508439648715909,-0.2312387384356928,-0.45979263975158025,-1.6441465692970867,1.784315691360392,0.8650420589847486
0.018840246168125976,-1.898955340443262,0.8646439607999826,-0.7537653302472631,1.1622826690695374,0.11787304330573296,-1.5166816717001321
-0.5225461379734192,1.4410050248561448,-1.288951230440244,0.4896904938502314,-0.9425392597054306,-1.2708291634064828,0.8650420589847486
0.28953343823889843,-1.5858340561964426,-0.16683087504569696,-0.6279970013153159,-1.6441465692970867,1.784315691360392,0.8650420589847486
-0.5225461379734192,-0.9595914877028038,1.1533419157480767,-0.727281304076481,1.1622826690695374,0.11787304330573296,0.8650420589847486
0.28953343823889843,-1.3770865333652296,1.5130629729262224,-0.788810471854647,1.1622826690695374,0.3956134846481761,0.8650420589847486
0.28953343823889843,0.2928936492844738,-0.2775593665161687,-0.14598772500707907,-0.9425392597054306,-0.9930887220640396,0.8650420589847486
0.8309198223804434,0.39726741070008026,-0.8598818150421873,0.4762021177306935,-1.6441465692970867,1.2288348086755054,-1.5166816717001321
-0.7932393300441917,-0.12460139637795206,0.4380866614171371,-0.649122631493405,1.1622826690695374,0.3956134846481761,0.8650420589847486
-0.25185294590264645,-0.8552177262871973,0.8136759180913663,-0.7113908883740115,1.1622826690695374,-0.7153482807215965,0.8650420589847486
-0.5225461379734192,0.2928936492844738,-0.057805039985535024,-0.2727415060756136,1.1622826690695374,0.11787304330573296,-1.5166816717001321
0.018840246168125976,0.5016411721156867,-0.6813401473611003,0.30836730071817814,0.4606753594778814,0.6733539259906193,-0.32581980635769175
-0.25185294590264645,1.1278837406093254,-0.7612812614451514,0.2901364361913141,1.1622826690695374,-0.7153482807215965,0.8650420589847486
-0.25185294590264645,0.2928936492844738,-0.06926308025491457,-0.4497533461100977,1.1622826690695374,0.3956134846481761,0.8650420589847486
0.018840246168125976,0.08414612645326086,0.2105308190392645,-0.378800792275816,1.1622826690695374,0.11787304330573296,0.8650420589847486
0.28953343823889843,-0.6464702034559844,0.8045625194361837,-0.541523576329785,0.4606753594778814,0.9510943673330624,-0.32581980635769175
0.5602266303096711,-0.8552177262871973,0.2692585089948663,-0.5577835365834746,-1.6441465692970867,1.784315691360392,0.8650420589847486
0.018840246168125976,0.2928936492844738,0.47483333623964175,-0.3639574194684706,1.1622826690695374,0.11787304330573296,-1.5166816717001321
-1.063932522114964,-1.1683390105340168,0.15017025367377546,-0.7243865384252559,0.4606753594778814,1.5065752500179488,0.8650420589847486
-1.063932522114964,0.7103886949468996,-0.32053050657636306,-0.39124212550022996,-0.9425392597054306,-1.2708291634064828,0.8650420589847486
-1.063932522114964,-1.1683390105340168,0.3984650093772241,-0.6802259645544398,0.4606753594778814,0.6733539259906193,-0.32581980635769175
-1.063932522114964,-1.1683390105340168,1.5354347616616857,-0.8009438512863776,1.1622826690695374,0.3956134846481761,0.8650420589847486
-0.25185294590264645,0.2928936492844738,-0.42257824159427193,-0.1785076455144582,-0.9425392597054306,-0.15986739803671018,0.8650420589847486
0.8309198223804434,1.8585000705185708,-1.4782391721864008,3.086972781342992,-1.6441465692970867,1.784315691360392,0.8650420589847486
0.018840246168125976,-0.6464702034559844,0.427800941954856,-0.6396376546787527,1.1622826690695374,-0.7153482807215965,0.8650420589847486
-1.063932522114964,0.8147624563625061,-0.8054945033128669,0.009405758781022308,0.4606753594778814,1.5065752500179488,-0.32581980635769175
-0.7932393300441917,1.023509979193719,-1.116564246996424,0.3810443957914875,0.4606753594778814,1.5065752500179488,-0.32581980635769175
0.28953343823889843,-1.2727127719496232,1.2491791417283802,-0.7729816469107145,1.1622826690695374,0.3956134846481761,0.8650420589847486
0.018840246168125976,-0.020227634962345597,0.3467293756639599,-0.3643885547782275,0.4606753594778814,0.6733539259906193,-0.32581980635769175
3.5378517430881686,-0.5420964420403779,0.687902642929797,-0.13896637853389493,-1.6441465692970867,-0.4376078393791533,0.8650420589847486
0.28953343823889843,-0.2289751577935585,0.24867311387021976,-0.5802025726908344,1.1622826690695374,0.3956134846481761,0.8650420589847486
-0.7932393300441917,-0.8552177262871973,-0.4063192684958223,-0.6024368365225842,1.1622826690695374,-0.7153482807215965,-1.5166816717001321
-1.063932522114964,-1.1683390105340168,1.3036222782580387,-0.7947231846741706,-0.9425392597054306,-1.2708291634064828,0.8650420589847486
0.018840246168125976,0.08414612645326086,-0.23458822645597427,-0.1377961541216976,0.4606753594778814,0.6733539259906193,-0.32581980635769175
-0.5225461379734192,0.9191362177781126,-0.7667520918782779,0.3743310031109869,1.1622826690695374,0.11787304330573296,-1.5166816717001321
0.5602266303096711,0.7103886949468996,-0.5608981406318123,0.3740846400768401,-1.6441465692970867,1.784315691360392,0.8650420589847486
0.018840246168125976,-0.43772268062477143,-0.06595546083488661,-0.38249623778801817,0.4606753594778814,0.6733539259906193,-0.32581980635769175
-1.063932522114964,-0.43772268062477143,0.38942139172246415,-0.5787859852444902,0.4606753594778814,0.6733539259906193,-0.32581980635769175
2.319732378769692,-0.8552177262871973,-0.05999616339880249,0.08898101881044243,-0.24093195011377463,-1.826310046091369,0.8650420589847486
-0.5225461379734192,-0.2289751577935585,-0.2980191558400547,-0.40158937293439606,-0.9425392597054306,-0.9930887220640396,-1.5166816717001321
-0.25185294590264645,-0.020227634962345597,0.6913358681505855,-0.536965860198069,-0.9425392597054306,-0.15986739803671018,-1.5166816717001321
0.28953343823889843,0.6060149335312932,-1.116089736193551,1.0088389975561,0.4606753594778814,0.9510943673330624,-0.32581980635769175
-0.7932393300441917,1.1278837406093254,-1.0906615396395807,0.08725647757141476,-0.9425392597054306,-1.2708291634064828,0.8650420589847486
2.9964653589466232,0.5016411721156867,-0.05239003435274664,0.7454153232946218,-0.24093195011377463,-1.548569604748926,0.8650420589847486
1.642999398592761,-1.0639652491184102,0.46357068277144525,-0.5694241899469114,-1.6441465692970867,1.2288348086755054,0.8650420589847486
-0.5225461379734192,0.8147624563625061,-0.5593629586225166,0.3273988451060193,0.4606753594778814,0.6733539259906193,-0.32581980635769175
-0.7932393300441917,0.6060149335312932,-0.7152816259666192,-0.19088738798033547,0.4606753594778814,1.5065752500179488,0.8650420589847486
0.28953343823889843,-0.2289751577935585,-0.5431179417241515,-0.21423028546574588,-1.6441465692970867,1.784315691360392,0.8650420589847486
0.28953343823889843,-0.5420964420403779,0.8295022489871962,-0.6538035291421943,1.1622826690695374,-0.7153482807215965,-1.5166816717001321
0.018840246168125976,-2.0033291018588684,-0.45404947278483326,-0.639144928610459,0.4606753594778814,0.6733539259906193,-0.32581980635769175
0.018840246168125976,0.39726741070008026,-0.7348203060849278,0.08670216074458444,-0.9425392597054306,-0.9930887220640396,-1.5166816717001321
0.28953343823889843,0.08414612645326086,0.11546118406360868,-0.32490887855620093,-0.9425392597054306,-0.9930887220640396,-1.5166816717001321
0.018840246168125976,0.6060149335312932,-0.6376293286964271,0.12396456965928968,-0.9425392597054306,-0.9930887220640396,0.8650420589847486
0.018840246168125976,-0.6464702034559844,-1.3586484936622676,-0.1934126090803403,1.1622826690695374,0.11787304330573296,-1.5166816717001321
-0.7932393300441917,1.7541263091029642,-1.4273409104782069,1.0955587855757776,1.1622826690695374,-0.7153482807215965,0.8650420589847486
-1.063932522114964,0.8147624563625061,-0.869441812100074,-0.21299847029501182,-0.9425392597054306,-1.2708291634064828,0.8650420589847486
-0.5225461379734192,-0.7508439648715909,1.082793324320898,-0.6964859248081294,1.1622826690695374,0.11787304330573296,-1.5166816717001321
-1.063932522114964,0.9191362177781126,-0.9474988391727168,0.17101990918133067,-0.9425392597054306,-0.9930887220640396,0.8650420589847486
-0.5225461379734192,-0.8552177262871973,2.8071934943623074,-0.8070413363815111,-0.9425392597054306,-0.9930887220640396,0.8650420589847486
-1.063932522114964,-0.5420964420403779,1.7940431492275843,-0.7901038777839179,-0.9425392597054306,-1.2708291634064828,0.8650420589847486
-0.7932393300441917,-0.333348919209165,-0.4956668614368306,-0.5604319392005528,1.1622826690695374,0.3956134846481761,0.8650420589847486
-1.063932522114964,-0.5420964420403779,-0.7470319811588706,-0.49736300245896903,0.4606753594778814,1.5065752500179488,-0.32581980635769175
1.642999398592761,-0.9595914877028038,-0.49967229086108383,0.16886423263254607,-0.24093195011377463,-1.826310046091369,0.8650420589847486
-0.5225461379734192,1.5453787862717514,-1.0667266564946527,1.1222275840221698,-0.9425392597054306,-0.15986739803671018,-1.5166816717001321
2.9964653589466232,1.8585000705185708,-1.488092249446062,6.452722963098195,-0.24093195011377463,-1.548569604748926,0.8650420589847486
0.8309198223804434,-0.2289751577935585,-0.1539911709679513,-0.09135672218502361,0.4606753594778814,0.9510943673330624,-0.32581980635769175
-1.063932522114964,1.023509979193719,-0.8818628301752844,0.47035099566970673,0.4606753594778814,0.6733539259906193,-0.32581980635769175
-0.5225461379734192,1.023509979193719,-0.45691049380215704,-0.12233687372898516,1.1622826690695374,0.3956134846481761,0.8650420589847486
4.349931319300485,-1.5858340561964426,1.3388756396715011,-0.5888868696445095,-1.6441465692970867,-0.4376078393791533,0.8650420589847486
-0.5225461379734192,-0.7508439648715909,0.6341712726044483,-0.7198288222935398,1.1622826690695374,0.3956134846481761,0.8650420589847486
0.018840246168125976,-0.8552177262871973,1.0900645045649258,-0.6347103939958164,0.4606753594778814,0.9510943673330624,-0.32581980635769175
0.28953343823889843,-0.12460139637795206,0.42890348176153203,-0.3606931092660253,-0.24093195011377463,-2.1040504874338124,0.8650420589847486
-0.7932393300441917,-1.1683390105340168,2.4366842945188387,-0.8205913032595857,-0.9425392597054306,-1.2708291634064828,0.8650420589847486
4.349931319300485,-0.12460139637795206,0.36550046477762066,0.3443363037036126,-1.6441465692970867,-0.4376078393791533,0.8650420589847486
-0.7932393300441917,-0.020227634962345597,-0.0025664000510597297,-0.5407228964688079,0.4606753594778814,1.5065752500179488,0.8650420589847486
0.8309198223804434,0.08414612645326086,-0.2542525123750434,0.03964682122254343,-0.24093195011377463,-2.1040504874338124,0.8650420589847486
-0.25185294590264645,-0.8552177262871973,2.328802867865606,-0.7943536401229503,1.1622826690695374,-0.7153482807215965,-1.5166816717001321
-0.5225461379734192,1.232257502024932,-0.9393205059231962,0.1906673611545389,1.1622826690695374,0.3956134846481761,0.8650420589847486
4.349931319300485,-1.5858340561964426,0.8050230740389724,-0.486584619715046,-1.6441465692970867,-0.4376078393791533,0.8650420589847486
0.8309198223804434,0.2928936492844738,-1.0455690571665415,0.7686350392629587,0.4606753594778814,0.9510943673330624,-0.32581980635769175
-0.25185294590264645,0.8147624563625061,-0.657098227814313,0.2515190305888014,-0.9425392597054306,-0.15986739803671018,-1.5166816717001321
0.018840246168125976,0.18851988786886734,0.16550811756664768,-0.35668970996113963,-0.9425392597054306,-0.9930887220640396,0.8650420589847486
-0.5225461379734192,0.18851988786886734,-0.09261180299629333,-0.3492988189367353,-0.9425392597054306,-0.9930887220640396,0.8650420589847486
0.018840246168125976,-0.7508439648715909,0.5644321407821711,-0.5340095037883072,0.4606753594778814,0.9510943673330624,-0.32581980635769175
-0.5225461379734192,-1.898955340443262,0.8868901437346854,-0.7886256995790369,0.4606753594778814,1.5065752500179488,0.8650420589847486
-0.25185294590264645,-0.43772268062477143,0.09853231336110273,-0.6087806846518645,1.1622826690695374,0.3956134846481761,-1.5166816717001321
0.28953343823889843,-1.690207817612049,2.999928617529337,-0.8112295079620069,0.4606753594778814,0.9510943673330624,-0.32581980635769175
0.018840246168125976,1.023509979193719,-0.8170641931829224,0.8349682862069878,0.4606753594778814,0.9510943673330624,0.8650420589847486
0.28953343823889843,1.7541263091029642,-1.426489582273052,1.6604692228744165,1.1622826690695374,-0.7153482807215965,0.8650420589847486
2.9964653589466232,-1.2727127719496232,1.5275215962137707,-0.6799796015202931,-0.24093195011377463,-2.1040504874338124,0.8650420589847486
-0.25185294590264645,-1.0639652491184102,2.01897522598957,-0.7758148218034028,1.1622826690695374,0.11787304330573296,-1.5166816717001321
0.018840246168125976,0.08414612645326086,0.0017879343753061854,-0.4045457293441578,1.1622826690695374,-0.7153482807215965,-1.5166816717001321
-0.25185294590264645,1.1278837406093254,-1.073244201934117,0.30738184858159084,1.1622826690695374,0.3956134846481761,-1.5166816717001321
0.28953343823889843,-1.4814602947808362,2.526841347064748,-0.8200369864327555,1.1622826690695374,0.3956134846481761,0.8650420589847486
-0.5225461379734192,1.1278837406093254,-0.8117189685505566,0.5098306718917333,1.1622826690695374,0.11787304330573296,0.8650420589847486
0.5602266303096711,1.1278837406093254,-0.3499362201544175,0.5896522949553001,-1.6441465692970867,1.784315691360392,0.8650420589847486
-0.7932393300441917,0.7103886949468996,-0.8223675492150347,-0.194090107424244,1.1622826690695374,0.3956134846481761,0.8650420589847486
-0.25185294590264645,-0.9595914877028038,1.2811667523220684,-0.7296833436594123,-0.9425392597054306,-0.15986739803671018,-1.5166816717001321
0.018840246168125976,-1.3770865333652296,1.4705663436689012,-0.7670073433326543,-0.9425392597054306,-0.15986739803671018,0.8650420589847486
0.28953343823889843,1.4410050248561448,-1.1430531147568168,1.8120440796332422,-1.6441465692970867,1.2288348086755054,-1.5166816717001321
0.018840246168125976,1.1278837406093254,-1.0165680733909377,0.8423591772313921,-0.9425392597054306,-0.9930887220640396,-1.5166816717001321
-1.063932522114964,1.5453787862717514,-1.1502684702005064,0.32481203324747776,1.1622826690695374,0.3956134846481761,0.8650420589847486
0.28953343823889843,1.232257502024932,-0.8589188372363563,1.0128423968609856,1.1622826690695374,0.11787304330573296,-1.5166816717001321
0.28953343823889843,-0.8552177262871973,2.2253455566391622,-0.7719961947741272,-0.9425392597054306,-0.15986739803671018,-1.5166816717001321
0.018840246168125976,0.7103886949468996,-1.0561618130306816,0.7141272179579767,0.4606753594778814,0.6733539259906193,-0.32581980635769175
-0.7932393300441917,-1.2727127719496232,2.4405082933419933,-0.8224390260156869,-0.9425392597054306,-1.2708291634064828,0.8650420589847486
0.28953343823889843,-1.2727127719496232,1.5027074724635188,-0.7274044855935543,-0.24093195011377463,-2.1040504874338124,0.8650420589847486
0.28953343823889843,0.6060149335312932,-0.6565539360110173,0.22756022551802393,-0.9425392597054306,-0.15986739803671018,-1.5166816717001321
-0.25185294590264645,1.232257502024932,-1.1262498498550715,0.8512282464606773,-0.9425392597054306,-0.9930887220640396,0.8650420589847486
-0.25185294590264645,1.023509979193719,-0.8086765169321343,0.499729787491714,-0.9425392597054306,-0.15986739803671018,-1.5166816717001321
0.5602266303096711,-0.43772268062477143,0.6752443694531499,-0.20924143402427292,-0.24093195011377463,-1.826310046091369,0.8650420589847486
-1.063932522114964,-1.1683390105340168,0.6972812093865851,-0.7124995220276722,-0.9425392597054306,-0.9930887220640396,-0.32581980635769175
0.5602266303096711,1.6497525476873578,-1.3405612583527478,3.3038954329092594,0.4606753594778814,0.9510943673330624,-0.32581980635769175
0.28953343823889843,-0.2289751577935585,-0.17548371909809077,-0.5105434247858235,1.1622826690695374,0.3956134846481761,0.8650420589847486
-0.5225461379734192,-0.8552177262871973,0.052100035679950814,-0.5531642296932219,0.4606753594778814,0.6733539259906193,-0.32581980635769175
-0.5225461379734192,-1.1683390105340168,-0.5403267017072503,-0.5959082161176936,0.4606753594778814,1.5065752500179488,-0.32581980635769175
-0.25185294590264645,-1.0639652491184102,0.6512676177079684,-0.73701264392528,1.1622826690695374,0.3956134846481761,0.8650420589847486
0.28953343823889843,-1.898955340443262,1.5144725491347575,-0.8035922539034558,1.1622826690695374,0.3956134846481761,-1.5166816717001321
0.28953343823889843,0.5016411721156867,-0.2827092043473514,-0.011165554570236455,-0.9425392597054306,-0.15986739803671018,-1.5166816717001321
-0.5225461379734192,0.9191362177781126,-0.78407173618315,-0.07515835268987076,-0.9425392597054306,-1.2708291634064828,0.8650420589847486
-0.5225461379734192,-0.6464702034559844,0.844798244279815,-0.6704330339471042,-0.9425392597054306,-0.15986739803671018,-1.5166816717001321
0.28953343823889843,-0.9595914877028038,-0.07379884528237905,-0.5515012792127308,1.1622826690695374,0.11787304330573296,0.8650420589847486
4.349931319300485,-1.0639652491184102,-0.4390465576939892,0.15956402809350395,-1.6441465692970867,-0.4376078393791533,0.8650420589847486
0.28953343823889843,0.8147624563625061,-0.6348241324794412,0.5786891399357671,0.4606753594778814,0.9510943673330624,0.8650420589847486
1.1016130144512162,1.6497525476873578,-1.2493435346004156,3.851683639334695,-0.24093195011377463,-1.548569604748926,0.8650420589847486
-0.5225461379734192,-1.4814602947808362,1.043576402083436,-0.7596164523082499,-0.9425392597054306,-0.9930887220640396,0.8650420589847486
0.018840246168125976,0.7103886949468996,-0.913724834968212,0.3309711091011481,-0.9425392597054306,-0.9930887220640396,0.8650420589847486
0.28953343823889843,1.023509979193719,-0.9465498175669704,0.844884398331397,1.1622826690695374,0.11787304330573296,-1.5166816717001321
0.018840246168125976,1.5453787862717514,-1.2329589557012053,1.9578909958481547,0.4606753594778814,0.9510943673330624,0.8650420589847486
0.28953343823889843,-1.0639652491184102,1.1117524394962484,-0.6867545849593304,-1.6441465692970867,1.2288348086755054,-1.5166816717001321
0.8309198223804434,1.3366312634405384,-1.2554284378372602,2.013137906255577,0.4606753594778814,0.9510943673330624,0.8650420589847486
-0.5225461379734192,1.7541263091029642,-1.3417475353599306,2.1654518521168433,0.4606753594778814,0.6733539259906193,-0.32581980635769175
0.28953343823889843,-1.4814602947808362,1.8888476164016346,-0.7581382741033691,0.4606753594778814,0.9510943673330624,-0.32581980635769175
-0.25185294590264645,1.6497525476873578,-1.296976045488835,1.7650503308697378,1.1622826690695374,0.11787304330573296,-1.5166816717001321
0.5602266303096711,-0.8552177262871973,0.8652999022039545,-0.5769382624883892,0.4606753594778814,0.9510943673330624,-0.32581980635769175
-0.25185294590264645,-0.6464702034559844,0.18295336767228035,-0.5656055629176359,-0.9425392597054306,-0.9930887220640396,-1.5166816717001321
0.018840246168125976,-1.3770865333652296,0.514301470078625,-0.723955403115499,1.1622826690695374,-0.7153482807215965,0.8650420589847486
-1.063932522114964,1.5453787862717514,-1.3928970086696457,0.6089302023772882,0.4606753594778814,1.5065752500179488,0.8650420589847486
-0.7932393300441917,0.7103886949468996,-0.26368690363216957,-0.36198651519529607,-0.9425392597054306,-1.2708291634064828,0.8650420589847486
-1.063932522114964,0.5016411721156867,-1.0910941818422004,-0.27575945324391204,-0.9425392597054306,-1.2708291634064828,0.8650420589847486
0.28953343823889843,-0.8552177262871973,1.245034150303282,-0.7311615218642932,1.1622826690695374,-0.7153482807215965,0.8650420589847486
-0.25185294590264645,-0.333348919209165,0.6684616562120799,-0.6021904734884374,-0.9425392597054306,-0.15986739803671018,0.8650420589847486
-1.063932522114964,-0.9595914877028038,1.7422516907139822,-0.8010054420449143,1.1622826690695374,0.3956134846481761,0.8650420589847486
-0.25185294590264645,1.232257502024932,-1.2255761258565017,0.6383705849578322,1.1622826690695374,-0.7153482807215965,0.8650420589847486
1.1016130144512162,1.3366312634405384,-1.155055446829492,4.669300958909425,-0.24093195011377463,-1.826310046091369,0.8650420589847486
-1.063932522114964,1.023509979193719,-1.2134481879830659,0.3193920464962479,0.4606753594778814,1.5065752500179488,-0.32581980635769175
0.5602266303096711,1.7541263091029642,-1.327805291475509,2.8321102225181156,0.4606753594778814,0.9510943673330624,0.8650420589847486
-0.25185294590264645,-0.333348919209165,0.13317160197084696,-0.5102354709931399,-0.9425392597054306,-0.9930887220640396,0.8650420589847486
1.642999398592761,-0.7508439648715909,0.9829785813165102,-0.5082029759614287,-0.24093195011377463,-1.548569604748926,0.8650420589847486
1.1016130144512162,-0.020227634962345597,-0.253275578369128,0.676125719940831,-0.24093195011377463,-1.826310046091369,0.8650420589847486
-0.5225461379734192,-1.5858340561964426,0.06509325795862603,-0.7306072050374629,0.4606753594778814,1.5065752500179488,0.8650420589847486
0.28953343823889843,-0.12460139637795206,-0.5401592273062361,-0.2102268861608602,-0.9425392597054306,-0.15986739803671018,-1.5166816717001321
3.5378517430881686,-0.020227634962345597,0.06424192975347115,0.5676028033991606,-1.6441465692970867,-0.4376078393791533,0.8650420589847486
0.018840246168125976,1.023509979193719,-0.8122213917535989,0.664731429611541,1.1622826690695374,0.11787304330573296,-1.5166816717001321
0.28953343823889843,-0.6464702034559844,-0.7462923025543918,-0.4414385937076428,1.1622826690695374,-0.7153482807215965,0.8650420589847486
0.28953343823889843,-0.2289751577935585,0.39568772556040743,-0.4302290756539629,-0.9425392597054306,-0.9930887220640396,-0.32581980635769175
-0.25185294590264645,-0.020227634962345597,0.36523529697601503,-0.44999970914424453,1.1622826690695374,0.11787304330573296,-1.5166816717001321
0.018840246168125976,-0.7508439648715909,0.6963601001810077,-0.6817041427593208,1.1622826690695374,-0.7153482807215965,0.8650420589847486
-0.25185294590264645,-0.020227634962345597,-0.054790500767281695,-0.34541860114892303,1.1622826690695374,0.11787304330573296,-1.5166816717001321
0.018840246168125976,0.39726741070008026,-0.3235171333944474,-0.11919574504361331,-0.9425392597054306,-0.9930887220640396,0.8650420589847486
0.8309198223804434,-0.8552177262871973,2.294749739659411,-0.7636198516131356,-1.6441465692970867,1.784315691360392,0.8650420589847486
-0.5225461379734192,0.6060149335312932,-0.24519493852019894,-0.36155537988553915,-0.9425392597054306,-1.2708291634064828,0.8650420589847486
0.8309198223804434,-0.333348919209165,0.4065316930260687,-0.32872750558547653,0.4606753594778814,0.9510943673330624,-0.32581980635769175
-0.5225461379734192,0.5016411721156867,-0.74111455232304,-0.26775265463414066,-0.9425392597054306,-1.2708291634064828,0.8650420589847486
-0.25185294590264645,-1.5858340561964426,0.7755196670603265,-0.7706411980863197,1.1622826690695374,0.3956134846481761,-1.5166816717001321
-0.5225461379734192,1.6497525476873578,-1.1793950597768708,0.6147813244382749,-0.9425392597054306,-1.2708291634064828,0.8650420589847486
2.9964653589466232,1.023509979193719,-0.8798810497632845,1.975013226721358,-0.24093195011377463,-2.1040504874338124,0.8650420589847486
0.8309198223804434,0.6060149335312932,-0.7970230898615717,0.9219344372608123,0.4606753594778814,0.9510943673330624,-0.32581980635769175
0.8309198223804434,-0.7508439648715909,1.9009476418749014,-0.6919897994349502,0.4606753594778814,0.9510943673330624,-0.32581980635769175
0.28953343823889843,-0.5420964420403779,0.5176509580989066,-0.6602705587885481,1.1622826690695374,0.3956134846481761,0.8650420589847486
-1.063932522114964,0.5016411721156867,-0.7769122055397982,-0.3494835912123454,-0.9425392597054306,-1.2708291634064828,0.8650420589847486
0.018840246168125976,0.08414612645326086,0.2844288984867245,-0.48695416426626625,1.1622826690695374,-0.7153482807215965,0.8650420589847486
-0.5225461379734192,0.39726741070008026,-0.507976229911365,-0.22654843717308645,1.1622826690695374,-0.7153482807215965,-1.5166816717001321
-1.063932522114964,0.18851988786886734,0.27545506183238705,-0.5632651140932411,-0.9425392597054306,-1.2708291634064828,-0.32581980635769175
-0.25185294590264645,0.2928936492844738,0.6908892697478812,-0.5412156225371015,1.1622826690695374,-0.7153482807215965,0.8650420589847486
0.8309198223804434,0.18851988786886734,-0.1632580878240634,0.05695382437135694,-0.24093195011377463,-2.1040504874338124,0.8650420589847486
-0.25185294590264645,1.4410050248561448,-1.1580002050473228,0.5443214966722869,1.1622826690695374,0.3956134846481761,0.8650420589847486
-1.063932522114964,-0.12460139637795206,-0.8548715392118496,-0.36703695739530573,0.4606753594778814,1.5065752500179488,-0.32581980635769175
0.28953343823889843,0.6060149335312932,-0.1910030135920616,0.05331996961769146,1.1622826690695374,0.11787304330573296,-1.5166816717001321
-0.7932393300441917,1.1278837406093254,-0.33708255987658736,-0.08495128329720651,0.4606753594778814,1.5065752500179488,0.8650420589847486
0.28953343823889843,0.2928936492844738,0.2931515235395408,-0.4651510357442734,1.1622826690695374,0.3956134846481761,-1.5166816717001321
2.9964653589466232,0.2928936492844738,0.1189362778846507,0.4858102760624191,-0.24093195011377463,-1.548569604748926,-1.5166816717001321
-0.7932393300441917,1.6497525476873578,-1.21219212997546,0.7411655609555893,0.4606753594778814,1.5065752500179488,0.8650420589847486
-0.5225461379734192,1.5453787862717514,-1.3419150097609447,1.35460951598115,-0.9425392597054306,-0.15986739803671018,-1.5166816717001321
-0.5225461379734192,-1.7945815790276554,1.362084800412035,-0.8063638380376074,1.1622826690695374,0.3956134846481761,0.8650420589847486
-0.7932393300441917,1.5453787862717514,-1.2972691256906097,0.5151890678844264,1.1622826690695374,0.3956134846481761,0.8650420589847486
-0.5225461379734192,-0.333348919209165,0.8295580737875342,-0.5952923085323266,-0.9425392597054306,-0.9930887220640396,-0.32581980635769175
-0.5225461379734192,1.1278837406093254,-0.821655783010725,0.05036361320792973,-0.9425392597054306,-1.2708291634064828,0.8650420589847486
-0.7932393300441917,0.7103886949468996,-0.7634723848584188,-0.2277802523438205,-0.9425392597054306,-1.2708291634064828,0.8650420589847486
2.9964653589466232,-0.7508439648715909,0.5182789871027094,-0.32872750558547653,-0.24093195011377463,-1.548569604748926,0.8650420589847486
0.018840246168125976,1.232257502024932,-0.950122604788604,0.8916933748192911,-0.9425392597054306,-0.15986739803671018,-1.5166816717001321
-1.063932522114964,1.232257502024932,-1.2533629202247534,0.6373851328212449,-0.9425392597054306,-0.9930887220640396,-1.5166816717001321
-0.7932393300441917,0.2928936492844738,-0.11224817651519346,-0.504199576656543,-0.9425392597054306,-1.2708291634064828,0.8650420589847486
0.28953343823889843,0.08414612645326086,-0.0047575234643271935,-0.2944830438390697,-0.9425392597054306,-0.15986739803671018,-1.5166816717001321
0.28953343823889843,-0.8552177262871973,0.5103099968544563,-0.5284047447614673,0.4606753594778814,0.9510943673330624,-0.32581980635769175
0.28953343823889843,-1.7945815790276554,1.4212451325702564,-0.790904557644895,1.1622826690695374,-0.7153482807215965,0.8650420589847486
-1.063932522114964,1.1278837406093254,-1.3998611525118143,0.8974829061217412,0.4606753594778814,0.6733539259906193,-0.32581980635769175
0.28953343823889843,1.4410050248561448,-0.9200330374064087,2.062472103843476,0.4606753594778814,0.9510943673330624,-0.32581980635769175
-1.063932522114964,1.1278837406093254,-0.968488964099814,-0.016339178287319497,1.1622826690695374,0.3956134846481761,0.8650420589847486
0.28953343823889843,1.3366312634405384,-0.9585661058397301,1.9210597222432064,0.4606753594778814,0.9510943673330624,-0.32581980635769175
-1.063932522114964,-1.1683390105340168,2.7120959469864827,-0.8268119698717927,1.1622826690695374,0.3956134846481761,0.8650420589847486
0.018840246168125976,-1.2727127719496232,2.0596854616360742,-0.7859772969619587,1.1622826690695374,0.11787304330573296,0.8650420589847486
0.28953343823889843,-0.5420964420403779,-0.3061974890895753,-0.33962906984647295,-1.6441465692970867,1.2288348086755054,-1.5166816717001321
-0.25185294590264645,-1.1683390105340168,1.402041401253976,-0.7516096536984785,1.1622826690695374,0.11787304330573296,0.8650420589847486
0.018840246168125976,0.9191362177781126,-0.5782177849366844,0.8419280419216352,0.4606753594778814,0.9510943673330624,-0.32581980635769175
-0.5225461379734192,-0.333348919209165,0.7493238795017084,-0.5725653186322832,0.4606753594778814,0.6733539259906193,-0.32581980635769175
0.018840246168125976,1.8585000705185708,-1.4706749117405984,1.7381967601477355,1.1622826690695374,-0.7153482807215965,0.8650420589847486
3.5378517430881686,1.4410050248561448,-1.1727379523365613,5.6846862041455095,-1.6441465692970867,-0.4376078393791533,0.8650420589847486
-0.5225461379734192,0.39726741070008026,-0.3008522644572094,-0.14962157976074453,1.1622826690695374,0.11787304330573296,-1.5166816717001321
0.018840246168125976,-0.7508439648715909,1.6150688393438777,-0.7546891916253137,1.1622826690695374,-0.7153482807215965,0.8650420589847486
0.5602266303096711,0.7103886949468996,-0.5747845597158959,1.776875756508785,-0.24093195011377463,-1.826310046091369,0.8650420589847486
-0.5225461379734192,-0.12460139637795206,0.03701338338859968,-0.5856225594420643,-0.9425392597054306,-1.2708291634064828,0.8650420589847486
-0.25185294590264645,0.9191362177781126,-1.0531891424126818,0.5011463749380581,-0.9425392597054306,-0.9930887220640396,0.8650420589847486
-0.5225461379734192,0.08414612645326086,-0.07635282989784369,-0.5207674907029162,1.1622826690695374,0.3956134846481761,0.8650420589847486
-1.063932522114964,-1.0639652491184102,1.4656677174392394,-0.7885025180619636,0.4606753594778814,1.5065752500179488,0.8650420589847486
0.28953343823889843,-0.12460139637795206,0.8540232925356734,-0.5981254834250149,1.1622826690695374,-0.7153482807215965,-1.5166816717001321
0.28953343823889843,-1.7945815790276554,1.1400137446673733,-0.7585078186545893,1.1622826690695374,0.11787304330573296,-1.5166816717001321
-0.5225461379734192,-0.5420964420403779,0.4315970283778417,-0.6829359579300548,1.1622826690695374,0.3956134846481761,0.8650420589847486
0.28953343823889843,-0.6464702034559844,1.2878517721625469,-0.6932216146056842,-0.9425392597054306,-0.9930887220640396,0.8650420589847486
-0.25185294590264645,0.6060149335312932,-1.0860141250114401,-0.05544930995812583,1.1622826690695374,0.3956134846481761,0.8650420589847486
-0.5225461379734192,-0.5420964420403779,0.29273283753700563,-0.53302405165172,0.4606753594778814,0.6733539259906193,-0.32581980635769175
-0.5225461379734192,-1.1683390105340168,1.502302742661068,-0.7925059173668493,-0.9425392597054306,-1.2708291634064828,0.8650420589847486
0.8309198223804434,-1.0639652491184102,0.43105273657454596,-0.6062554635518598,-1.6441465692970867,1.784315691360392,0.8650420589847486
-0.5225461379734192,-0.333348919209165,1.9582238870217146,-0.7356576472374725,1.1622826690695374,0.11787304330573296,-1.5166816717001321
0.018840246168125976,-0.8552177262871973,0.9849464055284256,-0.6863234496495735,-0.9425392597054306,-0.15986739803671018,-1.5166816717001321
1.642999398592761,0.7103886949468996,-0.7949157036488111,0.7448610064677914,-1.6441465692970867,1.784315691360392,0.8650420589847486
0.28953343823889843,0.7103886949468996,-0.24451108471605815,0.14268816025444736,1.1622826690695374,0.11787304330573296,-1.5166816717001321
0.5602266303096711,-1.3770865333652296,1.2664708736330834,-0.6969170601178863,0.4606753594778814,0.9510943673330624,-0.32581980635769175
-0.25185294590264645,-0.2289751577935585,0.5011547295990203,-0.5261258866956092,1.1622826690695374,0.11787304330573296,-1.5166816717001321
-0.25185294590264645,-0.6464702034559844,1.06988383924273,-0.6812114166910271,-0.9425392597054306,-0.9930887220640396,-1.5166816717001321
-0.7932393300441917,0.8147624563625061,-0.30462043848002607,-0.23356978364627057,0.4606753594778814,1.5065752500179488,0.8650420589847486
4.349931319300485,-1.2727127719496232,1.5075642300929268,-0.5639426124371448,-1.6441465692970867,-0.4376078393791533,0.8650420589847486
-0.25185294590264645,0.7103886949468996,-0.17637691590349916,-0.06388724387765413,1.1622826690695374,-0.7153482807215965,-0.32581980635769175
1.642999398592761,1.6497525476873578,-1.2257436002575157,2.644381590498245,-1.6441465692970867,1.784315691360392,0.8650420589847486
2.9964653589466232,-1.7945815790276554,1.4256413355968758,-0.6562671594836624,-1.6441465692970867,-0.4376078393791533,0.8650420589847486
-0.5225461379734192,-0.7508439648715909,0.293598121942245,-0.6624262353373328,1.1622826690695374,-0.7153482807215965,0.8650420589847486
0.8309198223804434,0.18851988786886734,0.5803561650785927,-0.30384483913664856,-1.6441465692970867,1.2288348086755054,-1.5166816717001321
0.28953343823889843,0.5016411721156867,-1.088191292224623,0.8689047941607111,0.4606753594778814,0.9510943673330624,-0.32581980635769175
-0.25185294590264645,0.5016411721156867,-0.0809304635255617,-0.1745658369681092,-0.9425392597054306,-0.15986739803671018,-1.5166816717001321
2.9964653589466232,-1.2727127719496232,0.7435181002665538,-0.5226768042175539,-0.24093195011377463,-1.548569604748926,0.8650420589847486
-0.5225461379734192,-0.43772268062477143,-0.43667400367962317,-0.46576694332964047,0.4606753594778814,1.5065752500179488,-0.32581980635769175
1.1016130144512162,0.2928936492844738,-0.28138336533932334,1.0408046012366488,-0.24093195011377463,-1.826310046091369,0.8650420589847486
1.642999398592761,-0.020227634962345597,-0.6605314530351016,0.18660237109111652,-1.6441465692970867,1.2288348086755054,-1.5166816717001321
0.28953343823889843,-1.3770865333652296,2.4553158216316544,-0.8015597588717446,-0.9425392597054306,-0.15986739803671018,-1.5166816717001321
-0.5225461379734192,1.3366312634405384,-1.0380187529208236,0.8553548272826365,-0.9425392597054306,-0.15986739803671018,-1.5166816717001321
-0.7932393300441917,-1.2727127719496232,1.8642428356526504,-0.8018677126644281,1.1622826690695374,-0.7153482807215965,0.8650420589847486
-1.063932522114964,-0.333348919209165,0.6325802657948146,-0.7100358916862041,-0.9425392597054306,-1.2708291634064828,0.8650420589847486
-0.5225461379734192,-0.7508439648715909,0.4413803246370805,-0.6449344599129091,-0.9425392597054306,-0.9930887220640396,0.8650420589847486
-0.25185294590264645,1.232257502024932,-1.351544787819254,1.19638285730036,1.1622826690695374,0.11787304330573296,-1.5166816717001321
-0.5225461379734192,1.5453787862717514,-1.268603090717034,1.3118655295566781,-0.9425392597054306,-0.9930887220640396,-1.5166816717001321
-0.7932393300441917,-1.1683390105340168,-0.12708361720502348,-0.6904500304715325,0.4606753594778814,1.5065752500179488,0.8650420589847486
-0.5225461379734192,0.39726741070008026,0.19399272193912473,-0.4182804684978425,1.1622826690695374,-0.7153482807215965,-1.5166816717001321
0.28953343823889843,-0.12460139637795206,0.9309219550013023,-0.6567598855519561,1.1622826690695374,0.3956134846481761,0.8650420589847486
-1.063932522114964,-0.12460139637795206,0.5250896127439483,-0.5919048168128079,-0.9425392597054306,-0.9930887220640396,-1.5166816717001321
0.018840246168125976,1.023509979193719,-0.8363237492995409,0.5995068163211726,-0.9425392597054306,-0.15986739803671018,-1.5166816717001321
0.5602266303096711,-0.7508439648715909,-0.8982334528744101,-0.10281260327285034,0.4606753594778814,0.9510943673330624,-0.32581980635769175
-0.5225461379734192,1.232257502024932,-1.2965573594862998,0.32616702993528524,-0.9425392597054306,-1.2708291634064828,0.8650420589847486
0.28953343823889843,-0.43772268062477143,-0.3781556567252889,-0.45905355064913983,1.1622826690695374,-0.7153482807215965,0.8650420589847486
0.8309198223804434,1.8585000705185708,-1.4919581168694702,3.1069897778674203,-1.6441465692970867,1.784315691360392,0.8650420589847486
0.018840246168125976,0.7103886949468996,-0.8578302536297648,0.30202345258889773,-0.9425392597054306,-0.9930887220640396,0.8650420589847486
-1.063932522114964,-0.43772268062477143,0.06862417658000608,-0.6696939448446637,-0.9425392597054306,-1.2708291634064828,0.8650420589847486
-1.063932522114964,-0.43772268062477143,0.5721917880291565,-0.7142240632666998,-0.9425392597054306,-1.2708291634064828,0.8650420589847486
-0.5225461379734192,0.9191362177781126,-1.0374605049174435,0.7136960826482198,0.4606753594778814,0.6733539259906193,-0.32581980635769175
-0.5225461379734192,-0.12460139637795206,0.008500866615953638,-0.5070943423077681,1.1622826690695374,-0.7153482807215965,-1.5166816717001321
-0.25185294590264645,1.5453787862717514,-1.3100948735682707,1.0295950831829688,1.1622826690695374,-0.7153482807215965,0.8650420589847486
0.28953343823889843,0.2928936492844738,0.16116773934036627,-0.035124359641013875,0.4606753594778814,0.9510943673330624,-0.32581980635769175
0.28953343823889843,-0.8552177262871973,1.6725544274919584,-0.7381212775789406,-0.9425392597054306,-0.15986739803671018,-1.5166816717001321
-1.063932522114964,-0.6464702034559844,0.20887003122920825,-0.6998734165276481,1.1622826690695374,0.3956134846481761,0.8650420589847486
-1.063932522114964,0.7103886949468996,-0.5968353558494156,0.09809645107387446,0.4606753594778814,0.6733539259906193,-0.32581980635769175
4.349931319300485,1.1278837406093254,-0.5189178907776179,3.403056554153351,-1.6441465692970867,-0.4376078393791533,0.8650420589847486
0.8309198223804434,1.3366312634405384,-1.1714679381288713,1.9100349764651365,-1.6441465692970867,1.2288348086755054,-1.5166816717001321
-0.5225461379734192,1.4410050248561448,-0.93214701907976,0.7539764387312234,0.4606753594778814,1.5065752500179488,-0.32581980635769175
-0.5225461379734192,-1.3770865333652296,1.0064947784589031,-0.751301699905795,-0.9425392597054306,-0.9930887220640396,0.8650420589847486
-0.5225461379734192,-1.3770865333652296,-1.1561161180359145,-0.5301908767590316,1.1622826690695374,0.11787304330573296,0.8650420589847486
0.28953343823889843,0.2928936492844738,0.32257119331767975,-0.290910779843941,1.1622826690695374,0.11787304330573296,-1.5166816717001321
-0.5225461379734192,-0.6464702034559844,0.540162308835215,-0.6430867371568081,-0.9425392597054306,-0.9930887220640396,0.8650420589847486
4.349931319300485,0.08414612645326086,-0.9801703035705457,1.8509694390284384,-1.6441465692970867,-0.4376078393791533,0.8650420589847486
-0.7932393300441917,-1.690207817612049,2.0166864091757106,-0.8219462999473932,-0.9425392597054306,-1.2708291634064828,0.8650420589847486
-0.5225461379734192,-1.5858340561964426,1.5113324041157437,-0.7965709074302717,1.1622826690695374,-0.7153482807215965,0.8650420589847486
0.28953343823889843,-1.690207817612049,0.7657642832012567,-0.7273428948350176,1.1622826690695374,0.11787304330573296,-1.5166816717001321
0.28953343823889843,0.8147624563625061,-0.5755800631207127,0.2885350764693598,-0.9425392597054306,-0.9930887220640396,0.8650420589847486
-0.25185294590264645,-1.898955340443262,1.5571226965930083,-0.8112910987205436,1.1622826690695374,0.3956134846481761,0.8650420589847486
-0.5225461379734192,-1.5858340561964426,1.1341381844317961,-0.7506242015618912,0.4606753594778814,0.6733539259906193,-0.32581980635769175
0.5602266303096711,0.9191362177781126,-0.38556639897016165,0.8515977910118976,0.4606753594778814,0.9510943673330624,-0.32581980635769175
-0.7932393300441917,0.08414612645326086,0.6421542190527858,-0.64641263811779,1.1622826690695374,0.3956134846481761,0.8650420589847486
-1.063932522114964,-0.9595914877028038,0.4553086123214176,-0.7292522083496554,0.4606753594778814,1.5065752500179488,0.8650420589847486
-0.5225461379734192,0.18851988786886734,0.21819277288565836,-0.323861835661077,0.4606753594778814,0.6733539259906193,-0.32581980635769175
0.8309198223804434,1.5453787862717514,-1.0854140084078066,2.81147731840832,0.4606753594778814,0.9510943673330624,-0.32581980635769175
-0.5225461379734192,1.5453787862717514,-1.263774245487795,1.4088093834934485,1.1622826690695374,0.11787304330573296,-1.5166816717001321
0.28953343823889843,0.08414612645326086,0.12089014589648156,-0.30205870713908417,1.1622826690695374,0.11787304330573296,-1.5166816717001321
-0.5225461379734192,-0.12460139637795206,0.2626014015545569,-0.4985948176297031,-0.9425392597054306,-0.15986739803671018,-1.5166816717001321
-0.5225461379734192,-0.333348919209165,-0.835556158294893,-0.3327309048903622,-0.9425392597054306,-0.9930887220640396,0.8650420589847486
1.1016130144512162,-0.6464702034559844,0.6362088778167861,-0.4097193530612408,-0.24093195011377463,-1.548569604748926,-1.5166816717001321
-0.5225461379734192,1.1278837406093254,-1.1980544992898554,0.6194622220870644,0.4606753594778814,1.5065752500179488,-0.32581980635769175
0.28953343823889843,0.39726741070008026,0.32709300214505976,-0.3941984819099917,1.1622826690695374,-0.7153482807215965,0.8650420589847486
-0.5225461379734192,-1.2727127719496232,1.7733461045022618,-0.804577706040043,-0.9425392597054306,-1.2708291634064828,0.8650420589847486
-1.063932522114964,0.18851988786886734,0.10451952319735587,-0.4503692536954647,-0.9425392597054306,-0.9930887220640396,-1.5166816717001321
-0.5225461379734192,1.232257502024932,-0.851326664390385,0.9104169654144488,0.4606753594778814,0.6733539259906193,-0.32581980635769175
0.018840246168125976,1.023509979193719,-0.49436893482897154,0.6275922022139092,0.4606753594778814,0.6733539259906193,-0.32581980635769175
-0.7932393300441917,-0.43772268062477143,-1.0823296881891307,-0.4306602109637198,1.1622826690695374,-0.7153482807215965,0.8650420589847486
0.28953343823889843,0.2928936492844738,0.037767018193163006,-0.1595376918851537,-1.6441465692970867,1.2288348086755054,0.8650420589847486
0.018840246168125976,0.5016411721156867,-0.5886430663998105,0.12839910427393228,1.1622826690695374,0.11787304330573296,-1.5166816717001321
-0.7932393300441917,0.6060149335312932,-0.057330529182661814,-0.2810562584780685,0.4606753594778814,1.5065752500179488,-0.32581980635769175
-0.5225461379734192,-0.9595914877028038,0.0062678746024326555,-0.6916818456422666,-0.9425392597054306,-1.2708291634064828,0.8650420589847486
-1.063932522114964,0.18851988786886734,0.5134780542736392,-0.5479906059761388,-0.9425392597054306,-0.9930887220640396,0.8650420589847486
0.28953343823889843,-0.8552177262871973,1.1990903396250878,-0.6735741626324759,-1.6441465692970867,1.2288348086755054,-1.5166816717001321
0.28953343823889843,-1.1683390105340168,1.5366349948689533,-0.7497619309423774,-0.9425392597054306,-0.15986739803671018,-1.5166816717001321
-1.063932522114964,0.18851988786886734,-0.5654339056592768,-0.3345170368879266,0.4606753594778814,1.5065752500179488,-0.32581980635769175
-0.5225461379734192,0.8147624563625061,-0.4770492905240994,-0.04873591727762522,1.1622826690695374,-0.7153482807215965,-1.5166816717001321
0.018840246168125976,-0.020227634962345597,0.3880955527144361,-0.37572125434898085,0.4606753594778814,0.6733539259906193,-0.32581980635769175
0.8309198223804434,1.6497525476873578,-1.3352579023206352,2.577001300659092,-1.6441465692970867,1.2288348086755054,0.8650420589847486
0.018840246168125976,-0.5420964420403779,-0.03925725007322636,-0.5587073979615251,1.1622826690695374,-0.7153482807215965,0.8650420589847486
-0.5225461379734192,0.7103886949468996,-0.33761289547979856,-0.05723544195569021,-0.9425392597054306,-0.9930887220640396,0.8650420589847486
-0.5225461379734192,-1.690207817612049,1.3330419480361777,-0.7836368481375641,-0.9425392597054306,-0.9930887220640396,0.8650420589847486
-0.25185294590264645,0.2928936492844738,-0.4770772029242684,-0.12578595620704053,-0.9425392597054306,-0.15986739803671018,-1.5166816717001321
-0.25185294590264645,0.9191362177781126,-1.182102562593265,0.633012188965139,-0.9425392597054306,-0.15986739803671018,-1.5166816717001321
1.642999398592761,-1.0639652491184102,-0.33345394785461574,-0.39567666011487257,-1.6441465692970867,1.2288348086755054,-1.5166816717001321
0.5602266303096711,-1.2727127719496232,0.8304931391931961,-0.6883559446812847,-1.6441465692970867,1.784315691360392,0.8650420589847486
0.5602266303096711,-0.020227634962345597,0.8872669611369671,-0.39185803308559697,0.4606753594778814,0.9510943673330624,-0.32581980635769175
0.8309198223804434,-0.9595914877028038,-0.8268195770419923,-0.18830057612179396,0.4606753594778814,0.9510943673330624,-0.32581980635769175
-0.7932393300441917,0.8147624563625061,-0.7082756135241971,-0.0995482930704051,0.4606753594778814,1.5065752500179488,0.8650420589847486
-0.7932393300441917,-0.6464702034559844,-0.6739573175163965,-0.5981870741835517,-0.9425392597054306,-1.2708291634064828,0.8650420589847486
1.1016130144512162,1.023509979193719,-0.5164336871625758,2.5403547993297537,-0.24093195011377463,-1.826310046091369,0.8650420589847486
-0.7932393300441917,-1.5858340561964426,3.241468572391885,-0.8361737651693716,-0.9425392597054306,-1.2708291634064828,0.8650420589847486
-1.063932522114964,-0.333348919209165,0.906289261852149,-0.6783166510398021,-0.9425392597054306,-0.9930887220640396,0.8650420589847486
-0.7932393300441917,0.8147624563625061,-0.2087553000995534,-0.1461724972826892,0.4606753594778814,1.5065752500179488,-0.32581980635769175
0.28953343823889843,1.6497525476873578,-1.26292291728264,2.3428332367025475,-1.6441465692970867,1.2288348086755054,-1.5166816717001321
0.8309198223804434,0.08414612645326086,-0.34322328791377005,-0.0011262609287538848,-1.6441465692970867,1.2288348086755054,-1.5166816717001321
-0.25185294590264645,-0.43772268062477143,1.0104304268827338,-0.6408694698494868,1.1622826690695374,0.11787304330573296,-1.5166816717001321
0.28953343823889843,-0.020227634962345597,0.48901283552549996,-0.4711869300808703,-0.9425392597054306,-0.9930887220640396,0.8650420589847486
0.018840246168125976,-0.5420964420403779,0.7708164276318479,-0.6227617868396961,-0.9425392597054306,-0.15986739803671018,-1.5166816717001321
0.28953343823889843,1.1278837406093254,-0.739872450515519,0.6521669148700536,-0.9425392597054306,-0.9930887220640396,0.8650420589847486
-1.063932522114964,0.5016411721156867,-0.5211648389912233,-0.371964218078242,1.1622826690695374,0.3956134846481761,-1.5166816717001321
-0.5225461379734192,-0.020227634962345597,0.14241060642679004,-0.5302524675175684,-0.9425392597054306,-1.2708291634064828,-0.32581980635769175
0.28953343823889843,0.8147624563625061,-0.727297914239379,0.6378162681310019,-1.6441465692970867,1.2288348086755054,-1.5166816717001321
-0.5225461379734192,-0.9595914877028038,1.1356733664410918,-0.7362735548228395,0.4606753594778814,1.5065752500179488,-0.32581980635769175
-0.7932393300441917,0.7103886949468996,-0.6739014927160585,-0.2530324633438687,-0.9425392597054306,-1.2708291634064828,0.8650420589847486
-1.063932522114964,0.6060149335312932,-0.3744433075028103,-0.054525448580075284,0.4606753594778814,0.6733539259906193,-0.32581980635769175
-1.063932522114964,0.9191362177781126,-0.4122087849314839,-0.30138120879518043,-0.9425392597054306,-1.2708291634064828,0.8650420589847486
0.018840246168125976,0.9191362177781126,-1.0202804226134163,0.8299178440069781,-0.9425392597054306,-0.15986739803671018,-0.32581980635769175
-0.5225461379734192,0.39726741070008026,-0.1932918304059206,-0.1873767147437434,1.1622826690695374,0.11787304330573296,-1.5166816717001321
0.28953343823889843,-1.1683390105340168,1.2263607545902127,-0.7281435746959948,-0.9425392597054306,-0.15986739803671018,-1.5166816717001321
-0.7932393300441917,-0.333348919209165,0.5947170949655495,-0.6892798060593353,1.1622826690695374,0.3956134846481761,0.8650420589847486
-0.5225461379734192,-1.0639652491184102,2.5349359431137617,-0.8030379370766254,-0.9425392597054306,-0.15986739803671018,-1.5166816717001321
1.1016130144512162,-0.6464702034559844,0.8070746354513948,-0.4713717023564804,-0.24093195011377463,-1.548569604748926,0.8650420589847486
0.28953343823889843,-0.43772268062477143,0.5429814612522852,-0.6502928559056023,1.1622826690695374,0.3956134846481761,0.8650420589847486
-0.25185294590264645,0.08414612645326086,-0.7948738350485577,-0.34825177604161134,1.1622826690695374,0.3956134846481761,0.8650420589847486
0.018840246168125976,-1.0639652491184102,-0.09938056003727881,-0.5829125660664494,-0.9425392597054306,-0.15986739803671018,-1.5166816717001321
-1.063932522114964,0.9191362177781126,-0.7676313324836017,-0.19975645720962068,-0.9425392597054306,-1.2708291634064828,0.8650420589847486
0.8309198223804434,-0.7508439648715909,0.5042669622178652,-0.535918817302945,-1.6441465692970867,1.2288348086755054,-1.5166816717001321
-0.5225461379734192,1.8585000705185708,-1.4773459753809923,2.388779942570928,-0.9425392597054306,-0.15986739803671018,-0.32581980635769175
0.28953343823889843,-0.43772268062477143,0.8558655109468283,-0.508572520512649,0.4606753594778814,0.9510943673330624,-0.32581980635769175
-0.7932393300441917,-1.2727127719496232,0.5155435718861461,-0.7593084985155664,-0.9425392597054306,-1.2708291634064828,0.8650420589847486
-0.5225461379734192,0.08414612645326086,-0.624008077413949,-0.12252164600459527,-0.9425392597054306,-0.15986739803671018,-0.32581980635769175
-0.25185294590264645,1.3366312634405384,-0.8232747022205277,0.4898136753673048,1.1622826690695374,-0.7153482807215965,0.8650420589847486
0.5602266303096711,1.3366312634405384,-1.1409736409442255,1.5172091185180456,-1.6441465692970867,1.784315691360392,0.8650420589847486
-0.5225461379734192,-0.6464702034559844,0.6120088268702526,-0.6598394234787912,0.4606753594778814,1.5065752500179488,-0.32581980635769175
0.018840246168125976,-0.333348919209165,0.1566598867130708,-0.47660691683210016,-0.9425392597054306,-0.9930887220640396,-1.5166816717001321
0.018840246168125976,-0.6464702034559844,1.137962183254951,-0.6114290872689427,0.4606753594778814,0.9510943673330624,-0.32581980635769175
-0.5225461379734192,-1.1683390105340168,0.4636265075717833,-0.6793021031763894,1.1622826690695374,0.11787304330573296,-1.5166816717001321
-0.25185294590264645,1.4410050248561448,-1.1887038452332364,1.2247146062272436,-0.9425392597054306,-0.15986739803671018,-1.5166816717001321
-0.5225461379734192,-1.2727127719496232,1.3215699515667136,-0.7423094491594364,0.4606753594778814,0.6733539259906193,-0.32581980635769175
-0.7932393300441917,0.8147624563625061,-0.6534556595922569,0.02739026027373955,0.4606753594778814,1.5065752500179488,-0.32581980635769175
-0.5225461379734192,-0.8552177262871973,-0.40104382486387896,-0.47408169573209535,0.4606753594778814,0.6733539259906193,-0.32581980635769175
0.018840246168125976,-0.43772268062477143,-0.08499171775015298,-0.43312384130518794,1.1622826690695374,0.11787304330573296,-1.5166816717001321
4.349931319300485,0.08414612645326086,0.15855792992456363,0.683393429448162,-1.6441465692970867,-0.4376078393791533,0.8650420589847486
4.349931319300485,1.6497525476873578,-1.2760975701624138,7.447290531948873,-1.6441465692970867,-0.4376078393791533,0.8650420589847486
-0.7932393300441917,-0.8552177262871973,0.7941372379730577,-0.7114524791325483,0.4606753594778814,1.5065752500179488,-0.32581980635769175
-0.25185294590264645,0.5016411721156867,0.26302008755709205,-0.21090438450476393,-0.9425392597054306,-0.15986739803671018,-0.32581980635769175
2.9964653589466232,-0.8552177262871973,0.25291579869590963,-0.13520934226315606,-1.6441465692970867,-0.4376078393791533,0.8650420589847486
0.5602266303096711,1.5453787862717514,-0.9307513990713094,1.623022041684101,-1.6441465692970867,1.784315691360392,0.8650420589847486
-0.5225461379734192,-0.5420964420403779,0.514022346076935,-0.6518942156275566,1.1622826690695374,-0.7153482807215965,-1.5166816717001321
0.018840246168125976,1.1278837406093254,-0.8478097019690894,0.9761343047731108,0.4606753594778814,0.9510943673330624,0.8650420589847486
0.28953343823889843,-2.0033291018588684,1.2739234844782097,-0.7721809670497373,-1.6441465692970867,1.2288348086755054,0.8650420589847486
-0.7932393300441917,0.18851988786886734,-0.4897913012012535,-0.4579449169954792,-0.9425392597054306,-1.2708291634064828,0.8650420589847486
0.018840246168125976,0.9191362177781126,-0.5938626852314158,0.6005538592162966,0.4606753594778814,0.6733539259906193,-0.32581980635769175
-0.5225461379734192,1.232257502024932,-1.2759719643616532,1.256125893080962,0.4606753594778814,0.6733539259906193,-0.32581980635769175
0.28953343823889843,1.8585000705185708,-1.454834624644684,2.5088819217174985,-0.9425392597054306,-0.15986739803671018,-1.5166816717001321
0.8309198223804434,0.18851988786886734,-0.19044476558868137,0.159132892783747,0.4606753594778814,0.9510943673330624,-0.32581980635769175
-0.5225461379734192,-0.8552177262871973,0.7696580630248339,-0.6853995882715229,-0.9425392597054306,-0.15986739803671018,-1.5166816717001321
0.28953343823889843,0.6060149335312932,-0.6044693972956404,0.38264575551344177,0.4606753594778814,0.9510943673330624,0.8650420589847486
0.28953343823889843,-1.3770865333652296,0.28776443030692145,-0.6318156283445915,-1.6441465692970867,1.2288348086755054,-1.5166816717001321
0.018840246168125976,0.2928936492844738,-0.18867232817794907,0.08343785054213917,0.4606753594778814,0.9510943673330624,-0.32581980635769175
0.018840246168125976,0.8147624563625061,-0.9710289925151941,1.0443768652317775,0.4606753594778814,0.9510943673330624,-0.32581980635769175
-1.063932522114964,-0.43772268062477143,-0.44543849733269303,-0.6084727308591811,1.1622826690695374,0.3956134846481761,0.8650420589847486
-1.063932522114964,1.3366312634405384,-0.921721737616634,0.05917109167867824,-0.9425392597054306,-1.2708291634064828,0.8650420589847486
-0.7932393300441917,1.023509979193719,-1.3825135958067731,0.5188229226380918,0.4606753594778814,1.5065752500179488,-0.32581980635769175
1.642999398592761,0.08414612645326086,-1.0590507464481744,1.7101729650135358,-0.24093195011377463,-1.826310046091369,0.8650420589847486
0.28953343823889843,1.6497525476873578,-1.2460917399807256,2.330330312719597,0.4606753594778814,0.9510943673330624,0.8650420589847486
-1.063932522114964,0.9191362177781126,-0.48694423638401424,-0.280748304685385,-0.9425392597054306,-1.2708291634064828,0.8650420589847486
-0.5225461379734192,-1.0639652491184102,1.663496853637114,-0.7946000031570971,-0.9425392597054306,-1.2708291634064828,0.8650420589847486
-0.5225461379734192,0.5016411721156867,0.08465985047710363,-0.18374285999007794,-0.9425392597054306,-0.9930887220640396,-0.32581980635769175
0.28953343823889843,-0.333348919209165,0.08855363030068085,-0.33119113592694466,-0.24093195011377463,-2.1040504874338124,0.8650420589847486
0.018840246168125976,-0.43772268062477143,0.09194498692121583,-0.42074409883931063,0.4606753594778814,0.6733539259906193,-0.32581980635769175
-1.063932522114964,-1.7945815790276554,1.7830596197610782,-0.8220694814644667,-0.9425392597054306,-1.2708291634064828,0.8650420589847486
0.28953343823889843,-0.333348919209165,-0.2866448527711822,-0.5136229627126586,1.1622826690695374,0.3956134846481761,0.8650420589847486
-0.5225461379734192,-0.020227634962345597,0.4137191360695894,-0.6210372456006684,-0.9425392597054306,-1.2708291634064828,0.8650420589847486
3.5378517430881686,0.18851988786886734,0.5499176926942847,0.37938144531099655,-1.6441465692970867,-0.4376078393791533,0.8650420589847486
2.9964653589466232,1.3366312634405384,-1.0789522877686801,2.9106384396524114,-0.24093195011377463,-2.1040504874338124,0.8650420589847486
0.28953343823889843,-1.7945815790276554,2.5920028452593074,-0.8023604387327217,0.4606753594778814,0.9510943673330624,-0.32581980635769175
1.642999398592761,-1.1683390105340168,0.5930283947553242,-0.5944300379128128,-1.6441465692970867,1.2288348086755054,-1.5166816717001321
-0.5225461379734192,-0.333348919209165,0.3676357633905501,-0.6270731399372653,0.4606753594778814,1.5065752500179488,0.8650420589847486
-0.7932393300441917,1.4410050248561448,-1.0848278480042572,0.2916146143961949,-0.9425392597054306,-1.2708291634064828,0.8650420589847486
-0.5225461379734192,-0.7508439648715909,-1.3038564521304965,-0.2489058825219096,0.4606753594778814,0.6733539259906193,-0.32581980635769175
0.28953343823889843,-0.020227634962345597,0.5493315322907355,-0.469585570358916,-0.9425392597054306,-0.15986739803671018,-1.5166816717001321
-0.5225461379734192,0.08414612645326086,0.6281003255676881,-0.5219993058736502,-0.9425392597054306,-0.9930887220640396,-1.5166816717001321
0.8309198223804434,0.39726741070008026,-0.35496045218483974,0.40438729327689793,0.4606753594778814,0.9510943673330624,-0.32581980635769175
-0.5225461379734192,0.9191362177781126,-1.2560704230411475,0.5113088500966141,-0.9425392597054306,-0.15986739803671018,0.8650420589847486
-0.5225461379734192,1.4410050248561448,-1.2921332440595115,0.7029176999042968,0.4606753594778814,1.5065752500179488,0.8650420589847486
-0.25185294590264645,-0.8552177262871973,1.2812365333224909,-0.7214917727740309,-0.9425392597054306,-0.15986739803671018,-1.5166816717001321
0.8309198223804434,1.232257502024932,-0.9056721075194519,1.4624549341789166,0.4606753594778814,0.9510943673330624,0.8650420589847486
-0.5225461379734192,-0.020227634962345597,-0.4065006990969209,-0.41698706256857176,1.1622826690695374,-0.7153482807215965,0.8650420589847486
-1.063932522114964,0.39726741070008026,-0.4773284145257895,-0.11716325001190211,0.4606753594778814,0.6733539259906193,-0.32581980635769175
-0.7932393300441917,-1.3770865333652296,0.5244336713399765,-0.7633118978204521,1.1622826690695374,0.3956134846481761,0.8650420589847486
2.9964653589466232,0.8147624563625061,-0.42892831263272224,2.1299755751997025,-1.6441465692970867,-0.4376078393791533,0.8650420589847486
-0.5225461379734192,1.8585000705185708,-1.4714425027452462,2.5356739016809646,0.4606753594778814,0.6733539259906193,-0.32581980635769175
-1.063932522114964,-1.0639652491184102,0.01164101163496752,-0.6767152913178478,0.4606753594778814,1.5065752500179488,-0.32581980635769175
2.9964653589466232,1.232257502024932,-0.8043780073061063,3.028461560733124,-0.24093195011377463,-1.548569604748926,-1.5166816717001321
-0.5225461379734192,1.6497525476873578,-1.3057265829418203,0.8102088012752332,1.1622826690695374,0.3956134846481761,-1.5166816717001321
0.5602266303096711,1.232257502024932,-0.8082996995298526,1.0673502181659678,-1.6441465692970867,1.784315691360392,0.8650420589847486
-1.063932522114964,0.18851988786886734,-0.8415154557309772,-0.41674069953442494,1.1622826690695374,0.3956134846481761,0.8650420589847486
-0.25185294590264645,-0.6464702034559844,-0.18251764394068187,-0.5069711607906947,-0.9425392597054306,-0.15986739803671018,-1.5166816717001321
-0.25185294590264645,-0.9595914877028038,1.296434835214518,-0.7344874228252751,1.1622826690695374,-0.7153482807215965,-0.32581980635769175
-1.063932522114964,-1.4814602947808362,0.09942551016651112,-0.7558594160375111,1.1622826690695374,0.3956134846481761,0.8650420589847486
-0.5225461379734192,-1.690207817612049,3.0681604797424877,-0.8344492239303439,-0.9425392597054306,-1.2708291634064828,0.8650420589847486
0.018840246168125976,-0.6464702034559844,0.32774894354903156,-0.572011001805453,-0.9425392597054306,-0.9930887220640396,-1.5166816717001321
0.018840246168125976,0.6060149335312932,-0.2649429616397751,0.3356520067499375,0.4606753594778814,0.9510943673330624,-0.32581980635769175
0.018840246168125976,-0.5420964420403779,0.5988341739904788,-0.5489144673541894,0.4606753594778814,0.6733539259906193,-0.32581980635769175
-0.5225461379734192,-0.333348919209165,0.04922505846254255,-0.6199286119470078,-0.9425392597054306,-1.2708291634064828,0.8650420589847486
-0.7932393300441917,1.232257502024932,-0.6189838453835268,-0.03881980515321605,-0.9425392597054306,-1.2708291634064828,0.8650420589847486
0.8309198223804434,0.5016411721156867,-0.4950109200328588,0.3480933399743515,0.4606753594778814,0.9510943673330624,0.8650420589847486
0.28953343823889843,0.39726741070008026,-0.462506930036044,0.057508141198187264,1.1622826690695374,0.11787304330573296,-1.5166816717001321
0.28953343823889843,-0.020227634962345597,-0.6095075855261471,-0.10022579141430883,-1.6441465692970867,1.784315691360392,0.8650420589847486
0.28953343823889843,0.7103886949468996,-0.9960803716668827,0.28810394115960286,1.1622826690695374,-0.7153482807215965,-1.5166816717001321
-0.25185294590264645,1.023509979193719,-0.9074724573303532,0.2892125748132635,1.1622826690695374,-0.7153482807215965,0.8650420589847486
0.018840246168125976,-0.12460139637795206,-0.14842264713423337,-0.2538947339633825,0.4606753594778814,0.6733539259906193,-0.32581980635769175
-0.7932393300441917,1.3366312634405384,-1.0257093844462892,0.3559153663085127,0.4606753594778814,1.5065752500179488,0.8650420589847486
-0.25185294590264645,-1.5858340561964426,-0.6268272298310192,-0.6144470344372412,-0.9425392597054306,-0.15986739803671018,-1.5166816717001321
0.8309198223804434,-1.2727127719496232,0.9988467808125937,-0.6821968688276144,-1.6441465692970867,1.2288348086755054,-1.5166816717001321
-0.5225461379734192,-0.9595914877028038,1.2399401372724372,-0.7118836144423052,0.4606753594778814,0.6733539259906193,-0.32581980635769175
0.28953343823889843,0.7103886949468996,-0.8035545915011205,-0.01085760077755294,1.1622826690695374,0.3956134846481761,0.8650420589847486
0.28953343823889843,0.7103886949468996,-0.3506200739585583,0.5453685395674108,0.4606753594778814,0.9510943673330624,-0.32581980635769175
-1.063932522114964,1.4410050248561448,-1.2998091541059897,0.46665555015750454,0.4606753594778814,1.5065752500179488,0.8650420589847486
-0.25185294590264645,0.5016411721156867,-0.11220630791493995,-0.382311465512408,1.1622826690695374,0.3956134846481761,0.8650420589847486
-0.5225461379734192,1.5453787862717514,-1.193853683064419,1.2288411870492026,-0.9425392597054306,-0.15986739803671018,-1.5166816717001321
2.9964653589466232,-0.6464702034559844,-0.19002607958614617,0.1884500938472176,-1.6441465692970867,-0.4376078393791533,0.8650420589847486
2.9964653589466232,-1.0639652491184102,0.2533065722982758,-0.22439276062430186,-1.6441465692970867,-0.4376078393791533,0.8650420589847486
-1.063932522114964,-1.2727127719496232,0.23498208158731923,-0.7155790599545073,0.4606753594778814,1.5065752500179488,-0.32581980635769175
-0.25185294590264645,1.232257502024932,-0.3969965268393722,0.012485296707857453,1.1622826690695374,0.3956134846481761,0.8650420589847486
-0.25185294590264645,-0.8552177262871973,0.9219341621468804,-0.6957468357056891,-0.9425392597054306,-0.9930887220640396,0.8650420589847486
0.28953343823889843,1.3366312634405384,-0.8422132657352025,1.1262925740855922,1.1622826690695374,0.11787304330573296,-1.5166816717001321
-1.063932522114964,1.6497525476873578,-1.4097700545718137,1.5974002861328327,0.4606753594778814,0.6733539259906193,-0.32581980635769175
-0.7932393300441917,0.18851988786886734,0.1960163709513781,-0.5761991733859487,-0.9425392597054306,-1.2708291634064828,0.8650420589847486
-0.5225461379734192,0.6060149335312932,-0.364701879843825,-0.2492138363145931,0.4606753594778814,1.5065752500179488,0.8650420589847486
0.8309198223804434,-0.2289751577935585,0.44308298104739025,-0.3045223374805523,0.4606753594778814,0.9510943673330624,-0.32581980635769175
0.8309198223804434,1.3366312634405384,-1.1385731745296903,2.4263503052783166,0.4606753594778814,0.9510943673330624,-0.32581980635769175
-1.063932522114964,-1.2727127719496232,1.1492806615234854,-0.768115976986315,-0.9425392597054306,-0.9930887220640396,0.8650420589847486
-0.7932393300441917,-0.9595914877028038,1.410945456907891,-0.7808036732448758,1.1622826690695374,0.3956134846481761,-1.5166816717001321
0.28953343823889843,-1.3770865333652296,0.21517823366740504,-0.6554664796226853,-0.9425392597054306,-0.15986739803671018,-1.5166816717001321
0.8309198223804434,-0.2289751577935585,0.4238792497311098,-0.3913653070173034,-1.6441465692970867,1.2288348086755054,-1.5166816717001321
0.018840246168125976,-1.4814602947808362,-0.1686870496569363,-0.6374819781299681,-0.9425392597054306,-0.15986739803671018,-1.5166816717001321
-0.7932393300441917,-2.0033291018588684,2.5068839809439045,-0.8328478642083896,-0.9425392597054306,-1.2708291634064828,0.8650420589847486
0.018840246168125976,0.18851988786886734,-0.3299509416334047,-0.1445711375607349,1.1622826690695374,0.11787304330573296,-1.5166816717001321
0.28953343823889843,1.7541263091029642,-1.4013125973206029,2.7514879195935715,-1.6441465692970867,1.2288348086755054,-1.5166816717001321
0.8309198223804434,-1.2727127719496232,1.2431500632918737,-0.6767152913178478,0.4606753594778814,0.9510943673330624,-0.32581980635769175
0.8309198223804434,0.39726741070008026,0.44869337348136173,-0.23880499812189032,-1.6441465692970867,1.784315691360392,0.8650420589847486
0.28953343823889843,-0.2289751577935585,-0.9693961171053069,0.08460807495433653,-0.24093195011377463,-2.1040504874338124,0.8650420589847486
-0.5225461379734192,-1.4814602947808362,0.7418712686565822,-0.7747677789082789,-0.9425392597054306,-1.2708291634064828,0.8650420589847486
-0.7932393300441917,0.6060149335312932,-0.5127492503402661,-0.3327924956488989,-0.9425392597054306,-1.2708291634064828,0.8650420589847486
-1.063932522114964,-1.690207817612049,1.298695739628208,-0.8088274683790755,1.1622826690695374,0.3956134846481761,0.8650420589847486
0.018840246168125976,0.9191362177781126,-0.7332432554753786,0.1948555327350347,1.1622826690695374,-0.7153482807215965,0.8650420589847486
0.018840246168125976,1.4410050248561448,-1.052561113408879,0.913065368031527,1.1622826690695374,-0.7153482807215965,-1.5166816717001321
1.642999398592761,0.8147624563625061,-0.6608105770367917,0.7520671252165857,-1.6441465692970867,1.784315691360392,0.8650420589847486
-0.5225461379734192,0.39726741070008026,-0.6673839472765941,0.09975940155436544,0.4606753594778814,0.6733539259906193,-0.32581980635769175
0.28953343823889843,0.39726741070008026,-1.0878144748223415,-0.0719556332459622,1.1622826690695374,0.3956134846481761,0.8650420589847486
-1.063932522114964,0.08414612645326086,0.5517040863051015,-0.658853971342204,-0.9425392597054306,-1.2708291634064828,0.8650420589847486
-0.25185294590264645,-0.12460139637795206,0.42025063770913823,-0.48732370881748643,1.1622826690695374,0.11787304330573296,-1.5166816717001321
0.28953343823889843,-1.1683390105340168,2.0460362979534272,-0.7490844325984737,0.4606753594778814,0.9510943673330624,-0.32581980635769175
-0.7932393300441917,1.023509979193719,-0.939808972926154,0.20089142707163157,1.1622826690695374,-0.7153482807215965,-1.5166816717001321
-1.063932522114964,1.023509979193719,-1.229888591682614,0.1312322791666206,0.4606753594778814,1.5065752500179488,0.8650420589847486
-0.5225461379734192,-0.9595914877028038,0.20652538961501124,-0.6799796015202931,-0.9425392597054306,-1.2708291634064828,-0.32581980635769175
-0.5225461379734192,-1.4814602947808362,1.1594686875851747,-0.7576455480350754,1.1622826690695374,0.11787304330573296,-1.5166816717001321
-0.25185294590264645,0.8147624563625061,-0.646756683551694,0.2529356180351455,1.1622826690695374,0.11787304330573296,0.8650420589847486
-0.7932393300441917,0.18851988786886734,-0.37349428589706385,-0.4216679602173612,0.4606753594778814,1.5065752500179488,0.8650420589847486
-0.7932393300441917,-0.2289751577935585,-0.03941076827415593,-0.6111827242347959,-0.9425392597054306,-1.2708291634064828,0.8650420589847486
-1.063932522114964,1.6497525476873578,-1.3578250778572818,1.0763424689123262,-0.9425392597054306,-0.9930887220640396,0.8650420589847486
0.28953343823889843,-0.2289751577935585,0.0004900077674471145,-0.46508944498573673,1.1622826690695374,-0.7153482807215965,-1.5166816717001321
0.28953343823889843,0.39726741070008026,-0.16470953263285204,-0.14672681410951952,-0.9425392597054306,-0.15986739803671018,0.8650420589847486
1.642999398592761,1.8585000705185708,-1.4728799913539503,3.5427443945145933,-1.6441465692970867,1.784315691360392,0.8650420589847486
-0.25185294590264645,0.9191362177781126,-0.6214540927984844,0.2627285486424813,-0.9425392597054306,-0.9930887220640396,0.8650420589847486
-1.063932522114964,1.8585000705185708,-1.4831517546161468,0.741843059299493,-0.9425392597054306,-1.2708291634064828,0.8650420589847486
2.9964653589466232,1.4410050248561448,-1.159465606056196,3.306543835526338,-0.24093195011377463,-2.1040504874338124,0.8650420589847486
-0.5225461379734192,-0.5420964420403779,0.09769494135603236,-0.6485683146665746,1.1622826690695374,0.3956134846481761,0.8650420589847486
0.018840246168125976,-1.898955340443262,2.7816396920075768,-0.8229317520839805,-0.9425392597054306,-0.15986739803671018,-1.5166816717001321
1.1016130144512162,-0.333348919209165,0.9181799443241482,-0.3965389307343864,-0.24093195011377463,-1.548569604748926,-1.5166816717001321
0.28953343823889843,-0.9595914877028038,1.000870429824847,-0.720629502154517,1.1622826690695374,-0.7153482807215965,0.8650420589847486
-0.7932393300441917,-0.43772268062477143,-0.7227621492119145,-0.42086728035638404,1.1622826690695374,-0.7153482807215965,-0.32581980635769175
-0.25185294590264645,-1.1683390105340168,1.5358255352640517,-0.7883793365448901,1.1622826690695374,0.3956134846481761,0.8650420589847486
0.018840246168125976,-2.0033291018588684,0.8427187704672235,-0.746743983774079,0.4606753594778814,0.6733539259906193,-0.32581980635769175
-1.063932522114964,0.6060149335312932,-0.4491089779549181,-0.32022798090741156,0.4606753594778814,1.5065752500179488,0.8650420589847486
-1.063932522114964,0.6060149335312932,-0.8667622216838488,0.15488313044471452,0.4606753594778814,0.6733539259906193,-0.32581980635769175
-0.7932393300441917,0.08414612645326086,-0.282862722548281,-0.5104818340272868,1.1622826690695374,0.3956134846481761,0.8650420589847486
-0.5225461379734192,0.18851988786886734,-1.4526714136315855,-0.20819439112914898,-0.9425392597054306,-1.2708291634064828,0.8650420589847486
-0.5225461379734192,1.023509979193719,-1.195835463476419,0.35419082506948507,1.1622826690695374,-0.7153482807215965,0.8650420589847486
-1.063932522114964,0.2928936492844738,0.18289754287194235,-0.4410074583978859,-0.9425392597054306,-0.9930887220640396,-1.5166816717001321
-0.5225461379734192,1.3366312634405384,-1.0036865007129385,1.1618920325198066,0.4606753594778814,0.6733539259906193,-0.32581980635769175
-0.25185294590264645,1.6497525476873578,-1.3620398502828026,1.1999551212954889,1.1622826690695374,-0.7153482807215965,0.8650420589847486
0.8309198223804434,-0.6464702034559844,-0.013019593914354827,-0.3105582318171492,0.4606753594778814,0.9510943673330624,-0.32581980635769175
0.018840246168125976,0.18851988786886734,0.0011738615715879152,-0.2085023449218325,-0.9425392597054306,-0.15986739803671018,-0.32581980635769175
-1.063932522114964,-0.333348919209165,1.2177776915382414,-0.7492692048740839,1.1622826690695374,0.3956134846481761,0.8650420589847486
1.642999398592761,-0.6464702034559844,-0.31066347311661724,-0.2641187998804752,-1.6441465692970867,1.2288348086755054,-1.5166816717001321
-1.063932522114964,1.3366312634405384,-1.08093406818068,0.9073374274876137,0.4606753594778814,0.6733539259906193,-0.32581980635769175
2.319732378769692,1.6497525476873578,-1.5503648142231283,5.571790343747733,-0.24093195011377463,-1.548569604748926,-1.5166816717001321
-0.5225461379734192,-0.6464702034559844,0.8417837050615616,-0.6700634893958839,-0.9425392597054306,-0.15986739803671018,-1.5166816717001321
-1.063932522114964,0.8147624563625061,-0.6771253749355794,-0.26658243022194333,-0.9425392597054306,-1.2708291634064828,0.8650420589847486
-1.063932522114964,-0.9595914877028038,0.31274602845818744,-0.6863850404081102,-0.9425392597054306,-0.9930887220640396,0.8650420589847486
-0.5225461379734192,-1.0639652491184102,1.47709784530845,-0.7780936798692608,0.4606753594778814,1.5065752500179488,0.8650420589847486
-0.7932393300441917,-0.5420964420403779,0.6065798650373797,-0.7136697464398696,-0.9425392597054306,-1.2708291634064828,0.8650420589847486
0.018840246168125976,-1.0639652491184102,1.440727987888227,-0.746128076188712,-0.9425392597054306,-0.9930887220640396,0.8650420589847486
0.28953343823889843,0.18851988786886734,0.44036152203091156,-0.3870539539197342,-0.9425392597054306,-0.15986739803671018,-1.5166816717001321
0.28953343823889843,-0.12460139637795206,0.3397233632215378,-0.46373444829792926,-0.9425392597054306,-0.9930887220640396,0.8650420589847486
-0.5225461379734192,-0.333348919209165,0.3092709346371454,-0.5737971338030173,0.4606753594778814,1.5065752500179488,-0.32581980635769175
-0.5225461379734192,-1.2727127719496232,0.3285444469538484,-0.6865698126837203,-0.9425392597054306,-0.15986739803671018,-1.5166816717001321
0.8309198223804434,0.6060149335312932,-0.7337735910785899,0.8713068337436425,0.4606753594778814,0.9510943673330624,-0.32581980635769175
-1.063932522114964,-0.43772268062477143,1.6130591465317088,-0.7262958519398937,-0.9425392597054306,-0.9930887220640396,-0.32581980635769175
0.28953343823889843,-1.3770865333652296,0.2217516039072074,-0.6453040044641294,1.1622826690695374,0.11787304330573296,-1.5166816717001321
-0.25185294590264645,-0.43772268062477143,0.9459248700921464,-0.6440105985348586,-0.9425392597054306,-0.15986739803671018,-1.5166816717001321
0.5602266303096711,-0.7508439648715909,-0.014512907323396983,-0.3662362775343286,0.4606753594778814,0.9510943673330624,-0.32581980635769175
0.28953343823889843,-1.3770865333652296,0.5356405000078349,-0.6941454759837348,-0.9425392597054306,-0.9930887220640396,0.8650420589847486
-1.063932522114964,1.232257502024932,-1.1050224695265376,0.09427782404459889,1.1622826690695374,0.3956134846481761,0.8650420589847486
-1.063932522114964,0.39726741070008026,-0.8482563003717937,0.022401408832266618,0.4606753594778814,0.6733539259906193,-0.32581980635769175
0.018840246168125976,-0.333348919209165,0.28387065048334426,-0.4564051480320616,-0.9425392597054306,-0.15986739803671018,-0.32581980635769175
0.28953343823889843,-0.5420964420403779,0.9557639911517233,-0.7038768158325338,1.1622826690695374,0.3956134846481761,0.8650420589847486
0.28953343823889843,-0.6464702034559844,0.5326538731897507,-0.5774925793152195,1.1622826690695374,0.11787304330573296,-1.5166816717001321
-0.7932393300441917,-0.8552177262871973,1.04430212448783,-0.7505010200448179,0.4606753594778814,1.5065752500179488,0.8650420589847486
-0.7932393300441917,-1.1683390105340168,0.29319339213979434,-0.7184738256057324,-0.9425392597054306,-1.2708291634064828,-0.32581980635769175
-0.5225461379734192,-0.020227634962345597,-0.19676692422696263,-0.5301908767590316,-0.9425392597054306,-1.2708291634064828,0.8650420589847486
-0.5225461379734192,-1.7945815790276554,2.8471500952042486,-0.8308153691766784,0.4606753594778814,1.5065752500179488,0.8650420589847486
0.018840246168125976,-0.5420964420403779,1.4337080192457203,-0.6907579842642161,1.1622826690695374,0.11787304330573296,-1.5166816717001321
0.8309198223804434,0.7103886949468996,-0.2621377654227894,0.3677407919475597,0.4606753594778814,0.9510943673330624,0.8650420589847486
0.8309198223804434,-0.12460139637795206,-0.04918010833331023,-0.1507302134144052,-0.24093195011377463,-2.1040504874338124,0.8650420589847486
0.5602266303096711,-0.333348919209165,1.1108452864907554,-0.6030527441079512,-1.6441465692970867,1.784315691360392,0.8650420589847486
-0.25185294590264645,1.232257502024932,-1.1894295676376307,0.8959431371583236,-0.9425392597054306,-0.9930887220640396,0.8650420589847486
0.018840246168125976,1.1278837406093254,-0.7962415426568393,0.4399867517111122,1.1622826690695374,-0.7153482807215965,-1.5166816717001321
-0.25185294590264645,1.5453787862717514,-1.244724032372444,0.9816158822828773,1.1622826690695374,-0.7153482807215965,0.8650420589847486
-0.25185294590264645,0.6060149335312932,-0.5687833936795582,-0.06604292042643872,1.1622826690695374,-0.7153482807215965,-1.5166816717001321
-0.7932393300441917,0.08414612645326086,0.9321501006087388,-0.6833055024812751,-0.9425392597054306,-1.2708291634064828,0.8650420589847486
0.28953343823889843,-0.6464702034559844,1.648549763346608,-0.7613409935472776,1.1622826690695374,0.3956134846481761,0.8650420589847486
0.5602266303096711,0.6060149335312932,-0.6168764591707664,0.3263518022108954,-1.6441465692970867,1.784315691360392,0.8650420589847486
0.8309198223804434,1.232257502024932,-0.9502482105893645,1.9794477613360006,0.4606753594778814,0.9510943673330624,-0.32581980635769175
0.018840246168125976,0.18851988786886734,-0.883090975782721,-0.014737818565365223,-0.9425392597054306,-0.9930887220640396,0.8650420589847486
-0.25185294590264645,1.5453787862717514,-1.1681324063086744,1.4732333169228398,1.1622826690695374,0.11787304330573296,-1.5166816717001321
0.018840246168125976,-2.0033291018588684,1.667823275663311,-0.7880713827522067,0.4606753594778814,0.6733539259906193,-0.32581980635769175
-0.5225461379734192,-0.12460139637795206,0.18453041828182956,-0.48288917420284383,-0.9425392597054306,-0.15986739803671018,-1.5166816717001321
0.28953343823889843,0.8147624563625061,-0.7574851750221657,0.44817832259649365,1.1622826690695374,0.11787304330573296,0.8650420589847486
-0.25185294590264645,-0.020227634962345597,-0.9119523975574797,-0.3552731225147955,1.1622826690695374,0.3956134846481761,0.8650420589847486
0.28953343823889843,1.6497525476873578,-1.2906399306504692,1.0284248587707714,1.1622826690695374,0.3956134846481761,0.8650420589847486
-0.7932393300441917,-1.0639652491184102,1.206403388469369,-0.7555514622448275,0.4606753594778814,1.5065752500179488,-0.32581980635769175
0.5602266303096711,0.18851988786886734,0.34438473404976283,-0.12880390337533898,0.4606753594778814,0.9510943673330624,-0.32581980635769175
-0.25185294590264645,-0.7508439648715909,1.2810551027213923,-0.7050470402447312,1.1622826690695374,0.11787304330573296,-1.5166816717001321
-0.25185294590264645,0.5016411721156867,0.2688398229923311,-0.29245054880735855,-0.9425392597054306,-0.15986739803671018,-1.5166816717001321
-0.5225461379734192,-0.9595914877028038,-0.085047542550491,-0.6097045460299151,-0.9425392597054306,-0.9930887220640396,0.8650420589847486
-0.7932393300441917,1.5453787862717514,-1.1732124631394345,0.41565840208911453,-0.9425392597054306,-1.2708291634064828,0.8650420589847486
-0.5225461379734192,1.3366312634405384,-1.1248681860467054,1.189792646136933,-0.9425392597054306,-0.9930887220640396,-0.32581980635769175
-1.063932522114964,0.08414612645326086,-0.2016376380564553,-0.40959617154416744,-0.9425392597054306,-0.9930887220640396,-1.5166816717001321
-0.7932393300441917,-1.3770865333652296,1.5785873323229787,-0.8053167951424834,-0.9425392597054306,-1.2708291634064828,0.8650420589847486
0.018840246168125976,1.3366312634405384,-1.041451978141612,1.0111794463804946,-0.9425392597054306,-0.9930887220640396,0.8650420589847486
0.018840246168125976,1.023509979193719,-0.5907085840123174,0.5161745200210136,1.1622826690695374,0.11787304330573296,-1.5166816717001321
-0.5225461379734192,-1.7945815790276554,1.5628307824275711,-0.7940456863302668,-0.9425392597054306,-0.15986739803671018,-1.5166816717001321
0.018840246168125976,0.39726741070008026,-1.1156710501910159,0.25718538037417804,-0.9425392597054306,-0.9930887220640396,-1.5166816717001321
0.018840246168125976,-0.5420964420403779,-0.30032192885399817,-0.4344172472344587,1.1622826690695374,0.11787304330573296,0.8650420589847486
0.018840246168125976,-0.43772268062477143,0.7630009555845244,-0.5713950942200859,-0.9425392597054306,-0.15986739803671018,-0.32581980635769175
-1.063932522114964,0.39726741070008026,-0.7101317881354364,-0.3839128252343623,1.1622826690695374,0.3956134846481761,0.8650420589847486
3.5378517430881686,-0.8552177262871973,1.4570986105873527,-0.4884939332296838,-1.6441465692970867,-0.4376078393791533,0.8650420589847486
-0.25185294590264645,0.9191362177781126,-0.9804215151720668,0.07746354696407899,1.1622826690695374,0.3956134846481761,0.8650420589847486
-0.5225461379734192,1.5453787862717514,-1.136326226316085,1.2950512524761582,1.1622826690695374,0.11787304330573296,-1.5166816717001321
0.8309198223804434,-0.333348919209165,-0.27721046151405604,-0.16015359947052074,-0.24093195011377463,-2.1040504874338124,0.8650420589847486
0.28953343823889843,0.7103886949468996,-0.45583586639565005,0.19547144032040173,-0.9425392597054306,-0.15986739803671018,-1.5166816717001321
-0.5225461379734192,-0.43772268062477143,0.8192863105253377,-0.648260360873891,1.1622826690695374,-0.7153482807215965,-0.32581980635769175
0.018840246168125976,-1.4814602947808362,-0.2019028058580609,-0.6216531531860354,1.1622826690695374,0.11787304330573296,-1.5166816717001321
-0.5225461379734192,-1.4814602947808362,-0.14924606293921924,-0.6997502350105748,1.1622826690695374,-0.7153482807215965,0.8650420589847486
1.1016130144512162,-0.12460139637795206,0.45267089050544596,-0.16649744759980112,-0.24093195011377463,-1.548569604748926,-1.5166816717001321
0.018840246168125976,0.6060149335312932,-0.9777837933560951,0.5650775822991557,0.4606753594778814,0.6733539259906193,-0.32581980635769175
-1.063932522114964,-1.898955340443262,2.6180590708170803,-0.8343260424132705,-0.9425392597054306,-1.2708291634064828,0.8650420589847486
0.018840246168125976,-0.7508439648715909,0.5363662224122293,-0.5765071271786323,0.4606753594778814,0.6733539259906193,-0.32581980635769175
-0.5225461379734192,1.4410050248561448,-1.1141777367819736,0.39816662666469094,-0.9425392597054306,-1.2708291634064828,0.8650420589847486
0.28953343823889843,0.2928936492844738,-0.33755707067946056,-0.09486739542161568,-0.9425392597054306,-0.15986739803671018,-1.5166816717001321
-0.7932393300441917,-0.12460139637795206,-0.9540442970123502,-0.36543559767335143,1.1622826690695374,-0.7153482807215965,0.8650420589847486
-1.063932522114964,-1.5858340561964426,-0.027352611401142632,-0.6850916344788395,0.4606753594778814,0.6733539259906193,-0.32581980635769175
-1.063932522114964,-1.690207817612049,0.6314637697880541,-0.7902270593009912,-0.9425392597054306,-1.2708291634064828,0.8650420589847486
0.28953343823889843,-2.1077028632744748,2.004670120902951,-0.8199753956742187,1.1622826690695374,0.3956134846481761,-1.5166816717001321
0.28953343823889843,-1.2727127719496232,2.9926016124849717,-0.8248410655986183,1.1622826690695374,0.3956134846481761,0.8650420589847486
0.018840246168125976,0.2928936492844738,0.607361412242112,-0.44069950460520235,-0.9425392597054306,-0.9930887220640396,0.8650420589847486
-0.5225461379734192,1.232257502024932,-1.1425227791536057,0.4297626857940195,0.4606753594778814,1.5065752500179488,0.8650420589847486
0.018840246168125976,0.8147624563625061,-0.47760753852747967,0.1800121599276893,-0.9425392597054306,-0.9930887220640396,0.8650420589847486
0.018840246168125976,-0.43772268062477143,1.5139701259317153,-0.6352647108226468,0.4606753594778814,0.9510943673330624,-0.32581980635769175
0.018840246168125976,1.5453787862717514,-1.242239828757402,1.460114485354522,-0.9425392597054306,-0.9930887220640396,0.8650420589847486
-0.25185294590264645,1.232257502024932,-1.1614613426682805,0.6001227239065396,1.1622826690695374,-0.7153482807215965,0.8650420589847486
0.018840246168125976,-1.1683390105340168,1.287363305159589,-0.75980122458386,1.1622826690695374,-0.7153482807215965,0.8650420589847486
0.018840246168125976,-0.5420964420403779,0.18979190571368837,-0.5928902689493952,1.1622826690695374,-0.7153482807215965,0.8650420589847486
0.018840246168125976,0.6060149335312932,-1.218249120812136,0.5308331205527489,1.1622826690695374,0.11787304330573296,-1.5166816717001321
0.28953343823889843,-1.5858340561964426,-1.3340437129132834,-0.39272030370511085,-0.24093195011377463,-2.1040504874338124,0.8650420589847486
-0.5225461379734192,0.2928936492844738,-0.4163537763565822,-0.1554111110631946,1.1622826690695374,0.11787304330573296,-1.5166816717001321
0.018840246168125976,-0.43772268062477143,-1.1553345708311822,0.07099651731772519,0.4606753594778814,0.9510943673330624,-0.32581980635769175
-0.7932393300441917,1.023509979193719,-0.7050656875047607,0.005956676302966947,0.4606753594778814,1.5065752500179488,0.8650420589847486
0.5602266303096711,-0.5420964420403779,-0.6495758359687642,-0.2753899086926918,-1.6441465692970867,1.784315691360392,0.8650420589847486
0.28953343823889843,-2.1077028632744748,2.6199989826288266,-0.8305690061425316,1.1622826690695374,0.3956134846481761,0.8650420589847486
0.018840246168125976,-0.43772268062477143,0.5814866172854376,-0.5630187510590943,1.1622826690695374,0.11787304330573296,-1.5166816717001321
-0.25185294590264645,-0.9595914877028038,0.49879613178473875,-0.6937759314325145,1.1622826690695374,-0.7153482807215965,0.8650420589847486
-1.063932522114964,-0.43772268062477143,0.6376324102254058,-0.6152477142982183,0.4606753594778814,0.6733539259906193,-0.32581980635769175
-0.5225461379734192,1.232257502024932,-0.8479213515697656,0.5024397808673289,0.4606753594778814,1.5065752500179488,-0.32581980635769175
0.018840246168125976,-1.1683390105340168,0.5074071072368791,-0.5994188893542857,0.4606753594778814,0.9510943673330624,-0.32581980635769175
0.28953343823889843,0.8147624563625061,-0.8184458569912886,0.22127796814728024,1.1622826690695374,-0.7153482807215965,0.8650420589847486
0.018840246168125976,1.023509979193719,-1.2072655913456296,1.539689745383942,0.4606753594778814,0.9510943673330624,-0.32581980635769175
0.5602266303096711,-1.1683390105340168,0.2476124426637973,-0.6075488694811305,-1.6441465692970867,1.784315691360392,0.8650420589847486
0.8309198223804434,1.5453787862717514,-1.435812323929502,3.359080752558145,0.4606753594778814,0.9510943673330624,-0.32581980635769175
0.018840246168125976,-0.020227634962345597,-0.6065209587080629,-0.06481110525570467,0.4606753594778814,0.9510943673330624,0.8650420589847486
-0.5225461379734192,0.7103886949468996,-0.4438195781228903,0.019753006215188395,-0.9425392597054306,-0.15986739803671018,-1.5166816717001321
-1.063932522114964,0.9191362177781126,-1.261597078274612,-0.046826603762987425,-0.9425392597054306,-1.2708291634064828,0.8650420589847486
0.018840246168125976,0.8147624563625061,-0.4915776948120703,0.23889292508877727,-0.9425392597054306,-0.9930887220640396,-1.5166816717001321
0.018840246168125976,0.8147624563625061,-0.7000414554743385,0.5769030079382027,0.4606753594778814,0.6733539259906193,-0.32581980635769175
-0.5225461379734192,-1.1683390105340168,1.7506951917651083,-0.7995888545985701,1.1622826690695374,0.3956134846481761,0.8650420589847486
-0.25185294590264645,-1.690207817612049,1.6306858272384401,-0.8004511252180839,1.1622826690695374,-0.7153482807215965,0.8650420589847486
0.28953343823889843,0.18851988786886734,-0.059814732797703905,0.009898484849315931,0.4606753594778814,0.9510943673330624,-0.32581980635769175
-0.7932393300441917,-0.5420964420403779,0.49332530135161234,-0.7044311326593641,-0.9425392597054306,-1.2708291634064828,0.8650420589847486
-0.5225461379734192,-0.43772268062477143,1.1896280359677927,-0.6841677731007889,-0.9425392597054306,-0.15986739803671018,-1.5166816717001321
2.9964653589466232,0.7103886949468996,-0.4463316941381014,1.9620791674286504,-1.6441465692970867,-0.4376078393791533,0.8650420589847486
0.8309198223804434,-1.7945815790276554,2.327644503258592,-0.7880713827522067,0.4606753594778814,0.9510943673330624,-0.32581980635769175
-1.063932522114964,1.023509979193719,-1.2612900418727528,0.008358715885898359,-0.9425392597054306,-1.2708291634064828,0.8650420589847486
-0.5225461379734192,-1.4814602947808362,0.4795784442683738,-0.7601091783765436,1.1622826690695374,0.3956134846481761,0.8650420589847486
-0.5225461379734192,-0.9595914877028038,0.5830497116949023,-0.6442569615690054,0.4606753594778814,0.6733539259906193,-0.32581980635769175
-1.063932522114964,0.08414612645326086,-0.15507975457454282,-0.42012819125394363,-0.9425392597054306,-0.9930887220640396,-1.5166816717001321
-0.25185294590264645,-1.2727127719496232,1.2090690226855096,-0.7514864721814052,-0.9425392597054306,-0.15986739803671018,0.8650420589847486
-0.25185294590264645,-1.898955340443262,2.253411475009104,-0.8250258378742283,1.1622826690695374,0.3956134846481761,0.8650420589847486
0.28953343823889843,1.6497525476873578,-1.3453621911818179,1.8605160066016273,-0.9425392597054306,-0.9930887220640396,0.8650420589847486
-0.25185294590264645,-0.020227634962345597,-0.5538642157892212,-0.23042865496089873,1.1622826690695374,0.11787304330573296,0.8650420589847486
-1.063932522114964,1.5453787862717514,-1.1468212887796334,0.3501874257645994,-0.9425392597054306,-1.2708291634064828,-1.5166816717001321
-1.063932522114964,0.9191362177781126,-1.0691271229091879,0.18087443054720315,0.4606753594778814,1.5065752500179488,-0.32581980635769175
0.8309198223804434,0.08414612645326086,-0.8065133059190358,0.1118311902275592,-1.6441465692970867,1.784315691360392,0.8650420589847486
-0.25185294590264645,-0.8552177262871973,1.1100776954861076,-0.6990111459081343,1.1622826690695374,0.11787304330573296,-1.5166816717001321
-0.5225461379734192,0.18851988786886734,0.07597909402454081,-0.411751848092952,0.4606753594778814,1.5065752500179488,-0.32581980635769175
0.018840246168125976,-1.1683390105340168,1.9641552720576296,-0.7885025180619636,1.1622826690695374,-0.7153482807215965,-1.5166816717001321
0.5602266303096711,-0.7508439648715909,0.0484295550577257,-0.09917874851918487,-0.24093195011377463,-1.826310046091369,0.8650420589847486
0.28953343823889843,-0.020227634962345597,-0.12638580720079817,-0.47223397297599423,1.1622826690695374,0.3956134846481761,0.8650420589847486
-0.5225461379734192,-0.12460139637795206,0.047648007852993356,-0.43195361689299056,1.1622826690695374,0.11787304330573296,-1.5166816717001321
0.5602266303096711,-1.0639652491184102,0.49352068815279543,-0.624855872629944,-1.6441465692970867,1.784315691360392,0.8650420589847486
0.8309198223804434,0.6060149335312932,-0.4460804825365803,0.28089782241080863,-1.6441465692970867,1.784315691360392,0.8650420589847486
-1.063932522114964,0.8147624563625061,-0.662750488848538,-0.2705242387682923,-0.9425392597054306,-1.2708291634064828,0.8650420589847486
-0.5225461379734192,0.18851988786886734,-0.24477625251766374,-0.3303904560659675,0.4606753594778814,1.5065752500179488,-0.32581980635769175
-0.7932393300441917,1.6497525476873578,-1.3842999894175898,0.6591882613432377,1.1622826690695374,0.3956134846481761,0.8650420589847486
-0.5225461379734192,-1.1683390105340168,1.2222995003656214,-0.750685792320428,1.1622826690695374,-0.7153482807215965,-0.32581980635769175
0.8309198223804434,-0.7508439648715909,1.1590639577827242,-0.6579917007226902,-1.6441465692970867,1.784315691360392,0.8650420589847486
0.28953343823889843,0.39726741070008026,0.05814307031654197,-0.19057943418765197,1.1622826690695374,0.11787304330573296,0.8650420589847486
-1.063932522114964,-0.020227634962345597,-0.19756242763177947,-0.5584610349273783,1.1622826690695374,0.3956134846481761,-1.5166816717001321
-0.7932393300441917,1.4410050248561448,-1.1145405979841707,0.3362679143353045,1.1622826690695374,0.3956134846481761,0.8650420589847486
0.8309198223804434,0.5016411721156867,0.26914685939419025,0.10973710443731131,0.4606753594778814,0.9510943673330624,-0.32581980635769175
2.9964653589466232,1.023509979193719,-0.6791769363480018,1.7274183774038125,-0.24093195011377463,-2.1040504874338124,0.8650420589847486
-0.5225461379734192,-1.3770865333652296,1.2726534702705197,-0.7793870857985316,1.1622826690695374,-0.7153482807215965,0.8650420589847486
-0.25185294590264645,-0.9595914877028038,0.3324382267774256,-0.7049854494861945,1.1622826690695374,0.3956134846481761,0.8650420589847486
0.28953343823889843,0.8147624563625061,-0.8416968863320757,0.4905527644697453,-0.9425392597054306,-0.15986739803671018,-1.5166816717001321
-0.25185294590264645,1.4410050248561448,-1.0899358172351865,1.1601059005222423,-0.9425392597054306,-0.9930887220640396,-1.5166816717001321
0.28953343823889843,-1.3770865333652296,0.13449744097887506,-0.6465974103934001,-0.9425392597054306,-0.15986739803671018,-1.5166816717001321
-0.7932393300441917,-1.2727127719496232,0.48675193111181,-0.7577687295521488,-0.9425392597054306,-1.2708291634064828,0.8650420589847486
-1.063932522114964,0.8147624563625061,-0.941218549134689,0.3363910958523779,0.4606753594778814,0.6733539259906193,-0.32581980635769175
-0.5225461379734192,-2.0033291018588684,1.7878186839898946,-0.8073492901741947,-0.9425392597054306,-0.15986739803671018,-1.5166816717001321
0.018840246168125976,0.18851988786886734,-0.0825214703351954,-0.14715794941927643,0.4606753594778814,0.6733539259906193,-0.32581980635769175
0.018840246168125976,-0.8552177262871973,0.4553086123214176,-0.6343408494445962,-0.9425392597054306,-0.9930887220640396,0.8650420589847486
0.8309198223804434,-0.43772268062477143,0.10997639743039776,-0.27372695821220083,0.4606753594778814,0.9510943673330624,-0.32581980635769175
0.018840246168125976,-0.43772268062477143,-1.083502008996229,-0.21041165843647028,1.1622826690695374,0.11787304330573296,0.8650420589847486
0.28953343823889843,-1.7945815790276554,1.922970525608252,-0.776184366354623,0.4606753594778814,0.9510943673330624,-0.32581980635769175
-0.5225461379734192,0.6060149335312932,-0.7656495520716018,0.1073966556129166,-0.9425392597054306,-0.9930887220640396,-1.5166816717001321
-0.5225461379734192,-0.020227634962345597,-0.6125639933446541,-0.37128671973433824,1.1622826690695374,-0.7153482807215965,0.8650420589847486
-0.7932393300441917,0.8147624563625061,-0.5072225951068017,-0.09702307197040028,1.1622826690695374,-0.7153482807215965,-1.5166816717001321
0.8309198223804434,-1.2727127719496232,1.16440918241509,-0.6980872845300837,0.4606753594778814,0.9510943673330624,0.8650420589847486
-0.5225461379734192,-0.43772268062477143,0.1816414848643368,-0.5603087576834794,-0.9425392597054306,-0.9930887220640396,0.8650420589847486
-0.5225461379734192,1.1278837406093254,-0.9215821756157889,0.1160809525665917,1.1622826690695374,0.3956134846481761,0.8650420589847486
-0.7932393300441917,0.9191362177781126,-0.34930819115061473,-0.1058305504411488,1.1622826690695374,-0.7153482807215965,-1.5166816717001321
0.28953343823889843,0.9191362177781126,-1.501518113927357,0.4269295109013312,1.1622826690695374,0.3956134846481761,0.8650420589847486
0.28953343823889843,-0.7508439648715909,0.2721613986124436,-0.6587923805836673,1.1622826690695374,0.3956134846481761,0.8650420589847486
1.642999398592761,0.8147624563625061,-0.6727710405092134,0.926122608841308,-1.6441465692970867,1.2288348086755054,-1.5166816717001321
0.018840246168125976,1.232257502024932,-1.1362704015157468,1.052383663841549,-0.9425392597054306,-0.9930887220640396,-1.5166816717001321
-0.5225461379734192,-1.2727127719496232,-0.703474680695127,-0.55562786003469,1.1622826690695374,0.11787304330573296,-1.5166816717001321
-0.5225461379734192,-2.1077028632744748,1.3681417912487106,-0.7976795410839324,1.1622826690695374,0.11787304330573296,0.8650420589847486
-1.063932522114964,-0.7508439648715909,-0.6544325935981724,-0.636681298268991,-0.9425392597054306,-1.2708291634064828,0.8650420589847486
-0.5225461379734192,-1.1683390105340168,0.9691479870327646,-0.7482221619789599,1.1622826690695374,-0.7153482807215965,-1.5166816717001321
0.28953343823889843,-0.7508439648715909,0.9347599100245415,-0.6485683146665746,-1.6441465692970867,1.784315691360392,0.8650420589847486
-0.7932393300441917,0.6060149335312932,-1.3410218129555365,-0.10669282106066263,-0.9425392597054306,-1.2708291634064828,0.8650420589847486
-0.25185294590264645,-0.5420964420403779,2.3740069999393216,-0.7874554751668397,1.1622826690695374,-0.7153482807215965,0.8650420589847486
0.28953343823889843,0.5016411721156867,-0.4858975213776763,0.45643148424041186,0.4606753594778814,0.9510943673330624,-0.32581980635769175
-0.25185294590264645,-0.333348919209165,1.1102730822872906,-0.6890950337837252,1.1622826690695374,-0.7153482807215965,0.8650420589847486
-1.063932522114964,-1.1683390105340168,-0.3175578359583633,-0.7109597530642546,-0.9425392597054306,-1.2708291634064828,0.8650420589847486
-0.5225461379734192,0.2928936492844738,0.1546222815007329,-0.36315673960749345,-0.9425392597054306,-0.15986739803671018,-1.5166816717001321
0.28953343823889843,1.1278837406093254,-0.7310381758620266,0.7942567948142272,1.1622826690695374,0.11787304330573296,-1.5166816717001321
1.642999398592761,-0.6464702034559844,0.5157808272875828,-0.49508414439311105,-1.6441465692970867,1.2288348086755054,0.8650420589847486
1.642999398592761,-0.12460139637795206,0.12446293311811514,-0.20141940769011166,-1.6441465692970867,1.2288348086755054,-1.5166816717001321
4.349931319300485,-1.5858340561964426,0.7711095078336225,-0.47913213793210496,-1.6441465692970867,-0.4376078393791533,0.8650420589847486
0.28953343823889843,1.232257502024932,-1.2473059293880777,1.2477495499199704,-0.9425392597054306,-0.9930887220640396,-1.5166816717001321
-0.5225461379734192,1.4410050248561448,-1.1513570538070979,0.4175061248452156,-0.9425392597054306,-1.2708291634064828,0.8650420589847486
0.28953343823889843,0.39726741070008026,-0.4620184630330863,0.01673505904688995,-0.9425392597054306,-0.9930887220640396,-1.5166816717001321
0.018840246168125976,1.1278837406093254,-0.8862450770018193,1.3789378656031475,0.4606753594778814,0.9510943673330624,-0.32581980635769175
0.28953343823889843,1.6497525476873578,-1.3405333459525786,3.1106236326210857,0.4606753594778814,0.9510943673330624,-0.32581980635769175
-0.25185294590264645,1.4410050248561448,-1.2493574908005,0.8667491176119265,1.1622826690695374,-0.7153482807215965,0.8650420589847486
-1.063932522114964,-0.5420964420403779,-0.050603640741929856,-0.6653825917470945,1.1622826690695374,0.3956134846481761,0.8650420589847486
0.28953343823889843,0.6060149335312932,-0.7491254111715465,0.27498510959128514,-0.9425392597054306,-0.15986739803671018,-1.5166816717001321
-0.5225461379734192,1.1278837406093254,-1.2433004999638244,0.6973745316359935,-0.9425392597054306,-0.15986739803671018,0.8650420589847486
-1.063932522114964,1.4410050248561448,-1.1226351940331842,0.20883663492286625,-0.9425392597054306,-1.2708291634064828,0.8650420589847486
-0.25185294590264645,-1.0639652491184102,1.784022597566909,-0.7836368481375641,1.1622826690695374,-0.7153482807215965,0.8650420589847486
0.28953343823889843,-0.6464702034559844,0.38554156809897144,-0.5532874112102952,1.1622826690695374,0.11787304330573296,-1.5166816717001321
1.1016130144512162,-0.5420964420403779,-0.7233343534153792,0.07493832586407417,-0.24093195011377463,-1.548569604748926,0.8650420589847486
-0.25185294590264645,0.08414612645326086,-0.28110424133763323,-0.2700315126999987,-0.9425392597054306,-0.9930887220640396,-1.5166816717001321
-0.7932393300441917,-0.9595914877028038,0.8382248740400126,-0.7586310001716626,-0.9425392597054306,-1.2708291634064828,0.8650420589847486
-0.7932393300441917,-0.5420964420403779,-0.7850347139889808,-0.5667757873298331,-0.9425392597054306,-1.2708291634064828,0.8650420589847486
0.018840246168125976,-0.12460139637795206,-1.0052356389223187,-0.12843435882411874,-0.9425392597054306,-0.9930887220640396,0.8650420589847486
-0.5225461379734192,-1.2727127719496232,2.4903877524440183,-0.79940408232296,0.4606753594778814,0.6733539259906193,-0.32581980635769175
0.28953343823889843,-1.2727127719496232,0.49833557718195004,-0.6719728029105217,1.1622826690695374,0.11787304330573296,0.8650420589847486
-0.25185294590264645,0.6060149335312932,-0.6017200258789928,-0.2105348399535437,1.1622826690695374,0.3956134846481761,0.8650420589847486
-0.25185294590264645,0.18851988786886734,-0.1962226324236669,-0.22901206751455455,1.1622826690695374,0.11787304330573296,-1.5166816717001321
-0.7932393300441917,-1.0639652491184102,0.7402802618469485,-0.7569680496911717,1.1622826690695374,0.3956134846481761,0.8650420589847486
-0.5225461379734192,1.1278837406093254,-0.9327750480835628,0.5763486911113723,-0.9425392597054306,-0.15986739803671018,-1.5166816717001321
0.28953343823889843,0.8147624563625061,-0.7841275609834879,0.20471005410090715,1.1622826690695374,-0.7153482807215965,0.8650420589847486
0.018840246168125976,0.5016411721156867,-0.2500098275493536,0.2507799414863609,0.4606753594778814,0.9510943673330624,-0.32581980635769175
1.642999398592761,-1.0639652491184102,0.6150512784886749,-0.5804489357249812,-1.6441465692970867,1.2288348086755054,-1.5166816717001321
0.28953343823889843,0.18851988786886734,-0.34954544655205133,-0.13921274156804175,-0.9425392597054306,-0.15986739803671018,-1.5166816717001321
-0.25185294590264645,1.023509979193719,-0.5634102566470234,0.30676594099622384,-0.9425392597054306,-0.9930887220640396,0.8650420589847486
-0.5225461379734192,-0.6464702034559844,1.25314270255238,-0.6830591394471283,0.4606753594778814,0.6733539259906193,-0.32581980635769175
0.018840246168125976,-1.3770865333652296,1.4627787840217468,-0.7476678451521296,0.4606753594778814,0.9510943673330624,0.8650420589847486
0.018840246168125976,0.18851988786886734,0.21233116885016579,-0.36937740621970044,-0.9425392597054306,-0.9930887220640396,0.8650420589847486
-0.5225461379734192,-0.9595914877028038,1.159719899186696,-0.768916656847292,-0.9425392597054306,-1.2708291634064828,0.8650420589847486
0.28953343823889843,-0.2289751577935585,0.5337564129964266,-0.6207908825665216,1.1622826690695374,0.3956134846481761,0.8650420589847486
1.642999398592761,0.5016411721156867,-0.3814214075450634,0.7892063526142176,-0.24093195011377463,-1.548569604748926,0.8650420589847486
-0.25185294590264645,0.8147624563625061,-0.7249393164250975,0.24283473363512625,-0.9425392597054306,-0.9930887220640396,0.8650420589847486
0.5602266303096711,-0.9595914877028038,1.0124540758949871,-0.6550969350714652,0.4606753594778814,0.9510943673330624,0.8650420589847486
0.018840246168125976,-1.0639652491184102,1.0482517291117455,-0.7120067959593785,-0.9425392597054306,-0.15986739803671018,-1.5166816717001321
-0.5225461379734192,-1.1683390105340168,2.2245919218345986,-0.8040233892132127,1.1622826690695374,-0.7153482807215965,-1.5166816717001321
-0.5225461379734192,0.5016411721156867,-0.45897601141466393,-0.1126671246387228,-0.9425392597054306,-0.9930887220640396,0.8650420589847486
-0.25185294590264645,0.08414612645326086,-0.41490233154779355,-0.20049554631206112,1.1622826690695374,0.11787304330573296,-1.5166816717001321
0.8309198223804434,-2.0033291018588684,-0.2557737381842546,-0.5914120907445143,0.4606753594778814,0.9510943673330624,-0.32581980635769175
-0.7932393300441917,1.4410050248561448,-1.2317308100937687,0.7002692972872185,1.1622826690695374,-0.7153482807215965,-1.5166816717001321
0.5602266303096711,-0.333348919209165,0.23386558558055875,0.034288425229850275,-0.24093195011377463,-1.826310046091369,0.8650420589847486
0.8309198223804434,-1.898955340443262,0.47987152447014847,-0.6651978194714844,0.4606753594778814,0.9510943673330624,-0.32581980635769175
0.018840246168125976,-0.8552177262871973,0.15678549251383136,-0.5695473714639848,1.1622826690695374,0.11787304330573296,-1.5166816717001321
-0.5225461379734192,0.5016411721156867,-0.14024431388471278,-0.4172334256027186,-0.9425392597054306,-1.2708291634064828,0.8650420589847486
0.8309198223804434,0.2928936492844738,-0.15022299694513466,0.03034661668350129,0.4606753594778814,0.9510943673330624,0.8650420589847486
-0.7932393300441917,-0.2289751577935585,-0.764937785867292,-0.43330861358079803,1.1622826690695374,-0.7153482807215965,0.8650420589847486
-1.063932522114964,0.5016411721156867,-0.6247896246186814,-0.3836664622002155,-0.9425392597054306,-1.2708291634064828,0.8650420589847486
-0.25185294590264645,-1.3770865333652296,1.2106042046948053,-0.7837600296546374,1.1622826690695374,0.3956134846481761,0.8650420589847486
0.28953343823889843,-1.1683390105340168,1.4516556925543953,-0.743233310537487,-0.9425392597054306,-0.9930887220640396,-1.5166816717001321
0.018840246168125976,1.023509979193719,-0.7310521320621111,0.5315106188966526,-0.9425392597054306,-0.15986739803671018,-1.5166816717001321
-0.5225461379734192,-0.7508439648715909,0.3803638178676197,-0.6714184860836914,1.1622826690695374,-0.7153482807215965,0.8650420589847486
2.9964653589466232,0.9191362177781126,-1.501518113927357,3.178373467011459,-0.24093195011377463,-1.548569604748926,0.8650420589847486
-0.25185294590264645,0.7103886949468996,-0.7196080479928161,0.21764411339361475,1.1622826690695374,0.11787304330573296,0.8650420589847486
0.28953343823889843,0.39726741070008026,-0.15103245655003603,0.08990488018849298,-0.24093195011377463,-2.1040504874338124,0.8650420589847486
-1.063932522114964,-0.43772268062477143,0.9248230955643731,-0.7370742346838166,1.1622826690695374,0.3956134846481761,0.8650420589847486
-0.5225461379734192,-0.12460139637795206,-0.5927322330245708,-0.47586782772965974,1.1622826690695374,0.3956134846481761,0.8650420589847486
-0.7932393300441917,-1.2727127719496232,1.9446584605395747,-0.8121533693400574,-0.9425392597054306,-1.2708291634064828,0.8650420589847486
0.5602266303096711,0.6060149335312932,-0.3443676963206996,0.2876112150913092,0.4606753594778814,0.9510943673330624,0.8650420589847486
-1.063932522114964,-0.2289751577935585,-0.2610212694160289,-0.40885708244172697,0.4606753594778814,0.6733539259906193,-0.32581980635769175
-0.25185294590264645,0.08414612645326086,0.5131570616716956,-0.5348101836492843,1.1622826690695374,-0.7153482807215965,-1.5166816717001321
-1.063932522114964,0.9191362177781126,-0.7311777378628717,0.03786068922497904,0.4606753594778814,1.5065752500179488,-0.32581980635769175
-0.7932393300441917,1.5453787862717514,-1.2366852611237684,0.7313110395897168,1.1622826690695374,-0.7153482807215965,0.8650420589847486
-1.063932522114964,1.1278837406093254,-1.2234687396437411,0.40500320086226493,0.4606753594778814,1.5065752500179488,-0.32581980635769175
-0.5225461379734192,0.39726741070008026,-0.47871007833415563,-0.08439696647037619,1.1622826690695374,0.11787304330573296,-1.5166816717001321
0.28953343823889843,0.6060149335312932,-1.2431330255628104,0.09717258969582392,1.1622826690695374,0.3956134846481761,0.8650420589847486
-0.5225461379734192,0.7103886949468996,0.02051715488871342,-0.38446714206119265,1.1622826690695374,0.3956134846481761,0.8650420589847486
0.5602266303096711,-0.12460139637795206,0.20039861777791304,-0.20924143402427292,0.4606753594778814,0.9510943673330624,-0.32581980635769175
0.5602266303096711,0.39726741070008026,-0.5844562063744586,0.49461775453316764,0.4606753594778814,0.9510943673330624,-0.32581980635769175
0.8309198223804434,-1.5858340561964426,0.35133492169184694,-0.607425687964057,0.4606753594778814,0.9510943673330624,-0.32581980635769175
0.28953343823889843,-0.43772268062477143,-0.6605593654352706,-0.0695535936630308,0.4606753594778814,0.9510943673330624,-0.32581980635769175
-0.5225461379734192,-1.0639652491184102,1.7582454960108262,-0.7720577855326639,-0.9425392597054306,-0.15986739803671018,-1.5166816717001321
0.28953343823889843,0.9191362177781126,-0.5673877736711076,0.3621360329207197,-0.9425392597054306,-0.9930887220640396,0.8650420589847486
-0.7932393300441917,-1.2727127719496232,1.7723133456960083,-0.8013749865961345,0.4606753594778814,1.5065752500179488,0.8650420589847486
-0.25185294590264645,0.18851988786886734,-0.3745130885032328,-0.30384483913664856,1.1622826690695374,-0.7153482807215965,-1.5166816717001321
-1.063932522114964,-0.020227634962345597,-0.7282888044453789,-0.2169402788413608,0.4606753594778814,0.6733539259906193,-0.32581980635769175
-0.5225461379734192,-0.020227634962345597,-0.5950629184386833,-0.37529011903922394,1.1622826690695374,-0.7153482807215965,0.8650420589847486
-0.5225461379734192,1.4410050248561448,-1.3336389831108326,1.0436993668878738,0.4606753594778814,1.5065752500179488,-0.32581980635769175
-1.063932522114964,-1.3770865333652296,1.2156982177256501,-0.7974331780497855,1.1622826690695374,0.3956134846481761,0.8650420589847486
-1.063932522114964,-0.5420964420403779,0.43558850160201046,-0.6595314696861078,0.4606753594778814,1.5065752500179488,-0.32581980635769175
-0.25185294590264645,1.023509979193719,-1.1066553449364247,0.19590257563015864,1.1622826690695374,0.3956134846481761,0.8650420589847486
-0.7932393300441917,-0.7508439648715909,-0.3004335784546742,-0.6227617868396961,0.4606753594778814,1.5065752500179488,0.8650420589847486
2.319732378769692,0.7103886949468996,-0.7873514432030089,2.8098759586863657,-0.24093195011377463,-1.826310046091369,0.8650420589847486
0.28953343823889843,-0.12460139637795206,-0.2922552452051536,-0.46478149119305323,1.1622826690695374,0.3956134846481761,0.8650420589847486
0.8309198223804434,1.3366312634405384,-1.0196105250093601,1.499470980059475,-1.6441465692970867,1.784315691360392,0.8650420589847486
-1.063932522114964,0.5016411721156867,0.5249640069431878,-0.5970168497713543,-0.9425392597054306,-1.2708291634064828,0.8650420589847486
1.642999398592761,-0.020227634962345597,-0.2980051996399702,0.017658920424940494,-1.6441465692970867,1.2288348086755054,-1.5166816717001321
-0.5225461379734192,1.7541263091029642,-1.3222786362420447,1.452415640537434,0.4606753594778814,1.5065752500179488,-0.32581980635769175
-0.5225461379734192,-1.3770865333652296,1.23858638586424,-0.7561057790716579,1.1622826690695374,0.11787304330573296,-1.5166816717001321
0.28953343823889843,1.232257502024932,-0.8923020678384951,1.2486118205394843,0.4606753594778814,0.9510943673330624,0.8650420589847486
-0.25185294590264645,-1.1683390105340168,0.1666525259735772,-0.6848452714446926,1.1622826690695374,-0.7153482807215965,0.8650420589847486
-1.063932522114964,-0.6464702034559844,0.4768430290518106,-0.7242633569081824,-0.9425392597054306,-1.2708291634064828,0.8650420589847486
-1.063932522114964,-0.5420964420403779,-0.5414850663142643,-0.434355656475922,0.4606753594778814,0.6733539259906193,-0.32581980635769175
1.1016130144512162,-0.43772268062477143,0.6339200610029272,-0.34646564404404695,-0.24093195011377463,-1.548569604748926,-1.5166816717001321
-0.5225461379734192,-0.9595914877028038,1.1163021607237973,-0.7008588686642354,0.4606753594778814,0.6733539259906193,-0.32581980635769175
-1.063932522114964,1.5453787862717514,-1.2846387646141315,0.35837899664998085,-0.9425392597054306,-1.2708291634064828,0.8650420589847486
-0.5225461379734192,0.08414612645326086,0.2387502556101359,-0.42037455428809045,1.1622826690695374,0.11787304330573296,-1.5166816717001321
0.018840246168125976,0.6060149335312932,-0.13358720644440336,-0.018371673319030692,1.1622826690695374,0.11787304330573296,-1.5166816717001321
1.642999398592761,1.1278837406093254,-0.6540836885960598,1.1002396832245669,-1.6441465692970867,1.784315691360392,0.8650420589847486
-1.063932522114964,0.2928936492844738,-1.0065475217302622,-0.28857033101954627,0.4606753594778814,1.5065752500179488,0.8650420589847486
0.8309198223804434,-1.0639652491184102,-0.16456997063200698,-0.40183573596854283,0.4606753594778814,0.9510943673330624,-0.32581980635769175
-1.063932522114964,0.39726741070008026,-0.9848874991991088,-0.13699547426072045,0.4606753594778814,1.5065752500179488,-0.32581980635769175
-0.5225461379734192,-0.7508439648715909,0.30346515540199087,-0.5740434968371642,0.4606753594778814,0.6733539259906193,-0.32581980635769175
-1.063932522114964,-0.43772268062477143,0.23541472378993894,-0.6529412585226805,-0.9425392597054306,-1.2708291634064828,-0.32581980635769175
-0.5225461379734192,0.6060149335312932,-0.15655911178350046,-0.10749350092163977,1.1622826690695374,0.11787304330573296,-1.5166816717001321
-0.25185294590264645,0.6060149335312932,-0.4479087447476506,0.029607527581060854,-0.9425392597054306,-0.9930887220640396,-1.5166816717001321
0.018840246168125976,-0.9595914877028038,1.3841355965455546,-0.7304840235203894,-0.9425392597054306,-0.15986739803671018,-1.5166816717001321
0.018840246168125976,1.6497525476873578,-1.267556375710696,1.7450333343453095,-0.9425392597054306,-0.15986739803671018,-1.5166816717001321
-0.5225461379734192,0.7103886949468996,-0.13106113422910773,-0.280748304685385,0.4606753594778814,1.5065752500179488,0.8650420589847486
-0.5225461379734192,0.7103886949468996,-0.4736718901036489,0.0326254747493593,-0.9425392597054306,-0.15986739803671018,-1.5166816717001321
0.28953343823889843,0.2928936492844738,-0.06701613204130907,-0.15417929589246054,-1.6441465692970867,1.784315691360392,0.8650420589847486
3.5378517430881686,0.9191362177781126,-0.8884780690153403,3.297982720089736,-1.6441465692970867,-0.4376078393791533,0.8650420589847486
0.28953343823889843,-1.898955340443262,1.9085258585207883,-0.7801877656595086,0.4606753594778814,0.9510943673330624,-0.32581980635769175
-0.25185294590264645,1.232257502024932,-1.2598665094641333,1.0186319281634357,-0.9425392597054306,-0.15986739803671018,-1.5166816717001321
0.28953343823889843,1.6497525476873578,-1.2850853630168357,1.90436862667976,-0.9425392597054306,-0.15986739803671018,-1.5166816717001321
-0.5225461379734192,-0.8552177262871973,-0.2629751374278598,-0.5569828567224975,-0.9425392597054306,-0.15986739803671018,-1.5166816717001321
-0.7932393300441917,-0.12460139637795206,-0.3369290416756578,-0.4368192868173901,0.4606753594778814,1.5065752500179488,-0.32581980635769175
-1.063932522114964,1.1278837406093254,-0.797720899865797,0.5089068105136827,0.4606753594778814,0.6733539259906193,-0.32581980635769175
0.28953343823889843,-1.2727127719496232,1.623931026397539,-0.7612178120302042,-0.9425392597054306,-0.15986739803671018,-1.5166816717001321
0.018840246168125976,0.08414612645326086,-0.17891694431887928,-0.23935931494872065,1.1622826690695374,0.11787304330573296,-1.5166816717001321
0.018840246168125976,-0.8552177262871973,1.4658351918402535,-0.7287594822813618,-0.9425392597054306,-0.15986739803671018,-1.5166816717001321
-0.5225461379734192,-0.333348919209165,0.018102732274093862,-0.5980023019079416,1.1622826690695374,0.3956134846481761,-1.5166816717001321
0.8309198223804434,0.5016411721156867,0.32938181895891877,-0.07682130317036173,0.4606753594778814,0.9510943673330624,0.8650420589847486
0.28953343823889843,1.4410050248561448,-1.1067949069372698,2.3052012832366224,0.4606753594778814,0.9510943673330624,-0.32581980635769175
0.28953343823889843,1.4410050248561448,-1.1840982992053493,2.1193203739728528,-0.24093195011377463,-2.1040504874338124,0.8650420589847486
-0.7932393300441917,-1.5858340561964426,2.0673334592823838,-0.8210840293278794,-0.9425392597054306,-1.2708291634064828,0.8650420589847486
0.018840246168125976,0.18851988786886734,-0.3459168345300797,-0.13884319701682155,1.1622826690695374,0.11787304330573296,-1.5166816717001321
0.018840246168125976,-0.2289751577935585,0.3411189832299884,-0.49348278467115675,-0.9425392597054306,-0.15986739803671018,-1.5166816717001321
0.018840246168125976,0.18851988786886734,-0.05614425217547879,-0.2383122720535967,1.1622826690695374,0.11787304330573296,-1.5166816717001321
2.319732378769692,-0.9595914877028038,0.4518056061002066,-0.18953239129252802,-0.24093195011377463,-1.826310046091369,0.8650420589847486
-0.5225461379734192,-0.7508439648715909,0.15021212227402897,-0.6567598855519561,0.4606753594778814,1.5065752500179488,0.8650420589847486
-0.25185294590264645,-0.5420964420403779,-0.12852110581372764,-0.4903416559857849,-0.9425392597054306,-0.9930887220640396,-1.5166816717001321
0.8309198223804434,-1.2727127719496232,0.9266513577754434,-0.6392681101275325,0.4606753594778814,0.9510943673330624,-0.32581980635769175
-1.063932522114964,1.3366312634405384,-1.2174675736074034,0.20686573064969177,1.1622826690695374,0.3956134846481761,0.8650420589847486
-0.5225461379734192,1.023509979193719,-0.794469105246107,0.40451047479397134,-0.9425392597054306,-0.15986739803671018,-1.5166816717001321
-1.063932522114964,-0.2289751577935585,-1.3927714028688851,-0.3792935183441096,0.4606753594778814,1.5065752500179488,0.8650420589847486
2.9964653589466232,0.08414612645326086,0.46492443417964235,0.3025161786571913,-1.6441465692970867,-0.4376078393791533,0.8650420589847486
0.018840246168125976,-0.2289751577935585,0.5421022206469613,-0.5146700056077825,1.1622826690695374,0.11787304330573296,-1.5166816717001321
-1.063932522114964,0.6060149335312932,-0.7145000787618868,-0.31659412615374605,1.1622826690695374,0.3956134846481761,0.8650420589847486
0.018840246168125976,-0.7508439648715909,1.8762730801254945,-0.7654675743692367,1.1622826690695374,-0.7153482807215965,-1.5166816717001321
0.018840246168125976,-0.2289751577935585,0.5683817454060863,-0.47599100924673315,0.4606753594778814,0.6733539259906193,-0.32581980635769175
0.5602266303096711,-0.7508439648715909,1.078955369297659,-0.6566982947934193,-1.6441465692970867,1.784315691360392,0.8650420589847486
-1.063932522114964,0.39726741070008026,-0.31411065453749026,-0.41643274574174144,0.4606753594778814,1.5065752500179488,0.8650420589847486
0.28953343823889843,-0.333348919209165,0.23198149856915043,-0.4726651082857512,-0.9425392597054306,-0.9930887220640396,-1.5166816717001321
0.28953343823889843,-0.43772268062477143,0.857456517756462,-0.5935061765347622,1.1622826690695374,0.11787304330573296,-1.5166816717001321
-0.7932393300441917,-0.12460139637795206,-0.8968797014662131,-0.4006655115563455,0.4606753594778814,1.5065752500179488,0.8650420589847486
0.018840246168125976,1.023509979193719,-0.7313591684639702,0.5316953911722627,-0.9425392597054306,-0.15986739803671018,-1.5166816717001321
-0.25185294590264645,0.18851988786886734,-0.3983084096473158,-0.10539941513139187,-0.9425392597054306,-0.15986739803671018,-0.32581980635769175
0.28953343823889843,-0.7508439648715909,0.0336638953683182,-0.6319388098616648,1.1622826690695374,0.3956134846481761,0.8650420589847486
-1.063932522114964,1.1278837406093254,-0.9210937086128312,0.5860184402016347,0.4606753594778814,0.6733539259906193,-0.32581980635769175
0.28953343823889843,0.5016411721156867,-0.44718302234325624,0.3185297758767341,-0.24093195011377463,-2.1040504874338124,0.8650420589847486
-0.5225461379734192,-1.7945815790276554,1.9102424711311825,-0.815171316508356,0.4606753594778814,1.5065752500179488,0.8650420589847486
-0.5225461379734192,-0.333348919209165,0.3633232975644377,-0.6517710341104832,1.1622826690695374,0.3956134846481761,0.8650420589847486
0.018840246168125976,-0.333348919209165,0.6014998082066194,-0.5741666783542375,-0.9425392597054306,-0.9930887220640396,0.8650420589847486
3.5378517430881686,0.39726741070008026,-1.3061173565441866,2.6898971610568685,-1.6441465692970867,-0.4376078393791533,0.8650420589847486
-0.25185294590264645,1.6497525476873578,-1.281065977392498,1.6098416193572467,-0.9425392597054306,-0.15986739803671018,-1.5166816717001321
0.28953343823889843,1.023509979193719,-1.135809846912958,0.6242047104943905,1.1622826690695374,-0.7153482807215965,-1.5166816717001321
-0.25185294590264645,-0.333348919209165,0.163972935557352,-0.5025366261760521,-0.9425392597054306,-0.15986739803671018,-1.5166816717001321
0.018840246168125976,0.39726741070008026,-0.7242135940207031,0.07364491993480342,-0.9425392597054306,-0.15986739803671018,-1.5166816717001321
-0.5225461379734192,0.5016411721156867,-0.19636219442451197,-0.08279560674842192,-0.9425392597054306,-0.15986739803671018,-0.32581980635769175
0.018840246168125976,0.2928936492844738,-0.19094718879172357,-0.054710220855685394,0.4606753594778814,0.6733539259906193,-0.32581980635769175
-0.5225461379734192,-0.43772268062477143,1.2801200373157304,-0.7169340566423148,1.1622826690695374,-0.7153482807215965,-1.5166816717001321
0.018840246168125976,-0.2289751577935585,0.1798411350534355,-0.4747591940759991,-0.9425392597054306,-0.9930887220640396,0.8650420589847486
0.018840246168125976,-0.8552177262871973,0.3092151098368074,-0.6528180770056071,1.1622826690695374,-0.7153482807215965,0.8650420589847486
-0.5225461379734192,-0.2289751577935585,-0.11194114011333434,-0.5287742893126876,-0.9425392597054306,-1.2708291634064828,-0.32581980635769175
4.349931319300485,-1.0639652491184102,1.2293055128080435,-0.4601621843028005,-1.6441465692970867,-0.4376078393791533,0.8650420589847486
-0.7932393300441917,0.6060149335312932,-0.5239700352082091,-0.2170018695998975,1.1622826690695374,-0.7153482807215965,0.8650420589847486
-0.5225461379734192,0.7103886949468996,-0.37550397870923274,-0.001618986997047508,-0.9425392597054306,-0.9930887220640396,-1.5166816717001321
1.642999398592761,1.232257502024932,-1.1395221961354367,1.73437813311846,-1.6441465692970867,1.784315691360392,0.8650420589847486
-1.063932522114964,-1.2727127719496232,1.3106841155007989,-0.7789559504887746,0.4606753594778814,1.5065752500179488,-0.32581980635769175
-1.063932522114964,1.4410050248561448,-1.1760316155565047,0.23236430468388675,-0.9425392597054306,-1.2708291634064828,0.8650420589847486
0.28953343823889843,0.18851988786886734,-0.3580866410037691,-0.3638342379513972,1.1622826690695374,0.3956134846481761,0.8650420589847486
-0.25185294590264645,-1.0639652491184102,2.320694315616508,-0.7891184256473306,1.1622826690695374,0.11787304330573296,-1.5166816717001321
-0.25185294590264645,-0.2289751577935585,1.035719061435859,-0.6150013512640715,1.1622826690695374,0.11787304330573296,-1.5166816717001321
0.8309198223804434,1.4410050248561448,-1.0974163404804818,2.019173800592174,0.4606753594778814,0.9510943673330624,0.8650420589847486
-1.063932522114964,0.39726741070008026,-0.4509232839659039,-0.12658663606801765,0.4606753594778814,0.6733539259906193,-0.32581980635769175
3.5378517430881686,-0.2289751577935585,1.090343628566616,-0.17093198221444375,-1.6441465692970867,-0.4376078393791533,0.8650420589847486
-0.7932393300441917,0.6060149335312932,-0.3617850340261632,-0.34609609949282677,-0.9425392597054306,-1.2708291634064828,-1.5166816717001321
0.28953343823889843,-0.020227634962345597,-0.1339500676466005,-0.377753749380692,1.1622826690695374,-0.7153482807215965,-1.5166816717001321
-0.7932393300441917,-1.7945815790276554,1.300761257240715,-0.808950649896149,-0.9425392597054306,-1.2708291634064828,0.8650420589847486
1.642999398592761,-1.4814602947808362,2.302690817507495,-0.7820970791741465,-1.6441465692970867,1.2288348086755054,0.8650420589847486
0.018840246168125976,0.2928936492844738,-0.3903115069988938,0.18475464833501543,0.4606753594778814,0.9510943673330624,-0.32581980635769175
-1.063932522114964,-0.43772268062477143,1.8937322864312118,-0.7900422870253812,-0.9425392597054306,-1.2708291634064828,0.8650420589847486
0.28953343823889843,-1.690207817612049,0.5569795299370448,-0.7186585978813425,-0.9425392597054306,-0.15986739803671018,-1.5166816717001321
-0.7932393300441917,-1.5858340561964426,2.698600301504765,-0.8305690061425316,-0.9425392597054306,-1.2708291634064828,0.8650420589847486
4.349931319300485,-1.5858340561964426,0.5632877323752417,-0.4303522571710363,-1.6441465692970867,-0.4376078393791533,0.8650420589847486
0.5602266303096711,-1.1683390105340168,1.4698824898647604,-0.6963627432910561,0.4606753594778814,0.9510943673330624,-0.32581980635769175
2.319732378769692,-0.7508439648715909,1.7074030591029703,-0.6167874832616359,-0.24093195011377463,-1.548569604748926,0.8650420589847486
0.28953343823889843,0.08414612645326086,0.09909056136448298,-0.17696787655104063,-0.24093195011377463,-2.1040504874338124,0.8650420589847486
0.28953343823889843,1.5453787862717514,-1.3200596004286083,1.7786002977478126,1.1622826690695374,0.11787304330573296,0.8650420589847486
-0.25185294590264645,0.18851988786886734,-0.12299445058026319,-0.3929666667392576,1.1622826690695374,-0.7153482807215965,0.8650420589847486
-0.5225461379734192,-0.020227634962345597,-0.845534841355315,-0.29035646301711066,1.1622826690695374,-0.7153482807215965,-1.5166816717001321
-0.25185294590264645,-0.7508439648715909,1.1867251463502153,-0.7043695419008275,-0.9425392597054306,-0.15986739803671018,-1.5166816717001321
0.28953343823889843,-1.898955340443262,2.131699454072126,-0.8082731515522452,-0.9425392597054306,-0.9930887220640396,0.8650420589847486
0.018840246168125976,1.023509979193719,-0.687369225797607,0.24320427818634646,1.1622826690695374,-0.7153482807215965,0.8650420589847486
-1.063932522114964,0.08414612645326086,-0.6541255571963133,-0.4875084810930966,-0.9425392597054306,-1.2708291634064828,0.8650420589847486
0.8309198223804434,-1.0639652491184102,0.6758444860567836,-0.5702248698078886,0.4606753594778814,0.9510943673330624,-0.32581980635769175
-0.25185294590264645,1.7541263091029642,-1.402694261128969,1.0255300931195463,1.1622826690695374,0.3956134846481761,0.8650420589847486
-0.5225461379734192,-0.8552177262871973,1.2920525883879832,-0.7532110134204328,1.1622826690695374,-0.7153482807215965,0.8650420589847486
-0.25185294590264645,1.4410050248561448,-1.2437191859663597,1.271277219680991,-0.9425392597054306,-0.15986739803671018,-1.5166816717001321
-0.7932393300441917,1.232257502024932,-0.6132338909487103,0.13498931543735948,1.1622826690695374,-0.7153482807215965,0.8650420589847486
0.28953343823889843,1.4410050248561448,-1.1746639079482233,1.4774214885033354,-0.9425392597054306,-0.9930887220640396,-1.5166816717001321
0.5602266303096711,-0.12460139637795206,-0.6090749433235275,-0.11445325663628719,-1.6441465692970867,1.784315691360392,0.8650420589847486
-1.063932522114964,-1.2727127719496232,0.5881995495260851,-0.7684239307789984,1.1622826690695374,0.3956134846481761,0.8650420589847486
-0.5225461379734192,-0.2289751577935585,1.106114134662108,-0.6887254892325049,1.1622826690695374,-0.7153482807215965,0.8650420589847486
0.018840246168125976,1.6497525476873578,-1.4866128922371045,3.120970880055252,0.4606753594778814,0.9510943673330624,-0.32581980635769175
-0.25185294590264645,-0.333348919209165,0.16183763694442257,-0.4989027714223866,-0.9425392597054306,-0.9930887220640396,-1.5166816717001321
0.28953343823889843,1.232257502024932,-0.9997089836888543,1.5557033426034848,-0.24093195011377463,-2.1040504874338124,0.8650420589847486
-0.25185294590264645,1.4410050248561448,-1.25514931383557,0.8706909261582755,1.1622826690695374,-0.7153482807215965,0.8650420589847486
-0.5225461379734192,-0.7508439648715909,0.8000267544087193,-0.6675998590544158,1.1622826690695374,0.11787304330573296,-1.5166816717001321
4.349931319300485,-0.7508439648715909,0.4413524122369115,-0.08310356054110543,-1.6441465692970867,-0.4376078393791533,0.8650420589847486
-0.5225461379734192,0.39726741070008026,-0.3789930287303593,-0.32022798090741156,0.4606753594778814,1.5065752500179488,0.8650420589847486
-0.7932393300441917,-0.12460139637795206,0.08678119288994857,-0.5455885663932074,1.1622826690695374,-0.7153482807215965,-1.5166816717001321
-0.5225461379734192,0.6060149335312932,-0.7283585854458015,-0.23135251633894927,-0.9425392597054306,-1.2708291634064828,0.8650420589847486
0.018840246168125976,-0.7508439648715909,0.6971835159859935,-0.6419781035031474,-0.9425392597054306,-0.15986739803671018,-1.5166816717001321
-0.25185294590264645,-1.690207817612049,1.2139257803149177,-0.7707027888448564,-0.9425392597054306,-0.15986739803671018,-1.5166816717001321
-1.063932522114964,-1.1683390105340168,1.184129293134497,-0.781357990071706,0.4606753594778814,1.5065752500179488,0.8650420589847486
-1.063932522114964,0.6060149335312932,-0.26541747244264835,-0.0973926165216205,0.4606753594778814,0.6733539259906193,-0.32581980635769175
-0.7932393300441917,-0.333348919209165,0.7940814131727196,-0.7108365715471813,-0.9425392597054306,-1.2708291634064828,0.8650420589847486
-0.5225461379734192,-0.2289751577935585,0.6623488405750662,-0.5990493448030655,-0.9425392597054306,-0.9930887220640396,0.8650420589847486
-0.7932393300441917,-1.4814602947808362,1.1258482015815996,-0.7838216204131742,-0.9425392597054306,-1.2708291634064828,-0.32581980635769175
-0.25185294590264645,0.7103886949468996,-1.1403456119404227,0.01864437256152774,1.1622826690695374,0.3956134846481761,0.8650420589847486
3.5378517430881686,0.9191362177781126,-0.44511750473074935,2.5176278094297104,-1.6441465692970867,-0.4376078393791533,0.8650420589847486
-0.5225461379734192,0.8147624563625061,-0.9285463194579575,0.5456764933600944,0.4606753594778814,0.6733539259906193,-0.32581980635769175
-0.25185294590264645,1.1278837406093254,-0.8729308621212005,0.4090066001671506,1.1622826690695374,-0.7153482807215965,-1.5166816717001321
-0.25185294590264645,1.6497525476873578,-1.408346522163194,1.7340701793257765,-0.9425392597054306,-0.15986739803671018,-1.5166816717001321
0.28953343823889843,-0.12460139637795206,0.46126790975750176,-0.5818655231713253,1.1622826690695374,0.3956134846481761,-1.5166816717001321
0.018840246168125976,0.08414612645326086,0.24525384484951576,-0.3648196900879844,1.1622826690695374,0.11787304330573296,-1.5166816717001321
0.28953343823889843,0.08414612645326086,0.17456569142149217,-0.4431631349466705,1.1622826690695374,-0.7153482807215965,0.8650420589847486
0.018840246168125976,-1.4814602947808362,2.3623396166686743,-0.7860388877204955,0.4606753594778814,0.9510943673330624,-0.32581980635769175
0.018840246168125976,-0.020227634962345597,-1.134400270704423,0.0024460030663748826,1.1622826690695374,0.11787304330573296,0.8650420589847486
2.319732378769692,1.6497525476873578,-1.3477766137964373,7.596093804573547,-0.24093195011377463,-1.826310046091369,0.8650420589847486
-0.7932393300441917,-0.43772268062477143,0.3631279107632546,-0.6780702880056553,1.1622826690695374,0.3956134846481761,0.8650420589847486
1.642999398592761,-1.898955340443262,0.3107502918461031,-0.6782550602812654,-1.6441465692970867,1.784315691360392,0.8650420589847486
-0.5225461379734192,0.5016411721156867,-0.34845686294545986,-0.26362607381218156,1.1622826690695374,-0.7153482807215965,0.8650420589847486
0.8309198223804434,-0.7508439648715909,0.22863201054886895,-0.48239644813455024,-1.6441465692970867,1.2288348086755054,-1.5166816717001321
0.28953343823889843,0.5016411721156867,-0.520327466986153,0.3612121715426692,-0.24093195011377463,-2.1040504874338124,0.8650420589847486
-0.25185294590264645,-0.2289751577935585,-0.37254526429131746,-0.32909705013669677,1.1622826690695374,0.11787304330573296,-1.5166816717001321
0.018840246168125976,-1.690207817612049,0.841602274460463,-0.7486532972887168,-0.9425392597054306,-0.9930887220640396,0.8650420589847486
0.5602266303096711,-0.8552177262871973,0.04443808183355694,-0.4843673524077247,0.4606753594778814,0.9510943673330624,0.8650420589847486
-0.5225461379734192,0.6060149335312932,-0.7708831271032917,0.15457517665203102,1.1622826690695374,0.11787304330573296,-1.5166816717001321
-0.5225461379734192,0.18851988786886734,-0.07160772186911159,-0.23356978364627057,0.4606753594778814,0.6733539259906193,-0.32581980635769175
-0.5225461379734192,0.39726741070008026,0.10842725922101759,-0.49570005197847805,-0.9425392597054306,-1.2708291634064828,0.8650420589847486
-0.25185294590264645,0.2928936492844738,-0.49689500704426715,-0.3520088123123502,1.1622826690695374,0.3956134846481761,0.8650420589847486
0.28953343823889843,-1.2727127719496232,0.6330547765976878,-0.6864466311666468,-0.9425392597054306,-0.15986739803671018,-1.5166816717001321
-0.5225461379734192,0.6060149335312932,0.13209697456434,-0.21435346698281926,1.1622826690695374,0.11787304330573296,-1.5166816717001321
0.018840246168125976,-0.333348919209165,-0.45005799956066456,-0.341476792602574,-0.9425392597054306,-0.15986739803671018,-1.5166816717001321
-0.25185294590264645,-0.2289751577935585,1.271174113061562,-0.6637812320251403,1.1622826690695374,-0.7153482807215965,-0.32581980635769175
-0.5225461379734192,1.6497525476873578,-1.342864031366691,1.3213505063713304,0.4606753594778814,1.5065752500179488,-0.32581980635769175
-0.25185294590264645,-1.5858340561964426,0.6145628114857172,-0.746743983774079,1.1622826690695374,-0.7153482807215965,-1.5166816717001321
0.018840246168125976,-0.7508439648715909,3.0927233918912185,-0.8031611185936989,1.1622826690695374,0.11787304330573296,-1.5166816717001321
1.642999398592761,-1.2727127719496232,0.8673514636163768,-0.4584992338223095,-0.24093195011377463,-1.826310046091369,0.8650420589847486
0.018840246168125976,0.6060149335312932,-0.5733889397074453,0.09458577783728239,-0.9425392597054306,-0.9930887220640396,0.8650420589847486
-1.063932522114964,0.2928936492844738,-0.9453356281596184,-0.165696767738824,-0.9425392597054306,-0.9930887220640396,0.8650420589847486
0.018840246168125976,-2.1077028632744748,2.3095712241491566,-0.8115990525132272,0.4606753594778814,0.6733539259906193,-0.32581980635769175
0.28953343823889843,-1.0639652491184102,1.4787586331185063,-0.7322701555179538,-1.6441465692970867,1.784315691360392,0.8650420589847486
2.9964653589466232,0.5016411721156867,-0.2712372078778874,1.4032046244666085,-1.6441465692970867,-0.4376078393791533,0.8650420589847486
0.018840246168125976,-1.3770865333652296,2.0253671656282735,-0.7772930000082836,0.4606753594778814,0.6733539259906193,-0.32581980635769175
0.018840246168125976,0.18851988786886734,0.49424641055718976,-0.25149269438045113,0.4606753594778814,0.9510943673330624,-0.32581980635769175
-0.7932393300441917,-1.5858340561964426,1.282785671531871,-0.7928138711595327,1.1622826690695374,-0.7153482807215965,0.8650420589847486
0.28953343823889843,-0.12460139637795206,0.7074692354482746,-0.5061704809297175,-1.6441465692970867,1.784315691360392,0.8650420589847486
-1.063932522114964,1.1278837406093254,-1.3140584343922705,0.23433520895706125,0.4606753594778814,1.5065752500179488,0.8650420589847486
0.018840246168125976,0.8147624563625061,-1.4257499036685732,0.4574169363769991,1.1622826690695374,-0.7153482807215965,0.8650420589847486
0.018840246168125976,0.18851988786886734,-0.7552242706084757,0.13172500523491423,0.4606753594778814,0.6733539259906193,-0.32581980635769175
-0.5225461379734192,0.9191362177781126,-0.567150518269671,-0.0397436665312666,0.4606753594778814,1.5065752500179488,0.8650420589847486
-0.5225461379734192,1.023509979193719,-0.928588188058211,0.744553052675108,0.4606753594778814,0.6733539259906193,-0.32581980635769175
1.642999398592761,1.4410050248561448,-1.1532969656188443,2.1195667370069997,-1.6441465692970867,1.784315691360392,0.8650420589847486
-0.7932393300441917,-1.0639652491184102,1.247406704317648,-0.7578919110692223,0.4606753594778814,1.5065752500179488,-0.32581980635769175
-0.25185294590264645,-2.0033291018588684,1.1108871550910089,-0.780126174900972,1.1622826690695374,0.11787304330573296,0.8650420589847486
-0.25185294590264645,0.39726741070008026,-0.1002737568426872,-0.23621818626334878,-0.9425392597054306,-0.9930887220640396,0.8650420589847486
0.018840246168125976,1.4410050248561448,-1.1515663968083656,0.9000697179802827,1.1622826690695374,-0.7153482807215965,0.8650420589847486
-0.5225461379734192,-0.43772268062477143,1.0542668513481677,-0.669632354086127,-0.9425392597054306,-0.15986739803671018,-1.5166816717001321
-0.25185294590264645,-0.333348919209165,0.9790429328926795,-0.6343408494445962,-0.9425392597054306,-0.15986739803671018,-1.5166816717001321
-0.7932393300441917,0.08414612645326086,-1.0363160965105138,-0.3048302912732358,0.4606753594778814,1.5065752500179488,0.8650420589847486
0.28953343823889843,-1.4814602947808362,1.6593937308122693,-0.7612178120302042,-1.6441465692970867,1.2288348086755054,-1.5166816717001321
-0.5225461379734192,0.08414612645326086,-0.17971244772369613,-0.3110509578854428,1.1622826690695374,0.11787304330573296,-1.5166816717001321
-0.5225461379734192,1.3366312634405384,-0.7735068927191788,0.3149575118816053,0.4606753594778814,1.5065752500179488,0.8650420589847486
2.9964653589466232,-1.3770865333652296,2.8357897483354604,-0.7707643796033932,-0.24093195011377463,-1.548569604748926,0.8650420589847486
-1.063932522114964,-0.9595914877028038,-0.10404193086550385,-0.5944916286713495,0.4606753594778814,0.6733539259906193,-0.32581980635769175
0.018840246168125976,0.9191362177781126,-1.4541089022402895,0.9098626485876184,1.1622826690695374,0.11787304330573296,0.8650420589847486
-0.25185294590264645,-0.12460139637795206,-0.193026662604315,-0.5224304411834071,1.1622826690695374,0.3956134846481761,0.8650420589847486
-0.5225461379734192,-0.020227634962345597,0.175305370025971,-0.4709405670467235,-0.9425392597054306,-0.9930887220640396,0.8650420589847486
0.28953343823889843,0.18851988786886734,-0.3824402101512323,-0.357859934373337,1.1622826690695374,0.3956134846481761,0.8650420589847486
0.28953343823889843,-1.898955340443262,2.749959117815748,-0.8262576530449625,1.1622826690695374,-0.7153482807215965,0.8650420589847486
-0.5225461379734192,1.3366312634405384,-0.9378830173144921,0.2331033937863272,-0.9425392597054306,-1.2708291634064828,0.8650420589847486
0.018840246168125976,1.023509979193719,-1.0450247653632456,0.662452571545683,-0.9425392597054306,-0.15986739803671018,0.8650420589847486
0.018840246168125976,1.5453787862717514,-1.2385833043352614,2.02317719989706,0.4606753594778814,0.6733539259906193,-0.32581980635769175
-0.5225461379734192,-1.0639652491184102,1.883125574366987,-0.7981722671522259,1.1622826690695374,0.3956134846481761,-1.5166816717001321
-0.25185294590264645,0.2928936492844738,0.374278914630775,-0.319920027114728,-0.9425392597054306,-0.9930887220640396,-0.32581980635769175
-0.7932393300441917,0.8147624563625061,-0.30981214491146236,-0.1999412294852308,1.1622826690695374,-0.7153482807215965,0.8650420589847486
1.1016130144512162,1.1278837406093254,-1.1422994799522534,3.9552177044348924,-0.24093195011377463,-1.826310046091369,0.8650420589847486
0.018840246168125976,-0.43772268062477143,0.2802978632617107,-0.4713101115979437,0.4606753594778814,0.9510943673330624,0.8650420589847486
-1.063932522114964,0.8147624563625061,-0.2435481069102272,-0.16723653670224156,-0.9425392597054306,-0.9930887220640396,0.8650420589847486
-0.5225461379734192,0.18851988786886734,-0.17840056491575257,-0.488247570195537,-0.9425392597054306,-1.2708291634064828,0.8650420589847486
-0.5225461379734192,1.3366312634405384,-1.1865266780200534,1.0665495383049906,1.1622826690695374,0.11787304330573296,-1.5166816717001321
2.319732378769692,-0.9595914877028038,-0.39052085000016135,-0.14968317051928123,-0.24093195011377463,-1.548569604748926,0.8650420589847486
-0.25185294590264645,0.2928936492844738,0.051946517479021244,-0.47500555711014586,1.1622826690695374,0.3956134846481761,0.8650420589847486
-0.5225461379734192,0.9191362177781126,-0.6539720389953837,0.163074701330096,0.4606753594778814,1.5065752500179488,-0.32581980635769175
-0.25185294590264645,0.2928936492844738,-0.2083087016968492,-0.21774095870233792,-0.9425392597054306,-0.15986739803671018,-1.5166816717001321
0.5602266303096711,1.3366312634405384,-1.0327712216890492,2.150670070068035,0.4606753594778814,0.9510943673330624,-0.32581980635769175
-1.063932522114964,-0.020227634962345597,0.11770813227721416,-0.6153093050567551,1.1622826690695374,0.3956134846481761,0.8650420589847486
-0.25185294590264645,1.6497525476873578,-1.2981902348961871,0.8352762399996713,1.1622826690695374,0.3956134846481761,0.8650420589847486
0.28953343823889843,0.39726741070008026,0.03758558759206443,-0.3986330165246343,1.1622826690695374,0.3956134846481761,0.8650420589847486
-0.7932393300441917,-1.2727127719496232,1.3612613846070492,-0.7954006830180743,-0.9425392597054306,-1.2708291634064828,0.8650420589847486
-1.063932522114964,-0.43772268062477143,0.6264534939577164,-0.6137079453348008,0.4606753594778814,0.6733539259906193,-0.32581980635769175
0.018840246168125976,0.6060149335312932,-0.7095456277318871,0.6242663012529273,0.4606753594778814,0.9510943673330624,-0.32581980635769175
1.642999398592761,-1.0639652491184102,0.8932402147731358,-0.6217763347031089,-1.6441465692970867,1.2288348086755054,-1.5166816717001321
-0.7932393300441917,-0.6464702034559844,1.259813766192774,-0.750685792320428,0.4606753594778814,1.5065752500179488,0.8650420589847486
0.28953343823889843,0.8147624563625061,-0.794469105246107,0.5418578663308188,-1.6441465692970867,1.784315691360392,0.8650420589847486
-0.5225461379734192,-0.12460139637795206,-0.07198453927139326,-0.44427176860033113,-0.9425392597054306,-0.9930887220640396,0.8650420589847486
-0.5225461379734192,-0.6464702034559844,0.4229023157251944,-0.6286129089006829,-0.9425392597054306,-0.9930887220640396,0.8650420589847486
-1.063932522114964,1.4410050248561448,-0.9953825616626574,0.15340495223983366,-0.9425392597054306,-1.2708291634064828,0.8650420589847486
-0.25185294590264645,-0.5420964420403779,1.8379493546934407,-0.7341794690325916,1.1622826690695374,0.11787304330573296,-1.5166816717001321
0.018840246168125976,-0.9595914877028038,1.5327272588452914,-0.7200751853276867,0.4606753594778814,0.6733539259906193,-0.32581980635769175
0.28953343823889843,0.2928936492844738,-0.14452886731065617,-0.16643585684126444,-0.9425392597054306,-0.15986739803671018,-1.5166816717001321
-1.063932522114964,0.8147624563625061,-0.5739751001109945,-0.07860743516792612,0.4606753594778814,1.5065752500179488,-0.32581980635769175
-1.063932522114964,-0.5420964420403779,0.1468905466539165,-0.688294353922748,-0.9425392597054306,-1.2708291634064828,0.8650420589847486
-0.7932393300441917,1.232257502024932,-0.8470281547643571,0.05128747458598027,-0.9425392597054306,-1.2708291634064828,0.8650420589847486
0.28953343823889843,-0.7508439648715909,-0.26770628925650736,-0.4716796561491639,-0.9425392597054306,-0.9930887220640396,-1.5166816717001321
-0.25185294590264645,0.18851988786886734,0.6981464937918245,-0.4939755107394504,-0.9425392597054306,-0.15986739803671018,-1.5166816717001321
-1.063932522114964,-0.020227634962345597,0.03838109099688128,-0.6049620576225889,1.1622826690695374,0.3956134846481761,0.8650420589847486
-0.5225461379734192,0.8147624563625061,-0.44010722890041165,-0.10053374520699235,1.1622826690695374,-0.7153482807215965,0.8650420589847486
-0.5225461379734192,-0.5420964420403779,-0.5201460363850544,-0.42055932656370054,1.1622826690695374,0.11787304330573296,-1.5166816717001321
-0.25185294590264645,-0.333348919209165,1.3379684866660084,-0.676468928283701,1.1622826690695374,0.11787304330573296,0.8650420589847486
-0.5225461379734192,1.7541263091029642,-1.3319642391006918,1.5397513361424788,-0.9425392597054306,-0.15986739803671018,0.8650420589847486
-0.5225461379734192,-0.333348919209165,-0.8185714627920491,-0.3580447066489471,0.4606753594778814,1.5065752500179488,-0.32581980635769175
0.8309198223804434,0.6060149335312932,-0.6429885095288774,0.7997999630825304,0.4606753594778814,0.9510943673330624,-0.32581980635769175
0.28953343823889843,1.3366312634405384,-0.8466792497622445,1.1302343826319412,1.1622826690695374,0.11787304330573296,-1.5166816717001321
0.28953343823889843,-0.020227634962345597,-0.11790043754941845,-0.2644267536731587,-1.6441465692970867,1.784315691360392,0.8650420589847486
0.28953343823889843,-0.333348919209165,-0.6877041745996351,-0.005129660233639572,0.4606753594778814,0.9510943673330624,-0.32581980635769175
-1.063932522114964,-0.2289751577935585,-0.47618400611886,-0.5772462162810726,-0.9425392597054306,-1.2708291634064828,0.8650420589847486
-0.7932393300441917,0.18851988786886734,-0.8675437688885811,-0.28062512316831156,1.1622826690695374,-0.7153482807215965,0.8650420589847486
0.28953343823889843,-1.2727127719496232,1.6299042800337078,-0.7468055745326158,-1.6441465692970867,1.2288348086755054,-1.5166816717001321
0.018840246168125976,1.6497525476873578,-1.309606406565313,1.7883932283551482,-0.9425392597054306,-0.15986739803671018,-1.5166816717001321
-1.063932522114964,0.2928936492844738,0.1853119654865619,-0.5811880248274217,-0.9425392597054306,-1.2708291634064828,0.8650420589847486
3.5378517430881686,-0.2289751577935585,0.14877463366532484,0.3344817823377401,-1.6441465692970867,-0.4376078393791533,0.8650420589847486
0.28953343823889843,0.5016411721156867,0.23795475220531906,-0.17739901186079754,-1.6441465692970867,1.784315691360392,0.8650420589847486
-0.5225461379734192,1.3366312634405384,-0.8998523720842129,1.0727702049171974,0.4606753594778814,0.6733539259906193,-0.32581980635769175
-1.063932522114964,-0.333348919209165,0.39686004636750594,-0.5614173913371401,0.4606753594778814,0.6733539259906193,-0.32581980635769175
-0.5225461379734192,-0.6464702034559844,1.0090348068742832,-0.6557128426568322,0.4606753594778814,0.6733539259906193,-0.32581980635769175
0.018840246168125976,-1.7945815790276554,0.5593939525516645,-0.7509321553545748,1.1622826690695374,-0.7153482807215965,-1.5166816717001321
-0.5225461379734192,0.7103886949468996,-0.6598894678312143,0.3055957165840265,0.4606753594778814,0.6733539259906193,-0.32581980635769175
-0.25185294590264645,0.18851988786886734,-0.17859595171693565,-0.26750629159999384,-0.9425392597054306,-0.15986739803671018,-1.5166816717001321
2.319732378769692,-0.8552177262871973,0.21887662668979915,-0.04393183811176239,-0.24093195011377463,-1.826310046091369,0.8650420589847486
1.1016130144512162,-1.0639652491184102,0.5264712765523144,-0.5070327515492313,-0.24093195011377463,-1.548569604748926,0.8650420589847486
-1.063932522114964,1.4410050248561448,-1.2761115263624982,0.3063963964450036,1.1622826690695374,0.3956134846481761,0.8650420589847486
-0.5225461379734192,-0.8552177262871973,0.743713487067737,-0.6958700172227624,0.4606753594778814,1.5065752500179488,-0.32581980635769175
-0.5225461379734192,0.08414612645326086,-1.0460575241694992,-0.22827297841211414,1.1622826690695374,-0.7153482807215965,0.8650420589847486
-0.5225461379734192,0.18851988786886734,0.12757516573696,-0.5349333651663578,1.1622826690695374,0.3956134846481761,0.8650420589847486
-0.25185294590264645,0.6060149335312932,-0.9213449202143523,0.3926234583963877,-0.9425392597054306,-0.15986739803671018,-0.32581980635769175
-0.7932393300441917,0.8147624563625061,-0.49323848262212655,-0.24952179010727663,1.1622826690695374,0.3956134846481761,0.8650420589847486
0.018840246168125976,-0.9595914877028038,0.5361429232108772,-0.6879248093715278,1.1622826690695374,-0.7153482807215965,0.8650420589847486
1.642999398592761,1.5453787862717514,-1.1076601913425093,2.583837874856666,-1.6441465692970867,1.2288348086755054,-1.5166816717001321
0.018840246168125976,0.08414612645326086,0.2967243107611744,-0.40380664024171736,-0.9425392597054306,-0.15986739803671018,-1.5166816717001321
0.8309198223804434,0.6060149335312932,-0.7049959065043382,0.8484566623265257,0.4606753594778814,0.9510943673330624,-0.32581980635769175
0.28953343823889843,-0.6464702034559844,0.5056486260262313,-0.5879014175079222,-0.9425392597054306,-0.15986739803671018,-1.5166816717001321
0.018840246168125976,-0.6464702034559844,0.3633512099646067,-0.5800178004152243,-0.9425392597054306,-0.15986739803671018,-1.5166816717001321
0.018840246168125976,1.1278837406093254,-0.9222799856200142,0.44990286383552136,1.1622826690695374,-0.7153482807215965,0.8650420589847486
-1.063932522114964,-0.43772268062477143,-0.9517833925986602,-0.5523635498322447,-0.9425392597054306,-1.2708291634064828,0.8650420589847486
-0.5225461379734192,1.5453787862717514,-1.2252272208543888,1.6705701072744357,0.4606753594778814,0.6733539259906193,-0.32581980635769175
-0.7932393300441917,-0.7508439648715909,-0.12180817357308017,-0.6708025784983244,-0.9425392597054306,-1.2708291634064828,0.8650420589847486
0.28953343823889843,-0.5420964420403779,0.048080650055613045,-0.43608019771494966,-0.9425392597054306,-0.15986739803671018,-0.32581980635769175
-0.5225461379734192,-1.5858340561964426,-0.5408570373104614,-0.6465974103934001,-0.9425392597054306,-0.9930887220640396,0.8650420589847486
-0.5225461379734192,0.39726741070008026,-0.20567097988087754,-0.4309681647564033,-0.9425392597054306,-1.2708291634064828,0.8650420589847486
-0.5225461379734192,-1.1683390105340168,0.6939875461666416,-0.7197672315350031,0.4606753594778814,1.5065752500179488,-0.32581980635769175
-0.5225461379734192,0.39726741070008026,-0.4174563161632582,-0.10724713788749296,1.1622826690695374,0.11787304330573296,-1.5166816717001321
-0.25185294590264645,-1.690207817612049,3.2417058277933215,-0.8284749203522838,-0.9425392597054306,-0.15986739803671018,-1.5166816717001321
-0.25185294590264645,-1.1683390105340168,-0.6254176536224841,-0.6019441104542905,1.1622826690695374,-0.7153482807215965,0.8650420589847486
-0.5225461379734192,1.5453787862717514,-1.311699836577989,0.5948259186723832,-0.9425392597054306,-1.2708291634064828,0.8650420589847486
0.28953343823889843,0.7103886949468996,-0.7037956732970706,0.2818216837888592,-0.9425392597054306,-0.9930887220640396,0.8650420589847486
0.28953343823889843,-1.1683390105340168,2.2497968191872166,-0.788810471854647,1.1622826690695374,-0.7153482807215965,-0.32581980635769175
-0.5225461379734192,0.5016411721156867,-0.20067466025062436,-0.2792701264805041,1.1622826690695374,-0.7153482807215965,-1.5166816717001321
3.5378517430881686,-2.1077028632744748,2.655489599443726,-0.7756300495277927,-1.6441465692970867,-0.4376078393791533,0.8650420589847486
3.5378517430881686,-0.020227634962345597,-0.7299914608556887,1.2692447246492797,-1.6441465692970867,-0.4376078393791533,0.8650420589847486
-1.063932522114964,-0.43772268062477143,0.7655130715997356,-0.6324315359299585,0.4606753594778814,0.6733539259906193,-0.32581980635769175
2.9964653589466232,0.8147624563625061,-0.5030915598817879,1.2234827910565094,-0.24093195011377463,-2.1040504874338124,0.8650420589847486
-1.063932522114964,-0.7508439648715909,1.4172257469459186,-0.7306687957959995,0.4606753594778814,0.6733539259906193,-0.32581980635769175
-0.25185294590264645,1.1278837406093254,-0.9622505426620398,0.6345519579285566,-0.9425392597054306,-0.9930887220640396,0.8650420589847486
0.018840246168125976,1.1278837406093254,-0.9706521751129125,1.4631324325228203,0.4606753594778814,0.9510943673330624,-0.32581980635769175
-0.25185294590264645,1.4410050248561448,-1.0571806156368506,1.0533075252195994,1.1622826690695374,-0.7153482807215965,-0.32581980635769175
0.28953343823889843,0.7103886949468996,-0.685136233784086,0.5148811140917429,-1.6441465692970867,1.2288348086755054,-1.5166816717001321
-1.063932522114964,0.7103886949468996,-0.5423503507195037,-0.32453933400498075,1.1622826690695374,0.3956134846481761,0.8650420589847486
3.5378517430881686,-0.2289751577935585,-0.4914102204110562,0.8055894943849805,-1.6441465692970867,-0.4376078393791533,0.8650420589847486
-0.25185294590264645,-1.2727127719496232,0.03574336918090962,-0.6757298391812606,1.1622826690695374,-0.7153482807215965,-1.5166816717001321
-0.5225461379734192,1.023509979193719,-0.11785856894916494,0.22577409352045955,0.4606753594778814,0.6733539259906193,-0.32581980635769175
-0.7932393300441917,1.8585000705185708,-1.479955784796795,1.5692533094815595,0.4606753594778814,1.5065752500179488,-0.32581980635769175
0.28953343823889843,1.8585000705185708,-1.5008761287234698,2.774214909493615,-1.6441465692970867,1.784315691360392,0.8650420589847486
-0.7932393300441917,0.2928936492844738,0.042791250223585216,-0.5317306457224492,-0.9425392597054306,-1.2708291634064828,0.8650420589847486
-0.25185294590264645,0.18851988786886734,-0.9545746326155614,-0.13305366571437147,1.1622826690695374,-0.7153482807215965,-1.5166816717001321
0.018840246168125976,0.39726741070008026,-0.9444284751541254,0.22737545324241382,1.1622826690695374,0.11787304330573296,-1.5166816717001321
0.28953343823889843,-0.43772268062477143,1.2045890824583831,-0.6421012850202208,-1.6441465692970867,1.784315691360392,0.8650420589847486
-0.7932393300441917,1.232257502024932,-0.5182479931735615,-0.07712925696304525,-0.9425392597054306,-1.2708291634064828,0.8650420589847486
-1.063932522114964,-0.12460139637795206,0.4327414367847712,-0.6659369085739248,1.1622826690695374,0.3956134846481761,0.8650420589847486
0.28953343823889843,-0.6464702034559844,0.49331134515152786,-0.6698787171202738,1.1622826690695374,0.3956134846481761,0.8650420589847486
-0.25185294590264645,0.2928936492844738,-1.1629546560773225,-0.05298567961665771,1.1622826690695374,-0.7153482807215965,0.8650420589847486
0.28953343823889843,1.232257502024932,-0.880913808569538,0.8615754938948434,-0.9425392597054306,-0.9930887220640396,0.8650420589847486
-0.25185294590264645,-0.6464702034559844,2.0940735386442975,-0.7582614556204424,1.1622826690695374,0.11787304330573296,-1.5166816717001321
-0.25185294590264645,0.9191362177781126,-0.8172316675839365,0.012916432017614374,1.1622826690695374,0.3956134846481761,0.8650420589847486
-0.5225461379734192,1.232257502024932,-0.9875670896153339,0.18549373743745587,-0.9425392597054306,-1.2708291634064828,0.8650420589847486
-0.5225461379734192,1.023509979193719,-0.5586511924182068,0.49461775453316764,0.4606753594778814,0.6733539259906193,-0.32581980635769175
-0.25185294590264645,0.08414612645326086,0.048178343456204586,-0.38206510247826125,1.1622826690695374,-0.7153482807215965,-0.32581980635769175
-1.063932522114964,0.9191362177781126,-0.8715352421127499,-0.16852994263151233,-0.9425392597054306,-1.2708291634064828,0.8650420589847486
0.8309198223804434,-1.898955340443262,1.258962437987619,-0.7344874228252751,0.4606753594778814,0.9510943673330624,-0.32581980635769175
0.018840246168125976,-0.43772268062477143,0.08668349948935702,-0.3443099674952624,0.4606753594778814,0.9510943673330624,-0.32581980635769175
1.642999398592761,1.023509979193719,-1.1998408929006723,2.469032700944252,-0.24093195011377463,-1.548569604748926,0.8650420589847486
-0.25185294590264645,0.18851988786886734,0.24833816506819162,-0.5351797282005046,1.1622826690695374,0.3956134846481761,0.8650420589847486
-0.25185294590264645,-1.898955340443262,1.960554572435827,-0.808519514586392,-0.9425392597054306,-0.15986739803671018,0.8650420589847486
2.9964653589466232,-1.7945815790276554,2.6168727938098972,-0.7613409935472776,-1.6441465692970867,-0.4376078393791533,0.8650420589847486
-0.5225461379734192,-0.12460139637795206,0.5667628261962837,-0.5688698731200811,-0.9425392597054306,-0.15986739803671018,0.8650420589847486
1.642999398592761,0.8147624563625061,-0.5471094149483202,0.8228349067752573,-1.6441465692970867,1.2288348086755054,-1.5166816717001321
-0.7932393300441917,0.08414612645326086,-0.2849142839607034,-0.5101122894760666,1.1622826690695374,0.3956134846481761,0.8650420589847486
-0.5225461379734192,1.4410050248561448,-1.3452086729808883,0.7354376204116759,0.4606753594778814,1.5065752500179488,0.8650420589847486
0.018840246168125976,-0.43772268062477143,1.2803433365170824,-0.679363693934926,-0.9425392597054306,-0.9930887220640396,0.8650420589847486
0.018840246168125976,0.08414612645326086,0.5822262958899165,-0.39721642907829013,0.4606753594778814,0.6733539259906193,-0.32581980635769175
0.018840246168125976,0.18851988786886734,-0.8113142387481059,0.3335579209596896,0.4606753594778814,0.9510943673330624,-0.32581980635769175
0.28953343823889843,-0.020227634962345597,-0.30939345890892717,-0.24028317632677118,-0.9425392597054306,-0.15986739803671018,-1.5166816717001321
-0.7932393300441917,-0.8552177262871973,1.3001471844369967,-0.7650364390594798,0.4606753594778814,1.5065752500179488,0.8650420589847486
-0.5225461379734192,1.3366312634405384,-1.2113268455702209,1.3437695424786902,0.4606753594778814,0.6733539259906193,-0.32581980635769175
1.642999398592761,1.1278837406093254,-1.0097853601498676,1.6737112359598076,-1.6441465692970867,1.2288348086755054,-1.5166816717001321
-0.5225461379734192,-1.0639652491184102,0.04715954085003564,-0.5893180049542665,0.4606753594778814,0.6733539259906193,-0.32581980635769175
0.28953343823889843,-0.9595914877028038,2.796865906299773,-0.7970020427400286,-1.6441465692970867,1.784315691360392,0.8650420589847486
-0.7932393300441917,1.4410050248561448,-1.1982777984912076,0.37771849483050557,1.1622826690695374,0.3956134846481761,0.8650420589847486
1.642999398592761,-0.6464702034559844,1.127704376192839,-0.5925207243981749,-1.6441465692970867,1.2288348086755054,-1.5166816717001321
-0.5225461379734192,-0.6464702034559844,-0.15093476314944448,-0.6073025064469837,0.4606753594778814,1.5065752500179488,0.8650420589847486
0.28953343823889843,0.6060149335312932,-0.3935353892184147,0.06151154050307295,-0.9425392597054306,-0.9930887220640396,0.8650420589847486
-0.25185294590264645,1.023509979193719,-0.7940783316437409,0.5664941697454999,1.1622826690695374,0.11787304330573296,-1.5166816717001321
-0.5225461379734192,1.4410050248561448,-1.2052698547335452,0.5461692194283879,1.1622826690695374,0.3956134846481761,-1.5166816717001321
0.018840246168125976,-0.2289751577935585,0.7713048946348056,-0.5184886326370581,0.4606753594778814,0.6733539259906193,-0.32581980635769175
-0.5225461379734192,0.9191362177781126,-0.8396871935199068,0.5840475359284603,0.4606753594778814,0.6733539259906193,-0.32581980635769175
-0.5225461379734192,0.39726741070008026,-0.5279615084323778,-0.35742879906358005,-0.9425392597054306,-1.2708291634064828,0.8650420589847486
-0.7932393300441917,0.18851988786886734,-0.8067086927202188,-0.39481438949535874,-0.9425392597054306,-1.2708291634064828,0.8650420589847486
1.1016130144512162,1.8585000705185708,-1.500527223721357,7.961080639662049,-0.24093195011377463,-1.826310046091369,0.8650420589847486
-1.063932522114964,0.08414612645326086,0.906177612251473,-0.5717030480127694,0.4606753594778814,0.6733539259906193,-0.32581980635769175
-0.25185294590264645,-0.43772268062477143,-0.864864178472356,-0.27397332124634766,1.1622826690695374,0.11787304330573296,-1.5166816717001321
0.018840246168125976,1.023509979193719,-1.0082641343406564,1.0215266938146608,0.4606753594778814,0.6733539259906193,-0.32581980635769175
-0.25185294590264645,-1.0639652491184102,0.17255599860932327,-0.6325547174470318,-0.9425392597054306,-0.15986739803671018,-1.5166816717001321
0.018840246168125976,0.5016411721156867,-0.20352172506786362,-0.08599832619233046,-0.9425392597054306,-0.15986739803671018,-1.5166816717001321
-1.063932522114964,0.5016411721156867,-0.23569076626265026,-0.15651974471685526,0.4606753594778814,0.6733539259906193,-0.32581980635769175
-0.7932393300441917,0.6060149335312932,-0.9218892120176481,-0.22488548669259548,-0.9425392597054306,-1.2708291634064828,0.8650420589847486
-0.7932393300441917,0.18851988786886734,-0.6570424030139751,-0.3583526604416306,0.4606753594778814,1.5065752500179488,0.8650420589847486
0.28953343823889843,-0.8552177262871973,0.5000801021925133,-0.5264954312468295,0.4606753594778814,0.9510943673330624,-0.32581980635769175
0.28953343823889843,-1.5858340561964426,0.005765451399390434,-0.6261492785592148,0.4606753594778814,0.9510943673330624,0.8650420589847486
0.28953343823889843,1.023509979193719,-1.343352498369649,1.8082870433625033,0.4606753594778814,0.9510943673330624,-0.32581980635769175
-0.25185294590264645,1.4410050248561448,-1.2177048290088401,1.5488667684059108,-0.9425392597054306,-0.15986739803671018,-0.32581980635769175
0.28953343823889843,-1.5858340561964426,1.6306160462380175,-0.78819456426928,1.1622826690695374,-0.7153482807215965,-1.5166816717001321
-0.7932393300441917,1.6497525476873578,-1.3443573447757333,0.6362149084090476,1.1622826690695374,0.3956134846481761,0.8650420589847486
0.018840246168125976,-0.7508439648715909,0.5140363022770195,-0.5729348631835035,0.4606753594778814,0.6733539259906193,-0.32581980635769175
0.8309198223804434,-2.1077028632744748,1.7230479593977017,-0.7899191055083077,-1.6441465692970867,1.2288348086755054,0.8650420589847486
-0.5225461379734192,-1.0639652491184102,-0.17696307630704844,-0.5563669491371304,0.4606753594778814,0.6733539259906193,-0.32581980635769175
0.28953343823889843,-0.5420964420403779,0.4008794319918437,-0.5022902631419053,-1.6441465692970867,1.2288348086755054,-1.5166816717001321
0.28953343823889843,1.8585000705185708,-1.459830944274937,3.885250602737198,0.4606753594778814,0.9510943673330624,-0.32581980635769175
-0.5225461379734192,-0.6464702034559844,0.40689455422826587,-0.6175881631226131,-0.9425392597054306,-0.15986739803671018,-1.5166816717001321
-1.063932522114964,-0.5420964420403779,-0.27651265150983073,-0.48566075833699546,0.4606753594778814,0.6733539259906193,-0.32581980635769175
-1.063932522114964,-0.020227634962345597,-0.15516349177504984,-0.4668139862247644,-0.9425392597054306,-0.9930887220640396,0.8650420589847486
-0.25185294590264645,-0.2289751577935585,-0.09597524721665932,-0.5586458072029884,1.1622826690695374,0.3956134846481761,0.8650420589847486
-0.25185294590264645,-1.690207817612049,1.4681240086541125,-0.7950927292253908,1.1622826690695374,-0.7153482807215965,0.8650420589847486
-0.7932393300441917,-1.690207817612049,1.2199688149515089,-0.8028531648010153,1.1622826690695374,0.3956134846481761,0.8650420589847486
-0.5225461379734192,1.6497525476873578,-1.2927473168632297,1.4617158450764762,-0.9425392597054306,-0.15986739803671018,-1.5166816717001321
-0.5225461379734192,0.7103886949468996,-1.2941010682714267,0.1756392160715834,1.1622826690695374,-0.7153482807215965,0.8650420589847486
-0.7932393300441917,-0.8552177262871973,2.0691338090932847,-0.7878866104765966,0.4606753594778814,1.5065752500179488,-0.32581980635769175
0.018840246168125976,0.2928936492844738,-0.08462885654795582,-0.24601111687068455,-0.9425392597054306,-0.9930887220640396,0.8650420589847486
0.018840246168125976,0.9191362177781126,-0.4070170785000476,0.21308639726189876,-0.9425392597054306,-0.9930887220640396,0.8650420589847486
1.642999398592761,0.5016411721156867,-0.7557685624117715,1.210733504039412,-0.24093195011377463,-1.548569604748926,-1.5166816717001321
-0.5225461379734192,0.08414612645326086,-0.544318174931419,-0.14974476127781794,-0.9425392597054306,-0.15986739803671018,-0.32581980635769175
-0.25185294590264645,-1.3770865333652296,1.980511938556671,-0.8091970129302958,1.1622826690695374,0.3956134846481761,0.8650420589847486
-0.7932393300441917,0.08414612645326086,-0.6702728806940869,-0.44999970914424453,-0.9425392597054306,-1.2708291634064828,0.8650420589847486
-1.063932522114964,1.6497525476873578,-1.187838560827997,0.39250027687931427,-0.9425392597054306,-1.2708291634064828,0.8650420589847486
0.28953343823889843,0.5016411721156867,0.5349008214033562,-0.28271920895855945,-1.6441465692970867,1.784315691360392,0.8650420589847486
-0.5225461379734192,1.6497525476873578,-1.3431431553683812,1.9726111871384266,0.4606753594778814,0.6733539259906193,-0.32581980635769175
0.5602266303096711,-0.2289751577935585,0.3938175947490836,-0.3126523176073971,0.4606753594778814,0.9510943673330624,-0.32581980635769175
0.018840246168125976,-0.9595914877028038,1.8939834980327328,-0.7638046238887457,-0.9425392597054306,-0.15986739803671018,-1.5166816717001321
3.5378517430881686,0.6060149335312932,-0.9961501526673052,2.7101605206154438,-1.6441465692970867,-0.4376078393791533,0.8650420589847486
4.349931319300485,1.4410050248561448,-0.8766990361440171,5.288041719169143,-1.6441465692970867,-0.4376078393791533,0.8650420589847486
-0.5225461379734192,-0.8552177262871973,0.8088191604619581,-0.7017827300422859,0.4606753594778814,1.5065752500179488,-0.32581980635769175
-1.063932522114964,-1.2727127719496232,2.6194546908255307,-0.8274278774571598,-0.9425392597054306,-1.2708291634064828,0.8650420589847486
-1.063932522114964,1.7541263091029642,-1.3829322818093084,1.228964368566276,-0.9425392597054306,-0.9930887220640396,0.8650420589847486
-0.25185294590264645,1.4410050248561448,-1.0563292874316956,0.8149512896825594,1.1622826690695374,-0.7153482807215965,-1.5166816717001321
0.28953343823889843,-1.5858340561964426,1.0884595415552076,-0.7422478584008997,1.1622826690695374,0.11787304330573296,-1.5166816717001321
0.28953343823889843,-0.12460139637795206,0.21563878827019373,-0.41908114835881966,-0.9425392597054306,-0.15986739803671018,-1.5166816717001321
-0.7932393300441917,1.3366312634405384,-1.402498874327786,0.6266067500773219,1.1622826690695374,-0.7153482807215965,0.8650420589847486
-0.7932393300441917,0.5016411721156867,-0.7032932500940284,-0.3201663901488748,-0.9425392597054306,-1.2708291634064828,0.8650420589847486
-0.5225461379734192,-0.7508439648715909,1.629276251029905,-0.7469287560496891,-0.9425392597054306,-0.15986739803671018,-1.5166816717001321
-0.7932393300441917,-0.5420964420403779,1.2421312606857047,-0.721676545049641,0.4606753594778814,1.5065752500179488,-0.32581980635769175
-1.063932522114964,-0.9595914877028038,-0.1150254603320102,-0.6433946909494915,-0.9425392597054306,-0.9930887220640396,0.8650420589847486
0.28953343823889843,-1.5858340561964426,1.8672155062706501,-0.7968172704644184,1.1622826690695374,-0.7153482807215965,-1.5166816717001321
0.5602266303096711,-0.2289751577935585,0.08500875547921628,-0.3679608187733563,-1.6441465692970867,1.784315691360392,0.8650420589847486
-1.063932522114964,1.023509979193719,-0.6498828723706234,-0.19205761239253283,-0.9425392597054306,-1.2708291634064828,0.8650420589847486
0.018840246168125976,-1.0639652491184102,1.3533063505588805,-0.7294985713838023,1.1622826690695374,0.11787304330573296,-1.5166816717001321
-0.25185294590264645,-1.2727127719496232,0.549429225691327,-0.6952541096373954,1.1622826690695374,0.11787304330573296,0.8650420589847486
0.018840246168125976,1.3366312634405384,-1.0352693815041758,1.0812697295952625,-0.9425392597054306,-0.15986739803671018,-1.5166816717001321
-0.25185294590264645,-0.9595914877028038,1.6699306618760714,-0.7427405844691933,-0.9425392597054306,-0.15986739803671018,-0.32581980635769175
0.018840246168125976,-1.1683390105340168,0.2919373341321888,-0.6368044797860644,1.1622826690695374,0.11787304330573296,-1.5166816717001321
-1.063932522114964,-0.2289751577935585,0.5045600424196398,-0.688910261508115,-0.9425392597054306,-1.2708291634064828,0.8650420589847486
0.018840246168125976,-0.020227634962345597,-0.05332509975840855,-0.3634031026416403,-0.9425392597054306,-0.9930887220640396,0.8650420589847486
-0.7932393300441917,1.232257502024932,-0.7168168079759148,-0.0006951256189969646,-0.9425392597054306,-1.2708291634064828,0.8650420589847486
3.5378517430881686,-1.3770865333652296,0.26910499079393674,-0.3173332152561865,-1.6441465692970867,-0.4376078393791533,0.8650420589847486
-1.063932522114964,-0.6464702034559844,1.0630313450012374,-0.7612794027887408,-0.9425392597054306,-1.2708291634064828,0.8650420589847486
-0.5225461379734192,0.18851988786886734,-0.016676118336495436,-0.2514311036219144,0.4606753594778814,0.6733539259906193,-0.32581980635769175
0.018840246168125976,-0.2289751577935585,0.031263428953783146,-0.25463382306582294,0.4606753594778814,0.9510943673330624,-0.32581980635769175
-0.5225461379734192,0.9191362177781126,0.11248851344560887,0.038784550603029586,0.4606753594778814,0.6733539259906193,-0.32581980635769175
-1.063932522114964,0.9191362177781126,-1.101338032704228,0.02098482138592245,0.4606753594778814,1.5065752500179488,0.8650420589847486
0.018840246168125976,-0.020227634962345597,-1.0947646624644256,0.12704410758612483,0.4606753594778814,0.9510943673330624,0.8650420589847486
-0.25185294590264645,0.39726741070008026,-0.4745929993092263,-0.10687759333627274,-0.9425392597054306,-0.9930887220640396,0.8650420589847486
0.018840246168125976,1.3366312634405384,-1.3057126267417358,1.6795623580207943,0.4606753594778814,0.9510943673330624,0.8650420589847486
0.018840246168125976,-0.8552177262871973,-1.0228483634289653,-0.3751053467636138,-0.9425392597054306,-0.15986739803671018,-1.5166816717001321
0.018840246168125976,-1.3770865333652296,0.10965540482845412,-0.6917434364008034,1.1622826690695374,-0.7153482807215965,0.8650420589847486
0.018840246168125976,-0.333348919209165,1.0594306453794349,-0.6303990408982473,-0.9425392597054306,-0.9930887220640396,-1.5166816717001321
-0.5225461379734192,-1.2727127719496232,-0.1471247205263743,-0.6382826579909452,-0.9425392597054306,-0.15986739803671018,-1.5166816717001321
0.018840246168125976,0.5016411721156867,-0.14931584393964176,-0.10730872864602965,-0.9425392597054306,-0.15986739803671018,-1.5166816717001321
-0.7932393300441917,0.39726741070008026,-0.4513140575682701,-0.4105816236807547,-0.9425392597054306,-1.2708291634064828,0.8650420589847486
0.28953343823889843,-0.2289751577935585,0.4933392575516969,-0.4864614381979726,1.1622826690695374,0.11787304330573296,-1.5166816717001321
-0.5225461379734192,-1.2727127719496232,0.35938764914060695,-0.6894029875764086,-0.9425392597054306,-0.15986739803671018,-1.5166816717001321
0.8309198223804434,0.7103886949468996,-0.753437876997659,0.5498030741820534,-1.6441465692970867,1.784315691360392,0.8650420589847486
-0.25185294590264645,0.9191362177781126,-0.4106596467221037,0.25367470713758594,1.1622826690695374,0.11787304330573296,-1.5166816717001321
-0.5225461379734192,-1.5858340561964426,0.738089138433681,-0.7236474493228154,0.4606753594778814,0.6733539259906193,-0.32581980635769175
-0.5225461379734192,-1.1683390105340168,0.60289542821507,-0.700920459422772,-0.9425392597054306,-0.15986739803671018,-1.5166816717001321
-0.25185294590264645,0.2928936492844738,-1.4297692892929108,-0.10392123692651101,1.1622826690695374,0.3956134846481761,0.8650420589847486
0.018840246168125976,-0.5420964420403779,0.9154026605073314,-0.6300910871055637,1.1622826690695374,0.11787304330573296,-1.5166816717001321
-0.5225461379734192,0.7103886949468996,-0.8136030555619649,-0.013013277326337542,1.1622826690695374,-0.7153482807215965,0.8650420589847486
-0.25185294590264645,1.232257502024932,-1.0850092786053558,0.6250669811139044,1.1622826690695374,-0.7153482807215965,-1.5166816717001321
-0.5225461379734192,-0.9595914877028038,1.6344400450611722,-0.7769850462156002,1.1622826690695374,-0.7153482807215965,0.8650420589847486
0.8309198223804434,1.4410050248561448,-1.0544591566203718,1.959923490879866,-1.6441465692970867,1.2288348086755054,-1.5166816717001321
-0.25185294590264645,-1.2727127719496232,3.117049048638513,-0.8183740359522644,1.1622826690695374,0.11787304330573296,-1.5166816717001321
2.9964653589466232,0.5016411721156867,-0.2989821336458856,1.4354165911813042,-1.6441465692970867,-0.4376078393791533,0.8650420589847486
0.018840246168125976,-1.0639652491184102,0.18275798087109726,-0.5758296288347285,0.4606753594778814,0.6733539259906193,-0.32581980635769175
-0.25185294590264645,-1.898955340443262,-0.24490185831842431,-0.6656289547812413,-0.9425392597054306,-0.9930887220640396,-0.32581980635769175
-0.5225461379734192,1.3366312634405384,-1.2745484319530336,0.4290235966915791,1.1622826690695374,0.3956134846481761,0.8650420589847486
-0.5225461379734192,0.6060149335312932,-0.993526387051418,0.2590331031302791,1.1622826690695374,0.11787304330573296,-1.5166816717001321
-0.5225461379734192,1.1278837406093254,-0.41920084117382145,0.22780658855217073,-0.9425392597054306,-0.9930887220640396,0.8650420589847486
0.018840246168125976,0.8147624563625061,-1.3529683202278737,1.365572671000683,0.4606753594778814,0.9510943673330624,-0.32581980635769175
0.8309198223804434,0.5016411721156867,-0.20719220569008873,0.28311508971812993,-0.24093195011377463,-2.1040504874338124,0.8650420589847486
-0.5225461379734192,1.3366312634405384,-0.9590964414429414,0.5476473976332689,1.1622826690695374,-0.7153482807215965,-1.5166816717001321
0.018840246168125976,-0.2289751577935585,-0.5869404099895007,-0.15479520347782758,0.4606753594778814,0.6733539259906193,-0.32581980635769175
-0.25185294590264645,1.4410050248561448,-1.1975939446870667,1.2322286787687213,-0.9425392597054306,-0.15986739803671018,-1.5166816717001321
-0.5225461379734192,0.2928936492844738,-0.9802400845709682,-0.193474199838877,0.4606753594778814,1.5065752500179488,0.8650420589847486
0.8309198223804434,-0.12460139637795206,-1.0016488955006007,0.2595258291985727,-0.24093195011377463,-2.1040504874338124,0.8650420589847486
-0.25185294590264645,-1.4814602947808362,1.0550483985529,-0.7652828020936265,1.1622826690695374,-0.7153482807215965,-1.5166816717001321
-0.5225461379734192,-1.4814602947808362,2.4021008307094323,-0.8133851845107916,0.4606753594778814,1.5065752500179488,-0.32581980635769175
-0.7932393300441917,1.7541263091029642,-1.4102306091746024,0.7374085246848504,-0.9425392597054306,-1.2708291634064828,0.8650420589847486
-1.063932522114964,-1.0639652491184102,0.3149511080715394,-0.7412624062643125,1.1622826690695374,0.3956134846481761,0.8650420589847486
-0.7932393300441917,0.2928936492844738,0.626551187358308,-0.5855609686835276,0.4606753594778814,1.5065752500179488,0.8650420589847486
2.9964653589466232,-1.2727127719496232,-1.2828244586031459,0.30202345258889773,-1.6441465692970867,-0.4376078393791533,0.8650420589847486
-0.5225461379734192,-1.1683390105340168,0.6809943238879664,-0.7526566965936025,1.1622826690695374,0.3956134846481761,0.8650420589847486
0.8309198223804434,-1.7945815790276554,0.9999074520190161,-0.7404617264033353,-1.6441465692970867,1.784315691360392,0.8650420589847486
-0.5225461379734192,-1.3770865333652296,0.394710791554492,-0.7492692048740839,1.1622826690695374,0.3956134846481761,0.8650420589847486
0.018840246168125976,-1.3770865333652296,0.3162211222792295,-0.6657521362983148,1.1622826690695374,0.11787304330573296,-1.5166816717001321
0.018840246168125976,-0.6464702034559844,0.8451331930818431,-0.6465974103934001,-0.9425392597054306,-0.15986739803671018,-1.5166816717001321
-0.7932393300441917,-0.8552177262871973,1.203095769049341,-0.7698405182253426,1.1622826690695374,0.3956134846481761,0.8650420589847486
0.018840246168125976,-1.1683390105340168,0.09495952613946916,-0.6227617868396961,-0.9425392597054306,-0.9930887220640396,-1.5166816717001321
-0.25185294590264645,0.39726741070008026,-0.3124638229275185,-0.3645117362953009,1.1622826690695374,0.3956134846481761,0.8650420589847486
-0.7932393300441917,-1.5858340561964426,0.13562789318572005,-0.7507473830789647,1.1622826690695374,0.3956134846481761,-1.5166816717001321
-1.063932522114964,0.6060149335312932,-1.04122867894026,-0.2490906547975197,-0.9425392597054306,-1.2708291634064828,0.8650420589847486
0.28953343823889843,-1.3770865333652296,2.205416102918487,-0.7929370526766062,-0.9425392597054306,-0.15986739803671018,-1.5166816717001321
0.018840246168125976,-0.5420964420403779,0.017042061067671394,-0.3585374327172407,0.4606753594778814,0.9510943673330624,-0.32581980635769175
-0.5225461379734192,1.8585000705185708,-1.5410978973670164,2.0510162227556497,-0.9425392597054306,-0.15986739803671018,-1.5166816717001321
0.5602266303096711,0.7103886949468996,-0.08474050614863186,0.11127687340072888,-1.6441465692970867,1.784315691360392,0.8650420589847486
0.28953343823889843,-0.020227634962345597,-0.08690371716173032,-0.2762521793122057,1.1622826690695374,0.11787304330573296,-1.5166816717001321
-0.5225461379734192,-1.2727127719496232,2.0369647678984983,-0.8115990525132272,-0.9425392597054306,-1.2708291634064828,0.8650420589847486
0.28953343823889843,-0.333348919209165,1.1585196659794283,-0.6037918332103916,-0.9425392597054306,-0.15986739803671018,-0.32581980635769175
-0.5225461379734192,-1.690207817612049,1.6296530684321866,-0.7971868150156387,0.4606753594778814,1.5065752500179488,-0.32581980635769175
-0.5225461379734192,0.18851988786886734,-0.37773697072275375,-0.127756860480215,0.4606753594778814,0.6733539259906193,-0.32581980635769175
0.28953343823889843,1.1278837406093254,-0.7555452632104194,0.9906697237877726,-1.6441465692970867,1.2288348086755054,-1.5166816717001321
0.28953343823889843,-0.6464702034559844,0.8003756594108319,-0.6165411202274891,-1.6441465692970867,1.784315691360392,0.8650420589847486
0.8309198223804434,0.08414612645326086,0.33917907141824205,-0.2623326678829108,-1.6441465692970867,1.2288348086755054,-1.5166816717001321
0.5602266303096711,1.3366312634405384,-1.0944018012622283,2.2298757855462346,0.4606753594778814,0.9510943673330624,-0.32581980635769175
-0.25185294590264645,1.6497525476873578,-1.1556834758332948,1.0383409708951805,1.1622826690695374,-0.7153482807215965,0.8650420589847486
0.8309198223804434,0.5016411721156867,-0.14743175692823343,0.2482547203863561,-0.24093195011377463,-2.1040504874338124,0.8650420589847486
-0.7932393300441917,-1.2727127719496232,0.784577240915171,-0.7429253567448034,0.4606753594778814,1.5065752500179488,-0.32581980635769175
-0.25185294590264645,1.232257502024932,-0.7464039521550678,0.17009604780328014,1.1622826690695374,0.3956134846481761,0.8650420589847486
-1.063932522114964,0.2928936492844738,0.28028390706162615,-0.5951075362567165,-0.9425392597054306,-1.2708291634064828,0.8650420589847486
2.9964653589466232,-0.2289751577935585,0.43029910176998265,-0.20363667499743296,-0.24093195011377463,-2.1040504874338124,0.8650420589847486
-0.7932393300441917,-0.5420964420403779,1.7678334054688818,-0.783452075861954,-0.9425392597054306,-1.2708291634064828,0.8650420589847486
-0.25185294590264645,1.023509979193719,-1.190266939642701,0.8302257977996617,1.1622826690695374,0.11787304330573296,-1.5166816717001321
-1.063932522114964,0.2928936492844738,-0.6415231085200043,-0.43848223729788105,-0.9425392597054306,-1.2708291634064828,0.8650420589847486
-0.25185294590264645,-0.5420964420403779,-0.1898306927849631,-0.48202690358333,-0.9425392597054306,-0.15986739803671018,-1.5166816717001321
4.349931319300485,0.2928936492844738,-0.476156093718691,1.5939512036547774,-1.6441465692970867,-0.4376078393791533,0.8650420589847486
0.5602266303096711,-1.4814602947808362,0.8756833150668271,-0.6675998590544158,0.4606753594778814,0.9510943673330624,-0.32581980635769175
0.28953343823889843,-1.4814602947808362,0.4365096108075879,-0.6893413968178719,-0.9425392597054306,-0.15986739803671018,-1.5166816717001321
2.9964653589466232,-1.3770865333652296,-0.3333702106541087,-0.1483897645900105,-1.6441465692970867,-0.4376078393791533,0.8650420589847486
0.28953343823889843,1.232257502024932,-1.2654210770977665,0.5748089221479548,1.1622826690695374,0.3956134846481761,0.8650420589847486
-1.063932522114964,-0.9595914877028038,1.2917874205863775,-0.7588157724472728,-0.9425392597054306,-0.9930887220640396,0.8650420589847486
-0.5225461379734192,0.18851988786886734,0.06019463172896437,-0.36728332042945255,1.1622826690695374,0.11787304330573296,0.8650420589847486
0.28953343823889843,0.08414612645326086,0.2917279911309212,-0.37843124772459574,-0.9425392597054306,-0.15986739803671018,-1.5166816717001321
-0.5225461379734192,-0.43772268062477143,0.5165065496919771,-0.5986798002518453,-0.9425392597054306,-0.9930887220640396,-1.5166816717001321
-1.063932522114964,-0.8552177262871973,2.2787978029628206,-0.7982954486692994,-0.9425392597054306,-0.9930887220640396,0.8650420589847486
-0.7932393300441917,0.7103886949468996,-0.587470745592712,-0.11759438532165904,1.1622826690695374,-0.7153482807215965,-1.5166816717001321
0.28953343823889843,-0.8552177262871973,0.21401986906039103,-0.563696249402998,1.1622826690695374,0.11787304330573296,-1.5166816717001321
-0.7932393300441917,0.6060149335312932,-0.5945884076358101,-0.10305896630699717,0.4606753594778814,1.5065752500179488,-0.32581980635769175
-0.25185294590264645,-0.9595914877028038,0.5153063164847095,-0.6646435026446541,1.1622826690695374,-0.7153482807215965,-0.32581980635769175
0.28953343823889843,-1.1683390105340168,-0.9218194310172255,-0.4574521909271856,-0.9425392597054306,-0.15986739803671018,-1.5166816717001321
0.28953343823889843,-1.3770865333652296,1.0189157965341136,-0.7101590732032775,-0.9425392597054306,-0.9930887220640396,-0.32581980635769175
0.28953343823889843,-0.333348919209165,-0.24290612170633993,-0.3672217296709158,-0.9425392597054306,-0.15986739803671018,-1.5166816717001321
-0.7932393300441917,1.3366312634405384,-1.1504359446015207,0.276463287796166,1.1622826690695374,0.3956134846481761,0.8650420589847486
-0.5225461379734192,-0.020227634962345597,-0.6140014819533581,-0.3945680264612119,0.4606753594778814,1.5065752500179488,0.8650420589847486
-0.25185294590264645,-1.3770865333652296,2.522598662239058,-0.8099361020327361,-0.9425392597054306,-0.9930887220640396,0.8650420589847486
0.28953343823889843,0.7103886949468996,-1.0231972684310782,1.0605752347269304,0.4606753594778814,0.9510943673330624,-0.32581980635769175
0.018840246168125976,0.5016411721156867,-0.7846299841865302,0.010637573951756366,1.1622826690695374,-0.7153482807215965,-1.5166816717001321
0.8309198223804434,-0.7508439648715909,-0.24078477929349498,-0.2808098954439217,0.4606753594778814,0.9510943673330624,-0.32581980635769175
-0.5225461379734192,0.2928936492844738,-0.6361081028872159,-0.14124523659975294,1.1622826690695374,-0.7153482807215965,-0.32581980635769175
-0.5225461379734192,0.2928936492844738,-0.7014510316828736,-0.09572966604112952,-0.9425392597054306,-0.15986739803671018,-1.5166816717001321
-1.063932522114964,-0.2289751577935585,0.16753176657890106,-0.6550353443129284,-0.9425392597054306,-1.2708291634064828,0.8650420589847486
-1.063932522114964,-1.7945815790276554,1.1302862732084724,-0.8002663529424738,-0.9425392597054306,-1.2708291634064828,-0.32581980635769175
-0.5225461379734192,1.1278837406093254,-0.6304418856529064,0.3443363037036126,-0.9425392597054306,-0.9930887220640396,0.8650420589847486
-0.5225461379734192,-0.43772268062477143,0.12363951731312928,-0.536965860198069,1.1622826690695374,0.11787304330573296,0.8650420589847486
-0.5225461379734192,1.1278837406093254,-0.7667381356781933,0.47404644118190886,-0.9425392597054306,-0.15986739803671018,-1.5166816717001321
-0.25185294590264645,-0.5420964420403779,0.29291426813810423,-0.577800533107903,-0.9425392597054306,-0.9930887220640396,0.8650420589847486
2.9964653589466232,-0.5420964420403779,0.7306923523888927,-0.32490887855620093,-0.24093195011377463,-1.548569604748926,0.8650420589847486
-0.5225461379734192,0.18851988786886734,-0.4120692229306388,-0.28444375019758716,0.4606753594778814,1.5065752500179488,-0.32581980635769175
-1.063932522114964,-1.3770865333652296,1.1301746236077965,-0.7946615939156338,1.1622826690695374,0.3956134846481761,0.8650420589847486
-0.5225461379734192,1.3366312634405384,-1.2811357583929206,0.6491489677017552,-0.9425392597054306,-1.2708291634064828,-0.32581980635769175
-0.7932393300441917,-0.6464702034559844,-0.18183379013654108,-0.576137582627412,0.4606753594778814,1.5065752500179488,-0.32581980635769175
0.8309198223804434,0.6060149335312932,-0.49669962024308406,0.4280997353135285,-1.6441465692970867,1.2288348086755054,-1.5166816717001321
1.642999398592761,0.18851988786886734,-0.31020291851382853,0.4448524216355117,-0.24093195011377463,-1.548569604748926,0.8650420589847486
1.642999398592761,-0.333348919209165,-0.22675879820856631,0.4741080319404456,-0.24093195011377463,-1.826310046091369,0.8650420589847486
0.5602266303096711,-0.333348919209165,0.21341975245675726,-0.2931280471512623,0.4606753594778814,0.9510943673330624,-0.32581980635769175
0.5602266303096711,1.023509979193719,-0.6463240413490744,0.7069826899677192,-1.6441465692970867,1.784315691360392,0.8650420589847486
0.018840246168125976,0.2928936492844738,0.04720140945028916,-0.2925121395658952,-0.9425392597054306,-0.15986739803671018,0.8650420589847486
-0.25185294590264645,0.6060149335312932,-0.8220744690132601,-0.009687376365355585,1.1622826690695374,-0.7153482807215965,0.8650420589847486
-0.25185294590264645,-1.4814602947808362,2.643808259972994,-0.8119685970644474,1.1622826690695374,0.11787304330573296,-1.5166816717001321
-0.5225461379734192,0.5016411721156867,-1.1489844997927319,-0.13607161288266992,1.1622826690695374,0.3956134846481761,0.8650420589847486
-1.063932522114964,1.1278837406093254,-1.1082044831458049,0.7058124655555218,0.4606753594778814,0.6733539259906193,-0.32581980635769175
0.018840246168125976,-0.9595914877028038,1.6211537425807223,-0.7059709016227818,0.4606753594778814,0.9510943673330624,-0.32581980635769175
0.018840246168125976,0.5016411721156867,-0.053576311359929664,-0.17142470828273737,-0.9425392597054306,-0.9930887220640396,0.8650420589847486
-1.063932522114964,1.7541263091029642,-1.364063499295056,1.7208281662403853,0.4606753594778814,0.6733539259906193,-0.32581980635769175
-1.063932522114964,0.7103886949468996,-0.7282469358451253,0.15851698519838,0.4606753594778814,0.6733539259906193,-0.32581980635769175
-0.5225461379734192,-0.9595914877028038,1.3315765470273044,-0.7450194425350514,-0.9425392597054306,-0.9930887220640396,0.8650420589847486
0.018840246168125976,1.1278837406093254,-1.1267801854582826,1.6215438634792203,0.4606753594778814,0.9510943673330624,-0.32581980635769175
0.28953343823889843,0.08414612645326086,-0.026110509593621583,-0.1296045832363161,-0.24093195011377463,-2.1040504874338124,0.8650420589847486
-0.25185294590264645,1.023509979193719,-1.1076881037426782,0.7014395216994159,-0.9425392597054306,-0.9930887220640396,-1.5166816717001321
0.5602266303096711,-0.5420964420403779,0.4559505975253049,-0.5294517876565913,-1.6441465692970867,1.784315691360392,0.8650420589847486
0.5602266303096711,-0.5420964420403779,1.032830128018366,-0.5493456026639463,0.4606753594778814,0.9510943673330624,-0.32581980635769175
0.8309198223804434,-1.7945815790276554,-0.6730362083108191,-0.5628955695420209,-1.6441465692970867,1.2288348086755054,0.8650420589847486
0.018840246168125976,-0.43772268062477143,0.5598126385541996,-0.5357340450273349,-0.9425392597054306,-0.15986739803671018,-0.32581980635769175
0.28953343823889843,0.2928936492844738,-0.2603932404122261,0.17108149993986738,0.4606753594778814,0.9510943673330624,-0.32581980635769175
-0.5225461379734192,1.023509979193719,-0.6868668025945647,0.3437819868767823,-0.9425392597054306,-0.15986739803671018,-1.5166816717001321
-0.25185294590264645,-0.6464702034559844,0.4362165306058132,-0.6833670932398117,1.1622826690695374,0.3956134846481761,0.8650420589847486
-1.063932522114964,-1.898955340443262,0.9980652336078614,-0.7747677789082789,0.4606753594778814,0.6733539259906193,-0.32581980635769175
0.28953343823889843,0.5016411721156867,-0.11249938811671457,0.047592029073778096,-1.6441465692970867,1.2288348086755054,-1.5166816717001321
0.8309198223804434,0.9191362177781126,-0.8063877001182752,1.3231366383688947,0.4606753594778814,0.9510943673330624,-0.32581980635769175
-0.5225461379734192,0.7103886949468996,-0.46986184748057874,-0.25013769769264366,1.1622826690695374,0.3956134846481761,0.8650420589847486
-1.063932522114964,1.4410050248561448,-1.4624547098908243,0.39206914156955736,1.1622826690695374,0.3956134846481761,0.8650420589847486
1.1016130144512162,1.232257502024932,-1.0551988352248507,4.102665980371759,-0.24093195011377463,-1.826310046091369,0.8650420589847486
0.28953343823889843,0.18851988786886734,-0.544318174931419,-0.3170868522220397,1.1622826690695374,0.3956134846481761,0.8650420589847486
0.28953343823889843,1.3366312634405384,-1.0499792163932453,0.8867045233778182,1.1622826690695374,-0.7153482807215965,-1.5166816717001321
4.349931319300485,0.7103886949468996,-0.8538248242055116,2.960526954067141,-1.6441465692970867,-0.4376078393791533,0.8650420589847486
2.9964653589466232,1.6497525476873578,-1.24059299714743,6.467319972871393,-1.6441465692970867,-0.4376078393791533,0.8650420589847486
-0.5225461379734192,-0.6464702034559844,0.5978711961846478,-0.60120502135185,0.4606753594778814,0.6733539259906193,-0.32581980635769175
-0.5225461379734192,0.39726741070008026,-0.4941177232274504,-0.28918623860491327,0.4606753594778814,1.5065752500179488,0.8650420589847486
-1.063932522114964,0.5016411721156867,-1.0455969695667104,0.006818946922480787,-0.9425392597054306,-0.9930887220640396,-1.5166816717001321
-0.5225461379734192,0.7103886949468996,-0.14480799131234628,-0.10336692009968067,-0.9425392597054306,-0.15986739803671018,-1.5166816717001321
0.018840246168125976,0.18851988786886734,-0.5403127455071657,-0.13761138184608748,-0.9425392597054306,-0.9930887220640396,0.8650420589847486
0.018840246168125976,1.4410050248561448,-1.0881494236243696,2.12012105383383,0.4606753594778814,0.9510943673330624,-0.32581980635769175
0.28953343823889843,-1.1683390105340168,-0.46804754146959293,-0.5301908767590316,1.1622826690695374,0.11787304330573296,0.8650420589847486
0.5602266303096711,0.9191362177781126,-1.083222884994539,1.1071378481806777,0.4606753594778814,0.9510943673330624,0.8650420589847486
-1.063932522114964,0.9191362177781126,-0.8462186951594558,0.3658314784329219,0.4606753594778814,0.6733539259906193,-0.32581980635769175
-0.7932393300441917,1.232257502024932,-0.6673002100760871,0.001706913963934448,1.1622826690695374,0.3956134846481761,0.8650420589847486
-0.5225461379734192,0.18851988786886734,0.5375804118195813,-0.4837514448223577,-0.9425392597054306,-0.15986739803671018,-1.5166816717001321
-1.063932522114964,-1.1683390105340168,0.9323733998100909,-0.780742082486339,-0.9425392597054306,-1.2708291634064828,0.8650420589847486
-0.5225461379734192,-1.2727127719496232,0.16366589915549287,-0.7275892578691644,1.1622826690695374,0.3956134846481761,0.8650420589847486
0.8309198223804434,-0.5420964420403779,0.7348792124142446,-0.5067863885150846,-0.24093195011377463,-2.1040504874338124,0.8650420589847486
-0.25185294590264645,0.7103886949468996,-0.5719514510987411,-0.17622878744860018,1.1622826690695374,0.3956134846481761,0.8650420589847486
0.018840246168125976,0.39726741070008026,-0.7164539467737177,0.07031901897382146,-0.9425392597054306,-0.15986739803671018,-1.5166816717001321
-1.063932522114964,-1.2727127719496232,-0.1660074592407111,-0.6336017603421558,0.4606753594778814,0.6733539259906193,-0.32581980635769175
0.28953343823889843,-1.0639652491184102,1.2050217246610029,-0.7379365053033305,1.1622826690695374,-0.7153482807215965,-1.5166816717001321
-0.5225461379734192,0.8147624563625061,-0.6352428184819765,0.3708819206329315,0.4606753594778814,0.6733539259906193,-0.32581980635769175
0.28953343823889843,-0.5420964420403779,2.2152970925783175,-0.7573375942423919,1.1622826690695374,-0.7153482807215965,-0.32581980635769175
0.018840246168125976,-0.020227634962345597,0.6173121829023649,-0.434971564061289,0.4606753594778814,0.6733539259906193,-0.32581980635769175
-0.25185294590264645,0.7103886949468996,-0.06348521341992902,-0.08556719088257354,-0.9425392597054306,-0.15986739803671018,-1.5166816717001321
-0.5225461379734192,-1.0639652491184102,-0.04894285293187363,-0.6293519980031234,-0.9425392597054306,-0.9930887220640396,0.8650420589847486
-0.25185294590264645,0.5016411721156867,-0.5263286330224906,0.04525158024938339,1.1622826690695374,0.11787304330573296,-1.5166816717001321
0.28953343823889843,1.1278837406093254,-0.844348564348132,0.79906087398009,1.1622826690695374,0.11787304330573296,0.8650420589847486
0.28953343823889843,0.5016411721156867,-0.8764757369426651,0.5799209551065011,-0.24093195011377463,-2.1040504874338124,0.8650420589847486
1.1016130144512162,-0.333348919209165,0.10842725922101759,0.18056647675451962,-0.24093195011377463,-1.826310046091369,0.8650420589847486
-0.25185294590264645,0.18851988786886734,0.06378137515068245,-0.3382124824001288,-0.9425392597054306,-0.15986739803671018,-1.5166816717001321
-0.5225461379734192,0.5016411721156867,-0.29162721620135085,-0.38194192096118784,-0.9425392597054306,-1.2708291634064828,0.8650420589847486
-0.7932393300441917,-0.333348919209165,0.28957873631790726,-0.6341560771689861,0.4606753594778814,1.5065752500179488,0.8650420589847486
-0.5225461379734192,-0.43772268062477143,-0.49395024882643634,-0.5651128368493422,-0.9425392597054306,-1.2708291634064828,0.8650420589847486
-0.7932393300441917,-0.9595914877028038,1.3889923541749627,-0.7848070725497613,-0.9425392597054306,-1.2708291634064828,0.8650420589847486
0.28953343823889843,1.5453787862717514,-1.3623887552849152,1.8300901718844962,-0.9425392597054306,-0.9930887220640396,-1.5166816717001321
2.319732378769692,1.6497525476873578,-1.213811049185263,7.16040077868491,-0.24093195011377463,-1.826310046091369,0.8650420589847486
-0.7932393300441917,-2.0033291018588684,2.4812464413886666,-0.8326015011742428,-0.9425392597054306,-1.2708291634064828,0.8650420589847486
-1.063932522114964,-1.2727127719496232,1.7490204477549676,-0.7803725379351187,0.4606753594778814,0.6733539259906193,-0.32581980635769175
-0.5225461379734192,0.2928936492844738,-0.23615132086543897,-0.27311105062683383,-0.9425392597054306,-0.9930887220640396,0.8650420589847486
2.9964653589466232,0.2928936492844738,-0.6322143230636387,0.7314342211067902,-0.24093195011377463,-2.1040504874338124,0.8650420589847486
0.018840246168125976,-0.12460139637795206,-0.5563902880045168,-0.3557658485830891,1.1622826690695374,-0.7153482807215965,0.8650420589847486
-1.063932522114964,-0.7508439648715909,0.6419867446517717,-0.7263574426984304,0.4606753594778814,1.5065752500179488,0.8650420589847486
-0.5225461379734192,1.5453787862717514,-1.3210086220343547,1.232721404837015,-0.9425392597054306,-0.15986739803671018,0.8650420589847486
-0.7932393300441917,-0.12460139637795206,0.6575758201461651,-0.6777623342129718,-0.9425392597054306,-1.2708291634064828,0.8650420589847486
-1.063932522114964,1.232257502024932,-0.9887673228226015,0.41929225684278,-0.9425392597054306,-0.9930887220640396,0.8650420589847486
0.018840246168125976,1.5453787862717514,-1.2383739613339937,1.549667448266888,-0.9425392597054306,-0.15986739803671018,-1.5166816717001321
-0.7932393300441917,-1.0639652491184102,0.21459207326385576,-0.7179810995374387,1.1622826690695374,0.3956134846481761,-1.5166816717001321
0.018840246168125976,0.6060149335312932,-0.9043043999111703,0.29475574308156677,-0.9425392597054306,-0.15986739803671018,-1.5166816717001321
0.28953343823889843,-0.8552177262871973,0.45621576532691055,-0.6137695360933375,-0.9425392597054306,-0.15986739803671018,-1.5166816717001321
-0.25185294590264645,-1.690207817612049,1.4911517387935478,-0.8041465707302861,1.1622826690695374,0.3956134846481761,0.8650420589847486
-1.063932522114964,0.6060149335312932,-0.2153286703393558,-0.2854907930927111,0.4606753594778814,1.5065752500179488,-0.32581980635769175
0.28953343823889843,0.8147624563625061,-0.7312475188632942,0.017658920424940494,1.1622826690695374,0.3956134846481761,0.8650420589847486
-0.5225461379734192,1.1278837406093254,-0.8385288289128929,0.08109740171774446,1.1622826690695374,0.3956134846481761,0.8650420589847486
0.28953343823889843,-1.5858340561964426,-0.5258541222196174,-0.608903866168938,-0.9425392597054306,-0.9930887220640396,0.8650420589847486
-0.5225461379734192,-0.43772268062477143,0.43443013699499644,-0.5888252788859728,-0.9425392597054306,-0.15986739803671018,-1.5166816717001321
0.018840246168125976,0.18851988786886734,0.30664716902125827,-0.2825960274414861,0.4606753594778814,0.6733539259906193,-0.32581980635769175
-0.7932393300441917,-1.2727127719496232,0.3659470631803248,-0.7512401091472584,-0.9425392597054306,-1.2708291634064828,0.8650420589847486
2.9964653589466232,1.3366312634405384,-1.1487472443912954,4.921761478151371,-1.6441465692970867,-0.4376078393791533,0.8650420589847486
-0.5225461379734192,1.7541263091029642,-1.4216467808437283,0.8718611505704729,-0.9425392597054306,-1.2708291634064828,0.8650420589847486
-0.5225461379734192,1.232257502024932,-0.8263869348393725,0.4894441308160846,0.4606753594778814,1.5065752500179488,-0.32581980635769175
-0.5225461379734192,1.7541263091029642,-1.3569597934520423,1.5852053159425654,-0.9425392597054306,-0.9930887220640396,0.8650420589847486
2.9964653589466232,0.6060149335312932,-0.5472768893493343,1.9140383757700221,-1.6441465692970867,-0.4376078393791533,0.8650420589847486
-0.25185294590264645,0.2928936492844738,0.6598088121596861,-0.4583144615466994,1.1622826690695374,0.11787304330573296,0.8650420589847486
0.5602266303096711,-1.7945815790276554,3.545713734234119,-0.8082731515522452,-0.24093195011377463,-1.826310046091369,0.8650420589847486
-0.25185294590264645,-0.5420964420403779,-0.6335262058715823,-0.4608396826467042,1.1622826690695374,-0.7153482807215965,-1.5166816717001321
0.28953343823889843,0.39726741070008026,-0.1873883577701745,-0.21638596201453048,1.1622826690695374,-0.7153482807215965,-1.5166816717001321
-0.7932393300441917,-0.333348919209165,-0.5338231124678704,-0.5625260249908007,-0.9425392597054306,-1.2708291634064828,0.8650420589847486
-1.063932522114964,0.6060149335312932,-0.4929733148205209,-0.38224987475387134,-0.9425392597054306,-1.2708291634064828,0.8650420589847486
0.018840246168125976,-1.1683390105340168,1.023088700359381,-0.7238322215984255,-0.9425392597054306,-0.9930887220640396,0.8650420589847486
-0.5225461379734192,-0.6464702034559844,0.8598430279709125,-0.7315310664155134,-0.9425392597054306,-1.2708291634064828,0.8650420589847486
-0.5225461379734192,0.18851988786886734,-0.27623352750814056,-0.3219525221464392,0.4606753594778814,1.5065752500179488,-0.32581980635769175
0.28953343823889843,1.5453787862717514,-1.177134155363181,1.969839603004275,-0.9425392597054306,-0.15986739803671018,-0.32581980635769175
0.28953343823889843,-0.5420964420403779,1.065334118015181,-0.7065868092081488,1.1622826690695374,0.3956134846481761,-1.5166816717001321
-1.063932522114964,-1.3770865333652296,2.780216159598957,-0.8303842338669215,1.1622826690695374,0.3956134846481761,0.8650420589847486
-0.7932393300441917,-2.0033291018588684,0.5117753978633295,-0.7812348085546327,-0.9425392597054306,-1.2708291634064828,-0.32581980635769175
-1.063932522114964,-1.1683390105340168,0.30347911160207536,-0.7424942214350465,1.1622826690695374,0.3956134846481761,-1.5166816717001321
-1.063932522114964,0.08414612645326086,-0.006013581471932746,-0.3791087460684995,0.4606753594778814,0.6733539259906193,-0.32581980635769175
0.018840246168125976,-1.0639652491184102,3.4191030870674792,-0.8204681217425124,-0.9425392597054306,-0.15986739803671018,-1.5166816717001321
0.018840246168125976,0.8147624563625061,-1.2362665751212334,0.5825693577235793,-0.9425392597054306,-0.15986739803671018,0.8650420589847486
-0.25185294590264645,-0.7508439648715909,-1.3898685132513078,-0.40165096369293274,1.1622826690695374,-0.7153482807215965,0.8650420589847486
-0.5225461379734192,-0.12460139637795206,-0.6071629439119501,-0.18817739460472055,0.4606753594778814,0.6733539259906193,-0.32581980635769175
0.28953343823889843,-0.7508439648715909,0.17730110663805537,-0.43460201951006877,0.4606753594778814,0.9510943673330624,-0.32581980635769175
-0.5225461379734192,-1.5858340561964426,2.2724337757242856,-0.8226853890498337,-0.9425392597054306,-1.2708291634064828,0.8650420589847486
0.28953343823889843,0.6060149335312932,-1.1928348804582503,0.47109008477214714,1.1622826690695374,-0.7153482807215965,-0.32581980635769175
0.28953343823889843,-0.9595914877028038,0.6688942984146996,-0.5758296288347285,0.4606753594778814,0.9510943673330624,-0.32581980635769175
3.5378517430881686,-1.0639652491184102,1.9587960912251794,-0.6215299716689621,-1.6441465692970867,-0.4376078393791533,0.8650420589847486
1.1016130144512162,1.3366312634405384,-0.9323563620810277,2.6892196627129645,-0.24093195011377463,-1.548569604748926,-1.5166816717001321
-1.063932522114964,0.7103886949468996,-1.0445502545603724,-0.20683939444134153,-0.9425392597054306,-1.2708291634064828,0.8650420589847486
-0.25185294590264645,0.39726741070008026,-0.7434871063374061,-0.1403213752217024,1.1622826690695374,-0.7153482807215965,0.8650420589847486
2.9964653589466232,0.2928936492844738,-0.4458432271351437,0.9460164238486631,-0.24093195011377463,-1.548569604748926,-1.5166816717001321
0.018840246168125976,1.6497525476873578,-1.4271315674769391,1.9102197487407466,-0.9425392597054306,-0.15986739803671018,-1.5166816717001321
-0.5225461379734192,-0.12460139637795206,-0.033898069240776006,-0.3550883502391854,0.4606753594778814,0.6733539259906193,-0.32581980635769175
1.642999398592761,-0.6464702034559844,0.21470372286453182,-0.44852153093936364,-1.6441465692970867,1.784315691360392,0.8650420589847486
-0.7932393300441917,-1.1683390105340168,2.2625527860644556,-0.8048856598327265,0.4606753594778814,1.5065752500179488,-0.32581980635769175
0.28953343823889843,-0.43772268062477143,0.2963474933588927,-0.4544958345174238,0.4606753594778814,0.9510943673330624,0.8650420589847486
1.1016130144512162,-0.8552177262871973,1.907855960916732,-0.6045925130713687,-0.24093195011377463,-1.826310046091369,0.8650420589847486
-0.5225461379734192,-0.8552177262871973,0.15868353572532418,-0.5699785067737417,0.4606753594778814,0.6733539259906193,-0.32581980635769175
0.018840246168125976,-0.6464702034559844,0.4341231005931373,-0.5761991733859487,1.1622826690695374,0.11787304330573296,-1.5166816717001321
0.8309198223804434,0.2928936492844738,-0.38527331876838705,0.23630611323023573,-0.24093195011377463,-2.1040504874338124,0.8650420589847486
0.28953343823889843,-0.9595914877028038,0.9739210074616658,-0.6419781035031474,-0.24093195011377463,-2.1040504874338124,0.8650420589847486
0.018840246168125976,1.1278837406093254,-0.9093565443417615,1.401849627778801,0.4606753594778814,0.9510943673330624,-0.32581980635769175
-0.7932393300441917,-1.1683390105340168,0.140093877212762,-0.6844141361349357,0.4606753594778814,1.5065752500179488,-0.32581980635769175
1.642999398592761,1.3366312634405384,-1.393511081473364,2.2054858451657005,-1.6441465692970867,1.784315691360392,0.8650420589847486
-1.063932522114964,-1.0639652491184102,0.4844491580978665,-0.7387987759228444,0.4606753594778814,1.5065752500179488,0.8650420589847486
-1.063932522114964,0.5016411721156867,-0.1341314982476991,-0.19230397542667965,0.4606753594778814,0.6733539259906193,-0.32581980635769175
0.5602266303096711,-0.333348919209165,0.5982759259870986,-0.13317684723144488,-0.24093195011377463,-1.826310046091369,0.8650420589847486
-0.25185294590264645,-0.020227634962345597,0.29777102576751235,-0.456528329549135,-0.9425392597054306,-0.15986739803671018,-1.5166816717001321
1.642999398592761,1.4410050248561448,-1.3106391653715666,2.3131464910878567,-1.6441465692970867,1.784315691360392,0.8650420589847486
0.28953343823889843,0.5016411721156867,-0.40548189649075195,0.2945709708059567,-0.24093195011377463,-2.1040504874338124,0.8650420589847486
2.9964653589466232,1.232257502024932,-1.0728952969320045,4.381610525784486,-1.6441465692970867,-0.4376078393791533,0.8650420589847486
-1.063932522114964,-0.8552177262871973,-0.21577526874206,-0.6890950337837252,-0.9425392597054306,-1.2708291634064828,0.8650420589847486
-0.25185294590264645,-0.9595914877028038,-0.7877561730054595,-0.5924591336396383,1.1622826690695374,0.3956134846481761,0.8650420589847486
0.8309198223804434,-0.020227634962345597,-0.5754405011198677,-0.042084115355661304,-1.6441465692970867,1.784315691360392,0.8650420589847486
-0.7932393300441917,0.6060149335312932,-0.4109248145237093,-0.3581062974074838,-0.9425392597054306,-1.2708291634064828,0.8650420589847486
-1.063932522114964,-1.5858340561964426,-0.6285717548415826,-0.6267651861445818,0.4606753594778814,0.6733539259906193,-0.32581980635769175
0.28953343823889843,1.4410050248561448,-1.1653969910921111,0.713449719614073,1.1622826690695374,0.3956134846481761,0.8650420589847486
-0.25185294590264645,-1.4814602947808362,2.256635357228625,-0.8179429006425075,1.1622826690695374,0.3956134846481761,0.8650420589847486
0.28953343823889843,1.3366312634405384,-1.3208690600335096,2.083659324780102,-0.24093195011377463,-2.1040504874338124,0.8650420589847486
0.28953343823889843,-1.1683390105340168,0.8899465515531922,-0.705909310864245,-0.9425392597054306,-0.9930887220640396,0.8650420589847486
0.018840246168125976,-0.7508439648715909,1.423324606382848,-0.66341168747392,0.4606753594778814,0.9510943673330624,-0.32581980635769175
0.28953343823889843,-0.8552177262871973,1.1131061909044455,-0.6639044135422136,-1.6441465692970867,1.2288348086755054,-1.5166816717001321
-0.5225461379734192,1.4410050248561448,-1.2240828124474594,1.2299498207028632,1.1622826690695374,0.11787304330573296,-1.5166816717001321
0.018840246168125976,-1.0639652491184102,-0.016299300934213768,-0.5443567512224733,0.4606753594778814,0.6733539259906193,-0.32581980635769175
0.018840246168125976,-0.2289751577935585,-0.07672964730012534,-0.3129602714000806,0.4606753594778814,0.6733539259906193,-0.32581980635769175
-0.5225461379734192,1.232257502024932,-1.0288634856653875,0.6139190538187611,0.4606753594778814,1.5065752500179488,-0.32581980635769175
-1.063932522114964,0.08414612645326086,0.4383239168185737,-0.6459199120494964,-0.9425392597054306,-1.2708291634064828,0.8650420589847486
-0.5225461379734192,-0.2289751577935585,-0.2806995115351826,-0.4266568116588341,-0.9425392597054306,-0.9930887220640396,0.8650420589847486
-0.5225461379734192,-0.020227634962345597,0.18652615489391394,-0.5488528765956526,0.4606753594778814,1.5065752500179488,0.8650420589847486
4.349931319300485,-0.9595914877028038,1.6962380990353654,-0.5410308502614913,-1.6441465692970867,-0.4376078393791533,0.8650420589847486
0.018840246168125976,0.7103886949468996,-0.8585978446344127,0.8366928274460155,0.4606753594778814,0.9510943673330624,-0.32581980635769175
-0.7932393300441917,-2.0033291018588684,1.2092085846863547,-0.7975563595668589,0.4606753594778814,1.5065752500179488,-0.32581980635769175
0.28953343823889843,0.39726741070008026,-0.19115653179299116,-0.09677670893625347,1.1622826690695374,0.11787304330573296,0.8650420589847486
-0.5225461379734192,-0.2289751577935585,0.011292106632854865,-0.4868925735077295,-0.9425392597054306,-0.9930887220640396,0.8650420589847486
0.5602266303096711,-0.2289751577935585,0.2668301301801623,-0.2723719615243934,0.4606753594778814,0.9510943673330624,-0.32581980635769175
-0.7932393300441917,0.39726741070008026,-0.007339420479960829,-0.40356027720757054,1.1622826690695374,-0.7153482807215965,-1.5166816717001321
-0.25185294590264645,-0.7508439648715909,-0.5491470201606581,-0.5226768042175539,1.1622826690695374,-0.7153482807215965,-1.5166816717001321
-1.063932522114964,-1.1683390105340168,-0.02583138559193146,-0.6353263015811835,0.4606753594778814,0.6733539259906193,-0.32581980635769175
0.28953343823889843,-0.2289751577935585,0.12206246670358008,-0.30563097113421295,-0.24093195011377463,-2.1040504874338124,0.8650420589847486
-0.5225461379734192,0.7103886949468996,-0.7338573282790969,0.07044220049089486,0.4606753594778814,1.5065752500179488,-0.32581980635769175
0.28953343823889843,-0.9595914877028038,0.9155003539079231,-0.6533108030739008,-1.6441465692970867,1.2288348086755054,-1.5166816717001321
0.28953343823889843,-1.0639652491184102,1.074740596872138,-0.6669839514690488,-0.24093195011377463,-2.1040504874338124,0.8650420589847486
0.018840246168125976,-1.2727127719496232,2.0367833372973996,-0.7597396338253233,0.4606753594778814,0.9510943673330624,-0.32581980635769175
-0.7932393300441917,0.6060149335312932,-0.30143842486075867,-0.3722721718709255,1.1622826690695374,0.3956134846481761,0.8650420589847486
-0.5225461379734192,0.5016411721156867,-0.33279800645064395,-0.12978935551192622,-0.9425392597054306,-0.15986739803671018,-1.5166816717001321
1.642999398592761,0.6060149335312932,-0.48229682175587374,0.4369688045428137,-1.6441465692970867,1.784315691360392,0.8650420589847486
0.28953343823889843,-1.2727127719496232,0.9011115116207972,-0.7106517992715711,-0.9425392597054306,-0.15986739803671018,-1.5166816717001321
-0.5225461379734192,0.5016411721156867,-0.16973376466327425,-0.05742021423130032,0.4606753594778814,0.6733539259906193,-0.32581980635769175
-1.063932522114964,-0.2289751577935585,0.28406603728452734,-0.5212602167712097,0.4606753594778814,0.6733539259906193,-0.32581980635769175
0.018840246168125976,-0.8552177262871973,0.5197304319114979,-0.6665528161592918,1.1622826690695374,-0.7153482807215965,-1.5166816717001321
-0.5225461379734192,1.5453787862717514,-1.081157367382032,1.0572493337659483,-0.9425392597054306,-0.9930887220640396,0.8650420589847486
0.018840246168125976,0.08414612645326086,0.09768098515594786,-0.2656585688438928,0.4606753594778814,0.9510943673330624,0.8650420589847486
-0.7932393300441917,-0.8552177262871973,1.2682153986436466,-0.7589389539643462,1.1622826690695374,-0.7153482807215965,0.8650420589847486
0.5602266303096711,0.7103886949468996,-0.3593287428112901,0.37513168297196403,0.4606753594778814,0.9510943673330624,0.8650420589847486
0.28953343823889843,1.3366312634405384,-1.250125081805148,0.9460780146071998,1.1622826690695374,-0.7153482807215965,0.8650420589847486
-0.5225461379734192,-1.0639652491184102,1.227798243198917,-0.749453977149694,0.4606753594778814,1.5065752500179488,-0.32581980635769175
-0.7932393300441917,0.7103886949468996,-0.3695446812731486,-0.33507135371475694,-0.9425392597054306,-1.2708291634064828,0.8650420589847486
-0.5225461379734192,0.39726741070008026,-0.2555783513830715,-0.2021584967925521,-0.9425392597054306,-0.15986739803671018,-1.5166816717001321
0.018840246168125976,-1.3770865333652296,2.162444962858293,-0.7835136666204906,0.4606753594778814,0.6733539259906193,-0.32581980635769175
3.5378517430881686,1.1278837406093254,-1.1723890473344487,4.499680009899346,-1.6441465692970867,-0.4376078393791533,0.8650420589847486
-0.5225461379734192,1.1278837406093254,-1.1022870543099743,0.4503339991452783,1.1622826690695374,-0.7153482807215965,-1.5166816717001321
-0.5225461379734192,0.18851988786886734,-0.3462796957322769,-0.2842589779219771,-0.9425392597054306,-0.15986739803671018,0.8650420589847486
0.018840246168125976,-0.12460139637795206,0.18388843307794228,-0.45357197313937325,-0.9425392597054306,-0.15986739803671018,0.8650420589847486
-0.5225461379734192,-0.5420964420403779,0.4832349686905144,-0.5989877540445288,1.1622826690695374,0.11787304330573296,-1.5166816717001321
0.5602266303096711,-0.9595914877028038,0.842648989466801,-0.6338481233763026,0.4606753594778814,0.9510943673330624,0.8650420589847486
0.018840246168125976,-0.6464702034559844,-0.57848295273829,-0.4916350619150557,1.1622826690695374,-0.7153482807215965,0.8650420589847486
-0.7932393300441917,1.5453787862717514,-1.1495008791958587,0.7525598512848793,1.1622826690695374,-0.7153482807215965,-1.5166816717001321
0.28953343823889843,-0.7508439648715909,-0.16264401502034512,-0.5487912858371159,1.1622826690695374,-0.7153482807215965,-1.5166816717001321
-0.25185294590264645,1.3366312634405384,-1.0907313206400033,0.4186147584988763,1.1622826690695374,0.3956134846481761,0.8650420589847486
-0.5225461379734192,-1.3770865333652296,1.789981895002993,-0.775137323459499,0.4606753594778814,0.6733539259906193,-0.32581980635769175
0.018840246168125976,-1.0639652491184102,1.2946484416037012,-0.7250024460106229,1.1622826690695374,0.11787304330573296,-1.5166816717001321
-0.7932393300441917,0.5016411721156867,-1.0192895324074165,-0.23991363177555097,-0.9425392597054306,-1.2708291634064828,0.8650420589847486
4.349931319300485,0.7103886949468996,-0.4258998172143844,2.26208775226093,-1.6441465692970867,-0.4376078393791533,0.8650420589847486
-0.25185294590264645,-2.1077028632744748,2.009415228931683,-0.8109215541693234,1.1622826690695374,0.11787304330573296,-1.5166816717001321
-0.5225461379734192,1.4410050248561448,-1.0371255561154151,0.6949109012945254,1.1622826690695374,-0.7153482807215965,-1.5166816717001321
3.5378517430881686,0.2928936492844738,0.12454667031862217,0.8247442202898951,-1.6441465692970867,-0.4376078393791533,0.8650420589847486
0.018840246168125976,1.3366312634405384,-1.0302730618739226,1.0948812872318738,-0.9425392597054306,-0.9930887220640396,-1.5166816717001321
0.018840246168125976,-0.7508439648715909,0.8912584343611358,-0.7002429610788683,1.1622826690695374,-0.7153482807215965,0.8650420589847486
-0.25185294590264645,0.39726741070008026,-0.1798520097245412,-0.3965389307343864,1.1622826690695374,0.3956134846481761,0.8650420589847486
-0.25185294590264645,-1.7945815790276554,2.6016326233176166,-0.8286596926278939,1.1622826690695374,0.3956134846481761,0.8650420589847486
-0.5225461379734192,1.232257502024932,-0.5302503252462368,0.31594296401819255,0.4606753594778814,1.5065752500179488,-0.32581980635769175
-0.7932393300441917,0.18851988786886734,0.10971122962879215,-0.5628339787834842,-0.9425392597054306,-1.2708291634064828,0.8650420589847486
-0.25185294590264645,-0.43772268062477143,1.1455124875006686,-0.7256183535959899,1.1622826690695374,0.3956134846481761,0.8650420589847486
-0.25185294590264645,-1.2727127719496232,0.5394784550310742,-0.7248176737350128,1.1622826690695374,-0.7153482807215965,0.8650420589847486
0.28953343823889843,0.8147624563625061,-0.9607293168528286,0.1117695994690225,1.1622826690695374,0.3956134846481761,0.8650420589847486
-1.063932522114964,-1.4814602947808362,0.3310565629690595,-0.705293403278878,0.4606753594778814,0.6733539259906193,-0.32581980635769175
0.018840246168125976,-0.333348919209165,1.6247265298023559,-0.6977177399788635,-0.9425392597054306,-0.15986739803671018,-1.5166816717001321
0.28953343823889843,1.5453787862717514,-1.3054614151402146,1.9053540788163472,-1.6441465692970867,1.784315691360392,0.8650420589847486
-0.7932393300441917,0.39726741070008026,-0.12328753078203782,-0.4686001182223288,1.1622826690695374,0.3956134846481761,0.8650420589847486
-0.7932393300441917,1.232257502024932,-0.9535976986096459,0.09477055011289251,-0.9425392597054306,-1.2708291634064828,0.8650420589847486
-0.5225461379734192,0.9191362177781126,-0.8454231917546389,0.11996117035440398,1.1622826690695374,-0.7153482807215965,0.8650420589847486
0.8309198223804434,0.08414612645326086,0.5843895069030149,-0.23683409384871582,0.4606753594778814,0.9510943673330624,-0.32581980635769175
0.28953343823889843,0.8147624563625061,-0.18811408017456882,0.4007534385232324,-0.24093195011377463,-2.1040504874338124,0.8650420589847486
0.8309198223804434,0.39726741070008026,0.09167981911961022,0.05362792341037498,-0.24093195011377463,-2.1040504874338124,0.8650420589847486
-0.5225461379734192,0.8147624563625061,-0.8317740280719919,0.48691890971607976,0.4606753594778814,0.6733539259906193,-0.32581980635769175
2.9964653589466232,-0.12460139637795206,0.40615487562378705,0.19374689908137405,-1.6441465692970867,-0.4376078393791533,0.8650420589847486
-0.5225461379734192,-0.333348919209165,-0.96479057107742,-0.24816679341946915,1.1622826690695374,0.11787304330573296,-1.5166816717001321
-1.063932522114964,-1.1683390105340168,1.1319470610185287,-0.7870243398570828,1.1622826690695374,0.3956134846481761,0.8650420589847486
0.018840246168125976,-0.7508439648715909,1.0800160405040813,-0.6185120245006636,0.4606753594778814,0.9510943673330624,-0.32581980635769175
-0.5225461379734192,1.7541263091029642,-1.375312196563168,0.8862733880680613,1.1622826690695374,0.3956134846481761,0.8650420589847486
1.642999398592761,-1.0639652491184102,0.08445050747583605,-0.5191661309809619,-1.6441465692970867,1.784315691360392,0.8650420589847486
0.018840246168125976,1.1278837406093254,-1.2529861028224716,1.363724948244582,0.4606753594778814,0.6733539259906193,-0.32581980635769175
0.28953343823889843,1.1278837406093254,-1.2709058637309776,0.4859334575794925,1.1622826690695374,0.3956134846481761,0.8650420589847486
0.8309198223804434,-0.12460139637795206,0.20549263080875776,-0.2952221329415102,-1.6441465692970867,1.2288348086755054,-1.5166816717001321
-0.5225461379734192,-0.9595914877028038,-0.04476994910660629,-0.6830591394471283,1.1622826690695374,0.3956134846481761,0.8650420589847486
-1.063932522114964,1.3366312634405384,-1.2286464898750928,0.21160821905701788,1.1622826690695374,0.3956134846481761,0.8650420589847486
-1.063932522114964,0.9191362177781126,-0.8325416190766397,0.35837899664998085,0.4606753594778814,0.6733539259906193,-0.32581980635769175
1.642999398592761,-0.020227634962345597,-1.4387152135470793,0.4574169363769991,-1.6441465692970867,1.784315691360392,0.8650420589847486
0.28953343823889843,0.6060149335312932,-0.7158119615698304,0.2051411894106641,-0.9425392597054306,-0.15986739803671018,0.8650420589847486
0.28953343823889843,-1.2727127719496232,1.4244131899894394,-0.7211222282228106,-0.24093195011377463,-2.1040504874338124,0.8650420589847486
-0.25185294590264645,0.2928936492844738,-0.6022922300824575,-0.08051674868256391,-0.9425392597054306,-0.15986739803671018,-1.5166816717001321
0.5602266303096711,1.1278837406093254,-0.6613548688400874,2.7234025337008347,-0.24093195011377463,-1.826310046091369,0.8650420589847486
-0.5225461379734192,-0.2289751577935585,1.0929255255822496,-0.6874320833032341,1.1622826690695374,-0.7153482807215965,0.8650420589847486
-1.063932522114964,1.4410050248561448,-1.093592341657327,0.22361841697167495,1.1622826690695374,0.3956134846481761,0.8650420589847486
-0.7932393300441917,1.023509979193719,-0.9077515813320434,0.13689862895199728,1.1622826690695374,-0.7153482807215965,0.8650420589847486
-0.5225461379734192,1.6497525476873578,-1.2960130676830042,0.6848100168945062,-0.9425392597054306,-1.2708291634064828,0.8650420589847486
0.28953343823889843,-0.9595914877028038,0.1152937096625946,-0.6334169880665457,1.1622826690695374,-0.7153482807215965,0.8650420589847486
0.28953343823889843,-0.12460139637795206,0.1935182111362515,-0.4110127589905116,1.1622826690695374,0.11787304330573296,0.8650420589847486
2.9964653589466232,0.5016411721156867,-0.7621605020504753,1.4227288949227432,-0.24093195011377463,-1.548569604748926,0.8650420589847486
-0.5225461379734192,0.2928936492844738,0.18455833068199856,-0.2769912684146461,0.4606753594778814,0.6733539259906193,-0.32581980635769175
0.28953343823889843,1.023509979193719,-0.9960943278669672,0.8817156719363453,1.1622826690695374,0.11787304330573296,-1.5166816717001321
-0.7932393300441917,0.8147624563625061,-0.9245967148340423,-0.022498254140989785,0.4606753594778814,1.5065752500179488,0.8650420589847486
0.28953343823889843,0.18851988786886734,-0.4600506388211709,-0.09197262977039064,-0.9425392597054306,-0.9930887220640396,-1.5166816717001321
-0.5225461379734192,-1.2727127719496232,1.5218972475797148,-0.7854845708936651,1.1622826690695374,-0.7153482807215965,0.8650420589847486
-0.25185294590264645,-0.6464702034559844,-0.2240233829920031,-0.4994570882492169,-0.9425392597054306,-0.15986739803671018,-1.5166816717001321
-0.7932393300441917,0.5016411721156867,-0.11865407235398179,-0.300026212107373,0.4606753594778814,1.5065752500179488,-0.32581980635769175
0.8309198223804434,-0.6464702034559844,-0.22883827202115775,-0.24545680004385423,0.4606753594778814,0.9510943673330624,-0.32581980635769175
0.8309198223804434,0.2928936492844738,-0.3034899862731811,0.012177342915173939,-1.6441465692970867,1.784315691360392,0.8650420589847486
-1.063932522114964,-0.2289751577935585,-0.328332022423602,-0.5965241237030606,-0.9425392597054306,-1.2708291634064828,0.8650420589847486
-0.5225461379734192,1.6497525476873578,-1.3912780894598429,1.6872612028378822,1.1622826690695374,0.11787304330573296,-1.5166816717001321
-1.063932522114964,-0.9595914877028038,0.8283438843801822,-0.752964650386286,0.4606753594778814,1.5065752500179488,0.8650420589847486
0.8309198223804434,1.232257502024932,-1.2008457393067566,2.294299718975626,0.4606753594778814,0.9510943673330624,-0.32581980635769175
-0.5225461379734192,1.8585000705185708,-1.506067835154906,2.5792185679664135,0.4606753594778814,0.6733539259906193,-0.32581980635769175
0.28953343823889843,-0.8552177262871973,1.0804905513069545,-0.6936527499154411,-0.9425392597054306,-0.9930887220640396,0.8650420589847486
-0.25185294590264645,-1.7945815790276554,0.16227027914704226,-0.7557978252789743,1.1622826690695374,0.3956134846481761,0.8650420589847486
0.28953343823889843,-0.5420964420403779,0.6698293638203615,-0.676468928283701,1.1622826690695374,0.3956134846481761,0.8650420589847486
0.28953343823889843,1.023509979193719,-1.1136194887785933,0.6106547436163159,1.1622826690695374,-0.7153482807215965,-1.5166816717001321
0.018840246168125976,0.2928936492844738,-0.5886570225998949,-0.03426208902150004,1.1622826690695374,0.11787304330573296,0.8650420589847486
2.319732378769692,0.08414612645326086,0.15353369789414142,0.17212854283499132,-0.24093195011377463,-1.548569604748926,0.8650420589847486
-0.5225461379734192,0.39726741070008026,-0.32436846159960225,-0.4046689108612312,-0.9425392597054306,-1.2708291634064828,0.8650420589847486
0.5602266303096711,-0.12460139637795206,0.05663580070741531,-0.15639656319978185,0.4606753594778814,0.9510943673330624,-0.32581980635769175
-1.063932522114964,-1.690207817612049,1.4500507295446772,-0.8133851845107916,-0.9425392597054306,-1.2708291634064828,0.8650420589847486
0.28953343823889843,-0.7508439648715909,1.8481234245550457,-0.7373821884765002,1.1622826690695374,0.11787304330573296,-1.5166816717001321
0.018840246168125976,0.8147624563625061,-0.6831823657722551,0.5366842426137357,0.4606753594778814,0.9510943673330624,0.8650420589847486
-0.5225461379734192,1.023509979193719,-1.0952252170672143,0.09883554017631489,-0.9425392597054306,-1.2708291634064828,0.8650420589847486
-0.5225461379734192,-0.2289751577935585,-0.1762094415024851,-0.4092882177514839,1.1622826690695374,0.11787304330573296,-1.5166816717001321
-0.7932393300441917,0.9191362177781126,-1.212541034977573,0.035212286607900815,1.1622826690695374,0.3956134846481761,0.8650420589847486
-0.5225461379734192,0.9191362177781126,-0.7437662303390962,0.030531388959111398,0.4606753594778814,1.5065752500179488,0.8650420589847486
0.018840246168125976,-1.5858340561964426,2.741306273763354,-0.8160951778864065,-0.9425392597054306,-0.9930887220640396,-1.5166816717001321
-0.7932393300441917,-0.020227634962345597,0.5938936791605636,-0.6589771528592774,-0.9425392597054306,-1.2708291634064828,0.8650420589847486
0.018840246168125976,-0.333348919209165,-0.31328723873250436,-0.39764756438804705,-0.9425392597054306,-0.15986739803671018,0.8650420589847486
-0.5225461379734192,-1.2727127719496232,0.13276687216839628,-0.6575605654129333,1.1622826690695374,0.11787304330573296,-1.5166816717001321
-1.063932522114964,-1.690207817612049,2.3083570347418045,-0.8280437850425268,1.1622826690695374,0.3956134846481761,0.8650420589847486
0.28953343823889843,-2.0033291018588684,1.8848003183771278,-0.7995272638400334,-1.6441465692970867,1.784315691360392,0.8650420589847486
0.8309198223804434,0.08414612645326086,0.06327895194764023,-0.09831647789967103,-0.24093195011377463,-2.1040504874338124,0.8650420589847486
-0.5225461379734192,-0.8552177262871973,0.42413046133263094,-0.6869393572349405,1.1622826690695374,-0.7153482807215965,0.8650420589847486
-1.063932522114964,1.3366312634405384,-0.9573379602322937,0.07346014765919331,-0.9425392597054306,-1.2708291634064828,0.8650420589847486
-0.25185294590264645,-1.0639652491184102,-1.010538994954431,-0.4599774120271904,-0.9425392597054306,-0.15986739803671018,-1.5166816717001321
-0.5225461379734192,0.8147624563625061,-0.6255013908229912,0.08516239178116686,0.4606753594778814,1.5065752500179488,-0.32581980635769175
0.018840246168125976,0.7103886949468996,-1.3889613602458148,1.2516297677077828,0.4606753594778814,0.9510943673330624,-0.32581980635769175
0.28953343823889843,-0.43772268062477143,0.7720585294393689,-0.5580298996176214,-0.9425392597054306,-0.15986739803671018,-0.32581980635769175
-1.063932522114964,-0.8552177262871973,1.6107842859179342,-0.7664530265058239,-0.9425392597054306,-0.9930887220640396,-1.5166816717001321
0.28953343823889843,1.232257502024932,-1.177692403366561,0.5254131338015191,1.1622826690695374,0.3956134846481761,0.8650420589847486
0.28953343823889843,-1.0639652491184102,1.098340531215038,-0.7536421487301898,1.1622826690695374,0.3956134846481761,0.8650420589847486
0.28953343823889843,1.1278837406093254,-1.048234691382682,0.9580882125218568,-0.9425392597054306,-0.9930887220640396,-1.5166816717001321
0.28953343823889843,-1.1683390105340168,1.695372814630126,-0.7232163140130585,0.4606753594778814,0.9510943673330624,-0.32581980635769175
0.018840246168125976,0.8147624563625061,-0.2596116932074938,0.11029142126414164,-0.9425392597054306,-0.15986739803671018,-1.5166816717001321
-1.063932522114964,-0.020227634962345597,-0.36659992305531786,-0.5086341112711856,0.4606753594778814,1.5065752500179488,0.8650420589847486
-0.25185294590264645,-0.7508439648715909,-0.35279724117174127,-0.5132534181614383,-0.9425392597054306,-0.9930887220640396,0.8650420589847486
4.349931319300485,-0.9595914877028038,0.5814168362850151,-0.23135251633894927,-1.6441465692970867,-0.4376078393791533,0.8650420589847486
0.28953343823889843,-0.12460139637795206,0.30407922820570915,-0.3694389969782371,0.4606753594778814,0.9510943673330624,0.8650420589847486
0.018840246168125976,-0.2289751577935585,0.29273283753700563,-0.49779413776872594,-0.9425392597054306,-0.9930887220640396,0.8650420589847486
-0.5225461379734192,0.6060149335312932,-0.02435202838297381,-0.4151393398124707,-0.9425392597054306,-1.2708291634064828,0.8650420589847486
0.28953343823889843,1.8585000705185708,-1.4616871188861764,1.441452485517901,1.1622826690695374,0.3956134846481761,0.8650420589847486
0.5602266303096711,-1.690207817612049,2.2662232666866804,-0.7998968083912537,-1.6441465692970867,1.784315691360392,0.8650420589847486
-1.063932522114964,0.2928936492844738,-0.35688640779650155,-0.4917582434321291,-0.9425392597054306,-1.2708291634064828,0.8650420589847486
-1.063932522114964,0.08414612645326086,1.0102489962816352,-0.6488146777007214,0.4606753594778814,1.5065752500179488,-0.32581980635769175
0.28953343823889843,-1.2727127719496232,1.6986246092498158,-0.7679312047107048,1.1622826690695374,-0.7153482807215965,-0.32581980635769175
0.018840246168125976,0.39726741070008026,-0.549886698765137,0.005771904027356839,1.1622826690695374,0.11787304330573296,0.8650420589847486
-0.25185294590264645,-1.4814602947808362,0.05985968292693623,-0.6625494168544062,1.1622826690695374,0.11787304330573296,-1.5166816717001321
-0.5225461379734192,-1.3770865333652296,1.248537156524493,-0.7908429668863582,-0.9425392597054306,-1.2708291634064828,0.8650420589847486
-0.5225461379734192,0.9191362177781126,-0.20597801628273668,0.03872295984449288,-0.9425392597054306,-0.9930887220640396,-1.5166816717001321
-0.7932393300441917,-1.690207817612049,1.685282481969028,-0.8146169996815256,1.1622826690695374,0.3956134846481761,0.8650420589847486
-0.25185294590264645,-0.333348919209165,0.8092518026645779,-0.5769382624883892,-0.9425392597054306,-0.15986739803671018,-0.32581980635769175
-0.7932393300441917,-0.9595914877028038,2.595715194481786,-0.8198522141571454,-0.9425392597054306,-1.2708291634064828,0.8650420589847486
-0.7932393300441917,-0.43772268062477143,0.4415896676383481,-0.6279970013153159,0.4606753594778814,1.5065752500179488,-0.32581980635769175
-0.25185294590264645,0.2928936492844738,-0.3376826764802211,-0.1701928931120033,1.1622826690695374,0.11787304330573296,0.8650420589847486
-1.063932522114964,-1.0639652491184102,1.3902763245827374,-0.7926906896424594,1.1622826690695374,0.3956134846481761,0.8650420589847486
-1.063932522114964,0.2928936492844738,0.11922935808642533,-0.5712103219444757,-0.9425392597054306,-1.2708291634064828,0.8650420589847486
-0.25185294590264645,0.9191362177781126,-0.8627428360595111,0.03071616123472151,1.1622826690695374,0.3956134846481761,0.8650420589847486
-0.7932393300441917,-1.5858340561964426,0.8197468651281264,-0.7859772969619587,1.1622826690695374,0.3956134846481761,0.8650420589847486
1.642999398592761,1.023509979193719,-0.9701078833096167,1.4710160496155185,-1.6441465692970867,1.2288348086755054,-1.5166816717001321
0.5602266303096711,1.5453787862717514,-1.325376912660805,3.0132486433745584,0.4606753594778814,0.9510943673330624,-0.32581980635769175
0.28953343823889843,-0.12460139637795206,-0.23643044486712908,-0.07719084772158195,0.4606753594778814,0.9510943673330624,-0.32581980635769175
4.349931319300485,1.5453787862717514,-1.2249899654529524,6.755503132064626,-1.6441465692970867,-0.4376078393791533,0.8650420589847486
-1.063932522114964,0.7103886949468996,-0.8082857433297681,0.19621052942284217,0.4606753594778814,0.6733539259906193,-0.32581980635769175
-0.25185294590264645,-0.333348919209165,1.1142924679116284,-0.650354446664139,1.1622826690695374,0.11787304330573296,0.8650420589847486
-0.5225461379734192,-1.898955340443262,2.0797126087573403,-0.8050704321083366,0.4606753594778814,0.6733539259906193,-0.32581980635769175
0.018840246168125976,0.18851988786886734,-0.5055478510966609,-0.11679370546068191,1.1622826690695374,0.11787304330573296,0.8650420589847486
0.018840246168125976,-1.0639652491184102,1.1392740660628944,-0.7444035349496843,1.1622826690695374,-0.7153482807215965,0.8650420589847486
-0.5225461379734192,-0.333348919209165,0.4497680008878687,-0.534071094546844,-0.9425392597054306,-0.15986739803671018,-0.32581980635769175
-0.25185294590264645,1.1278837406093254,-0.8184179445911195,0.599014090252879,-0.9425392597054306,-0.15986739803671018,-1.5166816717001321
0.28953343823889843,-0.6464702034559844,0.717461874708781,-0.5250172530419486,0.4606753594778814,0.9510943673330624,-0.32581980635769175
1.642999398592761,0.6060149335312932,-0.5522732089795875,0.48156051372338665,-1.6441465692970867,1.784315691360392,0.8650420589847486
-1.063932522114964,0.39726741070008026,-0.677474279937692,-0.22907365827309126,0.4606753594778814,1.5065752500179488,-0.32581980635769175
0.018840246168125976,-0.5420964420403779,0.7035475432245283,-0.6001579784567261,1.1622826690695374,0.11787304330573296,-1.5166816717001321
0.8309198223804434,1.232257502024932,-1.1391872473334086,1.461346300525256,-1.6441465692970867,1.784315691360392,0.8650420589847486
0.018840246168125976,0.08414612645326086,0.12592833412698828,-0.37442784841971005,1.1622826690695374,-0.7153482807215965,-0.32581980635769175
-0.5225461379734192,-0.9595914877028038,0.9971720368024529,-0.6967322878422763,-0.9425392597054306,-0.15986739803671018,-0.32581980635769175
-0.5225461379734192,-1.3770865333652296,-1.0009650416964597,-0.5636346586444614,-0.9425392597054306,-0.9930887220640396,0.8650420589847486
0.28953343823889843,1.7541263091029642,-1.5122783441925112,1.7417074333843277,1.1622826690695374,-0.7153482807215965,0.8650420589847486
-1.063932522114964,0.39726741070008026,-0.10903825049575705,-0.513130236644365,-0.9425392597054306,-1.2708291634064828,0.8650420589847486
-0.25185294590264645,-0.43772268062477143,1.7288676948329407,-0.7230931324959851,-0.9425392597054306,-0.9930887220640396,-1.5166816717001321
1.642999398592761,-0.7508439648715909,0.09486183273887762,-0.4285661251734719,-1.6441465692970867,1.2288348086755054,0.8650420589847486
0.018840246168125976,1.1278837406093254,-0.8815697499735098,0.42668314786718436,1.1622826690695374,-0.7153482807215965,0.8650420589847486
0.8309198223804434,0.18851988786886734,0.3849414514953377,-0.17906196234128852,-0.24093195011377463,-2.1040504874338124,0.8650420589847486
0.28953343823889843,-1.4814602947808362,1.7034394982789705,-0.7718730132570538,1.1622826690695374,0.11787304330573296,-1.5166816717001321
0.28953343823889843,-2.0033291018588684,2.572198997339393,-0.8194210788473885,-0.9425392597054306,-0.15986739803671018,-1.5166816717001321
-0.7932393300441917,-0.333348919209165,0.23545659239019245,-0.6044077407957587,1.1622826690695374,-0.7153482807215965,-1.5166816717001321
0.018840246168125976,-0.6464702034559844,0.7998871924078742,-0.6409926513665601,-0.9425392597054306,-0.15986739803671018,-1.5166816717001321
-0.5225461379734192,0.18851988786886734,0.3915846027355626,-0.39469120797828533,-0.9425392597054306,-0.15986739803671018,-0.32581980635769175
-0.25185294590264645,0.9191362177781126,-0.9636182502703214,0.45021081762820486,-0.9425392597054306,-0.9930887220640396,0.8650420589847486
0.28953343823889843,-0.43772268062477143,0.5458843508698624,-0.4392213264003215,0.4606753594778814,0.9510943673330624,-0.32581980635769175
-0.5225461379734192,-0.9595914877028038,1.4355781500570441,-0.7799414026253618,1.1622826690695374,0.3956134846481761,0.8650420589847486
0.28953343823889843,1.4410050248561448,-1.1956819452754894,0.7329123993116711,1.1622826690695374,0.3956134846481761,0.8650420589847486
0.018840246168125976,1.4410050248561448,-1.148733288191211,1.7416458426257908,0.4606753594778814,0.6733539259906193,-0.32581980635769175
-1.063932522114964,0.9191362177781126,-0.7993258628755151,0.34033290439872693,0.4606753594778814,0.6733539259906193,-0.32581980635769175
-0.25185294590264645,-0.9595914877028038,1.0362773094392392,-0.7495155679082306,1.1622826690695374,0.3956134846481761,-1.5166816717001321
-0.25185294590264645,-2.0033291018588684,0.2740175732236829,-0.753580557971653,1.1622826690695374,-0.7153482807215965,-1.5166816717001321
-0.7932393300441917,-0.333348919209165,1.2237649013744947,-0.7018443208008226,0.4606753594778814,1.5065752500179488,-0.32581980635769175
-0.25185294590264645,-1.690207817612049,0.6172703143021113,-0.736396736339913,-0.9425392597054306,-0.15986739803671018,-1.5166816717001321
-0.5225461379734192,-0.6464702034559844,0.8700450102326865,-0.7322085647594171,-0.9425392597054306,-1.2708291634064828,0.8650420589847486
0.28953343823889843,1.232257502024932,-1.1463188655765912,1.4896164586936027,0.4606753594778814,0.9510943673330624,0.8650420589847486
-0.5225461379734192,-0.5420964420403779,-0.5226023275999274,-0.4586840060979196,-0.9425392597054306,-0.9930887220640396,0.8650420589847486
-0.7932393300441917,0.9191362177781126,-0.8454371479547235,0.17440740090084933,0.4606753594778814,1.5065752500179488,-0.32581980635769175
-1.063932522114964,-0.43772268062477143,-0.5914063940165427,-0.5577835365834746,0.4606753594778814,1.5065752500179488,0.8650420589847486
-0.25185294590264645,0.7103886949468996,-0.7911196172258256,0.24653017914732842,-0.9425392597054306,-0.15986739803671018,-1.5166816717001321
0.018840246168125976,-0.43772268062477143,0.5077560122389917,-0.4514162965905887,0.4606753594778814,0.9510943673330624,-0.32581980635769175
-0.25185294590264645,0.2928936492844738,-0.3355613340673762,-0.13705706501925716,1.1622826690695374,0.11787304330573296,-1.5166816717001321
-0.25185294590264645,-0.12460139637795206,-0.3269782710154049,-0.43392452116616503,1.1622826690695374,-0.7153482807215965,0.8650420589847486
-1.063932522114964,0.2928936492844738,-0.1971437416292443,-0.4679842106369618,0.4606753594778814,1.5065752500179488,0.8650420589847486
-0.5225461379734192,0.8147624563625061,-0.7560755988136306,0.44164970219160316,0.4606753594778814,0.6733539259906193,-0.32581980635769175
-0.7932393300441917,-0.6464702034559844,1.6095561403104979,-0.7703332442936363,0.4606753594778814,1.5065752500179488,0.8650420589847486
4.349931319300485,0.9191362177781126,-0.8858124347991997,3.566395245792687,-1.6441465692970867,-0.4376078393791533,0.8650420589847486
-1.063932522114964,0.2928936492844738,-0.10547941947420798,-0.4133532078149063,0.4606753594778814,1.5065752500179488,-0.32581980635769175
-1.063932522114964,0.08414612645326086,0.08013804164972364,-0.5040148043809329,0.4606753594778814,1.5065752500179488,-0.32581980635769175
-0.5225461379734192,1.023509979193719,-0.5885453729992189,0.5140804342307658,0.4606753594778814,0.6733539259906193,-0.32581980635769175
0.8309198223804434,-0.12460139637795206,-0.007102165078524224,-0.28438215943905043,-1.6441465692970867,1.784315691360392,0.8650420589847486
-0.5225461379734192,-0.6464702034559844,0.7177270425103865,-0.6562055687251258,-0.9425392597054306,-0.15986739803671018,-1.5166816717001321
-0.5225461379734192,-1.1683390105340168,1.7411072823070526,-0.7992809008058865,1.1622826690695374,0.3956134846481761,0.8650420589847486
0.8309198223804434,-0.7508439648715909,-0.0700306712595624,-0.4573290094101122,-1.6441465692970867,1.784315691360392,0.8650420589847486
0.28953343823889843,0.9191362177781126,-0.4569244500022416,0.5472778530820486,-1.6441465692970867,1.2288348086755054,-1.5166816717001321
0.28953343823889843,1.1278837406093254,-1.0167634601921207,0.9176846749217797,-0.9425392597054306,-0.15986739803671018,-1.5166816717001321
-0.7932393300441917,-0.6464702034559844,-0.19699022342831474,-0.6509087634909694,-0.9425392597054306,-1.2708291634064828,0.8650420589847486
1.1016130144512162,-0.6464702034559844,1.416793104743299,-0.4645967189174431,-0.24093195011377463,-1.826310046091369,0.8650420589847486
0.8309198223804434,-0.020227634962345597,0.9287447877881193,-0.4979789100443361,-1.6441465692970867,1.784315691360392,0.8650420589847486
0.28953343823889843,1.232257502024932,-1.0068126895318679,1.3562108757031042,0.4606753594778814,0.9510943673330624,0.8650420589847486
-0.7932393300441917,0.9191362177781126,-0.3724475708907259,-0.24551839080239093,1.1622826690695374,0.3956134846481761,0.8650420589847486
-0.7932393300441917,1.4410050248561448,-1.130897264483212,0.7663561811971008,0.4606753594778814,1.5065752500179488,-0.32581980635769175
-0.7932393300441917,1.232257502024932,-0.9246804520345493,0.44565310149648885,0.4606753594778814,1.5065752500179488,-0.32581980635769175
-1.063932522114964,-1.7945815790276554,2.5569309144469434,-0.8200369864327555,0.4606753594778814,0.6733539259906193,-0.32581980635769175
0.28953343823889843,-1.4814602947808362,-0.7134533637555489,-0.5068479792736212,0.4606753594778814,0.9510943673330624,0.8650420589847486
-0.25185294590264645,-1.3770865333652296,1.243959522896775,-0.7553050992106807,-0.9425392597054306,-0.15986739803671018,-1.5166816717001321
-0.5225461379734192,0.6060149335312932,-0.42139196458708894,-0.10866372533383713,0.4606753594778814,1.5065752500179488,-0.32581980635769175
0.5602266303096711,1.232257502024932,-0.8888409302175375,1.7868534593917307,0.4606753594778814,0.9510943673330624,-0.32581980635769175
0.28953343823889843,-1.5858340561964426,1.1976947196166372,-0.7846223002741513,1.1622826690695374,0.3956134846481761,0.8650420589847486
-0.5225461379734192,-0.9595914877028038,2.122530230616605,-0.7716882409814437,0.4606753594778814,0.6733539259906193,-0.32581980635769175
0.8309198223804434,-0.020227634962345597,-0.1485203405348249,-0.1315754875094906,-1.6441465692970867,1.2288348086755054,-1.5166816717001321
-0.7932393300441917,1.3366312634405384,-1.1731566383390966,0.2578628787180817,-0.9425392597054306,-1.2708291634064828,0.8650420589847486
0.8309198223804434,-1.2727127719496232,2.1098998695401274,-0.7594932707911765,-0.24093195011377463,-2.1040504874338124,0.8650420589847486
0.018840246168125976,-0.2289751577935585,0.3398908376225519,-0.4732194251125815,1.1622826690695374,0.11787304330573296,-1.5166816717001321
-0.25185294590264645,0.8147624563625061,-0.23878904268141063,0.011068709261513286,-0.9425392597054306,-0.9930887220640396,0.8650420589847486
-1.063932522114964,1.023509979193719,-1.21219212997546,0.3696501054621975,-0.9425392597054306,-0.9930887220640396,0.8650420589847486
-0.7932393300441917,0.6060149335312932,-0.3516667889648963,-0.1527627084461164,1.1622826690695374,-0.7153482807215965,-0.32581980635769175
-0.25185294590264645,1.5453787862717514,-1.2040556653261931,0.9518675459096498,1.1622826690695374,-0.7153482807215965,0.8650420589847486
-1.063932522114964,1.8585000705185708,-1.4562023322529656,1.548620405371764,-0.9425392597054306,-0.9930887220640396,-1.5166816717001321
2.9964653589466232,0.8147624563625061,-0.8415852367313997,1.580524418293776,-0.24093195011377463,-2.1040504874338124,0.8650420589847486
-0.5225461379734192,1.5453787862717514,-1.122677062633438,0.48882822323071756,-0.9425392597054306,-1.2708291634064828,0.8650420589847486
-0.5225461379734192,0.39726741070008026,-0.6218448664008506,-0.07343381145084307,-0.9425392597054306,-0.15986739803671018,-1.5166816717001321
0.28953343823889843,-1.690207817612049,0.5167298488933292,-0.741139224747239,1.1622826690695374,-0.7153482807215965,0.8650420589847486
0.018840246168125976,-0.020227634962345597,-0.04143441728640932,-0.370917175183118,-0.9425392597054306,-0.15986739803671018,0.8650420589847486
0.5602266303096711,1.4410050248561448,-1.2548701898338799,2.6651992668836506,0.4606753594778814,0.9510943673330624,-0.32581980635769175
-0.7932393300441917,-0.2289751577935585,0.271924143211007,-0.6170954370543195,0.4606753594778814,1.5065752500179488,0.8650420589847486
-1.063932522114964,-0.7508439648715909,0.22662231773670008,-0.6062554635518598,0.4606753594778814,0.6733539259906193,-0.32581980635769175
-1.063932522114964,0.7103886949468996,-0.5492586697613342,-0.06869132304351695,-0.9425392597054306,-0.9930887220640396,-1.5166816717001321
-0.25185294590264645,0.18851988786886734,0.05477962609617599,-0.43447883799299536,1.1622826690695374,-0.7153482807215965,0.8650420589847486
0.28953343823889843,1.1278837406093254,-0.8082159623293456,0.6998381619774616,-0.9425392597054306,-0.9930887220640396,0.8650420589847486
1.642999398592761,0.6060149335312932,-0.04530028470981752,0.17810284641305152,-1.6441465692970867,1.784315691360392,0.8650420589847486
-0.5225461379734192,1.3366312634405384,-1.010678556955276,0.26784058160102764,-0.9425392597054306,-1.2708291634064828,0.8650420589847486
-0.25185294590264645,-1.690207817612049,0.9992794230152133,-0.7545660101082403,1.1622826690695374,0.11787304330573296,-1.5166816717001321
0.018840246168125976,-2.0033291018588684,1.1146413729137412,-0.787578656683913,1.1622826690695374,-0.7153482807215965,-1.5166816717001321
-0.7932393300441917,-1.7945815790276554,1.16865186724078,-0.7856693431692753,1.1622826690695374,-0.7153482807215965,-0.32581980635769175
-0.5225461379734192,1.5453787862717514,-1.447312232799135,1.459067442459398,1.1622826690695374,0.11787304330573296,0.8650420589847486
0.018840246168125976,-0.8552177262871973,-0.02489632018626955,-0.5152243224346129,-0.9425392597054306,-0.15986739803671018,-0.32581980635769175
-1.063932522114964,1.1278837406093254,-1.1303529726799162,0.7201631122945736,0.4606753594778814,0.6733539259906193,-0.32581980635769175
1.1016130144512162,0.7103886949468996,-0.6897836484122265,2.1656366243924534,-0.24093195011377463,-1.826310046091369,0.8650420589847486
-0.5225461379734192,-0.43772268062477143,0.9277818099822884,-0.6923593439861704,1.1622826690695374,-0.7153482807215965,0.8650420589847486
0.28953343823889843,-0.020227634962345597,0.21909992589115126,-0.47863941186381137,1.1622826690695374,-0.7153482807215965,0.8650420589847486
-0.7932393300441917,-0.5420964420403779,0.7295619001820478,-0.6959316079812992,1.1622826690695374,-0.7153482807215965,0.8650420589847486
-1.063932522114964,-0.43772268062477143,0.7256122955581326,-0.7259878981472101,-0.9425392597054306,-1.2708291634064828,0.8650420589847486
0.5602266303096711,-1.690207817612049,0.2239287711203904,-0.6164179387104157,0.4606753594778814,0.9510943673330624,-0.32581980635769175
1.642999398592761,-0.333348919209165,0.20796287822371537,-0.33359317550987605,-1.6441465692970867,1.2288348086755054,0.8650420589847486
0.018840246168125976,-0.9595914877028038,1.4736087952873236,-0.7177963272618286,0.4606753594778814,0.9510943673330624,0.8650420589847486
4.349931319300485,1.6497525476873578,-1.3816203990013647,7.795216726922708,-1.6441465692970867,-0.4376078393791533,0.8650420589847486
-0.7932393300441917,-1.7945815790276554,0.8621876695851096,-0.7951543199839275,1.1622826690695374,0.3956134846481761,0.8650420589847486
-1.063932522114964,1.232257502024932,-0.9288393996597321,0.4483630948721038,-0.9425392597054306,-0.9930887220640396,-1.5166816717001321
0.018840246168125976,0.5016411721156867,-0.6630435690503127,-0.07509676193133405,1.1622826690695374,-0.7153482807215965,0.8650420589847486
0.28953343823889843,-0.43772268062477143,0.6680708826097137,-0.5364731341297754,-0.9425392597054306,-0.9930887220640396,-0.32581980635769175
-0.5225461379734192,-1.0639652491184102,-0.7459992223526172,-0.5254483883517056,-0.9425392597054306,-0.15986739803671018,-1.5166816717001321
-1.063932522114964,0.6060149335312932,-0.6931470926325924,-0.25438746003167617,0.4606753594778814,1.5065752500179488,0.8650420589847486
0.8309198223804434,-1.5858340561964426,0.7412432396527794,-0.6567598855519561,0.4606753594778814,0.9510943673330624,-0.32581980635769175
0.018840246168125976,-0.333348919209165,0.13818187780118468,-0.5479290152176021,1.1622826690695374,-0.7153482807215965,0.8650420589847486
-1.063932522114964,0.5016411721156867,0.5519273855064536,-0.6009586583177032,-0.9425392597054306,-1.2708291634064828,0.8650420589847486
-0.25185294590264645,1.5453787862717514,-1.4126031631889684,1.10522853466604,1.1622826690695374,-0.7153482807215965,0.8650420589847486
-1.063932522114964,-0.8552177262871973,1.309916524496151,-0.7304224327618527,0.4606753594778814,0.6733539259906193,-0.32581980635769175
-0.5225461379734192,-1.7945815790276554,1.1704661732517656,-0.7947847754327073,0.4606753594778814,1.5065752500179488,0.8650420589847486
-0.5225461379734192,-0.2289751577935585,1.7548820517904602,-0.7282667562130681,0.4606753594778814,1.5065752500179488,-0.32581980635769175
0.28953343823889843,-0.43772268062477143,1.1628042194053718,-0.6871857202690873,1.1622826690695374,-0.7153482807215965,0.8650420589847486
-0.5225461379734192,-1.3770865333652296,0.32873983375503146,-0.7322701555179538,0.4606753594778814,1.5065752500179488,0.8650420589847486
-0.7932393300441917,1.7541263091029642,-1.318538374619397,0.7226883333945784,1.1622826690695374,0.3956134846481761,0.8650420589847486
2.319732378769692,-1.7945815790276554,-0.08581513355513884,-0.32681819207083873,-0.24093195011377463,-1.826310046091369,0.8650420589847486
-0.5225461379734192,1.8585000705185708,-1.5467780708014103,2.2211298978340226,1.1622826690695374,0.11787304330573296,-1.5166816717001321
-0.25185294590264645,0.18851988786886734,0.08443655127575153,-0.4411306399149593,1.1622826690695374,-0.7153482807215965,0.8650420589847486
-0.5225461379734192,-0.333348919209165,-0.3667813536564164,-0.43620337923202307,-0.9425392597054306,-0.9930887220640396,0.8650420589847486
0.5602266303096711,-2.0033291018588684,-0.8816116185737634,-0.5159018207785167,0.4606753594778814,0.9510943673330624,-0.32581980635769175
-0.5225461379734192,0.2928936492844738,-0.35029908135661464,-0.36143219836846574,0.4606753594778814,1.5065752500179488,0.8650420589847486
0.5602266303096711,-1.3770865333652296,1.187353175354018,-0.5922743613640282,-0.24093195011377463,-1.826310046091369,0.8650420589847486
0.018840246168125976,-0.12460139637795206,-0.42312253339756767,-0.04399342887029909,0.4606753594778814,0.9510943673330624,-0.32581980635769175
-1.063932522114964,1.023509979193719,-0.4786123849335641,-0.24410180335604675,-0.9425392597054306,-1.2708291634064828,0.8650420589847486
-0.25185294590264645,0.18851988786886734,0.2098888338353772,-0.4495069830759509,1.1622826690695374,-0.7153482807215965,-1.5166816717001321
0.5602266303096711,1.4410050248561448,-0.9047509983138745,2.184052261194928,0.4606753594778814,0.9510943673330624,-0.32581980635769175
0.28953343823889843,0.5016411721156867,-0.8464280381607233,0.6976208946701403,0.4606753594778814,0.9510943673330624,-0.32581980635769175
-0.5225461379734192,-0.8552177262871973,0.9836763913207355,-0.7044927234179008,1.1622826690695374,0.11787304330573296,0.8650420589847486
0.28953343823889843,0.5016411721156867,0.17381205661692883,-0.15571906485587814,1.1622826690695374,0.11787304330573296,-1.5166816717001321
-0.25185294590264645,-1.5858340561964426,0.3324103143772566,-0.7070795352764424,-0.9425392597054306,-0.15986739803671018,-1.5166816717001321
0.8309198223804434,0.8147624563625061,-0.4577339096071429,0.873462510292427,0.4606753594778814,0.9510943673330624,-0.32581980635769175
0.018840246168125976,0.2928936492844738,-0.07946506251668856,0.03120888730301513,0.4606753594778814,0.9510943673330624,-0.32581980635769175
0.018840246168125976,-0.6464702034559844,-1.3968466132935609,-0.21349119636330544,-0.9425392597054306,-0.9930887220640396,-1.5166816717001321
-0.25185294590264645,-0.8552177262871973,0.8894441283501501,-0.6848452714446926,-0.9425392597054306,-0.9930887220640396,-1.5166816717001321
0.28953343823889843,-1.4814602947808362,1.6403295614968338,-0.7686702938131452,1.1622826690695374,0.11787304330573296,-1.5166816717001321
-1.063932522114964,-1.4814602947808362,0.7977239813947757,-0.7397226373008949,0.4606753594778814,0.6733539259906193,-0.32581980635769175
4.349931319300485,0.7103886949468996,-0.9459915695635901,3.1191847480576875,-1.6441465692970867,-0.4376078393791533,0.8650420589847486
0.018840246168125976,1.4410050248561448,-1.421004795639841,1.5602610587352008,-0.9425392597054306,-0.15986739803671018,-1.5166816717001321
-1.063932522114964,0.7103886949468996,-0.41657707555793433,-0.3685767263587233,-0.9425392597054306,-1.2708291634064828,0.8650420589847486
0.8309198223804434,-1.0639652491184102,0.2604242343413739,-0.5540880910712724,-1.6441465692970867,1.2288348086755054,-1.5166816717001321
-0.5225461379734192,0.08414612645326086,-0.07540380829209727,-0.3398754328806198,1.1622826690695374,0.11787304330573296,-1.5166816717001321
-0.5225461379734192,1.1278837406093254,-0.8732658109232286,0.5393326452308139,-0.9425392597054306,-0.15986739803671018,-1.5166816717001321
0.5602266303096711,1.3366312634405384,-0.8395755439192308,1.9071402108139115,0.4606753594778814,0.9510943673330624,-0.32581980635769175
-0.7932393300441917,-0.333348919209165,-0.28639364116966104,-0.5957850346006203,-0.9425392597054306,-1.2708291634064828,0.8650420589847486
-1.063932522114964,0.2928936492844738,-1.1542041186243372,-0.10244305872163013,-0.9425392597054306,-0.9930887220640396,0.8650420589847486
-0.5225461379734192,-0.020227634962345597,0.4168174124883497,-0.5223072596663337,-0.9425392597054306,-0.15986739803671018,0.8650420589847486
0.28953343823889843,1.023509979193719,-0.7640445890618837,0.15629971789105868,1.1622826690695374,0.3956134846481761,0.8650420589847486
2.9964653589466232,-1.1683390105340168,0.9341597934209077,-0.4579449169954792,-1.6441465692970867,-0.4376078393791533,0.8650420589847486
0.018840246168125976,-0.333348919209165,0.9192127031304017,-0.5168256821565671,0.4606753594778814,0.9510943673330624,-0.32581980635769175
2.9964653589466232,-0.020227634962345597,0.09872770016228583,0.04007795653230035,-0.24093195011377463,-2.1040504874338124,0.8650420589847486
-1.063932522114964,-0.020227634962345597,-0.9739318821327714,-0.14340091314853756,0.4606753594778814,0.6733539259906193,-0.32581980635769175
-1.063932522114964,-1.690207817612049,1.046339729700168,-0.8032227093522356,-0.9425392597054306,-1.2708291634064828,0.8650420589847486
0.018840246168125976,0.6060149335312932,-1.207000423544024,0.9805072486292167,0.4606753594778814,0.9510943673330624,-0.32581980635769175
0.28953343823889843,0.9191362177781126,-1.239867274743036,0.7811995540044462,-0.9425392597054306,-0.9930887220640396,0.8650420589847486
-0.5225461379734192,-0.020227634962345597,0.2627130511552329,-0.600589113766483,-0.9425392597054306,-1.2708291634064828,0.8650420589847486
0.28953343823889843,-0.9595914877028038,0.17991091605385803,-0.6736357533910127,1.1622826690695374,0.3956134846481761,0.8650420589847486
-0.5225461379734192,0.18851988786886734,-0.07792988050739287,-0.506909570032158,-0.9425392597054306,-1.2708291634064828,0.8650420589847486
-1.063932522114964,-0.9595914877028038,0.44775830807569983,-0.7423094491594364,1.1622826690695374,0.3956134846481761,0.8650420589847486
0.8309198223804434,0.39726741070008026,-0.7856348305926146,0.6929399970213509,0.4606753594778814,0.9510943673330624,-0.32581980635769175
-0.7932393300441917,-0.9595914877028038,-1.0884285476260598,-0.5060472994126441,0.4606753594778814,1.5065752500179488,-0.32581980635769175
-0.5225461379734192,0.7103886949468996,-0.5551063175967422,-0.2407143116365281,-0.9425392597054306,-1.2708291634064828,0.8650420589847486
-0.5225461379734192,0.7103886949468996,-0.9886556732219254,-0.10724713788749296,-0.9425392597054306,-1.2708291634064828,0.8650420589847486
-0.25185294590264645,1.6497525476873578,-1.4142639509990247,0.9123878696876233,1.1622826690695374,0.3956134846481761,0.8650420589847486
2.319732378769692,-0.43772268062477143,0.6235366481400546,-0.017016676631223228,-0.24093195011377463,-1.826310046091369,0.8650420589847486
0.5602266303096711,-0.6464702034559844,0.3462129962608332,-0.4969934579077488,0.4606753594778814,0.9510943673330624,0.8650420589847486
2.9964653589466232,0.6060149335312932,-0.8295829046587244,1.65498764536465,-0.24093195011377463,-1.548569604748926,0.8650420589847486
0.018840246168125976,0.9191362177781126,-0.7422868731301385,0.3988441250085947,-0.9425392597054306,-0.9930887220640396,0.8650420589847486
3.5378517430881686,-0.7508439648715909,0.04636403744521879,0.048269527417681826,-1.6441465692970867,-0.4376078393791533,0.8650420589847486
-1.063932522114964,-0.2289751577935585,1.303105898854912,-0.6716032583593015,0.4606753594778814,0.6733539259906193,-0.32581980635769175
0.28953343823889843,-1.2727127719496232,1.1373341542511481,-0.7339946967569815,-0.9425392597054306,-0.9930887220640396,0.8650420589847486
0.28953343823889843,-1.4814602947808362,1.6186137141653423,-0.7588773632058095,-1.6441465692970867,1.2288348086755054,-1.5166816717001321
-0.5225461379734192,-0.12460139637795206,0.780306643689312,-0.6501080836299922,0.4606753594778814,1.5065752500179488,0.8650420589847486
-0.25185294590264645,0.39726741070008026,-0.7665985736773483,0.17403785634962912,-0.9425392597054306,-0.9930887220640396,-0.32581980635769175
0.018840246168125976,-0.43772268062477143,-0.3677582876623318,-0.3932746205319412,-0.9425392597054306,-0.15986739803671018,-1.5166816717001321
0.018840246168125976,-0.6464702034559844,0.45872788134212167,-0.5800793911737611,1.1622826690695374,0.11787304330573296,-1.5166816717001321
0.018840246168125976,1.4410050248561448,-0.942041964939675,1.5238609204400095,0.4606753594778814,0.6733539259906193,-0.32581980635769175
1.642999398592761,0.18851988786886734,-1.4526714136315855,1.4065921161861272,-0.24093195011377463,-1.548569604748926,-1.5166816717001321
0.5602266303096711,-0.43772268062477143,0.10807835421890494,-0.43324702282226135,-1.6441465692970867,1.784315691360392,0.8650420589847486
0.28953343823889843,0.5016411721156867,-0.23797958307650927,-0.030197098958077647,-0.9425392597054306,-0.15986739803671018,-1.5166816717001321
0.28953343823889843,-0.43772268062477143,0.5872784403205077,-0.44907584776619397,0.4606753594778814,0.9510943673330624,-0.32581980635769175
-1.063932522114964,0.2928936492844738,0.19223424072847695,-0.4624410423686585,-0.9425392597054306,-0.9930887220640396,0.8650420589847486
0.28953343823889843,-0.7508439648715909,0.07103859919462564,-0.5365963156468487,-0.9425392597054306,-0.15986739803671018,-1.5166816717001321
0.8309198223804434,-0.43772268062477143,0.45828128293941744,-0.4552349236198643,0.4606753594778814,0.9510943673330624,0.8650420589847486
-1.063932522114964,-1.0639652491184102,1.893048432627071,-0.7940456863302668,0.4606753594778814,1.5065752500179488,-0.32581980635769175
-1.063932522114964,-1.4814602947808362,0.9883098497487915,-0.7516712444570153,0.4606753594778814,0.6733539259906193,-0.32581980635769175
0.018840246168125976,-0.43772268062477143,0.6830598415004733,-0.6431483279153447,1.1622826690695374,-0.7153482807215965,0.8650420589847486
-0.5225461379734192,0.7103886949468996,-0.13446644704972724,-0.27970126179026106,0.4606753594778814,1.5065752500179488,0.8650420589847486
0.5602266303096711,0.5016411721156867,-0.07029583906116801,0.92944850980229,-0.24093195011377463,-1.826310046091369,0.8650420589847486
-0.7932393300441917,1.232257502024932,-0.9590127042424343,0.12187048386904177,1.1622826690695374,0.3956134846481761,0.8650420589847486
-0.5225461379734192,-0.7508439648715909,0.9673476372218633,-0.6925441162617805,-0.9425392597054306,-0.9930887220640396,-1.5166816717001321
4.349931319300485,-0.2289751577935585,0.07015935858930175,0.4683800913965322,-1.6441465692970867,-0.4376078393791533,0.8650420589847486
0.018840246168125976,-0.7508439648715909,0.1578042951200003,-0.5107897878199703,0.4606753594778814,0.6733539259906193,-0.32581980635769175
0.018840246168125976,0.2928936492844738,0.14857924686414176,-0.07146290717766858,0.4606753594778814,0.9510943673330624,-0.32581980635769175
0.28953343823889843,-1.690207817612049,0.6048074276266474,-0.7415087692984592,1.1622826690695374,-0.7153482807215965,-1.5166816717001321
-1.063932522114964,1.7541263091029642,-1.3373234199331423,1.1075689834904345,0.4606753594778814,1.5065752500179488,-0.32581980635769175
0.28953343823889843,-0.12460139637795206,0.2947983551495125,-0.41464661374417705,1.1622826690695374,0.11787304330573296,-1.5166816717001321
0.28953343823889843,-1.0639652491184102,1.929836976049829,-0.7530878319033594,-1.6441465692970867,1.2288348086755054,-1.5166816717001321
-1.063932522114964,0.9191362177781126,-1.4619243742876131,0.017474148149330387,-0.9425392597054306,-1.2708291634064828,0.8650420589847486
0.5602266303096711,-1.7945815790276554,1.4029764666596378,-0.7682391585033883,-1.6441465692970867,1.784315691360392,0.8650420589847486
0.018840246168125976,1.7541263091029642,-1.3419847907613673,2.569302455842004,0.4606753594778814,0.6733539259906193,-0.32581980635769175
-0.5225461379734192,-0.8552177262871973,0.6434521456606449,-0.6993190997008177,1.1622826690695374,-0.7153482807215965,-1.5166816717001321
-0.7932393300441917,-2.0033291018588684,1.8538035979894396,-0.8224390260156869,1.1622826690695374,0.3956134846481761,-1.5166816717001321
0.28953343823889843,-1.0639652491184102,1.8621075370397209,-0.7904734223351381,1.1622826690695374,0.3956134846481761,0.8650420589847486
-1.063932522114964,-0.5420964420403779,0.07955188124617439,-0.5481753782517489,0.4606753594778814,0.6733539259906193,-0.32581980635769175
0.8309198223804434,-0.9595914877028038,0.16700143097568984,-0.4494453923174142,0.4606753594778814,0.9510943673330624,-0.32581980635769175
0.8309198223804434,-0.333348919209165,0.1471557144555221,-0.24656543369751488,0.4606753594778814,0.9510943673330624,-0.32581980635769175
-0.5225461379734192,-1.3770865333652296,1.197471420415285,-0.7759995940790129,1.1622826690695374,-0.7153482807215965,0.8650420589847486
-0.25185294590264645,1.3366312634405384,-1.2887418874389764,1.170329966439335,-0.9425392597054306,-0.15986739803671018,-1.5166816717001321
-1.063932522114964,-1.3770865333652296,2.438317169928726,-0.8217615276717831,-0.9425392597054306,-1.2708291634064828,-0.32581980635769175
-0.5225461379734192,-0.020227634962345597,0.9316058088054431,-0.6815193704837107,-0.9425392597054306,-1.2708291634064828,0.8650420589847486
0.28953343823889843,0.9191362177781126,-1.1420482683507325,0.8799295399387809,-1.6441465692970867,1.784315691360392,0.8650420589847486
-1.063932522114964,1.232257502024932,-0.9572821354319556,0.013963474912738322,-0.9425392597054306,-1.2708291634064828,0.8650420589847486
-0.7932393300441917,-0.6464702034559844,1.012342426294311,-0.730176069727706,-0.9425392597054306,-1.2708291634064828,-0.32581980635769175
-1.063932522114964,0.5016411721156867,-0.20977410270572236,-0.3004573474171299,-0.9425392597054306,-0.9930887220640396,0.8650420589847486
0.8309198223804434,-1.2727127719496232,1.978139384542305,-0.7419399046082162,0.4606753594778814,0.9510943673330624,-0.32581980635769175
-0.7932393300441917,-0.12460139637795206,0.35553573791728327,-0.6394528824031426,1.1622826690695374,0.3956134846481761,0.8650420589847486
0.018840246168125976,-0.5420964420403779,-0.5024774870780696,-0.30329052230981823,0.4606753594778814,0.6733539259906193,-0.32581980635769175
-0.7932393300441917,-0.2289751577935585,-0.3442560467200235,-0.5702864605664253,-0.9425392597054306,-1.2708291634064828,0.8650420589847486
-1.063932522114964,0.5016411721156867,-0.6873273571973534,-0.3697469507709207,-0.9425392597054306,-1.2708291634064828,0.8650420589847486
-0.7932393300441917,0.9191362177781126,-0.9243175908323521,0.21086912995457743,0.4606753594778814,1.5065752500179488,-0.32581980635769175
-1.063932522114964,0.9191362177781126,-0.4513419699684391,-0.26270221243413105,-0.9425392597054306,-1.2708291634064828,-1.5166816717001321
0.5602266303096711,-1.7945815790276554,0.4431667182478973,-0.5404149426761243,-0.24093195011377463,-1.826310046091369,0.8650420589847486
1.642999398592761,-0.43772268062477143,1.730305183441645,-0.649738539078772,-1.6441465692970867,1.2288348086755054,-1.5166816717001321
0.5602266303096711,-0.8552177262871973,0.4786294226626274,-0.5065400254809378,0.4606753594778814,0.9510943673330624,-0.32581980635769175
-0.5225461379734192,-0.7508439648715909,1.1741785224742443,-0.7442187626740742,0.4606753594778814,1.5065752500179488,0.8650420589847486
0.5602266303096711,0.5016411721156867,-0.1323171922367133,0.10388598237632453,0.4606753594778814,0.9510943673330624,0.8650420589847486
2.319732378769692,1.1278837406093254,-1.2311586058903041,3.2245665359139863,-0.24093195011377463,-1.548569604748926,-1.5166816717001321
3.5378517430881686,0.18851988786886734,0.31733761828598994,0.556331694586944,-1.6441465692970867,-0.4376078393791533,0.8650420589847486
2.9964653589466232,1.7541263091029642,-1.4273827790784603,5.8289933513970045,-0.24093195011377463,-1.548569604748926,0.8650420589847486
0.018840246168125976,-1.2727127719496232,1.382963275738456,-0.7508705645960381,-0.9425392597054306,-0.9930887220640396,-1.5166816717001321
-0.5225461379734192,1.1278837406093254,-0.9115337115549444,0.08719488681287806,-0.9425392597054306,-1.2708291634064828,0.8650420589847486
0.8309198223804434,1.5453787862717514,-1.1102839569583964,2.849786770218149,0.4606753594778814,0.9510943673330624,-0.32581980635769175
-0.5225461379734192,0.08414612645326086,-0.2037310680691312,-0.23172206089016947,0.4606753594778814,0.6733539259906193,-0.32581980635769175
1.642999398592761,1.1278837406093254,-0.48489267497159183,0.9478025558462274,-1.6441465692970867,1.784315691360392,0.8650420589847486
0.28953343823889843,0.6060149335312932,-0.4386418278915385,0.17453058241792274,1.1622826690695374,0.11787304330573296,-1.5166816717001321
-0.25185294590264645,-2.0033291018588684,2.085267176390974,-0.8137547290620117,-0.9425392597054306,-0.9930887220640396,0.8650420589847486
0.8309198223804434,-0.7508439648715909,1.0997780198237421,-0.6305222224153206,-1.6441465692970867,1.2288348086755054,-1.5166816717001321
-0.5225461379734192,1.1278837406093254,-0.7362159260933784,0.4636376029892061,1.1622826690695374,0.11787304330573296,0.8650420589847486
0.5602266303096711,1.4410050248561448,-1.372311613544999,2.830385681279088,0.4606753594778814,0.9510943673330624,-0.32581980635769175
-0.5225461379734192,-1.3770865333652296,0.5885205421280287,-0.7182274625715855,-0.9425392597054306,-0.15986739803671018,-1.5166816717001321
-0.25185294590264645,-0.5420964420403779,0.3251949589335669,-0.5563669491371304,1.1622826690695374,0.11787304330573296,-1.5166816717001321
-1.063932522114964,0.5016411721156867,-0.6813401473611003,-0.1852210381949588,0.4606753594778814,1.5065752500179488,-0.32581980635769175
-0.7932393300441917,0.9191362177781126,-0.7056518479083099,-0.15793633216319944,-0.9425392597054306,-1.2708291634064828,0.8650420589847486
0.28953343823889843,-0.9595914877028038,0.5586961425474392,-0.5574139920322544,0.4606753594778814,0.9510943673330624,-0.32581980635769175
-0.25185294590264645,1.1278837406093254,-1.138154488527155,0.7494803133580442,-0.9425392597054306,-0.9930887220640396,0.8650420589847486
-0.25185294590264645,-0.9595914877028038,0.9889657911527633,-0.7126227035447457,-0.9425392597054306,-0.15986739803671018,0.8650420589847486
1.642999398592761,0.8147624563625061,-0.6241755518149631,0.8857806619997677,-1.6441465692970867,1.2288348086755054,-1.5166816717001321
0.28953343823889843,1.232257502024932,-1.0995655952934957,1.0308884891122396,-0.9425392597054306,-0.9930887220640396,0.8650420589847486
-0.7932393300441917,-1.2727127719496232,1.1276066827922473,-0.786962749098546,-0.9425392597054306,-1.2708291634064828,0.8650420589847486
0.018840246168125976,1.232257502024932,-0.9972108238737276,1.6509842460597641,0.4606753594778814,0.9510943673330624,-0.32581980635769175
2.9964653589466232,1.6497525476873578,-1.3146166823956507,4.203921187406099,-0.24093195011377463,-2.1040504874338124,0.8650420589847486
-0.7932393300441917,-1.3770865333652296,0.29164425393041415,-0.7510553368716482,1.1622826690695374,0.3956134846481761,0.8650420589847486
1.642999398592761,1.232257502024932,-1.031082521478824,1.8722798414821376,-1.6441465692970867,1.2288348086755054,-1.5166816717001321
-0.5225461379734192,-0.9595914877028038,0.5603848427576643,-0.7308535680716096,1.1622826690695374,0.3956134846481761,0.8650420589847486
0.8309198223804434,1.1278837406093254,-0.6377828468973566,1.0584195581781457,-1.6441465692970867,1.2288348086755054,-1.5166816717001321
0.28953343823889843,0.39726741070008026,-0.003641027457566702,-0.1722869789022512,-0.9425392597054306,-0.15986739803671018,-1.5166816717001321
0.28953343823889843,1.023509979193719,-0.9598779886476737,0.2483163111448928,1.1622826690695374,0.3956134846481761,0.8650420589847486
-0.25185294590264645,-0.8552177262871973,0.16655483257298564,-0.6386522025421655,1.1622826690695374,-0.7153482807215965,-1.5166816717001321
-0.5225461379734192,-1.7945815790276554,-1.3200875128287772,-0.599788433905506,-0.9425392597054306,-0.9930887220640396,0.8650420589847486
0.28953343823889843,-1.4814602947808362,0.5489686710885383,-0.7052318125203413,-0.9425392597054306,-0.9930887220640396,0.8650420589847486
0.018840246168125976,0.5016411721156867,-0.6163740359677242,0.4701046326355599,0.4606753594778814,0.9510943673330624,-0.32581980635769175
-1.063932522114964,-1.4814602947808362,0.19911464737013848,-0.7246329014594026,-0.9425392597054306,-0.9930887220640396,0.8650420589847486
-0.5225461379734192,-0.2289751577935585,0.41143031925573037,-0.6392065193689958,-0.9425392597054306,-1.2708291634064828,-1.5166816717001321
-0.5225461379734192,0.6060149335312932,0.2792511482553727,-0.1866992163998397,0.4606753594778814,0.6733539259906193,-0.32581980635769175
-0.5225461379734192,-2.0033291018588684,2.834310391126503,-0.8289676464205774,-0.9425392597054306,-0.9930887220640396,0.8650420589847486
1.642999398592761,-0.43772268062477143,0.2663137507770355,-0.4045457293441578,-1.6441465692970867,1.784315691360392,0.8650420589847486
-0.25185294590264645,0.2928936492844738,-0.2688227852632678,-0.32306115580009986,1.1622826690695374,-0.7153482807215965,0.8650420589847486
-1.063932522114964,0.2928936492844738,0.4094206264435615,-0.6069329618957635,1.1622826690695374,0.3956134846481761,0.8650420589847486
1.642999398592761,-1.898955340443262,2.416685059797741,-0.8035922539034558,-1.6441465692970867,1.784315691360392,0.8650420589847486
-0.25185294590264645,-0.9595914877028038,0.3835877000871406,-0.651586261834873,-0.9425392597054306,-0.9930887220640396,0.8650420589847486
0.8309198223804434,1.023509979193719,-0.8688696078966093,1.5391354285571117,0.4606753594778814,0.9510943673330624,-0.32581980635769175
0.018840246168125976,-0.5420964420403779,0.9803966843008766,-0.6386522025421655,1.1622826690695374,0.11787304330573296,-1.5166816717001321
0.28953343823889843,1.3366312634405384,-1.5294305140963693,1.1478493395734384,1.1622826690695374,-0.7153482807215965,0.8650420589847486
-1.063932522114964,1.4410050248561448,-1.015004978981473,0.689798868335979,-0.9425392597054306,-0.9930887220640396,-1.5166816717001321
-0.7932393300441917,-0.2289751577935585,-0.1596155196020073,-0.5250172530419486,1.1622826690695374,-0.7153482807215965,-1.5166816717001321
0.8309198223804434,0.18851988786886734,0.12954298994887536,-0.00020239955070334151,0.4606753594778814,0.9510943673330624,-0.32581980635769175
0.28953343823889843,0.5016411721156867,-0.22110653717434134,0.10012894610558566,-1.6441465692970867,1.2288348086755054,-1.5166816717001321
-0.5225461379734192,-0.2289751577935585,-0.6501899087724825,-0.31862662118545726,1.1622826690695374,0.11787304330573296,0.8650420589847486
-0.5225461379734192,1.023509979193719,-0.628474061440991,-0.07965447806305007,-0.9425392597054306,-1.2708291634064828,0.8650420589847486
0.018840246168125976,0.08414612645326086,-0.3578772980025015,-0.24644225218044147,-0.9425392597054306,-0.15986739803671018,0.8650420589847486
-0.5225461379734192,1.4410050248561448,-1.0484021657836962,0.8364464644118687,0.4606753594778814,1.5065752500179488,-0.32581980635769175
2.319732378769692,1.7541263091029642,-1.5226757132554682,5.62229476574783,-0.24093195011377463,-1.548569604748926,0.8650420589847486
0.5602266303096711,-0.6464702034559844,1.1081377836743613,-0.6472133179787671,-1.6441465692970867,1.784315691360392,0.8650420589847486
0.8309198223804434,0.39726741070008026,-0.534172017469983,0.5207322361527297,0.4606753594778814,0.9510943673330624,-0.32581980635769175
4.349931319300485,-1.0639652491184102,0.6852788773139098,-0.3056925618927496,-1.6441465692970867,-0.4376078393791533,0.8650420589847486
-0.5225461379734192,1.1278837406093254,-1.167239209503266,0.6643002943017841,-0.9425392597054306,-0.9930887220640396,0.8650420589847486
0.28953343823889843,0.7103886949468996,-0.17720033170848504,0.06569971208356874,-0.9425392597054306,-0.9930887220640396,-1.5166816717001321
-0.7932393300441917,0.39726741070008026,-1.1438765305618026,-0.23276910378529345,1.1622826690695374,0.3956134846481761,0.8650420589847486
-0.25185294590264645,-0.43772268062477143,-0.5620006804384883,-0.3086489183025114,-0.9425392597054306,-0.15986739803671018,-0.32581980635769175
0.28953343823889843,-2.0033291018588684,2.5118803005741577,-0.813077230718108,-1.6441465692970867,1.2288348086755054,-1.5166816717001321
-0.7932393300441917,0.8147624563625061,-1.178543731571716,-0.05397113175324496,-0.9425392597054306,-1.2708291634064828,0.8650420589847486
0.018840246168125976,0.39726741070008026,-0.2012608206541736,-0.1360100221241332,-0.9425392597054306,-0.15986739803671018,-1.5166816717001321
0.28953343823889843,-1.0639652491184102,0.25660023551821926,-0.6182040707079801,-0.9425392597054306,-0.15986739803671018,-1.5166816717001321
-0.7932393300441917,0.8147624563625061,-0.3869899313787813,-0.20739371126817185,0.4606753594778814,1.5065752500179488,0.8650420589847486
0.5602266303096711,-0.9595914877028038,2.7738521323604224,-0.7756916402863294,0.4606753594778814,0.9510943673330624,-0.32581980635769175
-0.25185294590264645,-0.12460139637795206,-0.3618269026264167,-0.3258327399342515,-0.9425392597054306,-0.15986739803671018,-1.5166816717001321
0.018840246168125976,0.9191362177781126,-0.8700977535040457,1.086936079380639,0.4606753594778814,0.9510943673330624,-0.32581980635769175
-0.5225461379734192,-0.6464702034559844,0.819928295729225,-0.6747443870446733,-0.9425392597054306,-0.9930887220640396,0.8650420589847486
0.8309198223804434,1.1278837406093254,-1.1352097303093243,1.3088475823883796,-1.6441465692970867,1.784315691360392,0.8650420589847486
0.018840246168125976,1.4410050248561448,-0.959473258845223,1.0704297560928029,-0.9425392597054306,-0.9930887220640396,0.8650420589847486
-0.7932393300441917,-0.2289751577935585,-0.44796456954798863,-0.4737121511808751,1.1622826690695374,-0.7153482807215965,-1.5166816717001321
0.018840246168125976,-0.43772268062477143,0.1284962749425374,-0.47857782110527464,1.1622826690695374,0.11787304330573296,-1.5166816717001321
0.5602266303096711,1.8585000705185708,-1.4672556427198944,4.130012277162056,0.4606753594778814,0.9510943673330624,-0.32581980635769175
0.018840246168125976,-0.7508439648715909,1.0252100427722257,-0.6105668166494289,0.4606753594778814,0.9510943673330624,-0.32581980635769175
-0.25185294590264645,0.9191362177781126,-0.3811283273432887,0.2374763376424331,1.1622826690695374,0.11787304330573296,-1.5166816717001321
-0.25185294590264645,0.8147624563625061,-0.739788713315012,0.3593644487865681,1.1622826690695374,0.11787304330573296,-1.5166816717001321
-1.063932522114964,-1.1683390105340168,0.4759498322464022,-0.7570912312082451,1.1622826690695374,0.3956134846481761,0.8650420589847486
0.018840246168125976,-0.12460139637795206,-0.38823203318630234,-0.3722721718709255,1.1622826690695374,-0.7153482807215965,-1.5166816717001321
0.018840246168125976,-0.43772268062477143,-0.02366817457883301,-0.313083452917154,0.4606753594778814,0.9510943673330624,-0.32581980635769175
-0.25185294590264645,0.9191362177781126,-0.7257487760299988,0.4343204019257355,1.1622826690695374,0.11787304330573296,-1.5166816717001321
-0.25185294590264645,0.8147624563625061,-0.4024394448723296,0.17834920944719831,1.1622826690695374,0.11787304330573296,-1.5166816717001321
0.5602266303096711,1.5453787862717514,-1.4639201108996973,3.222534040882275,0.4606753594778814,0.9510943673330624,-0.32581980635769175
0.28953343823889843,1.4410050248561448,-1.196854266082588,1.4771135347106519,-0.9425392597054306,-0.15986739803671018,-1.5166816717001321
0.28953343823889843,-1.1683390105340168,1.0195298693378319,-0.6557128426568322,0.4606753594778814,0.9510943673330624,-0.32581980635769175
-0.5225461379734192,0.39726741070008026,0.03035627594829025,-0.2879544234341792,-0.9425392597054306,-0.9930887220640396,-1.5166816717001321
-0.25185294590264645,0.18851988786886734,-0.07635282989784369,-0.3194273010464344,-0.9425392597054306,-0.9930887220640396,0.8650420589847486
0.28953343823889843,-1.2727127719496232,1.5812529665391193,-0.7222308618764712,0.4606753594778814,0.9510943673330624,-0.32581980635769175
-0.5225461379734192,-0.2289751577935585,-0.6867272405937196,-0.3550883502391854,0.4606753594778814,1.5065752500179488,-0.32581980635769175
0.018840246168125976,-1.2727127719496232,1.6513968281638471,-0.7340562875155182,0.4606753594778814,0.9510943673330624,-0.32581980635769175
0.28953343823889843,0.9191362177781126,-0.6649695246619746,0.8441453092289565,-0.24093195011377463,-2.1040504874338124,0.8650420589847486
-0.5225461379734192,-1.1683390105340168,0.3365273934021859,-0.734302650549665,-0.9425392597054306,-1.2708291634064828,0.8650420589847486
0.018840246168125976,-0.8552177262871973,0.12030398549293231,-0.5766303086957056,-0.9425392597054306,-0.9930887220640396,-1.5166816717001321
-0.5225461379734192,0.08414612645326086,-0.7918313834301354,-0.1616317776754016,-0.9425392597054306,-0.15986739803671018,-1.5166816717001321
-0.5225461379734192,-0.9595914877028038,-0.15513557937488082,-0.6109979519591858,0.4606753594778814,1.5065752500179488,-0.32581980635769175
0.28953343823889843,0.2928936492844738,-0.6468683331523701,0.028498893927400203,-0.9425392597054306,-0.15986739803671018,-1.5166816717001321
-0.5225461379734192,-0.6464702034559844,0.6802546452834876,-0.659469878927571,-0.9425392597054306,-0.9930887220640396,0.8650420589847486
0.018840246168125976,1.023509979193719,-0.6863504231914379,0.24271155211805284,1.1622826690695374,-0.7153482807215965,0.8650420589847486
0.28953343823889843,-0.12460139637795206,-0.17308325268355573,-0.2882623772268627,1.1622826690695374,0.11787304330573296,-1.5166816717001321
2.9964653589466232,1.1278837406093254,-0.6332470818698921,2.5013678491760207,-0.24093195011377463,-1.548569604748926,-1.5166816717001321
0.5602266303096711,-1.5858340561964426,0.32358999592384874,-0.6717264398763749,-1.6441465692970867,1.784315691360392,0.8650420589847486
2.9964653589466232,0.2928936492844738,0.2362102271947558,0.1569156254764257,-0.24093195011377463,-2.1040504874338124,0.8650420589847486
-1.063932522114964,-1.0639652491184102,0.41977612690626503,-0.7475446636350561,1.1622826690695374,0.3956134846481761,0.8650420589847486
0.28953343823889843,-0.6464702034559844,1.5738840928945002,-0.7192129147081728,-0.9425392597054306,-0.9930887220640396,0.8650420589847486
-0.7932393300441917,1.6497525476873578,-1.363700638092859,0.6089917931358249,-0.9425392597054306,-1.2708291634064828,0.8650420589847486
-0.25185294590264645,0.8147624563625061,-0.3583378526052902,-0.2017273614827952,1.1622826690695374,0.3956134846481761,0.8650420589847486
-0.7932393300441917,-1.5858340561964426,-1.3340437129132834,-0.5949843547396431,0.4606753594778814,1.5065752500179488,-0.32581980635769175
0.8309198223804434,-2.1077028632744748,2.9361487831431443,-0.818681989744948,-0.24093195011377463,-2.1040504874338124,0.8650420589847486
2.9964653589466232,0.9191362177781126,-1.13448400790493,3.5452080248560613,-1.6441465692970867,-0.4376078393791533,0.8650420589847486
-0.5225461379734192,-0.12460139637795206,-0.28492824016078794,-0.4689080720150123,1.1622826690695374,-0.7153482807215965,0.8650420589847486
2.9964653589466232,-0.5420964420403779,1.0561230259594068,-0.30815619223421775,-1.6441465692970867,-0.4376078393791533,0.8650420589847486
0.28953343823889843,1.232257502024932,-0.937687630513309,1.086751307105029,-1.6441465692970867,1.784315691360392,0.8650420589847486
1.642999398592761,-0.333348919209165,0.9513119633247658,-0.39543029708072575,-0.24093195011377463,-1.548569604748926,0.8650420589847486
-0.5225461379734192,0.7103886949468996,-0.9181908189952539,-0.1296661739948528,-0.9425392597054306,-1.2708291634064828,0.8650420589847486
-1.063932522114964,-0.9595914877028038,0.870003141632433,-0.7318390202081969,-0.9425392597054306,-0.9930887220640396,0.8650420589847486
-0.5225461379734192,0.9191362177781126,-0.9612736086561243,-0.011535099121456673,-0.9425392597054306,-1.2708291634064828,0.8650420589847486
-0.25185294590264645,0.8147624563625061,-0.595551385441641,0.1782876186886616,-0.9425392597054306,-0.9930887220640396,0.8650420589847486
-0.5225461379734192,1.5453787862717514,-1.203609066923489,0.5703743875333122,1.1622826690695374,0.3956134846481761,0.8650420589847486
0.28953343823889843,-0.9595914877028038,-0.1593782642005707,-0.4862766659223625,0.4606753594778814,0.9510943673330624,0.8650420589847486
-0.5225461379734192,-0.6464702034559844,-0.5569904046081505,-0.5524251405907814,0.4606753594778814,1.5065752500179488,0.8650420589847486
0.28953343823889843,-1.1683390105340168,1.2183080271414528,-0.7275276671106277,-0.9425392597054306,-0.15986739803671018,-1.5166816717001321
0.28953343823889843,-1.1683390105340168,-0.25479680417833916,-0.6076720509982039,1.1622826690695374,-0.7153482807215965,-1.5166816717001321
0.28953343823889843,-0.333348919209165,0.6233133489387025,-0.5059857086541074,-0.9425392597054306,-0.9930887220640396,-0.32581980635769175
0.018840246168125976,-0.2289751577935585,0.07091299339386509,-0.41224457416124566,1.1622826690695374,0.11787304330573296,-1.5166816717001321
0.8309198223804434,-1.690207817612049,0.33388967158621424,-0.6591619251348875,-1.6441465692970867,1.2288348086755054,-1.5166816717001321
2.9964653589466232,-1.3770865333652296,1.2437222674953383,-0.659469878927571,-0.24093195011377463,-2.1040504874338124,0.8650420589847486
-0.5225461379734192,-0.333348919209165,0.5553187421269886,-0.6499233113543821,0.4606753594778814,1.5065752500179488,0.8650420589847486
0.28953343823889843,-1.690207817612049,3.1569358684800313,-0.8322935473815594,1.1622826690695374,0.3956134846481761,0.8650420589847486
0.5602266303096711,1.8585000705185708,-1.5351944247312703,4.255780606094002,0.4606753594778814,0.9510943673330624,-0.32581980635769175
-0.7932393300441917,-0.9595914877028038,1.0357051052357744,-0.768916656847292,-0.9425392597054306,-1.2708291634064828,0.8650420589847486
-0.7932393300441917,1.4410050248561448,-1.1562277676365906,0.7833552305532308,0.4606753594778814,1.5065752500179488,-0.32581980635769175
2.9964653589466232,0.18851988786886734,-0.3933120900170626,0.46696350395018804,-0.24093195011377463,-2.1040504874338124,0.8650420589847486
0.8309198223804434,0.8147624563625061,-0.48384595996525387,0.8957583648827135,0.4606753594778814,0.9510943673330624,-0.32581980635769175
-0.7932393300441917,1.5453787862717514,-1.1532969656188443,0.603387034108985,0.4606753594778814,1.5065752500179488,0.8650420589847486
-0.25185294590264645,-0.5420964420403779,1.0497171301206185,-0.6776391526958984,-0.9425392597054306,-0.15986739803671018,0.8650420589847486
-0.5225461379734192,-0.6464702034559844,0.09814153975873656,-0.5736739522859439,-0.9425392597054306,-0.15986739803671018,-1.5166816717001321
-0.5225461379734192,0.2928936492844738,-1.2666352665051186,0.12150093931782156,-0.9425392597054306,-0.9930887220640396,-1.5166816717001321
0.018840246168125976,0.7103886949468996,-1.1215326542265083,0.5686498462942845,1.1622826690695374,0.11787304330573296,-1.5166816717001321
-0.5225461379734192,-1.0639652491184102,0.3943060617520413,-0.6352031200641101,0.4606753594778814,0.6733539259906193,-0.32581980635769175
2.9964653589466232,1.6497525476873578,-1.264081281889654,6.536178440915427,-1.6441465692970867,-0.4376078393791533,0.8650420589847486
-1.063932522114964,1.023509979193719,-0.9237314304288029,0.49504888984292456,0.4606753594778814,0.6733539259906193,-0.32581980635769175
-0.5225461379734192,1.232257502024932,-1.0504955957963722,0.8445148537801768,1.1622826690695374,0.11787304330573296,-1.5166816717001321
0.28953343823889843,0.8147624563625061,-0.5116048419333366,0.2983895978352322,-0.9425392597054306,-0.15986739803671018,-1.5166816717001321
0.28953343823889843,-0.5420964420403779,1.2483696821234789,-0.6512783080421896,-1.6441465692970867,1.2288348086755054,0.8650420589847486
2.9964653589466232,-1.5858340561964426,0.20662308301560278,-0.3893944027441289,-1.6441465692970867,-0.4376078393791533,0.8650420589847486
-0.25185294590264645,0.39726741070008026,-0.5342836670706591,-0.30803301071714434,1.1622826690695374,0.3956134846481761,0.8650420589847486
-1.063932522114964,-0.9595914877028038,0.5711590292229031,-0.7089272580325434,-0.9425392597054306,-0.9930887220640396,0.8650420589847486
-0.25185294590264645,1.4410050248561448,-0.9390274257214216,0.4207088442891242,1.1622826690695374,0.3956134846481761,0.8650420589847486
0.28953343823889843,-1.0639652491184102,1.3515339131481483,-0.7342410597911283,-0.9425392597054306,-0.9930887220640396,0.8650420589847486
0.018840246168125976,1.232257502024932,-1.0120183521633888,1.2916637607566395,0.4606753594778814,0.6733539259906193,-0.32581980635769175
-0.25185294590264645,1.4410050248561448,-1.215053150992784,0.8432830386094426,1.1622826690695374,-0.7153482807215965,0.8650420589847486
1.642999398592761,0.2928936492844738,0.22475218692537624,0.18906600143258462,-0.24093195011377463,-1.548569604748926,0.8650420589847486
-0.5225461379734192,-0.5420964420403779,-0.2035077688677791,-0.5738587245615541,-0.9425392597054306,-1.2708291634064828,-0.32581980635769175
0.8309198223804434,0.18851988786886734,-0.3819377869481901,0.07518468889822098,-1.6441465692970867,1.2288348086755054,-1.5166816717001321
-1.063932522114964,-0.333348919209165,0.2927049251368366,-0.6797948292446829,-0.9425392597054306,-1.2708291634064828,0.8650420589847486
0.28953343823889843,0.2928936492844738,-0.89470253425303,0.19368530832283734,-1.6441465692970867,1.784315691360392,0.8650420589847486
0.28953343823889843,-1.4814602947808362,2.6329224239070794,-0.8072261086571213,-1.6441465692970867,1.784315691360392,0.8650420589847486
-0.5225461379734192,1.023509979193719,-0.7169005451764219,0.31366410595233457,-0.9425392597054306,-0.9930887220640396,0.8650420589847486
0.5602266303096711,-1.5858340561964426,3.0674905821384315,-0.8086426961034654,0.4606753594778814,0.9510943673330624,-0.32581980635769175
0.28953343823889843,-0.333348919209165,1.157375257572499,-0.6668607699519754,1.1622826690695374,-0.7153482807215965,-1.5166816717001321
4.349931319300485,1.1278837406093254,-1.0847580670038346,4.64922237162646,-1.6441465692970867,-0.4376078393791533,0.8650420589847486
-0.5225461379734192,0.5016411721156867,-0.8758477079388622,-0.058959983194717895,1.1622826690695374,-0.7153482807215965,-1.5166816717001321
0.5602266303096711,-1.1683390105340168,1.0125378130954943,-0.6454271859812027,0.4606753594778814,0.9510943673330624,-0.32581980635769175
2.9964653589466232,-0.9595914877028038,0.14375040163490263,-0.13921274156804175,-1.6441465692970867,-0.4376078393791533,0.8650420589847486
0.018840246168125976,1.7541263091029642,-1.4474797072001493,2.2909122272561073,1.1622826690695374,0.11787304330573296,-1.5166816717001321
-0.25185294590264645,-1.7945815790276554,2.041919218928498,-0.8059942934863872,-0.9425392597054306,-0.15986739803671018,-1.5166816717001321
-0.25185294590264645,-1.1683390105340168,2.590481619450096,-0.8131388214766447,1.1622826690695374,-0.7153482807215965,0.8650420589847486
-0.7932393300441917,-0.020227634962345597,0.9185986303266834,-0.6885407169568948,1.1622826690695374,0.3956134846481761,0.8650420589847486
-0.25185294590264645,1.232257502024932,-0.8295689484586399,0.6462542020505302,-0.9425392597054306,-0.9930887220640396,0.8650420589847486
-0.25185294590264645,-0.6464702034559844,1.2968535212170533,-0.6966706970837395,1.1622826690695374,0.11787304330573296,-1.5166816717001321
2.9964653589466232,-1.0639652491184102,1.765712063056037,-0.6836134562739585,-0.24093195011377463,-2.1040504874338124,0.8650420589847486
0.8309198223804434,-1.898955340443262,1.0092581060756352,-0.7376901422691837,-1.6441465692970867,1.2288348086755054,-1.5166816717001321
-0.5225461379734192,-0.7508439648715909,0.5410415494405388,-0.6374203873714314,1.1622826690695374,0.11787304330573296,-1.5166816717001321
2.9964653589466232,0.9191362177781126,-0.8444183453485544,1.7513155917160532,-0.24093195011377463,-2.1040504874338124,0.8650420589847486
-0.5225461379734192,-0.43772268062477143,1.0945165323918833,-0.7298065251764857,1.1622826690695374,0.3956134846481761,0.8650420589847486
-0.5225461379734192,-0.333348919209165,0.381117452672183,-0.5460812924615011,1.1622826690695374,0.11787304330573296,-1.5166816717001321
0.018840246168125976,-1.0639652491184102,-0.017541402741734817,-0.6329858527567888,1.1622826690695374,-0.7153482807215965,-1.5166816717001321
0.28953343823889843,1.5453787862717514,-1.2004549657043906,1.5443706430327315,-0.9425392597054306,-0.9930887220640396,0.8650420589847486
-0.5225461379734192,0.7103886949468996,-0.4204429429813425,0.009713712573705824,-0.9425392597054306,-0.15986739803671018,-1.5166816717001321
-0.25185294590264645,0.5016411721156867,-0.36160360342506465,-0.06887609531912706,-0.9425392597054306,-0.15986739803671018,-1.5166816717001321
-0.25185294590264645,0.7103886949468996,-0.06743481804384426,-0.07922334275329314,1.1622826690695374,0.11787304330573296,0.8650420589847486
0.28953343823889843,-0.5420964420403779,-0.08425203914567415,-0.41686388105149835,-1.6441465692970867,1.2288348086755054,0.8650420589847486
-1.063932522114964,1.1278837406093254,-0.7217573028058301,-0.12276800903874208,-0.9425392597054306,-1.2708291634064828,0.8650420589847486
0.018840246168125976,0.2928936492844738,0.19640714455374428,-0.30593892492689645,-0.9425392597054306,-0.9930887220640396,-1.5166816717001321
0.28953343823889843,1.023509979193719,-0.7313033436636323,1.198908078400365,0.4606753594778814,0.9510943673330624,-0.32581980635769175
-0.5225461379734192,-0.6464702034559844,1.4365411278628752,-0.7255567628374532,-0.9425392597054306,-0.15986739803671018,-1.5166816717001321
4.349931319300485,0.8147624563625061,-0.8709490817092006,3.254438053804287,-1.6441465692970867,-0.4376078393791533,0.8650420589847486
-1.063932522114964,1.7541263091029642,-1.3952276940837582,1.3430920441347864,-0.9425392597054306,-0.9930887220640396,-1.5166816717001321
0.018840246168125976,0.8147624563625061,-0.4995745974604923,0.06847129621772037,1.1622826690695374,-0.7153482807215965,-1.5166816717001321
-1.063932522114964,0.6060149335312932,-0.7071730737175211,-0.3319918157879218,-0.9425392597054306,-1.2708291634064828,0.8650420589847486
-0.25185294590264645,-0.43772268062477143,0.11476337405938337,-0.5287742893126876,-0.9425392597054306,-0.9930887220640396,0.8650420589847486
0.28953343823889843,0.08414612645326086,-0.42756060502444065,-0.15417929589246054,1.1622826690695374,0.11787304330573296,0.8650420589847486
0.28953343823889843,-0.020227634962345597,0.3667844351853952,-0.40337550493196045,1.1622826690695374,0.11787304330573296,-1.5166816717001321
1.1016130144512162,1.023509979193719,-0.666002283468228,2.7921378202277953,-0.24093195011377463,-1.826310046091369,0.8650420589847486
0.28953343823889843,0.5016411721156867,-0.5352606010765745,0.10727347409584319,1.1622826690695374,0.11787304330573296,0.8650420589847486
0.018840246168125976,1.6497525476873578,-1.2911423538535114,2.285984966573171,0.4606753594778814,0.6733539259906193,-0.32581980635769175
-0.25185294590264645,-0.9595914877028038,1.708059000506942,-0.7617721288570345,-0.9425392597054306,-0.9930887220640396,0.8650420589847486
0.28953343823889843,1.6497525476873578,-1.246984936786134,2.2503855081389568,-0.9425392597054306,-0.15986739803671018,-0.32581980635769175
1.1016130144512162,1.4410050248561448,-1.0730627713330185,4.851732785695139,-0.24093195011377463,-1.826310046091369,0.8650420589847486
0.28953343823889843,-0.333348919209165,0.6615533371702493,-0.5582146718932315,-0.9425392597054306,-0.15986739803671018,-1.5166816717001321
-1.063932522114964,-0.43772268062477143,0.24232304283176948,-0.6735125718739393,1.1622826690695374,0.3956134846481761,-1.5166816717001321
-0.7932393300441917,-1.690207817612049,0.20708363761839146,-0.7492076141155471,1.1622826690695374,-0.7153482807215965,0.8650420589847486
-0.7932393300441917,1.3366312634405384,-1.2589174878583869,0.29684982887181466,-0.9425392597054306,-1.2708291634064828,0.8650420589847486
-1.063932522114964,1.6497525476873578,-1.1801905631816876,0.8704445631241287,0.4606753594778814,1.5065752500179488,-0.32581980635769175
1.642999398592761,1.023509979193719,-1.1440579611629011,1.5294040887083127,-1.6441465692970867,1.2288348086755054,0.8650420589847486
-1.063932522114964,1.023509979193719,-0.899991934085058,-0.112420761604576,-0.9425392597054306,-1.2708291634064828,0.8650420589847486
-0.7932393300441917,0.08414612645326086,0.0602644127293869,-0.49736300245896903,1.1622826690695374,-0.7153482807215965,-1.5166816717001321
-0.25185294590264645,-0.5420964420403779,1.0179249063281135,-0.6726503012544255,-0.9425392597054306,-0.9930887220640396,0.8650420589847486
2.319732378769692,-0.12460139637795206,1.3352051590492762,-0.1936589721144871,-0.24093195011377463,-1.826310046091369,0.8650420589847486
0.8309198223804434,-1.7945815790276554,1.9003335690711831,-0.7680543862277782,0.4606753594778814,0.9510943673330624,-0.32581980635769175
1.642999398592761,-0.8552177262871973,-0.8792948893597353,-0.17721423958518742,-1.6441465692970867,1.2288348086755054,-1.5166816717001321
-0.5225461379734192,-1.4814602947808362,1.2810830151215613,-0.7841911649643943,1.1622826690695374,-0.7153482807215965,0.8650420589847486
0.28953343823889843,0.6060149335312932,-0.6755901929262838,0.24720767749123215,-0.9425392597054306,-0.9930887220640396,-1.5166816717001321
-0.7932393300441917,-0.43772268062477143,0.9968370880004248,-0.6904500304715325,0.4606753594778814,1.5065752500179488,-0.32581980635769175
0.018840246168125976,0.39726741070008026,0.11613108166766498,-0.24761247659263882,-0.9425392597054306,-0.15986739803671018,-1.5166816717001321
-1.063932522114964,0.18851988786886734,-0.20614549068375077,-0.5396142628151472,-0.9425392597054306,-1.2708291634064828,0.8650420589847486
-0.5225461379734192,-0.12460139637795206,0.8157414357038731,-0.5812496155859583,1.1622826690695374,0.11787304330573296,-1.5166816717001321
-0.7932393300441917,0.9191362177781126,-0.7758794467335448,-0.13520934226315606,-0.9425392597054306,-1.2708291634064828,0.8650420589847486
-0.5225461379734192,1.3366312634405384,-1.3178963894155098,1.061683868380591,-0.9425392597054306,-0.15986739803671018,-1.5166816717001321
0.8309198223804434,-0.020227634962345597,-0.5244166336109133,-0.06173156732886952,-1.6441465692970867,1.784315691360392,0.8650420589847486
-0.7932393300441917,0.2928936492844738,-1.0245370636391906,-0.19833986976327653,1.1622826690695374,-0.7153482807215965,0.8650420589847486
-1.063932522114964,-0.43772268062477143,-0.5754405011198677,-0.5022902631419053,0.4606753594778814,1.5065752500179488,-0.32581980635769175
-0.5225461379734192,0.5016411721156867,-0.9452379347590268,-0.19513715031936799,1.1622826690695374,0.3956134846481761,0.8650420589847486
-0.7932393300441917,1.8585000705185708,-1.455141661046543,0.920948985124225,1.1622826690695374,0.3956134846481761,0.8650420589847486
0.5602266303096711,0.5016411721156867,-0.2949767042216323,0.08898101881044243,-1.6441465692970867,1.784315691360392,0.8650420589847486
-0.5225461379734192,-0.7508439648715909,1.2602882769956472,-0.7631887163033787,-0.9425392597054306,-1.2708291634064828,0.8650420589847486
-0.7932393300441917,1.5453787862717514,-1.1734497185408712,0.4491021839745442,1.1622826690695374,0.3956134846481761,0.8650420589847486
0.018840246168125976,0.18851988786886734,0.0743601748147381,-0.20419099182426328,0.4606753594778814,0.6733539259906193,-0.32581980635769175
-0.25185294590264645,-0.7508439648715909,0.4172360984908849,-0.6189431598104205,-0.9425392597054306,-0.15986739803671018,-1.5166816717001321
-0.5225461379734192,-0.6464702034559844,0.5067511658329072,-0.6477676348055975,0.4606753594778814,1.5065752500179488,-0.32581980635769175
0.018840246168125976,-0.9595914877028038,0.5976478969832958,-0.6293519980031234,-0.9425392597054306,-0.15986739803671018,-0.32581980635769175
-1.063932522114964,-0.020227634962345597,0.7478166098925818,-0.6082263678250343,-0.9425392597054306,-0.9930887220640396,-1.5166816717001321
-1.063932522114964,-0.6464702034559844,0.7764547324659884,-0.741755132332606,1.1622826690695374,0.3956134846481761,0.8650420589847486
0.018840246168125976,-1.1683390105340168,0.4365096108075879,-0.6276890475226323,0.4606753594778814,0.6733539259906193,-0.32581980635769175
-0.7932393300441917,-0.333348919209165,-0.17520459509640066,-0.6098893183055252,-0.9425392597054306,-1.2708291634064828,0.8650420589847486
-0.7932393300441917,-0.7508439648715909,0.5453819276668203,-0.7068947630008322,0.4606753594778814,1.5065752500179488,0.8650420589847486
2.319732378769692,-1.3770865333652296,2.039574577314301,-0.6626725983714796,-0.24093195011377463,-1.826310046091369,0.8650420589847486
-0.7932393300441917,1.1278837406093254,-0.8146637267683874,0.002877138376131803,1.1622826690695374,0.3956134846481761,0.8650420589847486
0.018840246168125976,-1.1683390105340168,1.531778237239545,-0.7383060498545507,0.4606753594778814,0.9510943673330624,0.8650420589847486
0.8309198223804434,-0.43772268062477143,0.2860896862967807,-0.4156320658807643,-1.6441465692970867,1.2288348086755054,-1.5166816717001321
0.28953343823889843,-1.4814602947808362,1.627350295418243,-0.7718114224985171,1.1622826690695374,0.11787304330573296,0.8650420589847486
-0.5225461379734192,-0.6464702034559844,1.1374876724520777,-0.6998734165276481,-0.9425392597054306,-0.15986739803671018,-1.5166816717001321
0.018840246168125976,-0.333348919209165,0.5159203892884278,-0.531361101171229,1.1622826690695374,0.11787304330573296,-1.5166816717001321
0.28953343823889843,-0.7508439648715909,-0.05628381417632385,-0.37824647544898565,0.4606753594778814,0.9510943673330624,-0.32581980635769175
0.5602266303096711,0.8147624563625061,-1.0152841029831632,0.75927324396538,-1.6441465692970867,1.784315691360392,0.8650420589847486
-0.7932393300441917,-2.0033291018588684,-0.7507024617810958,-0.7394146835082114,-0.9425392597054306,-1.2708291634064828,0.8650420589847486
0.018840246168125976,1.3366312634405384,-1.3831834934108294,1.3727787897494772,-0.9425392597054306,-0.15986739803671018,-1.5166816717001321
-0.7932393300441917,0.2928936492844738,0.025694905120065198,-0.5203979461516959,1.1622826690695374,0.3956134846481761,0.8650420589847486
-0.5225461379734192,-0.7508439648715909,1.2823111607289979,-0.6965475155666662,0.4606753594778814,0.6733539259906193,-0.32581980635769175
0.018840246168125976,-1.5858340561964426,0.0334126837667971,-0.6797332384861463,-0.9425392597054306,-0.15986739803671018,0.8650420589847486
-0.5225461379734192,1.3366312634405384,-0.9163625567841837,0.45649307499894853,1.1622826690695374,-0.7153482807215965,0.8650420589847486
-1.063932522114964,1.232257502024932,-1.1827724601973213,0.8648398040972887,0.4606753594778814,0.6733539259906193,-0.32581980635769175
-0.7932393300441917,1.8585000705185708,-1.4956983784921178,1.1780288112564228,0.4606753594778814,1.5065752500179488,0.8650420589847486
0.28953343823889843,-0.333348919209165,0.5415718850437501,-0.40990412533685094,0.4606753594778814,0.9510943673330624,-0.32581980635769175
-0.5225461379734192,-0.9595914877028038,0.7072459362469224,-0.7025834099032631,0.4606753594778814,1.5065752500179488,-0.32581980635769175
-0.5225461379734192,-1.3770865333652296,1.522511320383433,-0.7611562212716675,0.4606753594778814,0.6733539259906193,-0.32581980635769175
-0.5225461379734192,-1.4814602947808362,0.1016445459799476,-0.7389835481984545,1.1622826690695374,0.3956134846481761,0.8650420589847486
0.018840246168125976,-0.2289751577935585,0.4717769284211349,-0.38520623116363306,0.4606753594778814,0.9510943673330624,-0.32581980635769175
0.28953343823889843,0.5016411721156867,-0.580604295151135,0.18142874737403347,-1.6441465692970867,1.784315691360392,0.8650420589847486
-0.7932393300441917,-1.2727127719496232,2.4823629373954272,-0.8191747158132416,0.4606753594778814,1.5065752500179488,0.8650420589847486
-0.7932393300441917,-0.020227634962345597,-0.1523303831578951,-0.5151011409175394,0.4606753594778814,1.5065752500179488,0.8650420589847486
-0.25185294590264645,-1.4814602947808362,1.405404845474342,-0.7691014291229021,-0.9425392597054306,-0.9930887220640396,-1.5166816717001321
0.28953343823889843,-0.12460139637795206,0.2951891287518787,-0.27070901104390244,0.4606753594778814,0.9510943673330624,-0.32581980635769175
0.8309198223804434,-1.2727127719496232,2.6393981007462903,-0.7917668282644088,-1.6441465692970867,1.2288348086755054,-1.5166816717001321
0.8309198223804434,-0.9595914877028038,2.1224883620163517,-0.7593700892741031,-1.6441465692970867,1.784315691360392,0.8650420589847486
0.8309198223804434,1.3366312634405384,-0.7598577290365318,1.243684559856548,-1.6441465692970867,1.784315691360392,0.8650420589847486
0.018840246168125976,-1.4814602947808362,2.5892255614424906,-0.810182465066883,1.1622826690695374,0.11787304330573296,0.8650420589847486
-0.5225461379734192,-0.333348919209165,0.9841788145237778,-0.6645819118861174,0.4606753594778814,1.5065752500179488,-0.32581980635769175
0.28953343823889843,-1.2727127719496232,0.5247267515417512,-0.6492458130104783,-0.9425392597054306,-0.9930887220640396,-0.32581980635769175
-0.7932393300441917,-1.1683390105340168,0.8372060714338436,-0.7526566965936025,1.1622826690695374,-0.7153482807215965,0.8650420589847486
-0.5225461379734192,-1.4814602947808362,1.1330216884250357,-0.7679312047107048,0.4606753594778814,1.5065752500179488,-0.32581980635769175
1.642999398592761,0.8147624563625061,-0.14684559652468418,0.4515042235574756,-1.6441465692970867,1.2288348086755054,0.8650420589847486
0.28953343823889843,-0.020227634962345597,0.40348924140764636,-0.5154706854687596,1.1622826690695374,-0.7153482807215965,0.8650420589847486
-0.5225461379734192,0.08414612645326086,-0.495373781235056,-0.44236245508569333,1.1622826690695374,0.3956134846481761,0.8650420589847486
-0.25185294590264645,-0.5420964420403779,2.204885767315276,-0.763743033130209,-0.9425392597054306,-0.15986739803671018,-1.5166816717001321
-0.25185294590264645,0.5016411721156867,-0.5763197417251915,0.018151646493234117,-0.9425392597054306,-0.15986739803671018,-1.5166816717001321
-0.25185294590264645,0.5016411721156867,-1.0065754341304314,0.2653769512595595,1.1622826690695374,0.11787304330573296,-1.5166816717001321
-1.063932522114964,-1.4814602947808362,1.5107881123124478,-0.8099361020327361,-0.9425392597054306,-1.2708291634064828,0.8650420589847486
-0.25185294590264645,-0.8552177262871973,0.3219292081137925,-0.6653825917470945,1.1622826690695374,-0.7153482807215965,0.8650420589847486
-0.7932393300441917,-0.43772268062477143,0.39296626654392874,-0.6217147439445722,0.4606753594778814,1.5065752500179488,-0.32581980635769175
-0.7932393300441917,1.023509979193719,-1.0176845693976981,0.18518578364477234,1.1622826690695374,-0.7153482807215965,0.8650420589847486
-0.7932393300441917,0.6060149335312932,-0.7412820267240541,-0.2449640739755606,-0.9425392597054306,-1.2708291634064828,-1.5166816717001321
-0.7932393300441917,-1.3770865333652296,1.0252239989723102,-0.7855461616522018,1.1622826690695374,0.3956134846481761,0.8650420589847486
0.28953343823889843,-1.3770865333652296,1.6440139983191435,-0.77101074263754,-0.9425392597054306,-0.9930887220640396,0.8650420589847486
-1.063932522114964,0.8147624563625061,-1.2830896264047513,-0.07220199628010901,1.1622826690695374,0.3956134846481761,0.8650420589847486
3.5378517430881686,-0.43772268062477143,1.1049836824552628,-0.26091608043656667,-1.6441465692970867,-0.4376078393791533,0.8650420589847486
0.28953343823889843,-1.690207817612049,2.7716470527470705,-0.82219266298154,1.1622826690695374,-0.7153482807215965,-1.5166816717001321
0.018840246168125976,0.18851988786886734,0.43447200559524995,-0.33340840323426596,0.4606753594778814,0.9510943673330624,0.8650420589847486
0.28953343823889843,0.39726741070008026,-0.725232396626872,-0.18688398867544978,1.1622826690695374,0.3956134846481761,0.8650420589847486
-0.5225461379734192,-0.7508439648715909,0.7306644399887238,-0.6841061823422522,0.4606753594778814,1.5065752500179488,-0.32581980635769175
-0.5225461379734192,0.8147624563625061,-0.14148641569223383,-0.23825068129506,0.4606753594778814,1.5065752500179488,0.8650420589847486
-0.7932393300441917,-0.020227634962345597,0.6509187127058557,-0.6604553310641583,1.1622826690695374,0.3956134846481761,0.8650420589847486
2.9964653589466232,0.39726741070008026,-0.26206798442236684,1.248057503712654,-1.6441465692970867,-0.4376078393791533,0.8650420589847486
-1.063932522114964,0.2928936492844738,-0.7247160172237453,-0.4221606862856548,-0.9425392597054306,-1.2708291634064828,0.8650420589847486
-0.25185294590264645,-1.2727127719496232,2.065086511068778,-0.7919516005400189,1.1622826690695374,-0.7153482807215965,-0.32581980635769175
0.28953343823889843,-0.9595914877028038,1.3072788026801794,-0.7099127101691307,-1.6441465692970867,1.784315691360392,0.8650420589847486
0.28953343823889843,-1.4814602947808362,0.8020922720212261,-0.7203215483618335,-0.9425392597054306,-0.15986739803671018,-1.5166816717001321
-0.25185294590264645,-0.9595914877028038,-0.46266044823697355,-0.5385672199200232,-0.9425392597054306,-0.9930887220640396,0.8650420589847486
-1.063932522114964,-0.9595914877028038,1.2473229671171409,-0.7832057128278072,1.1622826690695374,0.3956134846481761,0.8650420589847486
-1.063932522114964,-0.43772268062477143,1.4339592308472415,-0.7060940831398551,0.4606753594778814,0.6733539259906193,-0.32581980635769175
-0.25185294590264645,0.6060149335312932,-0.7566059344168419,-0.16249404829491546,1.1622826690695374,0.3956134846481761,0.8650420589847486
0.28953343823889843,-0.5420964420403779,0.7575161689513136,-0.6071177341713736,1.1622826690695374,0.11787304330573296,0.8650420589847486
0.018840246168125976,-1.1683390105340168,1.172238610662498,-0.7070179445179057,0.4606753594778814,0.6733539259906193,-0.32581980635769175
-0.25185294590264645,-1.3770865333652296,0.7359677960208361,-0.7137929279569429,1.1622826690695374,0.11787304330573296,-1.5166816717001321
0.5602266303096711,-0.43772268062477143,-1.40040544431511,0.27153602711322977,0.4606753594778814,0.9510943673330624,-0.32581980635769175
-0.7932393300441917,1.7541263091029642,-1.3795827937890268,1.329480486498175,0.4606753594778814,1.5065752500179488,-0.32581980635769175
0.28953343823889843,1.5453787862717514,-1.2169791066044457,0.8565250516948338,1.1622826690695374,0.3956134846481761,0.8650420589847486
0.018840246168125976,-1.0639652491184102,-0.253303490769297,-0.6044693315542954,1.1622826690695374,-0.7153482807215965,-1.5166816717001321
-0.25185294590264645,-0.8552177262871973,0.811903480680634,-0.6850916344788395,-0.9425392597054306,-0.9930887220640396,0.8650420589847486
0.28953343823889843,0.8147624563625061,-0.21206291951958137,0.4164590819500917,-0.24093195011377463,-2.1040504874338124,0.8650420589847486
-0.5225461379734192,1.4410050248561448,-1.1628709188768156,0.6243278920114639,0.4606753594778814,1.5065752500179488,0.8650420589847486
-0.5225461379734192,-0.333348919209165,1.451069532150846,-0.7472983006009093,1.1622826690695374,0.3956134846481761,0.8650420589847486
-0.7932393300441917,0.7103886949468996,-0.5879871249958387,-0.18657603488276628,0.4606753594778814,1.5065752500179488,0.8650420589847486
2.319732378769692,-1.3770865333652296,-0.6486268143630178,0.055660418442086176,-0.24093195011377463,-1.826310046091369,0.8650420589847486
-1.063932522114964,1.232257502024932,-1.2065259127411507,0.26044969057662326,0.4606753594778814,1.5065752500179488,0.8650420589847486
0.018840246168125976,1.3366312634405384,-0.9755089327423206,1.0496120797073971,-0.9425392597054306,-0.9930887220640396,-1.5166816717001321
0.8309198223804434,1.8585000705185708,-1.4926001020733575,3.107913639245471,-1.6441465692970867,1.784315691360392,0.8650420589847486
-0.5225461379734192,-1.4814602947808362,0.949693044114963,-0.7582614556204424,0.4606753594778814,1.5065752500179488,-0.32581980635769175
0.018840246168125976,-0.5420964420403779,1.3091489334915032,-0.6549737535543917,0.4606753594778814,0.6733539259906193,-0.32581980635769175
-0.25185294590264645,1.5453787862717514,-1.233559072304839,1.4289495615349503,-0.9425392597054306,-0.9930887220640396,-1.5166816717001321
4.349931319300485,-1.3770865333652296,1.5267819176092918,-0.5855609686835276,-1.6441465692970867,-0.4376078393791533,0.8650420589847486
0.018840246168125976,-1.3770865333652296,-0.9141435209707471,-0.46108604568085104,0.4606753594778814,0.6733539259906193,-0.32581980635769175
-1.063932522114964,0.8147624563625061,-0.927429823451197,-0.19649214700717543,-0.9425392597054306,-1.2708291634064828,0.8650420589847486
-0.5225461379734192,-1.2727127719496232,0.2089677246297998,-0.7016595485252125,1.1622826690695374,-0.7153482807215965,-1.5166816717001321
-0.25185294590264645,-0.7508439648715909,0.9665940024173,-0.6738821164251595,1.1622826690695374,0.11787304330573296,-1.5166816717001321
1.642999398592761,1.4410050248561448,-0.8758058393386088,2.056744163299563,-1.6441465692970867,1.2288348086755054,-1.5166816717001321
-0.7932393300441917,0.6060149335312932,-0.4199265635782158,-0.3558890301001625,-0.9425392597054306,-1.2708291634064828,0.8650420589847486
-0.5225461379734192,-1.3770865333652296,0.8422442596643503,-0.7454505778448083,0.4606753594778814,1.5065752500179488,-0.32581980635769175
-0.7932393300441917,1.232257502024932,-0.7206128943989005,0.3315870166865151,0.4606753594778814,1.5065752500179488,-0.32581980635769175
0.28953343823889843,-0.020227634962345597,0.16584306636867582,-0.18429717681690827,0.4606753594778814,0.9510943673330624,-0.32581980635769175
0.28953343823889843,-0.7508439648715909,1.9176671695761398,-0.7310383403472198,-1.6441465692970867,1.2288348086755054,-1.5166816717001321
0.28953343823889843,-1.7945815790276554,2.424347013644135,-0.8117838247888373,-0.9425392597054306,-0.15986739803671018,-1.5166816717001321
-0.5225461379734192,-0.333348919209165,0.2325816151727842,-0.5341326853053806,-0.9425392597054306,-0.9930887220640396,-1.5166816717001321
0.8309198223804434,-1.3770865333652296,0.02928164854178328,-0.5187965864297416,0.4606753594778814,0.9510943673330624,-0.32581980635769175
0.018840246168125976,-0.12460139637795206,-0.7884539830096848,-0.19439806121692754,-0.9425392597054306,-0.9930887220640396,0.8650420589847486
0.28953343823889843,0.7103886949468996,-1.4875619138428509,0.46936554353311943,1.1622826690695374,-0.7153482807215965,0.8650420589847486
4.349931319300485,-1.2727127719496232,2.9502724576286643,-0.7403385448862619,-1.6441465692970867,-0.4376078393791533,0.8650420589847486
-1.063932522114964,-1.4814602947808362,1.2683549606444917,-0.7800029933838986,-0.9425392597054306,-0.9930887220640396,-1.5166816717001321
-0.25185294590264645,-0.6464702034559844,1.1097985714844174,-0.6777007434544351,1.1622826690695374,0.11787304330573296,-1.5166816717001321
-1.063932522114964,1.5453787862717514,-1.2115082761713194,1.268751998580986,0.4606753594778814,0.6733539259906193,-0.32581980635769175
-0.25185294590264645,-1.2727127719496232,1.2867352761557862,-0.7825282144839034,1.1622826690695374,0.3956134846481761,0.8650420589847486
-0.5225461379734192,0.5016411721156867,-1.1349166501075498,0.3980434451476175,0.4606753594778814,0.6733539259906193,-0.32581980635769175
-1.063932522114964,0.5016411721156867,-0.3909116236025275,-0.42296136614663193,1.1622826690695374,0.3956134846481761,0.8650420589847486
0.018840246168125976,1.5453787862717514,-1.1951655658723628,1.973350276240867,0.4606753594778814,0.6733539259906193,-0.32581980635769175
0.018840246168125976,1.023509979193719,-0.8868591498055376,0.924890793670574,0.4606753594778814,0.6733539259906193,-0.32581980635769175
-0.5225461379734192,0.2928936492844738,-0.1184865979529677,-0.1745658369681092,0.4606753594778814,0.6733539259906193,-0.32581980635769175
-0.5225461379734192,-0.8552177262871973,-0.4909775782084365,-0.4570210556174286,0.4606753594778814,0.6733539259906193,-0.32581980635769175
0.018840246168125976,0.5016411721156867,-0.03689865225894483,-0.2848132947488074,1.1622826690695374,-0.7153482807215965,0.8650420589847486
0.018840246168125976,0.8147624563625061,-0.5492307573611651,0.04617544162743393,1.1622826690695374,-0.7153482807215965,0.8650420589847486
0.28953343823889843,0.7103886949468996,-1.0354508121052746,0.5151274771258897,-0.9425392597054306,-0.15986739803671018,-1.5166816717001321
0.018840246168125976,-0.12460139637795206,-0.3107751227172933,-0.20166577072425848,0.4606753594778814,0.6733539259906193,-0.32581980635769175
-0.7932393300441917,1.3366312634405384,-0.8259124240364993,0.1293229656519828,1.1622826690695374,0.3956134846481761,0.8650420589847486
-0.5225461379734192,0.08414612645326086,0.3508045860886357,-0.39321302977340444,0.4606753594778814,0.6733539259906193,-0.32581980635769175
0.28953343823889843,1.7541263091029642,-1.4584353242664865,1.8176488386600822,1.1622826690695374,-0.7153482807215965,-1.5166816717001321
0.5602266303096711,-1.1683390105340168,1.0073321504639734,-0.6786861955910223,0.4606753594778814,0.9510943673330624,0.8650420589847486
0.018840246168125976,1.4410050248561448,-1.1579025116467314,1.4456406570983968,1.1622826690695374,0.11787304330573296,-1.5166816717001321
-0.25185294590264645,0.5016411721156867,-0.5583301998162632,-0.15485679423636428,1.1622826690695374,-0.7153482807215965,0.8650420589847486
-0.5225461379734192,1.5453787862717514,-1.3076664947535668,1.338842281795754,1.1622826690695374,0.11787304330573296,0.8650420589847486
0.5602266303096711,-0.9595914877028038,1.3383871726685435,-0.6909427565398262,0.4606753594778814,0.9510943673330624,0.8650420589847486
0.28953343823889843,-0.6464702034559844,0.15024003467419797,-0.5264338404882928,-0.9425392597054306,-0.9930887220640396,-1.5166816717001321
-0.5225461379734192,-1.3770865333652296,0.6087570322505627,-0.7631887163033787,-0.9425392597054306,-1.2708291634064828,0.8650420589847486
-1.063932522114964,-1.0639652491184102,0.0028904741819821703,-0.6241167835275035,0.4606753594778814,0.6733539259906193,-0.32581980635769175
0.018840246168125976,-1.2727127719496232,-1.018424248002177,-0.46613648788086065,1.1622826690695374,0.11787304330573296,-1.5166816717001321
0.018840246168125976,-0.7508439648715909,0.37233900281902865,-0.5493456026639463,0.4606753594778814,0.6733539259906193,-0.32581980635769175
-0.25185294590264645,1.232257502024932,-0.7198871719945062,0.6440985255017455,-0.9425392597054306,-0.9930887220640396,-1.5166816717001321
-0.5225461379734192,0.39726741070008026,0.009994180024995794,-0.2551265491341166,1.1622826690695374,0.11787304330573296,-1.5166816717001321
-0.5225461379734192,-1.3770865333652296,0.46492443417964235,-0.7484685250131067,1.1622826690695374,0.3956134846481761,-1.5166816717001321
-0.5225461379734192,0.08414612645326086,-0.7481345209655467,-0.22839615992918752,0.4606753594778814,1.5065752500179488,-0.32581980635769175
0.018840246168125976,-0.43772268062477143,0.8623272315859546,-0.5751521304908248,0.4606753594778814,0.6733539259906193,-0.32581980635769175
0.28953343823889843,1.232257502024932,-0.8587094942350888,0.9131269587900638,-0.9425392597054306,-0.15986739803671018,-1.5166816717001321
-0.5225461379734192,0.08414612645326086,-0.019397577352974132,-0.48991052067602797,0.4606753594778814,1.5065752500179488,0.8650420589847486
0.018840246168125976,-0.7508439648715909,0.38844445771654873,-0.5869775561298717,1.1622826690695374,0.11787304330573296,-1.5166816717001321
-0.5225461379734192,-0.2289751577935585,0.2626014015545569,-0.6315076745519079,-0.9425392597054306,-1.2708291634064828,0.8650420589847486
0.28953343823889843,1.4410050248561448,-1.149431098195436,0.7032256536969803,1.1622826690695374,0.3956134846481761,0.8650420589847486
-0.25185294590264645,-1.2727127719496232,0.6311567333861949,-0.7089888487910802,-0.9425392597054306,-0.9930887220640396,0.8650420589847486
-0.5225461379734192,1.232257502024932,-1.1116097959664244,1.120133498231922,0.4606753594778814,0.6733539259906193,-0.32581980635769175
-0.7932393300441917,-1.3770865333652296,-0.12753021560772768,-0.7101590732032775,0.4606753594778814,1.5065752500179488,0.8650420589847486
0.018840246168125976,1.5453787862717514,-1.4301042380949391,1.735178812979437,-0.9425392597054306,-0.15986739803671018,-1.5166816717001321
-0.5225461379734192,0.7103886949468996,-0.18092663713104817,-0.2656585688438928,0.4606753594778814,1.5065752500179488,0.8650420589847486
-1.063932522114964,1.023509979193719,-1.0758121427496663,0.303008904725485,-0.9425392597054306,-0.9930887220640396,0.8650420589847486
0.28953343823889843,-1.1683390105340168,1.7312262926472224,-0.7649132575424064,-0.9425392597054306,-0.9930887220640396,0.8650420589847486
0.018840246168125976,-0.8552177262871973,1.254384804359901,-0.7114524791325483,-0.9425392597054306,-0.15986739803671018,-1.5166816717001321
-1.063932522114964,0.2928936492844738,-0.8892735724201571,-0.38908644895144534,-0.9425392597054306,-1.2708291634064828,0.8650420589847486
0.018840246168125976,0.08414612645326086,-0.5324135362593353,-0.18602171805593595,-0.9425392597054306,-0.9930887220640396,0.8650420589847486
4.349931319300485,-1.7945815790276554,2.007475317119937,-0.7015979577666758,-1.6441465692970867,-0.4376078393791533,0.8650420589847486
0.28953343823889843,1.232257502024932,-0.8521779925955398,1.0072376378341457,1.1622826690695374,0.11787304330573296,-1.5166816717001321
0.018840246168125976,-0.7508439648715909,0.6800592584823045,-0.5986798002518453,0.4606753594778814,0.6733539259906193,-0.32581980635769175
0.28953343823889843,1.5453787862717514,-1.2590291374590628,0.8855342989656209,1.1622826690695374,0.3956134846481761,0.8650420589847486
0.018840246168125976,0.5016411721156867,-0.5620006804384883,0.1159577710495183,1.1622826690695374,0.11787304330573296,-1.5166816717001321
-0.25185294590264645,-0.43772268062477143,0.19178764232577275,-0.5783548499347333,1.1622826690695374,-0.7153482807215965,-1.5166816717001321
-0.5225461379734192,1.1278837406093254,-0.6320608048627091,0.4636376029892061,1.1622826690695374,0.11787304330573296,-1.5166816717001321
0.28953343823889843,-0.43772268062477143,0.7879685975357059,-0.49422187377359716,0.4606753594778814,0.9510943673330624,-0.32581980635769175
-1.063932522114964,0.18851988786886734,0.2293996015535168,-0.4947761906004275,-0.9425392597054306,-0.9930887220640396,0.8650420589847486
-0.5225461379734192,0.2928936492844738,-0.627259872033639,-0.3666058220855488,-0.9425392597054306,-1.2708291634064828,0.8650420589847486
0.28953343823889843,1.023509979193719,-1.0499513039930763,0.3485860660426451,1.1622826690695374,0.3956134846481761,-1.5166816717001321
0.28953343823889843,-0.6464702034559844,0.7878848603351989,-0.615740440366512,1.1622826690695374,0.11787304330573296,-1.5166816717001321
0.28953343823889843,-1.3770865333652296,1.1480525159160488,-0.7252488090447697,-1.6441465692970867,1.2288348086755054,0.8650420589847486
-0.7932393300441917,-1.3770865333652296,2.5002966545040177,-0.8250874286327651,-0.9425392597054306,-1.2708291634064828,0.8650420589847486
-0.5225461379734192,-0.9595914877028038,2.3562268010316605,-0.8042081614888228,1.1622826690695374,-0.7153482807215965,0.8650420589847486
-0.5225461379734192,-0.7508439648715909,0.8791863212880381,-0.7403385448862619,-0.9425392597054306,-1.2708291634064828,0.8650420589847486
0.8309198223804434,0.9191362177781126,-1.0856931324094965,1.0934646997855297,-1.6441465692970867,1.2288348086755054,0.8650420589847486
-0.5225461379734192,-0.7508439648715909,1.6019360550643573,-0.7799414026253618,-0.9425392597054306,-1.2708291634064828,0.8650420589847486
0.5602266303096711,-0.333348919209165,-0.4749279481112545,0.4354906263379329,-0.24093195011377463,-1.826310046091369,0.8650420589847486
0.8309198223804434,-0.333348919209165,-0.40622157509523077,-0.11365257677531006,-0.24093195011377463,-2.1040504874338124,0.8650420589847486
0.018840246168125976,1.5453787862717514,-1.3534149186305777,1.5632790059034993,-0.9425392597054306,-0.9930887220640396,0.8650420589847486
0.28953343823889843,-0.9595914877028038,1.4061026554785674,-0.7258031258716,-0.9425392597054306,-0.15986739803671018,-1.5166816717001321
-0.7932393300441917,-0.43772268062477143,0.41256077146257536,-0.687062538752014,-0.9425392597054306,-1.2708291634064828,0.8650420589847486
0.018840246168125976,0.7103886949468996,-1.1943561062674615,0.267347855532734,1.1622826690695374,-0.7153482807215965,0.8650420589847486
0.28953343823889843,1.232257502024932,-0.6486965953634404,0.8411889528191948,1.1622826690695374,0.11787304330573296,-1.5166816717001321
-0.5225461379734192,0.18851988786886734,-0.0768552531008859,-0.37411989462702655,0.4606753594778814,1.5065752500179488,-0.32581980635769175
-0.25185294590264645,0.18851988786886734,0.12697504913332625,-0.32780364420742597,1.1622826690695374,0.11787304330573296,-1.5166816717001321
0.018840246168125976,1.4410050248561448,-0.9742528747347151,1.9793245798189272,0.4606753594778814,0.9510943673330624,-0.32581980635769175
-0.25185294590264645,-0.8552177262871973,1.1788119809023003,-0.6936527499154411,-0.9425392597054306,-0.15986739803671018,-0.32581980635769175
-0.7932393300441917,-0.020227634962345597,0.2012359897829834,-0.5733659984932604,0.4606753594778814,1.5065752500179488,0.8650420589847486
0.28953343823889843,0.7103886949468996,-1.0640470660784276,0.09052078777386001,1.1622826690695374,0.3956134846481761,0.8650420589847486
0.28953343823889843,-0.43772268062477143,0.4013120741944634,-0.5321617810322061,-0.9425392597054306,-0.15986739803671018,-1.5166816717001321
-1.063932522114964,1.232257502024932,-1.1402060499395776,0.23082453572046918,0.4606753594778814,1.5065752500179488,0.8650420589847486
-0.7932393300441917,-1.690207817612049,0.9459527824923154,-0.7873938844083029,0.4606753594778814,1.5065752500179488,0.8650420589847486
-0.7932393300441917,-0.43772268062477143,-0.08074903292446312,-0.6361885722006974,-0.9425392597054306,-1.2708291634064828,0.8650420589847486
-0.25185294590264645,-0.020227634962345597,0.4638637629732199,-0.47204920070038414,1.1622826690695374,0.11787304330573296,-1.5166816717001321
-1.063932522114964,1.232257502024932,-1.0138326581743744,0.7479405443946266,0.4606753594778814,0.6733539259906193,-0.32581980635769175
0.018840246168125976,-0.5420964420403779,-0.17414392388997818,-0.441192230673496,1.1622826690695374,0.11787304330573296,-1.5166816717001321
-0.5225461379734192,-0.12460139637795206,0.49714930017476705,-0.6404383345397299,1.1622826690695374,0.3956134846481761,0.8650420589847486
-1.063932522114964,0.2928936492844738,0.02681140112682569,-0.3216445683537557,0.4606753594778814,0.6733539259906193,-0.32581980635769175
0.28953343823889843,-0.333348919209165,-0.3876877413830066,-0.11938051731922343,0.4606753594778814,0.9510943673330624,-0.32581980635769175
-1.063932522114964,-0.43772268062477143,1.0446091608896892,-0.6663680438836818,0.4606753594778814,0.6733539259906193,-0.32581980635769175
-1.063932522114964,-0.43772268062477143,0.1300175007517486,-0.5362883618541653,0.4606753594778814,0.6733539259906193,-0.32581980635769175
0.8309198223804434,-0.5420964420403779,-0.09770581602713807,-0.246750205973125,0.4606753594778814,0.9510943673330624,-0.32581980635769175
-1.063932522114964,-0.8552177262871973,0.7768455060683546,-0.752964650386286,-0.9425392597054306,-1.2708291634064828,-1.5166816717001321
-0.25185294590264645,-0.333348919209165,0.3308332637677074,-0.5942452656372027,1.1622826690695374,-0.7153482807215965,0.8650420589847486
0.8309198223804434,-1.3770865333652296,1.8210902649913574,-0.7650980298180164,-1.6441465692970867,1.784315691360392,0.8650420589847486
1.642999398592761,-0.8552177262871973,1.2364650434513953,-0.4437174517735008,-0.24093195011377463,-1.826310046091369,0.8650420589847486
2.9964653589466232,-0.020227634962345597,-0.14990200434319104,0.16738605442766522,-0.24093195011377463,-2.1040504874338124,0.8650420589847486
-0.25185294590264645,-0.7508439648715909,1.1124642057005583,-0.7205063206374436,1.1622826690695374,-0.7153482807215965,-1.5166816717001321
-1.063932522114964,-0.333348919209165,0.029295604741867782,-0.653249212315364,-0.9425392597054306,-1.2708291634064828,0.8650420589847486
0.8309198223804434,-0.12460139637795206,-0.03808492926612785,-0.08753809515574804,0.4606753594778814,0.9510943673330624,-0.32581980635769175
3.5378517430881686,-0.12460139637795206,0.0777515314352731,0.4665323686404311,-1.6441465692970867,-0.4376078393791533,0.8650420589847486
1.642999398592761,0.9191362177781126,-0.5931648752271905,0.9781052090462853,-1.6441465692970867,1.2288348086755054,-1.5166816717001321
-0.25185294590264645,0.5016411721156867,-0.25140544755780414,-0.10472191678748814,-0.9425392597054306,-0.9930887220640396,-1.5166816717001321
-0.5225461379734192,-0.2289751577935585,-0.2957163828261112,-0.5090036558224059,0.4606753594778814,1.5065752500179488,0.8650420589847486
0.8309198223804434,-1.690207817612049,2.523868676446748,-0.7919516005400189,0.4606753594778814,0.9510943673330624,-0.32581980635769175
-0.5225461379734192,-0.020227634962345597,0.3234225215228346,-0.5567364936883507,1.1622826690695374,-0.7153482807215965,0.8650420589847486
-0.7932393300441917,-0.43772268062477143,0.5319560631855254,-0.6741284794593063,0.4606753594778814,1.5065752500179488,0.8650420589847486
-0.5225461379734192,1.232257502024932,-1.243481930564923,0.3017154987962142,-0.9425392597054306,-1.2708291634064828,0.8650420589847486
0.018840246168125976,-0.9595914877028038,0.5664278773942555,-0.6907579842642161,1.1622826690695374,-0.7153482807215965,0.8650420589847486
0.28953343823889843,0.5016411721156867,-0.3139571363365607,-0.26966196814877846,1.1622826690695374,0.3956134846481761,0.8650420589847486
0.018840246168125976,-0.9595914877028038,0.3933151715460414,-0.5898107310225601,0.4606753594778814,0.6733539259906193,-0.32581980635769175
0.28953343823889843,0.5016411721156867,-0.6776417543387061,0.013347567327371293,1.1622826690695374,-0.7153482807215965,-1.5166816717001321
-0.5225461379734192,0.18851988786886734,0.49653522737104877,-0.5617253451298235,0.4606753594778814,1.5065752500179488,0.8650420589847486
0.5602266303096711,-0.43772268062477143,0.8114987508781832,-0.5432481175688126,0.4606753594778814,0.9510943673330624,0.8650420589847486
-0.5225461379734192,-1.0639652491184102,1.6835519131585492,-0.7524103335594556,0.4606753594778814,0.6733539259906193,-0.32581980635769175
-0.7932393300441917,1.5453787862717514,-1.3751865907624075,0.7372237524092403,0.4606753594778814,1.5065752500179488,0.8650420589847486
0.018840246168125976,1.4410050248561448,-1.0211875756189093,1.2019260255686635,-0.9425392597054306,-0.15986739803671018,-1.5166816717001321
0.28953343823889843,1.3366312634405384,-1.2842479910117655,1.541537468140043,-1.6441465692970867,1.784315691360392,0.8650420589847486
-0.7932393300441917,-1.7945815790276554,0.7809765412933684,-0.7939225048131934,-0.9425392597054306,-1.2708291634064828,0.8650420589847486
-0.25185294590264645,1.7541263091029642,-1.3831695372107449,1.779524159125863,-0.9425392597054306,-0.9930887220640396,0.8650420589847486
0.28953343823889843,0.7103886949468996,-0.7735487613194323,0.5042259128648933,-1.6441465692970867,1.2288348086755054,0.8650420589847486
-1.063932522114964,1.5453787862717514,-1.239015946537881,0.3678639734646331,1.1622826690695374,0.3956134846481761,0.8650420589847486
0.28953343823889843,-0.7508439648715909,2.025353209428189,-0.7169340566423148,0.4606753594778814,0.9510943673330624,-0.32581980635769175
-0.5225461379734192,-0.020227634962345597,-0.6243290700158927,-0.27723763144879293,-0.9425392597054306,-0.9930887220640396,0.8650420589847486
-0.25185294590264645,-1.0639652491184102,-0.09555656121412412,-0.5986182094933086,-0.9425392597054306,-0.15986739803671018,-1.5166816717001321
0.28953343823889843,-0.8552177262871973,0.979252275893947,-0.6769616543519946,-0.9425392597054306,-0.15986739803671018,-1.5166816717001321
0.018840246168125976,0.08414612645326086,-1.061409344262456,-0.005745567819006601,-0.9425392597054306,-0.9930887220640396,0.8650420589847486
1.642999398592761,0.7103886949468996,-0.5131958487429703,0.5465387639796082,-1.6441465692970867,1.784315691360392,0.8650420589847486
0.018840246168125976,-1.3770865333652296,-0.2258237328029044,-0.6139543083689476,-0.9425392597054306,-0.9930887220640396,-1.5166816717001321
2.9964653589466232,0.6060149335312932,-0.577101288929924,1.0311348521463863,-0.24093195011377463,-2.1040504874338124,0.8650420589847486
-0.7932393300441917,1.7541263091029642,-1.46978171493519,0.7731927553946748,-0.9425392597054306,-1.2708291634064828,0.8650420589847486
-0.5225461379734192,0.18851988786886734,-0.8014472052883601,-0.3596460663709014,-0.9425392597054306,-1.2708291634064828,0.8650420589847486
0.018840246168125976,-1.1683390105340168,2.2025271695009945,-0.7788943597302379,-0.9425392597054306,-0.9930887220640396,-0.32581980635769175
-0.25185294590264645,0.8147624563625061,-0.41003161771830093,0.13320318343979512,1.1622826690695374,0.11787304330573296,0.8650420589847486
-0.5225461379734192,0.08414612645326086,-0.6773765865371005,-0.41667910877588826,-0.9425392597054306,-1.2708291634064828,0.8650420589847486
-0.25185294590264645,1.1278837406093254,-1.3076106699532286,0.5886052520601762,1.1622826690695374,-0.7153482807215965,0.8650420589847486
-0.5225461379734192,1.023509979193719,-0.522727933400688,-0.11771756683873244,-0.9425392597054306,-1.2708291634064828,0.8650420589847486
-0.5225461379734192,-0.7508439648715909,0.8047160376371133,-0.6767152913178478,1.1622826690695374,0.11787304330573296,0.8650420589847486
-0.25185294590264645,-1.0639652491184102,-0.7685803540893481,-0.49951867900775365,-0.9425392597054306,-0.15986739803671018,-1.5166816717001321
4.349931319300485,1.232257502024932,-1.31873376142058,5.612932970450251,-1.6441465692970867,-0.4376078393791533,0.8650420589847486
0.28953343823889843,0.5016411721156867,-0.5369074326865463,0.37100510215000493,-0.24093195011377463,-2.1040504874338124,0.8650420589847486
-0.25185294590264645,-1.1683390105340168,1.0762059978810112,-0.723524267805742,1.1622826690695374,0.11787304330573296,-1.5166816717001321
1.642999398592761,1.3366312634405384,-1.0834880527961446,1.8486905809625804,-1.6441465692970867,1.784315691360392,0.8650420589847486
-0.25185294590264645,-1.1683390105340168,0.9568804871584837,-0.7618337196155712,1.1622826690695374,0.3956134846481761,0.8650420589847486
-0.7932393300441917,-0.43772268062477143,1.7086451609104913,-0.774336643598522,1.1622826690695374,0.3956134846481761,0.8650420589847486
0.28953343823889843,0.5016411721156867,-0.22299062418574966,0.012793250500540967,-1.6441465692970867,1.784315691360392,0.8650420589847486
2.9964653589466232,-0.020227634962345597,-0.07487347268888603,0.3074434393401276,-0.24093195011377463,-1.548569604748926,0.8650420589847486
-1.063932522114964,-1.0639652491184102,-0.05851680618984484,-0.7200751853276867,-0.9425392597054306,-1.2708291634064828,0.8650420589847486
1.642999398592761,0.7103886949468996,-0.40168581006776627,0.6070824796211871,-1.6441465692970867,1.2288348086755054,-1.5166816717001321
0.8309198223804434,-0.43772268062477143,-0.429500516836187,-0.1530090714802632,-0.24093195011377463,-2.1040504874338124,0.8650420589847486
0.018840246168125976,-1.0639652491184102,0.6673451602053194,-0.7025834099032631,1.1622826690695374,-0.7153482807215965,-1.5166816717001321
-0.25185294590264645,-0.5420964420403779,-0.27221414188380283,-0.46601330636378724,-0.9425392597054306,-0.15986739803671018,-1.5166816717001321
-0.7932393300441917,-0.43772268062477143,0.022526847700882306,-0.6038534239689283,1.1622826690695374,-0.7153482807215965,0.8650420589847486
-1.063932522114964,1.8585000705185708,-1.4964799256968502,2.038266935738552,0.4606753594778814,0.6733539259906193,-0.32581980635769175
-0.25185294590264645,-0.333348919209165,0.40545706561956174,-0.6432099186738814,1.1622826690695374,0.3956134846481761,0.8650420589847486
0.28953343823889843,-0.43772268062477143,0.21618308007348946,-0.5106666063028968,-0.9425392597054306,-0.9930887220640396,0.8650420589847486
-0.25185294590264645,1.232257502024932,-0.5147170745521815,0.49283162253560325,-0.9425392597054306,-0.15986739803671018,-1.5166816717001321
-0.25185294590264645,-1.2727127719496232,2.5198632470224953,-0.8120917785815208,1.1622826690695374,-0.7153482807215965,-1.5166816717001321
2.9964653589466232,0.8147624563625061,-0.8599376398425252,2.051324176548333,-0.24093195011377463,-1.548569604748926,0.8650420589847486
-1.063932522114964,-0.7508439648715909,0.16354029335473233,-0.5975711665981847,0.4606753594778814,0.6733539259906193,-0.32581980635769175
-0.7932393300441917,-0.333348919209165,-1.2875974790320468,-0.4498149368686344,-0.9425392597054306,-1.2708291634064828,0.8650420589847486
0.5602266303096711,1.023509979193719,-1.0905359338388203,1.6677369323817475,0.4606753594778814,0.9510943673330624,-0.32581980635769175
-0.5225461379734192,1.232257502024932,-0.6294509954469064,0.37272964338903264,0.4606753594778814,1.5065752500179488,-0.32581980635769175
0.8309198223804434,0.5016411721156867,-0.19523174221766695,0.2760937432449458,-0.24093195011377463,-2.1040504874338124,0.8650420589847486
-0.5225461379734192,0.5016411721156867,-0.4517327435708053,-0.2017889522413319,1.1622826690695374,-0.7153482807215965,-1.5166816717001321
-1.063932522114964,-2.1077028632744748,2.650758447615078,-0.8266271975961826,0.4606753594778814,0.6733539259906193,-0.32581980635769175
-0.25185294590264645,-1.5858340561964426,1.9821308577664736,-0.7979874948766158,-0.9425392597054306,-0.15986739803671018,-1.5166816717001321
0.8309198223804434,-0.020227634962345597,-0.11125728630919353,-0.002666029892171457,0.4606753594778814,0.9510943673330624,-0.32581980635769175
-0.5225461379734192,-0.6464702034559844,1.1197353859445858,-0.6897109413690922,1.1622826690695374,0.11787304330573296,-1.5166816717001321
-1.063932522114964,0.5016411721156867,-0.5262030272217301,-0.33519453523183035,0.4606753594778814,1.5065752500179488,0.8650420589847486
0.018840246168125976,1.4410050248561448,-1.3443992133759868,2.443534126910057,0.4606753594778814,0.9510943673330624,-0.32581980635769175
-0.25185294590264645,-0.333348919209165,-0.06469940282728105,-0.5818039324127887,1.1622826690695374,0.3956134846481761,0.8650420589847486
0.28953343823889843,-0.9595914877028038,0.16227027914704226,-0.6389601563348489,1.1622826690695374,-0.7153482807215965,0.8650420589847486
-0.25185294590264645,-0.7508439648715909,1.0965401814041367,-0.7447114887423678,1.1622826690695374,0.3956134846481761,0.8650420589847486
0.018840246168125976,-0.43772268062477143,1.3091210210913342,-0.6053316021738092,0.4606753594778814,0.9510943673330624,-0.32581980635769175
-0.25185294590264645,-0.333348919209165,0.7131494088826685,-0.6772080173861414,1.1622826690695374,0.3956134846481761,0.8650420589847486
-0.25185294590264645,1.1278837406093254,-0.8886036748161009,0.6453303406724796,-0.9425392597054306,-0.15986739803671018,-1.5166816717001321
-1.063932522114964,-1.7945815790276554,1.0988429544180802,-0.7890568348887939,-0.9425392597054306,-0.9930887220640396,0.8650420589847486
-0.25185294590264645,-0.5420964420403779,-0.05384147916153528,-0.6048388761055156,1.1622826690695374,0.3956134846481761,-1.5166816717001321
0.5602266303096711,1.023509979193719,-0.6697146326907066,1.2380182100711714,0.4606753594778814,0.9510943673330624,-0.32581980635769175
0.018840246168125976,-1.0639652491184102,0.24498867704791014,-0.6709257600153977,1.1622826690695374,-0.7153482807215965,0.8650420589847486
-0.25185294590264645,1.3366312634405384,-0.9593476530444626,0.4093145539598341,1.1622826690695374,0.3956134846481761,-1.5166816717001321
-1.063932522114964,-0.6464702034559844,-0.34139502570269975,-0.5786012129688801,0.4606753594778814,1.5065752500179488,-0.32581980635769175
-0.5225461379734192,0.2928936492844738,0.2500826900787549,-0.5354876819931881,1.1622826690695374,0.3956134846481761,0.8650420589847486
0.018840246168125976,1.3366312634405384,-0.9807704201741795,1.0366164296561529,-0.9425392597054306,-0.15986739803671018,-1.5166816717001321
0.018840246168125976,0.5016411721156867,0.3825130726806336,-0.07053904579961803,0.4606753594778814,0.9510943673330624,-0.32581980635769175
-0.5225461379734192,-0.7508439648715909,0.8386296038424632,-0.648260360873891,0.4606753594778814,0.6733539259906193,-0.32581980635769175
0.018840246168125976,1.4410050248561448,-1.1409596847441408,0.9794602057340928,1.1622826690695374,-0.7153482807215965,-1.5166816717001321
-1.063932522114964,-0.9595914877028038,1.851054226572792,-0.8054399766595569,-0.9425392597054306,-1.2708291634064828,0.8650420589847486
0.28953343823889843,0.18851988786886734,-0.7244229370219707,0.002261230790764774,-0.9425392597054306,-0.15986739803671018,-1.5166816717001321
0.018840246168125976,1.023509979193719,-0.6921562024265925,0.5067511339648981,-0.9425392597054306,-0.15986739803671018,-1.5166816717001321
0.28953343823889843,-1.5858340561964426,1.5997588878511744,-0.7676232509180213,-1.6441465692970867,1.2288348086755054,0.8650420589847486
-0.7932393300441917,-0.5420964420403779,0.5196466947109909,-0.6513398988007263,0.4606753594778814,1.5065752500179488,-0.32581980635769175
0.018840246168125976,0.08414612645326086,0.4101603050480403,-0.5120216029907043,1.1622826690695374,-0.7153482807215965,0.8650420589847486
0.28953343823889843,-1.2727127719496232,2.0443894663434556,-0.7783400429034076,-1.6441465692970867,1.784315691360392,0.8650420589847486
0.018840246168125976,1.232257502024932,-1.0982397562854675,1.0054515058365814,-0.9425392597054306,-0.15986739803671018,-1.5166816717001321
0.28953343823889843,1.5453787862717514,-1.3338064575118467,1.8006497893039521,-0.9425392597054306,-0.9930887220640396,-1.5166816717001321
1.1016130144512162,1.4410050248561448,-1.1622847584732663,5.067238849815063,-0.24093195011377463,-1.826310046091369,0.8650420589847486
2.9964653589466232,0.9191362177781126,-0.9300675452671686,3.1783118762529226,-1.6441465692970867,-0.4376078393791533,0.8650420589847486
-0.5225461379734192,-0.8552177262871973,0.8741760454577003,-0.7075106705861993,0.4606753594778814,1.5065752500179488,-0.32581980635769175
0.018840246168125976,-0.9595914877028038,0.7942628437738182,-0.668400538915393,1.1622826690695374,0.11787304330573296,-1.5166816717001321
-0.5225461379734192,-1.2727127719496232,1.8026541246797247,-0.8054399766595569,-0.9425392597054306,-1.2708291634064828,0.8650420589847486
-0.5225461379734192,0.7103886949468996,-0.4172051045617371,-0.0249618844824579,-0.9425392597054306,-0.9930887220640396,0.8650420589847486
-0.7932393300441917,-1.898955340443262,0.6658239343961082,-0.7851150263424449,0.4606753594778814,1.5065752500179488,0.8650420589847486
0.018840246168125976,-0.020227634962345597,0.40583388302184337,-0.45769855396133236,-0.9425392597054306,-0.15986739803671018,-1.5166816717001321
0.018840246168125976,1.5453787862717514,-1.3198502574273405,1.7681914595551098,1.1622826690695374,0.11787304330573296,-1.5166816717001321
-1.063932522114964,-1.1683390105340168,2.4282268372676277,-0.8228701613254438,-0.9425392597054306,-1.2708291634064828,0.8650420589847486
0.018840246168125976,-0.333348919209165,-0.022300466970551408,-0.4383590557808077,-0.9425392597054306,-0.9930887220640396,-1.5166816717001321
-0.5225461379734192,-0.020227634962345597,-0.29821454264123776,-0.3621712874709062,-0.9425392597054306,-0.9930887220640396,0.8650420589847486
-0.5225461379734192,-0.8552177262871973,-0.19651571262544154,-0.5112209231297272,0.4606753594778814,0.6733539259906193,-0.32581980635769175
-0.25185294590264645,1.3366312634405384,-0.9324680116817037,0.3354056437157907,1.1622826690695374,0.3956134846481761,0.8650420589847486
0.28953343823889843,0.6060149335312932,-0.6411462911177226,0.2846548586815475,-1.6441465692970867,1.784315691360392,0.8650420589847486
-1.063932522114964,-0.9595914877028038,-0.7654681214705032,-0.49588482425408814,0.4606753594778814,0.6733539259906193,-0.32581980635769175
-0.7932393300441917,1.1278837406093254,-0.7386303487079979,0.014887336290788864,1.1622826690695374,0.3956134846481761,-1.5166816717001321
-0.5225461379734192,1.023509979193719,-0.6042042294940349,-0.02945800985563721,1.1622826690695374,0.3956134846481761,-1.5166816717001321
-0.5225461379734192,-0.2289751577935585,-0.08169805453020954,-0.5863000577859679,-0.9425392597054306,-1.2708291634064828,0.8650420589847486
0.28953343823889843,-0.7508439648715909,0.41504497507761745,-0.5769998532469258,1.1622826690695374,0.11787304330573296,-1.5166816717001321
-0.7932393300441917,0.2928936492844738,-0.030506712620241017,-0.518919767946815,-0.9425392597054306,-1.2708291634064828,0.8650420589847486
0.28953343823889843,1.6497525476873578,-1.166499530898787,2.8451674633278965,0.4606753594778814,0.9510943673330624,-0.32581980635769175
-0.7932393300441917,1.232257502024932,-1.0279144640596412,0.15118768493251236,1.1622826690695374,0.3956134846481761,0.8650420589847486
-0.25185294590264645,-1.2727127719496232,0.5006383501958935,-0.6978409214959369,-0.9425392597054306,-0.9930887220640396,0.8650420589847486
-0.7932393300441917,0.8147624563625061,-1.1229701428352126,0.2864409906791119,1.1622826690695374,-0.7153482807215965,-0.32581980635769175
0.28953343823889843,1.1278837406093254,-0.9679725846966873,0.8137194745118252,-0.9425392597054306,-0.9930887220640396,0.8650420589847486
0.018840246168125976,-0.7508439648715909,0.21909992589115126,-0.5759528103518019,-0.9425392597054306,-0.15986739803671018,-1.5166816717001321
-1.063932522114964,-0.8552177262871973,0.47013009681116313,-0.6968554693593497,0.4606753594778814,1.5065752500179488,-0.32581980635769175
-0.5225461379734192,1.3366312634405384,-1.2542421608300771,1.03144280593907,-0.9425392597054306,-0.9930887220640396,-1.5166816717001321
-0.25185294590264645,-0.43772268062477143,1.0085184274711565,-0.64062310681534,1.1622826690695374,0.11787304330573296,-1.5166816717001321
-0.7932393300441917,0.9191362177781126,-0.5922577222216976,-0.1767215135168938,1.1622826690695374,0.3956134846481761,0.8650420589847486
0.018840246168125976,0.7103886949468996,-0.3799420503361057,0.15900971126667363,1.1622826690695374,0.11787304330573296,-1.5166816717001321
0.28953343823889843,-1.2727127719496232,1.9996040202722754,-0.7798798118668252,1.1622826690695374,0.11787304330573296,0.8650420589847486
-1.063932522114964,-1.3770865333652296,0.9071126776571349,-0.7396610465423582,0.4606753594778814,0.6733539259906193,-0.32581980635769175
0.5602266303096711,-0.020227634962345597,0.0038674081878976,-0.08710695984599111,0.4606753594778814,0.9510943673330624,-0.32581980635769175
0.8309198223804434,-0.020227634962345597,-1.3174777034129745,0.26654717567175684,-1.6441465692970867,1.784315691360392,0.8650420589847486
0.28953343823889843,1.3366312634405384,-0.8940326366489738,1.0644554525147427,-0.9425392597054306,-0.15986739803671018,-1.5166816717001321
-1.063932522114964,-0.7508439648715909,1.179160885904413,-0.7705796073277831,1.1622826690695374,0.3956134846481761,0.8650420589847486
1.642999398592761,0.5016411721156867,-0.35000600115484004,0.39268504915492436,-1.6441465692970867,1.2288348086755054,-1.5166816717001321
-1.063932522114964,1.1278837406093254,-1.1713283761280262,0.3787039469670928,0.4606753594778814,1.5065752500179488,-0.32581980635769175
0.018840246168125976,-0.7508439648715909,0.8635274647932222,-0.6511551265251161,1.1622826690695374,0.11787304330573296,-1.5166816717001321
-0.25185294590264645,0.08414612645326086,-0.19355699820752623,-0.26972355890731514,1.1622826690695374,0.11787304330573296,-1.5166816717001321
0.018840246168125976,0.6060149335312932,-0.5391125122998982,0.12254798221294551,1.1622826690695374,0.11787304330573296,0.8650420589847486
-0.5225461379734192,-0.43772268062477143,-0.2587464088022544,-0.4687232997394022,-0.9425392597054306,-0.15986739803671018,-1.5166816717001321
-0.25185294590264645,-1.1683390105340168,0.4330903417868839,-0.7299297066935592,1.1622826690695374,0.3956134846481761,0.8650420589847486
-1.063932522114964,-1.7945815790276554,1.812283902738034,-0.8016829403888179,0.4606753594778814,0.6733539259906193,-0.32581980635769175
-0.5225461379734192,-1.5858340561964426,0.5658696293908753,-0.7374437792350369,-0.9425392597054306,-0.9930887220640396,0.8650420589847486
-0.25185294590264645,-1.7945815790276554,0.8489851043051668,-0.7572760034838552,-0.9425392597054306,-0.15986739803671018,-1.5166816717001321
-0.5225461379734192,-1.1683390105340168,1.470426781668056,-0.7913356929546519,-0.9425392597054306,-1.2708291634064828,0.8650420589847486
0.28953343823889843,0.5016411721156867,-0.7613510424455739,0.16744764518620192,-0.9425392597054306,-0.9930887220640396,0.8650420589847486
-0.5225461379734192,-0.2289751577935585,0.025499518318882114,-0.5470667445980882,1.1622826690695374,-0.7153482807215965,0.8650420589847486
0.28953343823889843,1.5453787862717514,-1.3295219040859032,1.3730251527836241,1.1622826690695374,-0.7153482807215965,-1.5166816717001321
-0.5225461379734192,-0.5420964420403779,0.8690122514264331,-0.6609480571324519,-0.9425392597054306,-0.15986739803671018,-1.5166816717001321
-0.7932393300441917,0.6060149335312932,-0.26999510607036636,-0.37984783517093995,1.1622826690695374,0.3956134846481761,0.8650420589847486
-0.5225461379734192,1.023509979193719,-0.9487130285800688,0.23519747957657508,1.1622826690695374,-0.7153482807215965,0.8650420589847486
-0.5225461379734192,1.1278837406093254,-1.1590608762537453,1.0297182647000422,0.4606753594778814,0.6733539259906193,-0.32581980635769175
0.018840246168125976,0.5016411721156867,-0.08825746856992742,-0.13089798916558687,-0.9425392597054306,-0.15986739803671018,-1.5166816717001321
1.642999398592761,0.5016411721156867,-0.2678737636575214,0.23113248951315268,-1.6441465692970867,1.784315691360392,0.8650420589847486
0.28953343823889843,0.2928936492844738,-1.0552825724253576,0.3833232538573455,-1.6441465692970867,1.2288348086755054,-1.5166816717001321
-1.063932522114964,1.1278837406093254,-0.8017961102904727,0.5114320316136876,0.4606753594778814,0.6733539259906193,-0.32581980635769175
0.018840246168125976,-1.690207817612049,0.90527045924598,-0.7429253567448034,1.1622826690695374,0.11787304330573296,-1.5166816717001321
0.28953343823889843,-0.9595914877028038,-0.38708762477937286,-0.5681923747761773,1.1622826690695374,-0.7153482807215965,0.8650420589847486
-0.25185294590264645,0.2928936492844738,-0.045579408711507646,-0.45474219755157064,1.1622826690695374,0.3956134846481761,0.8650420589847486
0.5602266303096711,0.8147624563625061,-1.0482067789825131,0.7820002338654233,-1.6441465692970867,1.784315691360392,0.8650420589847486
0.8309198223804434,-0.43772268062477143,0.5836498282985361,-0.5179959065687645,-1.6441465692970867,1.784315691360392,0.8650420589847486
-1.063932522114964,-0.6464702034559844,1.1499226467273727,-0.7636814423716723,1.1622826690695374,0.3956134846481761,0.8650420589847486
-1.063932522114964,1.5453787862717514,-1.2684774849162734,0.350680151832893,-0.9425392597054306,-1.2708291634064828,0.8650420589847486
-1.063932522114964,0.39726741070008026,-0.3921397692099641,-0.3990641518343912,0.4606753594778814,1.5065752500179488,0.8650420589847486
-0.5225461379734192,1.6497525476873578,-1.3726186499468582,0.7311878580726434,-0.9425392597054306,-1.2708291634064828,0.8650420589847486
0.28953343823889843,-0.020227634962345597,-1.158390978649689,0.016796649805426656,-0.9425392597054306,-0.9930887220640396,0.8650420589847486
-0.5225461379734192,0.6060149335312932,-0.5794319743440365,0.06834811470064697,1.1622826690695374,0.11787304330573296,-1.5166816717001321
0.28953343823889843,1.232257502024932,-1.0156609203854448,1.0385873339293274,-0.9425392597054306,-0.15986739803671018,-1.5166816717001321
0.018840246168125976,0.18851988786886734,-0.3076349776982794,-0.18977875432667482,-0.9425392597054306,-0.15986739803671018,-1.5166816717001321
-0.5225461379734192,1.4410050248561448,-1.1651736918907591,0.45821761623797624,1.1622826690695374,0.3956134846481761,0.8650420589847486
0.28953343823889843,-0.2289751577935585,0.3854578308984644,-0.38052533351484363,-0.24093195011377463,-2.1040504874338124,0.8650420589847486
-0.5225461379734192,0.18851988786886734,-0.7138301811578306,-0.16224768526076863,1.1622826690695374,-0.7153482807215965,-0.32581980635769175
-1.063932522114964,0.39726741070008026,-0.4706433946853111,-0.2877696511585691,0.4606753594778814,1.5065752500179488,-0.32581980635769175
0.018840246168125976,-0.5420964420403779,-0.19772990203279356,-0.4733426066296549,-0.9425392597054306,-0.9930887220640396,0.8650420589847486
-1.063932522114964,0.08414612645326086,-0.3151852819439972,-0.5428169822590557,-0.9425392597054306,-1.2708291634064828,0.8650420589847486
-0.25185294590264645,0.8147624563625061,-0.8832444939836506,-0.018433264077567395,1.1622826690695374,0.3956134846481761,0.8650420589847486
-0.25185294590264645,-0.7508439648715909,0.6843856805085013,-0.6599010142373279,-0.9425392597054306,-0.9930887220640396,0.8650420589847486
0.28953343823889843,-1.5858340561964426,1.9775811365389246,-0.7918284190229455,-0.9425392597054306,-0.15986739803671018,-1.5166816717001321
0.28953343823889843,-0.020227634962345597,-0.42761642982477865,-0.16643585684126444,1.1622826690695374,0.11787304330573296,-1.5166816717001321
0.018840246168125976,-1.2727127719496232,1.5251909107996582,-0.7242633569081824,0.4606753594778814,0.9510943673330624,-0.32581980635769175
-0.7932393300441917,0.7103886949468996,-0.9697171097072506,0.14632201500811282,1.1622826690695374,-0.7153482807215965,-0.32581980635769175
-0.25185294590264645,-1.3770865333652296,0.30618661441846956,-0.6908811657812894,-0.9425392597054306,-0.9930887220640396,0.8650420589847486
-0.7932393300441917,0.08414612645326086,-0.46489344025049456,-0.47808509503698104,1.1622826690695374,0.3956134846481761,0.8650420589847486
-0.5225461379734192,0.5016411721156867,0.03959528040423331,-0.371533082768485,1.1622826690695374,-0.7153482807215965,0.8650420589847486
-0.5225461379734192,-0.2289751577935585,0.34908797347824144,-0.5192277217394986,1.1622826690695374,0.11787304330573296,-1.5166816717001321
-0.7932393300441917,-0.12460139637795206,0.5360452298102857,-0.6138927176104109,1.1622826690695374,-0.7153482807215965,-1.5166816717001321
-0.7932393300441917,0.5016411721156867,-0.35734696239929026,-0.40189732672707956,-0.9425392597054306,-1.2708291634064828,0.8650420589847486
-1.063932522114964,0.6060149335312932,-0.20074444125104687,-0.2897405554317436,0.4606753594778814,1.5065752500179488,-0.32581980635769175
-0.7932393300441917,0.2928936492844738,-0.051078151544803066,-0.3855141849563166,0.4606753594778814,1.5065752500179488,-0.32581980635769175
-0.5225461379734192,1.4410050248561448,-1.3760518751676467,0.5722221102894133,1.1622826690695374,0.3956134846481761,0.8650420589847486
-0.5225461379734192,1.3366312634405384,-1.0542498136191043,0.2887814395035066,-0.9425392597054306,-1.2708291634064828,0.8650420589847486
0.8309198223804434,-1.690207817612049,2.005549361508275,-0.768300749261925,0.4606753594778814,0.9510943673330624,-0.32581980635769175
0.018840246168125976,-0.9595914877028038,0.3711527258118456,-0.6381594764738718,-0.9425392597054306,-0.9930887220640396,0.8650420589847486
-0.7932393300441917,0.9191362177781126,-0.8523035983963004,0.006572583888333976,0.4606753594778814,1.5065752500179488,0.8650420589847486
0.018840246168125976,-0.020227634962345597,0.17484481542318228,-0.3988793795587811,-0.9425392597054306,-0.9930887220640396,-1.5166816717001321
0.018840246168125976,-0.12460139637795206,1.2282727540017901,-0.5825430215152291,0.4606753594778814,0.6733539259906193,-0.32581980635769175
-0.25185294590264645,1.1278837406093254,-0.6030039962867673,0.04235681459815835,1.1622826690695374,0.3956134846481761,0.8650420589847486
-0.5225461379734192,1.7541263091029642,-1.388654323843956,1.512158676318036,0.4606753594778814,1.5065752500179488,-0.32581980635769175
-0.5225461379734192,-1.5858340561964426,2.579581827184097,-0.8269967421474028,1.1622826690695374,0.3956134846481761,0.8650420589847486
-0.5225461379734192,0.5016411721156867,-0.5729004727044875,-0.10305896630699717,0.4606753594778814,1.5065752500179488,-0.32581980635769175
-0.7932393300441917,-1.2727127719496232,-0.43453870506669373,-0.6754218853885771,0.4606753594778814,1.5065752500179488,0.8650420589847486
-0.25185294590264645,-1.0639652491184102,0.9614302083860328,-0.6919282086764135,-0.9425392597054306,-0.9930887220640396,-0.32581980635769175
-0.25185294590264645,-0.12460139637795206,0.005388633997108769,-0.43398611192470177,-0.9425392597054306,-0.9930887220640396,0.8650420589847486
-1.063932522114964,-0.7508439648715909,1.3163782451352772,-0.7476062543935929,-0.9425392597054306,-0.9930887220640396,0.8650420589847486
-0.5225461379734192,1.1278837406093254,-0.8692185128987219,0.2534283441034391,-0.9425392597054306,-1.2708291634064828,-0.32581980635769175
-0.25185294590264645,-0.9595914877028038,-0.48942843999905633,-0.5032757152784925,1.1622826690695374,0.11787304330573296,-1.5166816717001321
0.5602266303096711,-0.020227634962345597,0.23253974657253068,-0.17739901186079754,0.4606753594778814,0.9510943673330624,-0.32581980635769175
-0.5225461379734192,1.1278837406093254,-0.630679141054343,-0.02576256434343504,-0.9425392597054306,-1.2708291634064828,0.8650420589847486
1.642999398592761,1.6497525476873578,-1.2974505562917082,2.7454520252569745,-1.6441465692970867,1.784315691360392,0.8650420589847486
0.018840246168125976,1.3366312634405384,-0.9529417572056742,0.9415818892340205,-0.9425392597054306,-0.9930887220640396,0.8650420589847486
0.28953343823889843,-0.43772268062477143,-0.0001380212363556617,-0.5790939390371738,1.1622826690695374,0.3956134846481761,0.8650420589847486
0.8309198223804434,1.023509979193719,-0.8218372136118235,1.0941421981294335,-1.6441465692970867,1.2288348086755054,-1.5166816717001321
0.8309198223804434,1.6497525476873578,-1.3303871884911427,3.08925163940885,-0.24093195011377463,-2.1040504874338124,0.8650420589847486
-0.5225461379734192,1.6497525476873578,-1.3258932920639317,1.6241306753377618,1.1622826690695374,0.11787304330573296,-1.5166816717001321
-0.5225461379734192,1.4410050248561448,-1.114791809585692,0.5953802354992136,0.4606753594778814,1.5065752500179488,0.8650420589847486
0.5602266303096711,-0.020227634962345597,0.7918623773592831,-0.483689854063821,-1.6441465692970867,1.784315691360392,0.8650420589847486
-0.7932393300441917,1.6497525476873578,-1.2808287219910615,0.9561173082486824,1.1622826690695374,-0.7153482807215965,-1.5166816717001321
-0.25185294590264645,-0.5420964420403779,1.1213822175545576,-0.7317774294496602,1.1622826690695374,0.3956134846481761,0.8650420589847486
-0.25185294590264645,0.08414612645326086,0.11488897986014393,-0.47377374193941185,1.1622826690695374,-0.7153482807215965,0.8650420589847486
1.642999398592761,1.023509979193719,-0.745552623949913,1.249104546607778,-1.6441465692970867,1.2288348086755054,-1.5166816717001321
0.018840246168125976,-1.5858340561964426,1.6202745019753986,-0.7805573102107289,-0.9425392597054306,-0.15986739803671018,-1.5166816717001321
0.018840246168125976,1.1278837406093254,-0.9172976221898456,0.6938638583994015,-0.9425392597054306,-0.9930887220640396,0.8650420589847486
-0.5225461379734192,0.7103886949468996,-0.6112939791369639,-0.17567447062176986,1.1622826690695374,0.3956134846481761,-1.5166816717001321
0.018840246168125976,-1.3770865333652296,0.6177727375051536,-0.6826280041373713,-0.9425392597054306,-0.15986739803671018,-0.32581980635769175
1.642999398592761,1.7541263091029642,-1.3430733743679588,3.062213296411237,-1.6441465692970867,1.784315691360392,0.8650420589847486
0.018840246168125976,0.9191362177781126,-0.6905512394168744,0.41842998622326616,-0.9425392597054306,-0.15986739803671018,-1.5166816717001321
-0.7932393300441917,1.3366312634405384,-1.2048651249310944,0.7087072312067468,0.4606753594778814,1.5065752500179488,-0.32581980635769175
-0.7932393300441917,-1.3770865333652296,-1.3479999129977895,-0.633355397308009,1.1622826690695374,0.3956134846481761,0.8650420589847486
-0.5225461379734192,-0.7508439648715909,1.071488802252448,-0.7315310664155134,1.1622826690695374,-0.7153482807215965,0.8650420589847486
-0.7932393300441917,0.5016411721156867,-0.3876319165826686,-0.39506075252950557,-0.9425392597054306,-1.2708291634064828,0.8650420589847486
0.018840246168125976,1.5453787862717514,-1.0657636786888218,1.2788528829810053,-0.9425392597054306,-0.15986739803671018,0.8650420589847486
0.018840246168125976,-0.8552177262871973,0.7981147549971419,-0.7017211392837492,1.1622826690695374,-0.7153482807215965,0.8650420589847486
-0.5225461379734192,1.3366312634405384,-1.1770504181626738,1.059158647280586,1.1622826690695374,0.11787304330573296,-1.5166816717001321
-1.063932522114964,-1.2727127719496232,1.7846087579704581,-0.7973099965327121,0.4606753594778814,1.5065752500179488,-0.32581980635769175
-0.5225461379734192,-0.9595914877028038,2.3470994461763937,-0.7976795410839324,0.4606753594778814,1.5065752500179488,-0.32581980635769175
-0.5225461379734192,-0.5420964420403779,0.11812681827974936,-0.5579683088590847,-0.9425392597054306,-0.15986739803671018,-1.5166816717001321
-0.5225461379734192,-1.1683390105340168,0.258302891928529,-0.729129026832582,-0.9425392597054306,-1.2708291634064828,0.8650420589847486
-1.063932522114964,-1.0639652491184102,-0.6879274738009872,-0.6722807567032052,-0.9425392597054306,-1.2708291634064828,0.8650420589847486
-1.063932522114964,-0.7508439648715909,1.4732180216849573,-0.7838832111717109,1.1622826690695374,0.3956134846481761,0.8650420589847486
-0.5225461379734192,-1.3770865333652296,0.6573106523445594,-0.7424942214350465,1.1622826690695374,-0.7153482807215965,-1.5166816717001321
-0.25185294590264645,-0.9595914877028038,0.9904870169619745,-0.7114524791325483,-0.9425392597054306,-0.9930887220640396,0.8650420589847486
-0.25185294590264645,0.2928936492844738,-0.05088276474361998,-0.45363356389791,1.1622826690695374,0.3956134846481761,0.8650420589847486
-0.7932393300441917,-1.5858340561964426,2.1570578696256737,-0.8220078907059299,1.1622826690695374,0.3956134846481761,0.8650420589847486
-0.5225461379734192,0.9191362177781126,-0.8926091042403541,0.09181419370313076,0.4606753594778814,1.5065752500179488,0.8650420589847486
-1.063932522114964,1.1278837406093254,-0.8315367726705553,0.5298476684161617,0.4606753594778814,0.6733539259906193,-0.32581980635769175
0.28953343823889843,0.18851988786886734,-0.3676745504618248,-0.0891394548777023,-1.6441465692970867,1.784315691360392,0.8650420589847486
0.018840246168125976,0.08414612645326086,-0.21971091716589072,-0.22624048338040292,1.1622826690695374,0.11787304330573296,-1.5166816717001321
0.28953343823889843,-0.5420964420403779,0.39708334556885805,-0.6466590011519369,1.1622826690695374,0.3956134846481761,0.8650420589847486
0.8309198223804434,0.5016411721156867,-0.5722863999007692,0.6423123935041811,0.4606753594778814,0.9510943673330624,-0.32581980635769175
-0.5225461379734192,-1.0639652491184102,0.7398894882445823,-0.6949461558447119,1.1622826690695374,0.11787304330573296,-1.5166816717001321
-1.063932522114964,1.3366312634405384,-1.2895792594440467,0.29198415894741514,1.1622826690695374,0.3956134846481761,-1.5166816717001321
-0.25185294590264645,0.6060149335312932,-0.34704728673692475,0.02548094675910176,1.1622826690695374,0.11787304330573296,-1.5166816717001321
-0.5225461379734192,-0.5420964420403779,0.87008687883294,-0.6504776281812124,1.1622826690695374,0.11787304330573296,-1.5166816717001321
-0.25185294590264645,-0.333348919209165,-0.3403762230965308,-0.4831971279955274,1.1622826690695374,-0.7153482807215965,0.8650420589847486
-0.7932393300441917,0.5016411721156867,-0.5208717587894487,-0.26732151932438375,-0.9425392597054306,-1.2708291634064828,-0.32581980635769175
-0.5225461379734192,1.1278837406093254,-0.9458380513626605,0.1264282000007578,1.1622826690695374,0.3956134846481761,0.8650420589847486
0.018840246168125976,1.023509979193719,-0.27478208269935195,0.31803704980844044,1.1622826690695374,0.11787304330573296,-1.5166816717001321
-0.25185294590264645,-0.5420964420403779,-0.22417690119293268,-0.4543110622418137,1.1622826690695374,0.11787304330573296,-1.5166816717001321
4.349931319300485,0.7103886949468996,-0.345344630326615,2.1388446444289877,-1.6441465692970867,-0.4376078393791533,0.8650420589847486
0.018840246168125976,-0.333348919209165,-0.7096572773325632,-0.38477509585387615,1.1622826690695374,-0.7153482807215965,0.8650420589847486
0.28953343823889843,-1.2727127719496232,1.8205738855882305,-0.7717498317399804,-0.9425392597054306,-0.15986739803671018,-1.5166816717001321
-0.25185294590264645,0.9191362177781126,-1.0907452768400878,0.5780732323504001,-0.9425392597054306,-0.15986739803671018,-1.5166816717001321
-0.5225461379734192,1.3366312634405384,-0.8989731314788889,0.6931863600554977,-0.9425392597054306,-0.9930887220640396,0.8650420589847486
-0.25185294590264645,1.023509979193719,-0.8961260666616497,0.553621701211329,-0.9425392597054306,-0.15986739803671018,-1.5166816717001321
0.28953343823889843,-0.5420964420403779,1.0710003352494903,-0.5699785067737417,0.4606753594778814,0.9510943673330624,-0.32581980635769175
0.28953343823889843,-1.1683390105340168,0.11200004644265116,-0.6017593381786804,1.1622826690695374,0.11787304330573296,-1.5166816717001321
2.9964653589466232,-0.6464702034559844,1.3183321131471082,-0.4198818282197968,-1.6441465692970867,-0.4376078393791533,0.8650420589847486
-0.5225461379734192,1.023509979193719,-1.2099730941620237,0.14465906452762184,-0.9425392597054306,-1.2708291634064828,0.8650420589847486
0.018840246168125976,0.8147624563625061,-0.6230590558082026,0.36441489098657776,1.1622826690695374,0.11787304330573296,-1.5166816717001321
0.28953343823889843,0.9191362177781126,-0.7550288838072926,0.605234756865086,1.1622826690695374,0.11787304330573296,-1.5166816717001321
-1.063932522114964,0.39726741070008026,-0.7995212496766982,-0.16458813408516335,-0.9425392597054306,-0.9930887220640396,0.8650420589847486
1.642999398592761,-1.898955340443262,1.274928330884294,-0.7436644458472439,-1.6441465692970867,1.2288348086755054,-1.5166816717001321
-0.5225461379734192,0.6060149335312932,-0.21292820392482076,-0.26528902429267254,1.1622826690695374,-0.7153482807215965,0.8650420589847486
0.5602266303096711,-0.020227634962345597,-0.30457856987977255,0.04703771224694777,0.4606753594778814,0.9510943673330624,-0.32581980635769175
-1.063932522114964,1.1278837406093254,-0.9501086485885194,0.3177906867742937,-0.9425392597054306,-0.9930887220640396,0.8650420589847486
-0.7932393300441917,0.5016411721156867,-0.6249012742193575,-0.33932111605378945,-0.9425392597054306,-1.2708291634064828,0.8650420589847486
2.9964653589466232,0.8147624563625061,-0.397680380643513,1.4801314818789504,-0.24093195011377463,-1.548569604748926,0.8650420589847486
-0.5225461379734192,-1.1683390105340168,1.338401128868628,-0.7727352838765676,1.1622826690695374,-0.7153482807215965,0.8650420589847486
-0.5225461379734192,0.18851988786886734,-0.19364073540803325,-0.2697851496658519,1.1622826690695374,0.11787304330573296,-1.5166816717001321
0.28953343823889843,0.5016411721156867,-0.419354359374751,0.04876225348597545,-0.9425392597054306,-0.15986739803671018,-1.5166816717001321
-1.063932522114964,0.5016411721156867,-0.8318019404721609,-0.1376729726046242,0.4606753594778814,1.5065752500179488,-0.32581980635769175
-1.063932522114964,-0.2289751577935585,-0.6101077021297809,-0.5514396884541941,1.1622826690695374,0.3956134846481761,0.8650420589847486
0.28953343823889843,-0.2289751577935585,0.5041553126171892,-0.36925422470262703,0.4606753594778814,0.9510943673330624,-0.32581980635769175
-1.063932522114964,1.3366312634405384,-0.9100822667461559,0.23513588881803837,-0.9425392597054306,-1.2708291634064828,-0.32581980635769175
-1.063932522114964,1.3366312634405384,-1.1536040020207035,0.2311940802716894,1.1622826690695374,0.3956134846481761,-1.5166816717001321
-0.7932393300441917,-0.7508439648715909,0.9047680360429378,-0.7498851124594509,-0.9425392597054306,-1.2708291634064828,0.8650420589847486
0.5602266303096711,-1.5858340561964426,1.0251402617718033,-0.7198904130520766,0.4606753594778814,0.9510943673330624,0.8650420589847486
-0.5225461379734192,-0.333348919209165,0.3436031868450305,-0.5542112725883458,1.1622826690695374,0.11787304330573296,0.8650420589847486
-1.063932522114964,1.4410050248561448,-1.122328157631325,1.0611295515537607,0.4606753594778814,0.6733539259906193,-0.32581980635769175
-1.063932522114964,-0.7508439648715909,1.2218110333626637,-0.715024743127677,0.4606753594778814,0.6733539259906193,-0.32581980635769175
-0.25185294590264645,0.9191362177781126,-0.8993080802809171,0.045128398732309984,1.1622826690695374,0.3956134846481761,0.8650420589847486
1.642999398592761,0.7103886949468996,-0.97185240832018,1.0520141192903287,-1.6441465692970867,1.2288348086755054,-1.5166816717001321
0.28953343823889843,0.5016411721156867,-0.5101254847243789,0.08984328942995627,-0.9425392597054306,-0.15986739803671018,-1.5166816717001321
4.349931319300485,-0.12460139637795206,-0.44187966631114395,0.9908544960633828,-1.6441465692970867,-0.4376078393791533,0.8650420589847486
3.5378517430881686,-0.12460139637795206,1.5951812542234565,-0.3234307003513201,-1.6441465692970867,-0.4376078393791533,0.8650420589847486
0.5602266303096711,-0.7508439648715909,-0.2725909592860845,-0.2960228128024873,0.4606753594778814,0.9510943673330624,-0.32581980635769175
-0.25185294590264645,-0.7508439648715909,0.3244971489293416,-0.6837982285495686,1.1622826690695374,0.3956134846481761,0.8650420589847486
0.8309198223804434,-1.4814602947808362,0.6922430211560784,-0.6730814365641824,-1.6441465692970867,1.2288348086755054,-1.5166816717001321
0.018840246168125976,-0.12460139637795206,0.916714543315275,-0.525571569868779,0.4606753594778814,0.6733539259906193,-0.32581980635769175
0.28953343823889843,-0.333348919209165,1.037156550044563,-0.6526948954885337,1.1622826690695374,-0.7153482807215965,-1.5166816717001321
0.28953343823889843,-0.2289751577935585,0.015199842656516584,-0.39980324093683167,-0.9425392597054306,-0.15986739803671018,-1.5166816717001321
0.28953343823889843,0.5016411721156867,-0.5128190313406886,0.054551784788425525,-0.9425392597054306,-0.9930887220640396,0.8650420589847486
0.018840246168125976,-1.3770865333652296,3.1338523135402583,-0.8189283527790948,1.1622826690695374,0.11787304330573296,-1.5166816717001321
2.9964653589466232,-0.9595914877028038,-0.25779738719650797,-0.25869881312924536,-0.24093195011377463,-2.1040504874338124,0.8650420589847486
-0.7932393300441917,-0.43772268062477143,1.2956253756096168,-0.7541348747984834,-0.9425392597054306,-1.2708291634064828,0.8650420589847486
0.5602266303096711,0.9191362177781126,-0.7051912933055212,2.342402101392791,-0.24093195011377463,-1.826310046091369,0.8650420589847486
-0.7932393300441917,0.08414612645326086,-0.37035414087804996,-0.49508414439311105,1.1622826690695374,0.3956134846481761,0.8650420589847486
-1.063932522114964,0.5016411721156867,-0.468187103470438,-0.41760297015393877,-0.9425392597054306,-1.2708291634064828,0.8650420589847486
0.018840246168125976,0.39726741070008026,0.17778957364101308,-0.3796630628953298,1.1622826690695374,-0.7153482807215965,0.8650420589847486
-0.5225461379734192,0.18851988786886734,0.6826411554979381,-0.4948377813589642,1.1622826690695374,0.11787304330573296,-1.5166816717001321
-0.5225461379734192,-1.898955340443262,0.34703641206581903,-0.7452658055691982,-0.9425392597054306,-0.9930887220640396,0.8650420589847486
-0.7932393300441917,1.4410050248561448,-1.318761673820749,0.8932331437827087,0.4606753594778814,1.5065752500179488,-0.32581980635769175
-0.5225461379734192,-0.7508439648715909,1.1006991290293195,-0.7336251522057613,1.1622826690695374,-0.7153482807215965,0.8650420589847486
0.28953343823889843,0.8147624563625061,-1.2900119016466665,0.45790966244529274,1.1622826690695374,-0.7153482807215965,0.8650420589847486
-0.7932393300441917,0.2928936492844738,-0.08192135373156163,-0.43589542543933957,1.1622826690695374,-0.7153482807215965,0.8650420589847486
-0.7932393300441917,-1.2727127719496232,1.7447777629292778,-0.7909661484034317,0.4606753594778814,1.5065752500179488,-0.32581980635769175
0.28953343823889843,-0.43772268062477143,0.05180695547817618,-0.441808138258863,1.1622826690695374,0.11787304330573296,-1.5166816717001321
0.8309198223804434,0.5016411721156867,-0.13057266722615002,0.3440899406694658,0.4606753594778814,0.9510943673330624,-0.32581980635769175
-0.5225461379734192,-0.43772268062477143,0.1591720027282819,-0.6472749087373039,-0.9425392597054306,-1.2708291634064828,0.8650420589847486
-0.7932393300441917,1.6497525476873578,-1.4207535840383199,0.6410189875749104,-0.9425392597054306,-1.2708291634064828,0.8650420589847486
-0.7932393300441917,-2.0033291018588684,-0.5522732089795875,-0.7492076141155471,-0.9425392597054306,-1.2708291634064828,0.8650420589847486
-1.063932522114964,-0.43772268062477143,0.4407522956332777,-0.6997502350105748,1.1622826690695374,0.3956134846481761,0.8650420589847486
-0.25185294590264645,1.3366312634405384,-0.9867436738103481,0.363737392642674,1.1622826690695374,0.3956134846481761,0.8650420589847486
-0.7932393300441917,-1.0639652491184102,0.6807012436861918,-0.7536421487301898,1.1622826690695374,0.3956134846481761,0.8650420589847486
0.28953343823889843,0.8147624563625061,-0.6438956625343703,0.3737150955256199,-0.9425392597054306,-0.15986739803671018,-1.5166816717001321
0.28953343823889843,-0.9595914877028038,0.9879469885465944,-0.687863218612991,1.1622826690695374,0.11787304330573296,0.8650420589847486
0.28953343823889843,-0.43772268062477143,1.6069184184945262,-0.7039384065910705,-0.9425392597054306,-0.9930887220640396,0.8650420589847486
-0.7932393300441917,1.232257502024932,-1.1275756888630994,0.3276452081401661,0.4606753594778814,1.5065752500179488,0.8650420589847486
0.28953343823889843,1.7541263091029642,-1.4444791241819803,2.820777522947362,0.4606753594778814,0.9510943673330624,0.8650420589847486
-0.7932393300441917,-0.333348919209165,0.2191557506914893,-0.6174033908470029,-0.9425392597054306,-1.2708291634064828,-0.32581980635769175
0.28953343823889843,-0.43772268062477143,1.6953588584300414,-0.7056629478300982,1.1622826690695374,0.11787304330573296,0.8650420589847486
0.28953343823889843,-0.9595914877028038,0.8405695156542096,-0.7296217529008756,1.1622826690695374,0.3956134846481761,0.8650420589847486
0.018840246168125976,-0.2289751577935585,0.8173603549136759,-0.5804489357249812,-0.9425392597054306,-0.15986739803671018,-1.5166816717001321
0.28953343823889843,-1.3770865333652296,-1.0034352891114173,-0.5622180711981172,1.1622826690695374,-0.7153482807215965,0.8650420589847486
1.1016130144512162,0.8147624563625061,-0.7474087985611523,1.4839501089082259,-0.24093195011377463,-1.548569604748926,-1.5166816717001321
0.018840246168125976,0.6060149335312932,-0.9185676363975356,0.301961861830361,-0.9425392597054306,-0.15986739803671018,-1.5166816717001321
0.28953343823889843,-1.1683390105340168,0.1177918694777212,-0.6247326911128706,-0.9425392597054306,-0.9930887220640396,0.8650420589847486
-0.7932393300441917,-2.0033291018588684,2.419490256014727,-0.8254569731839853,0.4606753594778814,1.5065752500179488,-0.32581980635769175
-1.063932522114964,1.1278837406093254,-0.8891898352196501,0.2868721259888688,-0.9425392597054306,-0.9930887220640396,0.8650420589847486
4.349931319300485,-0.2289751577935585,0.2663137507770355,0.33220292427188214,-1.6441465692970867,-0.4376078393791533,0.8650420589847486
0.28953343823889843,-0.12460139637795206,-0.2921994204048156,-0.30637006023665336,-0.9425392597054306,-0.9930887220640396,0.8650420589847486
0.28953343823889843,-0.020227634962345597,0.028248889735529824,-0.33476339992207343,-0.9425392597054306,-0.9930887220640396,-1.5166816717001321
-0.5225461379734192,-0.43772268062477143,0.9715484534472997,-0.6675382682958791,-0.9425392597054306,-0.9930887220640396,0.8650420589847486
0.018840246168125976,1.232257502024932,-0.9610921780550258,0.9987997039146175,1.1622826690695374,0.11787304330573296,-1.5166816717001321
0.28953343823889843,1.5453787862717514,-1.250320468606331,1.8350174325674324,1.1622826690695374,0.11787304330573296,-1.5166816717001321
-1.063932522114964,-0.020227634962345597,0.43758423821409487,-0.5850682426152339,0.4606753594778814,1.5065752500179488,-0.32581980635769175
-0.5225461379734192,1.3366312634405384,-1.088735584027919,0.8246826295313584,-0.9425392597054306,-0.9930887220640396,0.8650420589847486
0.5602266303096711,-1.5858340561964426,-0.19562251582003312,-0.34775904997331775,-0.24093195011377463,-1.826310046091369,0.8650420589847486
-0.5225461379734192,0.39726741070008026,-0.3534950511759666,-0.37559807283190744,-0.9425392597054306,-1.2708291634064828,-1.5166816717001321
0.8309198223804434,-0.43772268062477143,-0.6537906083942852,-0.13964387687779867,0.4606753594778814,0.9510943673330624,0.8650420589847486
-0.25185294590264645,0.18851988786886734,-0.3801095247371198,-0.41015048837099777,1.1622826690695374,0.3956134846481761,0.8650420589847486
-0.5225461379734192,0.7103886949468996,-0.49058680460607035,-0.030135508199540945,0.4606753594778814,1.5065752500179488,-0.32581980635769175
-0.25185294590264645,-0.020227634962345597,0.0775142760338365,-0.4263488578661506,-0.9425392597054306,-0.15986739803671018,0.8650420589847486
-0.25185294590264645,-1.0639652491184102,0.10294247258780667,-0.6958084264642257,1.1622826690695374,0.3956134846481761,0.8650420589847486
-0.5225461379734192,1.5453787862717514,-1.2871090120290891,0.8066365372801044,0.4606753594778814,1.5065752500179488,0.8650420589847486
0.018840246168125976,0.6060149335312932,-0.7072568109180282,-0.0045137526482725435,1.1622826690695374,-0.7153482807215965,0.8650420589847486
-0.5225461379734192,1.3366312634405384,-1.065163562085188,1.2152296294125913,0.4606753594778814,0.6733539259906193,-0.32581980635769175
-0.25185294590264645,1.232257502024932,-1.0441734371580909,0.8600357249314259,-0.9425392597054306,-0.15986739803671018,-1.5166816717001321
-1.063932522114964,0.08414612645326086,-0.30434131447833596,-0.5208906722199895,1.1622826690695374,0.3956134846481761,-1.5166816717001321
0.018840246168125976,-1.3770865333652296,0.6069287700394923,-0.6735741626324759,0.4606753594778814,0.6733539259906193,-0.32581980635769175
0.018840246168125976,0.2928936492844738,0.14997486687259234,-0.4030675511392769,1.1622826690695374,-0.7153482807215965,0.8650420589847486
2.9964653589466232,1.4410050248561448,-0.9814821863784893,4.898726534458644,-1.6441465692970867,-0.4376078393791533,0.8650420589847486
0.28953343823889843,-0.8552177262871973,0.38439715969204197,-0.6133384007835806,-0.9425392597054306,-0.9930887220640396,0.8650420589847486
-0.5225461379734192,0.39726741070008026,0.5954986421702818,-0.42289977538809526,1.1622826690695374,0.11787304330573296,-1.5166816717001321
-0.5225461379734192,0.18851988786886734,0.5292066917688777,-0.40959617154416744,0.4606753594778814,0.6733539259906193,-0.32581980635769175
0.28953343823889843,1.5453787862717514,-1.4543601138418107,2.0550812128190716,1.1622826690695374,0.11787304330573296,-1.5166816717001321
-0.5225461379734192,-0.6464702034559844,0.8714824988413906,-0.6999350072861849,1.1622826690695374,-0.7153482807215965,-1.5166816717001321
4.349931319300485,-0.8552177262871973,1.5291265592234888,-0.4821500851004034,-1.6441465692970867,-0.4376078393791533,0.8650420589847486
-0.25185294590264645,0.2928936492844738,0.589246264532423,-0.4441485870832577,-0.9425392597054306,-0.15986739803671018,-1.5166816717001321
0.28953343823889843,0.08414612645326086,-0.04037374607998686,-0.4642887651247596,1.1622826690695374,0.3956134846481761,0.8650420589847486
2.9964653589466232,-1.1683390105340168,2.418890139411093,-0.7245097199423293,-0.24093195011377463,-1.548569604748926,-1.5166816717001321
-0.7932393300441917,1.4410050248561448,-1.2473477979883312,0.3701428315304911,-0.9425392597054306,-1.2708291634064828,0.8650420589847486
-0.7932393300441917,1.232257502024932,-1.1092372419520584,0.15956402809350395,-0.9425392597054306,-1.2708291634064828,0.8650420589847486
0.28953343823889843,-0.6464702034559844,-1.0394701977296124,-0.29657712962931765,-0.9425392597054306,-0.9930887220640396,0.8650420589847486
0.28953343823889843,0.08414612645326086,0.7556041695397362,-0.6047772853469788,1.1622826690695374,0.3956134846481761,0.8650420589847486
0.018840246168125976,-0.7508439648715909,0.9316616336057811,-0.6749291593202834,1.1622826690695374,-0.7153482807215965,-0.32581980635769175
2.9964653589466232,0.2928936492844738,-0.8553460500147227,1.7627098820453433,-1.6441465692970867,-0.4376078393791533,0.8650420589847486
-1.063932522114964,0.7103886949468996,-0.22174852237822862,-0.0635176993264339,0.4606753594778814,0.6733539259906193,-0.32581980635769175
0.28953343823889843,0.6060149335312932,-0.3904092003994853,-0.20536121623646064,1.1622826690695374,0.3956134846481761,0.8650420589847486
-1.063932522114964,0.08414612645326086,-0.5329857404628,-0.4989027714223866,1.1622826690695374,0.3956134846481761,0.8650420589847486
-0.5225461379734192,-2.0033291018588684,1.278515074306012,-0.8076572439668782,1.1622826690695374,0.3956134846481761,-1.5166816717001321
0.018840246168125976,-1.2727127719496232,0.42992228436770097,-0.6820120965520042,-0.9425392597054306,-0.9930887220640396,0.8650420589847486
0.018840246168125976,-1.3770865333652296,0.8293068621860131,-0.7256183535959899,-0.9425392597054306,-0.9930887220640396,0.8650420589847486
-1.063932522114964,0.39726741070008026,-0.9980761082789671,-0.25217019272435487,0.4606753594778814,1.5065752500179488,0.8650420589847486
0.28953343823889843,-0.12460139637795206,-0.4254532188116802,-0.21115074753891072,1.1622826690695374,0.11787304330573296,-1.5166816717001321
-0.5225461379734192,0.8147624563625061,-0.5962073268456128,0.15112609417397566,-0.9425392597054306,-0.15986739803671018,-1.5166816717001321
-0.5225461379734192,-1.5858340561964426,1.002824297836678,-0.7803725379351187,0.4606753594778814,1.5065752500179488,0.8650420589847486
0.28953343823889843,1.023509979193719,-1.0746956467429059,0.779167058972735,-0.9425392597054306,-0.9930887220640396,0.8650420589847486
-0.25185294590264645,-1.2727127719496232,2.208081737134628,-0.8056863396937036,1.1622826690695374,-0.7153482807215965,0.8650420589847486
1.642999398592761,-0.9595914877028038,1.8559528528024536,-0.594799582464033,-0.24093195011377463,-1.826310046091369,0.8650420589847486
-0.25185294590264645,-0.43772268062477143,1.2505468493366618,-0.6778855157300452,-0.9425392597054306,-0.9930887220640396,-1.5166816717001321
-0.25185294590264645,-2.0033291018588684,0.2895229115175692,-0.7312231126228299,1.1622826690695374,0.11787304330573296,-1.5166816717001321
0.28953343823889843,1.3366312634405384,-1.002821216307699,1.9746436821701379,0.4606753594778814,0.9510943673330624,-0.32581980635769175
-0.7932393300441917,-0.5420964420403779,1.3797952183192732,-0.7648516667838696,-0.9425392597054306,-1.2708291634064828,0.8650420589847486
0.018840246168125976,1.3366312634405384,-1.272022359737738,1.2918485330322498,1.1622826690695374,0.11787304330573296,0.8650420589847486
0.018840246168125976,1.3366312634405384,-1.0395539349301193,1.0097012681756137,-0.9425392597054306,-0.9930887220640396,0.8650420589847486
-1.063932522114964,-0.2289751577935585,-0.05046407874108479,-0.624855872629944,1.1622826690695374,0.3956134846481761,0.8650420589847486
0.28953343823889843,-0.6464702034559844,-0.12378995398508004,-0.4557276496881579,-1.6441465692970867,1.784315691360392,0.8650420589847486
0.018840246168125976,1.232257502024932,-0.9972526924739812,1.651045836818301,0.4606753594778814,0.9510943673330624,-0.32581980635769175
-0.25185294590264645,-0.5420964420403779,0.7077344032498801,-0.6149397605055349,1.1622826690695374,0.11787304330573296,-1.5166816717001321
-0.25185294590264645,-1.5858340561964426,0.9354856324289358,-0.735534465720399,-0.9425392597054306,-0.15986739803671018,-0.32581980635769175
-1.063932522114964,0.39726741070008026,-0.5747008225153889,-0.23289228530236683,-0.9425392597054306,-0.9930887220640396,0.8650420589847486
-0.7932393300441917,1.4410050248561448,-1.18125123438811,0.3380540463328689,-0.9425392597054306,-1.2708291634064828,0.8650420589847486
-0.25185294590264645,0.39726741070008026,-0.13587602325826237,-0.1934126090803403,-0.9425392597054306,-0.9930887220640396,-1.5166816717001321
1.642999398592761,-1.3770865333652296,0.12470018851955174,-0.5577835365834746,-1.6441465692970867,1.2288348086755054,-1.5166816717001321
-0.5225461379734192,1.6497525476873578,-1.5503648142231283,1.4965762144082502,0.4606753594778814,1.5065752500179488,-0.32581980635769175
0.28953343823889843,-0.333348919209165,-0.5373261186890814,-0.0634561085678972,0.4606753594778814,0.9510943673330624,-0.32581980635769175
-1.063932522114964,-0.2289751577935585,-1.4247590134625732,-0.43829746502227096,-0.9425392597054306,-1.2708291634064828,0.8650420589847486
0.28953343823889843,-1.3770865333652296,2.323625117634254,-0.7762459571131597,0.4606753594778814,0.9510943673330624,-0.32581980635769175
-0.5225461379734192,-0.9595914877028038,0.5465961170741723,-0.6809650536568803,-0.9425392597054306,-0.9930887220640396,0.8650420589847486
1.1016130144512162,-1.1683390105340168,1.6214049541822435,-0.6074872787225938,-0.24093195011377463,-1.826310046091369,0.8650420589847486
0.8309198223804434,1.023509979193719,-1.0207549334162895,1.2718931272663578,-1.6441465692970867,1.2288348086755054,-1.5166816717001321
-1.063932522114964,-0.12460139637795206,-0.09099288378649062,-0.6104436351323556,-0.9425392597054306,-1.2708291634064828,0.8650420589847486
-1.063932522114964,0.9191362177781126,-0.8404687407246393,-0.17795332868762787,-0.9425392597054306,-1.2708291634064828,0.8650420589847486
0.28953343823889843,0.18851988786886734,-0.3739827529000216,-0.2687381067707279,1.1622826690695374,-0.7153482807215965,0.8650420589847486
0.018840246168125976,-1.4814602947808362,0.23249787797227714,-0.6692628095349068,1.1622826690695374,0.11787304330573296,-1.5166816717001321
-0.7932393300441917,-1.0639652491184102,1.9335632814723922,-0.8066717918302909,-0.9425392597054306,-1.2708291634064828,0.8650420589847486
0.018840246168125976,0.9191362177781126,-0.6727431281090445,0.16584628546424765,1.1622826690695374,-0.7153482807215965,0.8650420589847486
0.018840246168125976,-0.2289751577935585,0.707483191648359,-0.6172186185713928,1.1622826690695374,-0.7153482807215965,0.8650420589847486
1.1016130144512162,1.023509979193719,-0.6032272954881194,2.6853394449251526,-0.24093195011377463,-1.826310046091369,0.8650420589847486
-1.063932522114964,-0.020227634962345597,-0.11569535793606649,-0.47469760331746236,-0.9425392597054306,-0.9930887220640396,0.8650420589847486
0.28953343823889843,-0.6464702034559844,0.17353293261523872,-0.4800559993101555,-1.6441465692970867,1.2288348086755054,-1.5166816717001321
-0.25185294590264645,-0.5420964420403779,0.9151374927057259,-0.6257181432494578,-0.9425392597054306,-0.15986739803671018,-0.32581980635769175
0.8309198223804434,0.6060149335312932,-0.5958863342436692,0.36638579525975223,-1.6441465692970867,1.784315691360392,0.8650420589847486
-0.25185294590264645,-0.2289751577935585,0.13386941197507227,-0.45116993355644186,1.1622826690695374,0.11787304330573296,-1.5166816717001321
2.9964653589466232,1.023509979193719,-1.170463091722787,3.9181400677957976,-1.6441465692970867,-0.4376078393791533,0.8650420589847486
0.28953343823889843,-0.2289751577935585,0.015465010458122201,-0.372580125663609,-1.6441465692970867,1.784315691360392,0.8650420589847486
-1.063932522114964,-0.9595914877028038,0.17716154463721032,-0.6305838131738574,0.4606753594778814,0.6733539259906193,-0.32581980635769175
-1.063932522114964,0.7103886949468996,-0.7826621599746149,-0.054217494787391775,0.4606753594778814,1.5065752500179488,-0.32581980635769175
0.018840246168125976,0.39726741070008026,-0.7328664380730969,0.26001855526686635,0.4606753594778814,0.6733539259906193,-0.32581980635769175
-0.7932393300441917,-0.43772268062477143,0.4955862057653024,-0.6518326248690198,1.1622826690695374,-0.7153482807215965,-1.5166816717001321
-0.7932393300441917,1.3366312634405384,-1.0650937810847656,0.23710679309121288,1.1622826690695374,0.3956134846481761,0.8650420589847486
-1.063932522114964,1.023509979193719,-0.9897442568285169,0.26149673347174723,-0.9425392597054306,-0.9930887220640396,0.8650420589847486
0.8309198223804434,0.5016411721156867,-0.2591790510048741,0.42686792014279445,0.4606753594778814,0.9510943673330624,-0.32581980635769175
1.1016130144512162,0.18851988786886734,0.1818926964658579,0.07709400241285878,-0.24093195011377463,-1.548569604748926,0.8650420589847486
-0.5225461379734192,1.1278837406093254,-0.662666751648031,0.41159341202569216,-0.9425392597054306,-0.15986739803671018,-1.5166816717001321
-0.5225461379734192,0.2928936492844738,-0.381881962147852,-0.07645175861914151,0.4606753594778814,0.6733539259906193,-0.32581980635769175
0.018840246168125976,-0.5420964420403779,1.2683968292447452,-0.6815809612422473,1.1622826690695374,0.11787304330573296,0.8650420589847486
2.9964653589466232,0.5016411721156867,-0.12740460980696713,0.5525130675576684,-0.24093195011377463,-2.1040504874338124,0.8650420589847486
0.28953343823889843,1.1278837406093254,-1.0986026174876649,0.395456633289076,1.1622826690695374,0.3956134846481761,0.8650420589847486
0.018840246168125976,-0.333348919209165,-0.006013581471932746,-0.4431631349466705,1.1622826690695374,0.11787304330573296,0.8650420589847486
0.018840246168125976,-0.9595914877028038,0.926693226375697,-0.6973481954276433,-0.9425392597054306,-0.9930887220640396,0.8650420589847486
0.28953343823889843,-1.4814602947808362,2.0092896231309227,-0.8081499700351717,1.1622826690695374,0.3956134846481761,0.8650420589847486
2.9964653589466232,-1.2727127719496232,0.3803638178676197,-0.5077102498931351,-0.24093195011377463,-2.1040504874338124,0.8650420589847486
-0.7932393300441917,1.6497525476873578,-1.1927371870576586,1.0441305021976306,0.4606753594778814,1.5065752500179488,-0.32581980635769175
0.28953343823889843,1.023509979193719,-0.37395484049985256,0.5870038923382219,0.4606753594778814,0.9510943673330624,0.8650420589847486
-0.5225461379734192,1.4410050248561448,-1.1866941524210675,0.7159133499555411,1.1622826690695374,-0.7153482807215965,0.8650420589847486
0.8309198223804434,-0.020227634962345597,-0.9044439619120154,0.1864791895740431,-1.6441465692970867,1.2288348086755054,-1.5166816717001321
0.28953343823889843,-0.5420964420403779,1.1840036873337365,-0.653680347625121,1.1622826690695374,0.11787304330573296,-1.5166816717001321
-0.25185294590264645,0.6060149335312932,-0.6267853612307658,-0.08230288068012828,1.1622826690695374,-0.7153482807215965,0.8650420589847486
-0.5225461379734192,-2.0033291018588684,1.6682280054657617,-0.8057479304522404,-0.9425392597054306,-0.9930887220640396,0.8650420589847486
0.28953343823889843,1.3366312634405384,-1.147881959986056,1.2839649159395516,-0.9425392597054306,-0.15986739803671018,-1.5166816717001321
0.8309198223804434,-1.5858340561964426,-0.3686096158674867,-0.5531026389346851,-1.6441465692970867,1.2288348086755054,-1.5166816717001321
-0.7932393300441917,0.6060149335312932,-0.14170971489358591,-0.25506495837557985,0.4606753594778814,1.5065752500179488,-0.32581980635769175
-0.7932393300441917,-0.9595914877028038,0.9065823420539236,-0.7623264456838649,-0.9425392597054306,-1.2708291634064828,0.8650420589847486
-0.5225461379734192,-1.1683390105340168,0.4545549775168543,-0.741755132332606,-0.9425392597054306,-1.2708291634064828,0.8650420589847486
-1.063932522114964,-0.7508439648715909,-0.8286757516532316,-0.6189431598104205,-0.9425392597054306,-1.2708291634064828,0.8650420589847486
-0.7932393300441917,0.2928936492844738,0.1202760730927633,-0.4267184024173708,0.4606753594778814,1.5065752500179488,-0.32581980635769175
-1.063932522114964,-0.020227634962345597,0.7341814024100193,-0.5610478467859198,0.4606753594778814,0.6733539259906193,-0.32581980635769175
0.5602266303096711,-1.2727127719496232,2.08636971619765,-0.7769234554570634,-1.6441465692970867,1.784315691360392,0.8650420589847486
0.5602266303096711,0.2928936492844738,-1.101421769904735,1.7001336713720532,-0.24093195011377463,-1.826310046091369,0.8650420589847486
-0.5225461379734192,-1.1683390105340168,0.37183657961598643,-0.6862002681325001,-0.9425392597054306,-0.9930887220640396,0.8650420589847486
-0.7932393300441917,-0.12460139637795206,-0.5613168266343475,-0.38847054136607834,0.4606753594778814,1.5065752500179488,-0.32581980635769175
0.018840246168125976,-1.3770865333652296,0.7081112206521618,-0.7031993174886301,1.1622826690695374,0.11787304330573296,-1.5166816717001321
0.8309198223804434,0.18851988786886734,-0.07431522468550579,0.09914349396899841,0.4606753594778814,0.9510943673330624,-0.32581980635769175
0.28953343823889843,1.232257502024932,-1.0029607783085441,1.1343609634539005,1.1622826690695374,0.11787304330573296,-1.5166816717001321
0.28953343823889843,-1.2727127719496232,1.0986056990166435,-0.6767768820763845,0.4606753594778814,0.9510943673330624,-0.32581980635769175
4.349931319300485,0.08414612645326086,0.03754371899181091,0.7888368080629973,-1.6441465692970867,-0.4376078393791533,0.8650420589847486
-0.7932393300441917,1.4410050248561448,-1.0919455100473554,0.7403648810946122,0.4606753594778814,1.5065752500179488,-0.32581980635769175
2.319732378769692,0.18851988786886734,0.3563591537222691,0.12451888648612,-0.24093195011377463,-1.548569604748926,0.8650420589847486
-0.5225461379734192,1.1278837406093254,-0.6887648458060576,-0.0029123929263182684,-0.9425392597054306,-1.2708291634064828,0.8650420589847486
-0.25185294590264645,-0.43772268062477143,1.0594585577796038,-0.6945766112934917,1.1622826690695374,-0.7153482807215965,0.8650420589847486
-1.063932522114964,1.1278837406093254,-1.0097574477496987,-0.023114161726356816,-0.9425392597054306,-1.2708291634064828,0.8650420589847486
0.018840246168125976,-0.2289751577935585,-0.4393256816956793,-0.22667161869015984,-0.9425392597054306,-0.9930887220640396,-0.32581980635769175
-0.7932393300441917,-0.9595914877028038,0.14001014001225498,-0.6610096478909886,0.4606753594778814,1.5065752500179488,-0.32581980635769175
1.642999398592761,-0.8552177262871973,1.6194231737702436,-0.6848452714446926,-1.6441465692970867,1.2288348086755054,-1.5166816717001321
4.349931319300485,-0.020227634962345597,0.40833204283697,0.3955182240476127,-1.6441465692970867,-0.4376078393791533,0.8650420589847486
-0.25185294590264645,-0.5420964420403779,0.9205245859383452,-0.6837982285495686,1.1622826690695374,-0.7153482807215965,-1.5166816717001321
0.28953343823889843,0.5016411721156867,-0.4790589833362683,0.45205854038430593,0.4606753594778814,0.9510943673330624,-0.32581980635769175
0.5602266303096711,0.08414612645326086,-0.4568128004015655,0.18487782985208884,0.4606753594778814,0.9510943673330624,-0.32581980635769175
-0.5225461379734192,-0.7508439648715909,-0.07375697668212554,-0.6614407832007455,-0.9425392597054306,-1.2708291634064828,0.8650420589847486
-1.063932522114964,-2.1077028632744748,0.650513982903405,-0.8032227093522356,1.1622826690695374,0.3956134846481761,0.8650420589847486
0.018840246168125976,0.2928936492844738,-0.7418263185273498,0.1928846284618602,0.4606753594778814,0.6733539259906193,-0.32581980635769175
0.28953343823889843,1.3366312634405384,-0.8407059961260759,1.7802632482283036,0.4606753594778814,0.9510943673330624,-0.32581980635769175
0.28953343823889843,-1.0639652491184102,1.0991639470200238,-0.6523869416958502,0.4606753594778814,0.9510943673330624,-0.32581980635769175
-1.063932522114964,0.9191362177781126,-0.9146878127740429,0.4034018411403107,0.4606753594778814,0.6733539259906193,-0.32581980635769175
0.28953343823889843,-0.9595914877028038,1.0858078635391515,-0.7463128484643221,1.1622826690695374,0.3956134846481761,0.8650420589847486
-1.063932522114964,1.4410050248561448,-0.9752856335409685,0.5916847899870114,-0.9425392597054306,-0.9930887220640396,0.8650420589847486
0.5602266303096711,0.18851988786886734,0.2467052896583044,-0.08778445818989485,0.4606753594778814,0.9510943673330624,-0.32581980635769175
-0.7932393300441917,0.8147624563625061,-0.5417362779157854,-0.018186901043420585,0.4606753594778814,1.5065752500179488,-0.32581980635769175
-0.25185294590264645,0.18851988786886734,-0.47368584630373345,-0.16729812746077827,-0.9425392597054306,-0.9930887220640396,-1.5166816717001321
0.018840246168125976,0.08414612645326086,-0.04789613792553567,-0.28019398785855465,1.1622826690695374,0.11787304330573296,-1.5166816717001321
0.28953343823889843,1.1278837406093254,-1.2969341768885816,1.1515447850856404,-0.9425392597054306,-0.9930887220640396,-1.5166816717001321
-0.5225461379734192,-0.5420964420403779,0.14218730722543793,-0.505246619551667,0.4606753594778814,0.6733539259906193,-0.32581980635769175
-0.5225461379734192,1.1278837406093254,-0.735546028489322,0.03841500605180937,1.1622826690695374,0.3956134846481761,0.8650420589847486
-0.7932393300441917,-0.9595914877028038,1.1773047112931736,-0.7641741684399659,0.4606753594778814,1.5065752500179488,0.8650420589847486
-0.5225461379734192,1.6497525476873578,-1.247780440190951,0.6558007696237191,-0.9425392597054306,-1.2708291634064828,0.8650420589847486
-0.5225461379734192,0.8147624563625061,-0.6403089191126522,-0.024345976897090872,1.1622826690695374,-0.7153482807215965,0.8650420589847486
0.018840246168125976,0.8147624563625061,-0.2457531865235792,0.07376810145187683,1.1622826690695374,-0.7153482807215965,-0.32581980635769175
0.28953343823889843,-0.12460139637795206,0.07264356220434384,-0.35736720830504337,1.1622826690695374,0.11787304330573296,-1.5166816717001321
-0.5225461379734192,1.7541263091029642,-1.4240472472582635,1.7491599151672685,-0.9425392597054306,-0.15986739803671018,-1.5166816717001321
-0.5225461379734192,-0.8552177262871973,-0.2574066135941418,-0.6507239912153592,1.1622826690695374,0.3956134846481761,0.8650420589847486
-0.5225461379734192,-0.2289751577935585,0.2715054572084718,-0.4584992338223095,0.4606753594778814,0.6733539259906193,-0.32581980635769175
-0.5225461379734192,-0.333348919209165,1.043771788884619,-0.7007972779056987,0.4606753594778814,1.5065752500179488,0.8650420589847486
0.018840246168125976,1.1278837406093254,-0.5583162436161786,0.45809443472090283,-0.9425392597054306,-0.9930887220640396,0.8650420589847486
0.28953343823889843,-0.9595914877028038,0.14705802105493057,-0.5949227639811064,1.1622826690695374,-0.7153482807215965,-0.32581980635769175
-0.5225461379734192,-1.1683390105340168,1.8404614707086517,-0.7861004784790322,0.4606753594778814,1.5065752500179488,-0.32581980635769175
-0.5225461379734192,1.1278837406093254,-0.2455857121225651,0.17687103124231746,-0.9425392597054306,-0.15986739803671018,-1.5166816717001321
-0.25185294590264645,0.8147624563625061,-1.0825669435905672,0.5566396483796274,1.1622826690695374,0.11787304330573296,-1.5166816717001321
-0.25185294590264645,1.3366312634405384,-1.1496125287965346,1.0777590563586705,-0.9425392597054306,-0.9930887220640396,-1.5166816717001321
0.018840246168125976,-0.8552177262871973,0.7354374604176248,-0.6960547894983725,1.1622826690695374,-0.7153482807215965,0.8650420589847486
-0.25185294590264645,0.18851988786886734,0.8402624792523504,-0.6160483941591955,1.1622826690695374,0.3956134846481761,-1.5166816717001321
-1.063932522114964,0.08414612645326086,0.2057298862101944,-0.513130236644365,-0.9425392597054306,-0.9930887220640396,0.8650420589847486
-1.063932522114964,-0.5420964420403779,0.6110458490644216,-0.6268267769031185,0.4606753594778814,0.6733539259906193,-0.32581980635769175
-0.25185294590264645,-0.12460139637795206,-0.057428222583253356,-0.40239005279537315,-0.9425392597054306,-0.15986739803671018,-1.5166816717001321
0.28953343823889843,1.1278837406093254,-0.9191956654013383,0.9473098297779339,-1.6441465692970867,1.784315691360392,0.8650420589847486
0.8309198223804434,-0.8552177262871973,1.6232192601932294,-0.716071786022801,-1.6441465692970867,1.784315691360392,0.8650420589847486
-0.25185294590264645,-0.8552177262871973,2.184091029189362,-0.7781552706277974,-0.9425392597054306,-0.15986739803671018,-1.5166816717001321
-0.5225461379734192,0.7103886949468996,-0.7316662048658293,0.3449522112889796,0.4606753594778814,0.6733539259906193,-0.32581980635769175
-0.5225461379734192,0.9191362177781126,-0.7407516911208428,0.520855417669803,0.4606753594778814,0.6733539259906193,-0.32581980635769175
-1.063932522114964,-0.020227634962345597,0.5322491433873,-0.6643355488519705,1.1622826690695374,0.3956134846481761,0.8650420589847486
-0.7932393300441917,-1.898955340443262,1.8268123070260047,-0.8214535738790996,1.1622826690695374,0.3956134846481761,0.8650420589847486
0.28953343823889843,0.5016411721156867,-0.7046470015022255,0.23926246963999748,1.1622826690695374,0.11787304330573296,-1.5166816717001321
0.018840246168125976,0.5016411721156867,-0.7952227400506703,0.16991127552767002,-0.9425392597054306,-0.15986739803671018,-1.5166816717001321
-1.063932522114964,-1.4814602947808362,0.42196725031953247,-0.7613409935472776,0.4606753594778814,1.5065752500179488,0.8650420589847486
-1.063932522114964,1.1278837406093254,-0.9529278010055897,0.6061586182431365,0.4606753594778814,0.6733539259906193,-0.32581980635769175
0.5602266303096711,0.6060149335312932,-1.1963239304793767,2.388533579536781,-0.24093195011377463,-1.826310046091369,0.8650420589847486
0.28953343823889843,-0.12460139637795206,0.12398842231524193,-0.5410308502614913,1.1622826690695374,0.3956134846481761,0.8650420589847486
-0.25185294590264645,0.9191362177781126,-0.22999663662817174,0.06613084739332567,-0.9425392597054306,-0.9930887220640396,0.8650420589847486
-0.5225461379734192,1.8585000705185708,-1.4608218344809372,1.0176464760268484,-0.9425392597054306,-1.2708291634064828,0.8650420589847486
-1.063932522114964,-0.43772268062477143,1.3922441487946526,-0.7675000694009478,-0.9425392597054306,-1.2708291634064828,0.8650420589847486
-1.063932522114964,1.1278837406093254,-1.0968301800769324,0.3933009567402914,-0.9425392597054306,-0.9930887220640396,0.8650420589847486
-0.7932393300441917,-0.6464702034559844,-0.2561784679867053,-0.587963008266459,1.1622826690695374,-0.7153482807215965,-1.5166816717001321
-0.5225461379734192,1.232257502024932,-0.7298658550549281,0.6198933573968213,1.1622826690695374,0.11787304330573296,-1.5166816717001321
-0.7932393300441917,1.023509979193719,-1.1213651798254942,0.38350802613295565,0.4606753594778814,1.5065752500179488,-0.32581980635769175
-0.25185294590264645,0.9191362177781126,-0.9471499341706041,0.6987911190823377,-0.9425392597054306,-0.9930887220640396,-0.32581980635769175
0.018840246168125976,1.1278837406093254,-0.9365990469067175,0.7193624324335964,1.1622826690695374,-0.7153482807215965,-0.32581980635769175
-0.7932393300441917,1.8585000705185708,-1.4455956201887408,1.5385195209717448,0.4606753594778814,1.5065752500179488,-0.32581980635769175
0.018840246168125976,-1.0639652491184102,0.6461875608772081,-0.674190070217843,-0.9425392597054306,-0.15986739803671018,-1.5166816717001321
0.018840246168125976,-1.1683390105340168,3.9970014201667095,-0.8316776397961922,-0.9425392597054306,-0.9930887220640396,0.8650420589847486
-0.5225461379734192,-0.7508439648715909,1.5901570221930343,-0.7644205314741127,1.1622826690695374,-0.7153482807215965,0.8650420589847486
-0.5225461379734192,-1.1683390105340168,0.46418475557516353,-0.7370742346838166,-0.9425392597054306,-1.2708291634064828,-1.5166816717001321
-0.5225461379734192,-1.1683390105340168,0.8032645928283246,-0.7164413305740212,-0.9425392597054306,-0.9930887220640396,-1.5166816717001321
0.8309198223804434,-0.7508439648715909,0.8686075216239824,-0.6204213380153014,-1.6441465692970867,1.784315691360392,0.8650420589847486
0.018840246168125976,0.2928936492844738,-0.012224090509537978,-0.36167856140261256,1.1622826690695374,-0.7153482807215965,0.8650420589847486
0.018840246168125976,0.18851988786886734,-0.8962237600622412,0.37938144531099655,0.4606753594778814,0.9510943673330624,-0.32581980635769175
0.28953343823889843,0.6060149335312932,-0.3094632399093497,0.21567320912044027,0.4606753594778814,0.9510943673330624,0.8650420589847486
1.642999398592761,0.08414612645326086,-0.5634102566470234,0.10967551367877461,-1.6441465692970867,1.784315691360392,0.8650420589847486
0.28953343823889843,-1.1683390105340168,1.0624870531979416,-0.7070179445179057,-1.6441465692970867,1.784315691360392,0.8650420589847486
-0.5225461379734192,1.5453787862717514,-1.3296754222868328,1.259020658732187,-0.9425392597054306,-0.9930887220640396,0.8650420589847486
0.018840246168125976,-1.4814602947808362,0.5752063272474098,-0.6893413968178719,-0.9425392597054306,-0.15986739803671018,-0.32581980635769175
-1.063932522114964,-0.2289751577935585,0.4627472669664594,-0.6113674965104061,-0.9425392597054306,-0.9930887220640396,0.8650420589847486
-0.5225461379734192,0.9191362177781126,-1.1251473100483955,0.1905441796374655,0.4606753594778814,1.5065752500179488,0.8650420589847486
-0.25185294590264645,-1.0639652491184102,0.0993836415662576,-0.6109363612006492,1.1622826690695374,0.11787304330573296,-1.5166816717001321
-0.5225461379734192,-0.9595914877028038,0.6782030838710652,-0.6554664796226853,0.4606753594778814,0.6733539259906193,-0.32581980635769175
-0.5225461379734192,-1.2727127719496232,0.19265292673101211,-0.6736973441495494,-0.9425392597054306,-0.15986739803671018,-1.5166816717001321
0.28953343823889843,-0.6464702034559844,0.20059400457909612,-0.538197675368803,-0.9425392597054306,-0.15986739803671018,-1.5166816717001321
0.8309198223804434,1.1278837406093254,-0.9538349540110825,1.5667896791400913,-0.24093195011377463,-2.1040504874338124,0.8650420589847486
-0.7932393300441917,-0.2289751577935585,0.22750155834202396,-0.6381594764738718,1.1622826690695374,0.3956134846481761,0.8650420589847486
-1.063932522114964,0.9191362177781126,-0.6673002100760871,0.04931657031280578,-0.9425392597054306,-0.9930887220640396,0.8650420589847486
-0.5225461379734192,0.5016411721156867,-0.6936355596355501,-0.28037876013416474,-0.9425392597054306,-1.2708291634064828,0.8650420589847486
0.28953343823889843,0.39726741070008026,-0.4117621865287797,0.034965923573754006,1.1622826690695374,0.11787304330573296,-1.5166816717001321
0.28953343823889843,-1.2727127719496232,1.1957687640049752,-0.6869393572349405,0.4606753594778814,0.9510943673330624,-0.32581980635769175
-0.25185294590264645,0.5016411721156867,-0.8115235817493736,0.11879094594220663,-0.9425392597054306,-0.15986739803671018,-1.5166816717001321
-0.5225461379734192,0.8147624563625061,-1.185521831613969,0.44977968231844795,-0.9425392597054306,-0.15986739803671018,-1.5166816717001321
0.28953343823889843,-0.9595914877028038,1.1359385342426975,-0.6782550602812654,-1.6441465692970867,1.2288348086755054,-1.5166816717001321
-0.5225461379734192,-1.3770865333652296,0.7950583471786351,-0.726850168766724,1.1622826690695374,0.11787304330573296,-1.5166816717001321
-0.5225461379734192,-1.3770865333652296,1.6274061202185812,-0.7668841618155808,0.4606753594778814,0.6733539259906193,-0.32581980635769175
0.8309198223804434,-0.12460139637795206,0.4074667584317306,-0.35385653506845133,0.4606753594778814,0.9510943673330624,0.8650420589847486
0.8309198223804434,1.3366312634405384,-0.9555794790216459,1.6764828200939592,0.4606753594778814,0.9510943673330624,0.8650420589847486
0.018840246168125976,0.7103886949468996,-0.3545138537821355,0.09298441811532812,-0.9425392597054306,-0.15986739803671018,-1.5166816717001321
0.018840246168125976,-0.7508439648715909,0.43236461938248955,-0.5595080778225022,0.4606753594778814,0.6733539259906193,-0.32581980635769175
0.018840246168125976,-1.1683390105340168,2.3205966222159167,-0.7817275346229262,0.4606753594778814,0.6733539259906193,-0.32581980635769175
0.018840246168125976,1.5453787862717514,-1.279907612785484,1.119948725956312,1.1622826690695374,-0.7153482807215965,0.8650420589847486
3.5378517430881686,-1.2727127719496232,2.587634554632857,-0.7184122348471957,-1.6441465692970867,-0.4376078393791533,0.8650420589847486
-0.7932393300441917,-0.2289751577935585,0.3830852768840984,-0.6609480571324519,-0.9425392597054306,-1.2708291634064828,0.8650420589847486
0.018840246168125976,1.023509979193719,-0.8209161044062462,0.5336047046869006,-0.9425392597054306,-0.9930887220640396,0.8650420589847486
-0.25185294590264645,0.8147624563625061,-1.0532030986127663,0.04518998949084668,1.1622826690695374,0.3956134846481761,0.8650420589847486
0.018840246168125976,1.1278837406093254,-0.3501734755558541,0.4473160519769798,1.1622826690695374,0.11787304330573296,-1.5166816717001321
-0.25185294590264645,0.9191362177781126,-0.7283167168455479,0.1329568204056483,1.1622826690695374,-0.7153482807215965,0.8650420589847486
-0.5225461379734192,-0.43772268062477143,-0.2182455161570176,-0.4765453260735635,-0.9425392597054306,-0.15986739803671018,-1.5166816717001321
-0.5225461379734192,0.6060149335312932,-0.21027652590876458,-0.08636787074355068,1.1622826690695374,0.11787304330573296,-1.5166816717001321
-0.25185294590264645,-1.4814602947808362,0.4564251083281781,-0.7068947630008322,1.1622826690695374,0.11787304330573296,0.8650420589847486
0.5602266303096711,0.9191362177781126,-0.5095532805209142,0.9591968461755175,0.4606753594778814,0.9510943673330624,-0.32581980635769175
-0.7932393300441917,1.5453787862717514,-1.12869218486986,0.7388251121311946,1.1622826690695374,-0.7153482807215965,-1.5166816717001321
-0.7932393300441917,0.8147624563625061,-1.1804138623830398,-0.05341681492641463,-0.9425392597054306,-1.2708291634064828,0.8650420589847486
0.28953343823889843,0.2928936492844738,0.3110852406481312,-0.48707734578333967,1.1622826690695374,0.3956134846481761,0.8650420589847486
-0.5225461379734192,-0.2289751577935585,0.40237274540088586,-0.6044693315542954,1.1622826690695374,-0.7153482807215965,0.8650420589847486
0.28953343823889843,1.3366312634405384,-1.096592924675496,0.5716677934625829,1.1622826690695374,0.3956134846481761,0.8650420589847486
-0.25185294590264645,-0.43772268062477143,1.4195145637597777,-0.7197672315350031,1.1622826690695374,-0.7153482807215965,-1.5166816717001321
-0.25185294590264645,-0.333348919209165,-0.4821293473548596,-0.36284878581480995,-0.9425392597054306,-0.15986739803671018,-1.5166816717001321
-1.063932522114964,-0.5420964420403779,0.7780736516757911,-0.6942070667422715,0.4606753594778814,1.5065752500179488,-0.32581980635769175
0.018840246168125976,1.3366312634405384,-1.0313476892804296,1.0031726477707235,-0.9425392597054306,-0.9930887220640396,0.8650420589847486
0.8309198223804434,-0.7508439648715909,1.1355756730405002,-0.6551585258300018,-1.6441465692970867,1.784315691360392,0.8650420589847486
0.5602266303096711,0.2928936492844738,-0.3972756508410623,0.015564834634692597,-1.6441465692970867,1.784315691360392,0.8650420589847486
0.28953343823889843,-0.333348919209165,0.5007918683968231,-0.475190329385756,-1.6441465692970867,1.2288348086755054,-1.5166816717001321
0.8309198223804434,0.6060149335312932,-0.1171188903446861,0.2033550574130997,-1.6441465692970867,1.2288348086755054,-1.5166816717001321
2.9964653589466232,-0.43772268062477143,0.7132750146834291,-0.13625638515828,-1.6441465692970867,-0.4376078393791533,0.8650420589847486
0.018840246168125976,1.7541263091029642,-1.4385477391460653,2.113099707360646,-0.9425392597054306,-0.15986739803671018,-1.5166816717001321
0.5602266303096711,1.3366312634405384,-1.215081063392953,1.5899478043498916,-1.6441465692970867,1.784315691360392,0.8650420589847486
-1.063932522114964,0.08414612645326086,0.5756947942503676,-0.6320619913787382,0.4606753594778814,1.5065752500179488,0.8650420589847486
0.28953343823889843,-1.5858340561964426,0.22362173471853125,-0.7283899377301416,1.1622826690695374,0.3956134846481761,-1.5166816717001321
-0.7932393300441917,-0.333348919209165,-0.09559842981437765,-0.5835900644103531,0.4606753594778814,1.5065752500179488,0.8650420589847486
-1.063932522114964,1.232257502024932,-1.2981483662959334,0.5318185726893362,0.4606753594778814,1.5065752500179488,-0.32581980635769175
-0.7932393300441917,-0.5420964420403779,-0.3902556821985557,-0.6153708958152918,-0.9425392597054306,-1.2708291634064828,0.8650420589847486
-0.5225461379734192,0.18851988786886734,-0.29813080544073073,-0.2703394664926822,-0.9425392597054306,-0.15986739803671018,-1.5166816717001321
-0.5225461379734192,-1.5858340561964426,1.07722480048718,-0.783452075861954,0.4606753594778814,1.5065752500179488,0.8650420589847486
-0.7932393300441917,0.5016411721156867,0.02276410310231891,-0.4825812204101603,-0.9425392597054306,-1.2708291634064828,0.8650420589847486
-0.25185294590264645,-0.7508439648715909,0.17110455380053466,-0.594799582464033,-0.9425392597054306,-0.9930887220640396,0.8650420589847486
-0.5225461379734192,-0.333348919209165,-0.704688870102479,-0.3145616311220349,1.1622826690695374,0.11787304330573296,-1.5166816717001321
0.28953343823889843,0.2928936492844738,-0.6519902585833839,-0.0035283005116852973,-0.9425392597054306,-0.9930887220640396,0.8650420589847486
0.28953343823889843,0.39726741070008026,-0.1730413840833022,-0.10841736229969032,-0.9425392597054306,-0.15986739803671018,-1.5166816717001321
-0.25185294590264645,-0.2289751577935585,1.1546398423559356,-0.7088656672740067,1.1622826690695374,0.3956134846481761,0.8650420589847486
0.018840246168125976,1.5453787862717514,-1.271659498535541,1.58175623346451,-0.9425392597054306,-0.15986739803671018,-1.5166816717001321
0.018840246168125976,-2.0033291018588684,1.1435725756889223,-0.7639893961643558,0.4606753594778814,0.6733539259906193,-0.32581980635769175
-0.25185294590264645,-1.0639652491184102,1.4205752349662002,-0.7507473830789647,-0.9425392597054306,-0.9930887220640396,0.8650420589847486
-0.25185294590264645,-1.2727127719496232,0.8669886024141797,-0.7468055745326158,1.1622826690695374,-0.7153482807215965,0.8650420589847486
-0.5225461379734192,-1.1683390105340168,0.10084904257513075,-0.6975945584617901,0.4606753594778814,1.5065752500179488,0.8650420589847486
0.28953343823889843,-0.6464702034559844,1.0102908648818887,-0.7176731457447553,1.1622826690695374,0.3956134846481761,0.8650420589847486
0.28953343823889843,0.39726741070008026,-0.05671645637894354,-0.11334462298262654,1.1622826690695374,0.11787304330573296,-1.5166816717001321
-0.25185294590264645,-0.020227634962345597,-1.0303009742740916,-0.08532082784842673,-0.9425392597054306,-0.15986739803671018,-1.5166816717001321
0.8309198223804434,-0.8552177262871973,1.7415957493100103,-0.7258647166301367,-1.6441465692970867,1.784315691360392,0.8650420589847486
0.28953343823889843,-0.333348919209165,0.018381856275783984,-0.40399141251732745,-1.6441465692970867,1.784315691360392,0.8650420589847486
0.018840246168125976,-0.7508439648715909,-0.006278749273538362,-0.5224920319419438,1.1622826690695374,0.11787304330573296,-1.5166816717001321
0.8309198223804434,1.232257502024932,-1.3992331235080115,1.9749516359628214,-1.6441465692970867,1.2288348086755054,-1.5166816717001321
-0.7932393300441917,1.3366312634405384,-1.0791895431701166,0.6299942417968406,0.4606753594778814,1.5065752500179488,-0.32581980635769175
0.018840246168125976,-0.9595914877028038,-0.46596806765700155,-0.5027829892101989,-0.9425392597054306,-0.9930887220640396,-1.5166816717001321
0.018840246168125976,0.8147624563625061,-0.7930874414377409,0.6394176278529561,0.4606753594778814,0.6733539259906193,-0.32581980635769175
0.28953343823889843,-1.1683390105340168,0.9015301976233324,-0.7295601621423389,1.1622826690695374,-0.7153482807215965,0.8650420589847486
0.28953343823889843,0.18851988786886734,-0.03692656465911384,-0.43860541881495446,1.1622826690695374,0.3956134846481761,0.8650420589847486
-0.7932393300441917,-0.2289751577935585,-1.1120284819689596,-0.4516010688661988,-0.9425392597054306,-1.2708291634064828,0.8650420589847486
1.642999398592761,1.023509979193719,-0.8119980925522468,1.9597387186042559,-0.24093195011377463,-1.548569604748926,0.8650420589847486
0.28953343823889843,0.2928936492844738,0.01806086367384034,-0.4231461384222421,1.1622826690695374,0.3956134846481761,0.8650420589847486
0.28953343823889843,0.7103886949468996,-0.6211051877963718,0.4779882497282579,0.4606753594778814,0.9510943673330624,0.8650420589847486
0.018840246168125976,0.8147624563625061,-0.545420714738095,0.21462616622531633,-0.9425392597054306,-0.9930887220640396,0.8650420589847486
-0.25185294590264645,1.232257502024932,-0.9750344219394474,0.5574403282406046,1.1622826690695374,-0.7153482807215965,-1.5166816717001321
-0.7932393300441917,-1.4814602947808362,1.1876462555557927,-0.7952775015010008,1.1622826690695374,0.3956134846481761,0.8650420589847486
-0.5225461379734192,-0.333348919209165,1.3015707168456163,-0.7163181490569478,1.1622826690695374,-0.7153482807215965,0.8650420589847486
-0.25185294590264645,0.08414612645326086,0.35863401433604364,-0.5731812262176503,1.1622826690695374,0.3956134846481761,0.8650420589847486
-0.5225461379734192,-0.8552177262871973,-0.6334006000708217,-0.4982868638370196,-0.9425392597054306,-0.15986739803671018,-1.5166816717001321
2.9964653589466232,1.1278837406093254,-1.0117950529620365,3.918817566139701,-1.6441465692970867,-0.4376078393791533,0.8650420589847486
0.28953343823889843,0.39726741070008026,-0.7185334205863091,0.12094662249099124,-0.9425392597054306,-0.15986739803671018,-1.5166816717001321
0.28953343823889843,0.08414612645326086,0.2950914353512872,-0.3793551091026463,-0.9425392597054306,-0.15986739803671018,-1.5166816717001321
0.28953343823889843,1.1278837406093254,-0.9688797377021802,0.814396972855729,-0.9425392597054306,-0.9930887220640396,0.8650420589847486
1.1016130144512162,-0.2289751577935585,0.532332880587807,-0.23942090570725735,-0.24093195011377463,-1.548569604748926,-1.5166816717001321
0.28953343823889843,-1.4814602947808362,2.2444934631551043,-0.7975563595668589,1.1622826690695374,0.11787304330573296,0.8650420589847486
-0.5225461379734192,0.2928936492844738,-0.26364503503191605,-0.20702416671695162,1.1622826690695374,0.11787304330573296,-1.5166816717001321
0.5602266303096711,1.232257502024932,-0.899196430680241,3.4081685871118976,-0.24093195011377463,-1.826310046091369,0.8650420589847486
-0.25185294590264645,1.1278837406093254,-1.0862095118126234,0.7152974423701741,-0.9425392597054306,-0.9930887220640396,0.8650420589847486
-0.25185294590264645,-0.6464702034559844,0.8252037393611683,-0.6540498921763411,-0.9425392597054306,-0.9930887220640396,-1.5166816717001321
-0.5225461379734192,0.7103886949468996,-0.5227977144011106,0.054120649478668605,-0.9425392597054306,-0.15986739803671018,-1.5166816717001321
-1.063932522114964,1.4410050248561448,-1.3620119378826336,0.49886751687220016,0.4606753594778814,1.5065752500179488,0.8650420589847486
3.5378517430881686,0.2928936492844738,-0.3581285096040226,1.3118655295566781,-1.6441465692970867,-0.4376078393791533,0.8650420589847486
0.28953343823889843,-0.020227634962345597,-0.5928299264251623,-0.3723953533879989,1.1622826690695374,0.3956134846481761,0.8650420589847486
3.5378517430881686,0.18851988786886734,-0.8380124495097662,1.6936666417256994,-1.6441465692970867,-0.4376078393791533,0.8650420589847486
-0.5225461379734192,1.1278837406093254,-1.0019419757023753,0.15044859583007192,1.1622826690695374,0.3956134846481761,0.8650420589847486
-0.5225461379734192,1.023509979193719,-0.46106944142733985,-0.027548696340999424,0.4606753594778814,1.5065752500179488,0.8650420589847486
-0.5225461379734192,-0.2289751577935585,1.5155192641410955,-0.7031993174886301,-0.9425392597054306,-0.15986739803671018,0.8650420589847486
0.8309198223804434,0.6060149335312932,-0.24613000392586085,0.17219013359352803,-1.6441465692970867,1.784315691360392,0.8650420589847486
1.1016130144512162,-0.020227634962345597,0.9414449298650199,-0.0763901678606048,-0.24093195011377463,-1.826310046091369,0.8650420589847486
0.5602266303096711,-1.4814602947808362,0.5010849485985978,-0.6779471064885819,-1.6441465692970867,1.784315691360392,0.8650420589847486
4.349931319300485,0.2928936492844738,-0.5684205324773611,1.7062311564671866,-1.6441465692970867,-0.4376078393791533,0.8650420589847486
2.9964653589466232,-0.12460139637795206,0.2128196358531235,0.3148343303645319,-1.6441465692970867,-0.4376078393791533,0.8650420589847486
0.018840246168125976,-1.1683390105340168,1.0724936486585326,-0.7034456805227769,-0.9425392597054306,-0.9930887220640396,-0.32581980635769175
0.8309198223804434,0.18851988786886734,-0.32900192002765827,0.23365771061315752,0.4606753594778814,0.9510943673330624,-0.32581980635769175
-0.5225461379734192,-0.12460139637795206,-0.7539682126008702,-0.44655062666618917,1.1622826690695374,0.3956134846481761,0.8650420589847486
-0.5225461379734192,-0.2289751577935585,0.7938022891710295,-0.6548505720373183,1.1622826690695374,-0.7153482807215965,0.8650420589847486
0.28953343823889843,0.9191362177781126,-0.8093185021360215,0.11115369188365548,1.1622826690695374,0.3956134846481761,0.8650420589847486
2.9964653589466232,1.023509979193719,-1.0837253081975813,3.749689343197915,-1.6441465692970867,-0.4376078393791533,0.8650420589847486
-0.5225461379734192,0.08414612645326086,-0.7725299587132634,-0.3259559214513249,0.4606753594778814,1.5065752500179488,0.8650420589847486
-0.5225461379734192,-0.020227634962345597,0.011487493434037951,-0.452586521002786,0.4606753594778814,1.5065752500179488,-0.32581980635769175
-1.063932522114964,-1.2727127719496232,1.3125123777118692,-0.7790175412473114,0.4606753594778814,1.5065752500179488,-0.32581980635769175
0.28953343823889843,0.8147624563625061,-1.1657040274939703,0.951621182875503,-1.6441465692970867,1.2288348086755054,-1.5166816717001321
-0.5225461379734192,-0.333348919209165,-0.18381557054854095,-0.58962595874695,-0.9425392597054306,-1.2708291634064828,0.8650420589847486
0.018840246168125976,-0.333348919209165,-0.2075829792924549,-0.40017278548805185,-0.9425392597054306,-0.15986739803671018,-1.5166816717001321
-0.5225461379734192,-1.2727127719496232,2.2462379881656678,-0.803961798454676,0.4606753594778814,1.5065752500179488,-0.32581980635769175
2.9964653589466232,0.7103886949468996,-0.7953762582515999,2.469587017771082,-1.6441465692970867,-0.4376078393791533,0.8650420589847486
-1.063932522114964,-1.3770865333652296,0.9253115625673308,-0.7795102673156049,0.4606753594778814,1.5065752500179488,0.8650420589847486
0.28953343823889843,0.18851988786886734,-1.0178380875986277,0.12125457628367475,-0.9425392597054306,-0.15986739803671018,-1.5166816717001321
0.8309198223804434,-0.8552177262871973,0.9483532489068505,-0.6244863280787238,-1.6441465692970867,1.2288348086755054,-1.5166816717001321
0.018840246168125976,-1.2727127719496232,-0.28287667874836553,-0.6026216087981943,-0.9425392597054306,-0.9930887220640396,0.8650420589847486
-0.25185294590264645,0.6060149335312932,-0.4866232437820706,0.08848829274214881,1.1622826690695374,0.11787304330573296,-1.5166816717001321
0.28953343823889843,1.232257502024932,-0.7889982748129806,0.5296628961405516,1.1622826690695374,-0.7153482807215965,0.8650420589847486
0.018840246168125976,0.2928936492844738,-0.4637071632433115,-0.04393183811176239,1.1622826690695374,0.11787304330573296,-1.5166816717001321
0.8309198223804434,1.1278837406093254,-0.7895844352165299,1.197861035505241,-1.6441465692970867,1.2288348086755054,-1.5166816717001321
-1.063932522114964,-0.020227634962345597,-0.21451921073445446,-0.4351563363368991,-0.9425392597054306,-0.9930887220640396,-1.5166816717001321
-0.5225461379734192,-0.5420964420403779,0.5909489209427328,-0.5830973383420595,0.4606753594778814,0.6733539259906193,-0.32581980635769175
0.018840246168125976,-0.020227634962345597,0.37907984745984513,-0.44913743852473065,1.1622826690695374,0.11787304330573296,0.8650420589847486
-0.7932393300441917,-0.6464702034559844,0.714126342888584,-0.7270965318008707,1.1622826690695374,0.3956134846481761,0.8650420589847486
-0.5225461379734192,-0.020227634962345597,1.236269656650212,-0.5990493448030655,0.4606753594778814,0.6733539259906193,-0.32581980635769175
-0.5225461379734192,0.08414612645326086,0.24304876523616378,-0.47617578152234324,0.4606753594778814,1.5065752500179488,-0.32581980635769175
-0.7932393300441917,-0.5420964420403779,1.2955555946091941,-0.7602323598936169,-0.9425392597054306,-1.2708291634064828,0.8650420589847486
-0.7932393300441917,-0.2289751577935585,0.11206982744307369,-0.5449110680493037,0.4606753594778814,1.5065752500179488,-0.32581980635769175
0.28953343823889843,-1.3770865333652296,0.5432884976541443,-0.7397226373008949,1.1622826690695374,0.3956134846481761,0.8650420589847486
-0.5225461379734192,0.9191362177781126,-0.3246336294012079,0.22928476675705162,-0.9425392597054306,-0.9930887220640396,-0.32581980635769175
0.018840246168125976,-0.6464702034559844,0.076425692427245,-0.5331472331687934,-0.9425392597054306,-0.15986739803671018,-1.5166816717001321
1.642999398592761,0.8147624563625061,-1.292426324261286,1.255694757771205,-1.6441465692970867,1.784315691360392,0.8650420589847486
0.28953343823889843,-0.9595914877028038,0.9580388517654977,-0.7378749145447938,1.1622826690695374,0.3956134846481761,0.8650420589847486
0.5602266303096711,0.18851988786886734,-0.5843724691739516,0.3269061190377257,0.4606753594778814,0.9510943673330624,-0.32581980635769175
-0.25185294590264645,-0.9595914877028038,2.1809369279702637,-0.7820970791741465,1.1622826690695374,0.11787304330573296,0.8650420589847486
-0.5225461379734192,-0.333348919209165,-0.43093800544489114,-0.547128335356625,1.1622826690695374,0.3956134846481761,0.8650420589847486
-1.063932522114964,-0.020227634962345597,-0.8576348668285818,-0.1786308270315316,0.4606753594778814,0.6733539259906193,-0.32581980635769175
-0.5225461379734192,-1.3770865333652296,0.872403608046968,-0.7756916402863294,-0.9425392597054306,-1.2708291634064828,0.8650420589847486
0.28953343823889843,0.2928936492844738,-0.7132300645541968,0.21253208043506844,0.4606753594778814,0.9510943673330624,0.8650420589847486
0.28953343823889843,-0.8552177262871973,0.3172538810854829,-0.49064960977846844,0.4606753594778814,0.9510943673330624,-0.32581980635769175
0.018840246168125976,-0.9595914877028038,1.8287243064375822,-0.7550587361765339,1.1622826690695374,0.11787304330573296,-1.5166816717001321
-0.7932393300441917,0.39726741070008026,-0.061405739607337605,-0.41224457416124566,1.1622826690695374,-0.7153482807215965,0.8650420589847486
-0.5225461379734192,-0.43772268062477143,0.1607909219380846,-0.5018591278321484,-0.9425392597054306,-0.15986739803671018,-0.32581980635769175
-0.25185294590264645,0.8147624563625061,-0.937827192514154,0.21105390223018755,1.1622826690695374,-0.7153482807215965,-1.5166816717001321
0.28953343823889843,-1.2727127719496232,1.0158035639152687,-0.712745885061819,1.1622826690695374,0.11787304330573296,-1.5166816717001321
-0.5225461379734192,-1.0639652491184102,0.150295859474536,-0.6036070609347816,0.4606753594778814,0.6733539259906193,-0.32581980635769175
0.28953343823889843,0.8147624563625061,-0.34347449951529113,-0.13083639840705016,1.1622826690695374,0.3956134846481761,0.8650420589847486
0.28953343823889843,-1.3770865333652296,1.7468014119415312,-0.7726736931180309,1.1622826690695374,0.11787304330573296,0.8650420589847486
0.8309198223804434,0.7103886949468996,-0.5138797025471111,0.6609128025822655,-0.24093195011377463,-2.1040504874338124,0.8650420589847486
-0.25185294590264645,-0.020227634962345597,-1.1701700115210123,-0.039374121980046375,-0.9425392597054306,-0.15986739803671018,-1.5166816717001321
-0.5225461379734192,-1.1683390105340168,-0.985641134003672,-0.512083193749241,-0.9425392597054306,-0.15986739803671018,-1.5166816717001321
-0.7932393300441917,1.5453787862717514,-1.1503801198011825,0.4038945672086043,-0.9425392597054306,-1.2708291634064828,0.8650420589847486
-0.25185294590264645,0.18851988786886734,0.32141282871066573,-0.42764226379542136,-0.9425392597054306,-0.15986739803671018,0.8650420589847486
0.28953343823889843,-1.0639652491184102,0.7035196308243593,-0.6709257600153977,-0.9425392597054306,-0.15986739803671018,-1.5166816717001321
0.018840246168125976,0.5016411721156867,-0.125967121198263,-0.13921274156804175,1.1622826690695374,-0.7153482807215965,-0.32581980635769175
-0.5225461379734192,0.5016411721156867,-0.2911806177986467,-0.3084025552683646,0.4606753594778814,1.5065752500179488,0.8650420589847486
0.28953343823889843,0.8147624563625061,-0.5171733657670545,0.3015307265206041,-0.9425392597054306,-0.15986739803671018,-1.5166816717001321
-0.5225461379734192,-0.9595914877028038,1.4630020832230988,-0.7811732177960959,1.1622826690695374,0.3956134846481761,0.8650420589847486
3.5378517430881686,1.1278837406093254,-0.4031372548765549,2.918214102952426,-1.6441465692970867,-0.4376078393791533,0.8650420589847486
0.018840246168125976,1.023509979193719,-1.19100661824718,0.7718377587068673,-0.9425392597054306,-0.9930887220640396,0.8650420589847486
0.8309198223804434,-1.4814602947808362,2.3857022956101375,-0.7775393630424304,0.4606753594778814,0.9510943673330624,-0.32581980635769175
0.28953343823889843,0.7103886949468996,-0.8780388313521298,0.49665024956487885,1.1622826690695374,0.11787304330573296,-1.5166816717001321
0.28953343823889843,-1.2727127719496232,1.6394782332916789,-0.762080082649718,-0.9425392597054306,-0.15986739803671018,-1.5166816717001321
-0.5225461379734192,0.2928936492844738,0.02626710932352995,-0.44876789397351047,0.4606753594778814,1.5065752500179488,0.8650420589847486
0.28953343823889843,0.6060149335312932,-0.7375696775015754,0.05375110492744838,1.1622826690695374,-0.7153482807215965,0.8650420589847486
-0.7932393300441917,-0.2289751577935585,0.14199192042425485,-0.5343790483395274,1.1622826690695374,-0.7153482807215965,-0.32581980635769175
-1.063932522114964,0.18851988786886734,-0.835416596294048,-0.4179109239466223,1.1622826690695374,0.3956134846481761,0.8650420589847486
-0.5225461379734192,0.39726741070008026,-0.6939007274371558,-0.16877630566565913,1.1622826690695374,-0.7153482807215965,-1.5166816717001321
0.018840246168125976,0.18851988786886734,0.33370824098511565,-0.35675130071967637,1.1622826690695374,0.11787304330573296,-1.5166816717001321
1.642999398592761,0.08414612645326086,-0.7324198396703927,0.24123337391317196,-1.6441465692970867,1.2288348086755054,0.8650420589847486
0.018840246168125976,0.08414612645326086,0.6407306866441662,-0.4985948176297031,-0.9425392597054306,-0.9930887220640396,0.8650420589847486
0.018840246168125976,-2.0033291018588684,3.2157752080363093,-0.8306305969010683,1.1622826690695374,0.11787304330573296,0.8650420589847486
-0.7932393300441917,-0.12460139637795206,-0.8704047899059049,-0.4562203757564515,1.1622826690695374,0.3956134846481761,0.8650420589847486
-1.063932522114964,-1.2727127719496232,2.924034801469793,-0.8314312767620455,-0.9425392597054306,-1.2708291634064828,0.8650420589847486
0.8309198223804434,-0.333348919209165,0.5404833014371586,-0.4679842106369618,-1.6441465692970867,1.2288348086755054,0.8650420589847486
-0.5225461379734192,0.39726741070008026,-0.772850951315207,-0.01683190435561312,-0.9425392597054306,-0.15986739803671018,-1.5166816717001321
0.018840246168125976,0.5016411721156867,-0.6255013908229912,0.47589416393801,0.4606753594778814,0.9510943673330624,-0.32581980635769175
-0.5225461379734192,0.7103886949468996,-0.5737518009096424,0.1288918303422259,1.1622826690695374,0.11787304330573296,-1.5166816717001321
-0.5225461379734192,0.6060149335312932,-1.010734381755614,0.3695885147036608,-0.9425392597054306,-0.9930887220640396,-0.32581980635769175
-0.7932393300441917,1.1278837406093254,-0.9479873061756745,0.37463895690367044,0.4606753594778814,1.5065752500179488,-0.32581980635769175
0.018840246168125976,1.1278837406093254,-0.4894982209994789,0.5404412788844746,1.1622826690695374,0.11787304330573296,-1.5166816717001321
-0.25185294590264645,1.3366312634405384,-0.9586917116404907,0.9118335528607929,-0.9425392597054306,-0.15986739803671018,-1.5166816717001321
-1.063932522114964,-0.333348919209165,1.1089332870791782,-0.7422478584008997,1.1622826690695374,0.3956134846481761,0.8650420589847486
0.8309198223804434,-1.2727127719496232,1.37126798006764,-0.7169340566423148,-1.6441465692970867,1.2288348086755054,-1.5166816717001321
0.28953343823889843,0.39726741070008026,-0.6923934578280291,0.1180518568397662,-0.9425392597054306,-0.9930887220640396,-1.5166816717001321
-1.063932522114964,1.3366312634405384,-1.0150747599818954,0.096741454386067,-0.9425392597054306,-1.2708291634064828,0.8650420589847486
-0.25185294590264645,0.39726741070008026,0.006226006002179137,-0.24317794197799622,1.1622826690695374,0.11787304330573296,0.8650420589847486
-0.5225461379734192,1.5453787862717514,-1.1592004382545904,1.3153762027932703,1.1622826690695374,0.11787304330573296,-1.5166816717001321
-0.7932393300441917,-0.5420964420403779,0.7719747922388619,-0.7070795352764424,0.4606753594778814,1.5065752500179488,0.8650420589847486
0.5602266303096711,1.023509979193719,-0.7701294922987283,1.3375488758664833,0.4606753594778814,0.9510943673330624,-0.32581980635769175
0.018840246168125976,0.5016411721156867,0.02880713773891007,0.09975940155436544,0.4606753594778814,0.9510943673330624,-0.32581980635769175
0.8309198223804434,1.4410050248561448,-1.1001657118971295,2.2918360886341578,-0.24093195011377463,-2.1040504874338124,0.8650420589847486
-0.25185294590264645,-1.2727127719496232,0.9283540141857531,-0.7659603004375303,1.1622826690695374,0.3956134846481761,0.8650420589847486
-0.5225461379734192,-0.43772268062477143,1.3018777532474755,-0.6651978194714844,0.4606753594778814,0.6733539259906193,-0.32581980635769175
-1.063932522114964,-0.7508439648715909,1.6540066375796498,-0.7925059173668493,-0.9425392597054306,-1.2708291634064828,0.8650420589847486
-0.25185294590264645,-0.5420964420403779,0.044800943035754104,-0.506909570032158,1.1622826690695374,0.11787304330573296,-1.5166816717001321
0.018840246168125976,-0.43772268062477143,0.6746023842492626,-0.5928286781908585,-0.9425392597054306,-0.15986739803671018,-1.5166816717001321
0.018840246168125976,0.8147624563625061,-1.0073011565348255,0.46468464588433006,-0.9425392597054306,-0.9930887220640396,0.8650420589847486
-0.5225461379734192,1.1278837406093254,-1.0776404049607364,0.6679341490554496,-0.9425392597054306,-0.15986739803671018,-1.5166816717001321
-1.063932522114964,1.6497525476873578,-1.3327457863054242,0.4661628240892109,-0.9425392597054306,-1.2708291634064828,0.8650420589847486
-0.5225461379734192,-0.43772268062477143,0.24281150983472718,-0.5587689887200618,-0.9425392597054306,-0.15986739803671018,-1.5166816717001321
-0.5225461379734192,-1.2727127719496232,3.371972999382102,-0.8336485440693668,-0.9425392597054306,-1.2708291634064828,0.8650420589847486
0.8309198223804434,-0.43772268062477143,0.9481718183057519,-0.4965623225979919,0.4606753594778814,0.9510943673330624,-0.32581980635769175
-0.25185294590264645,-0.43772268062477143,0.45236385410358687,-0.5844523350298669,-0.9425392597054306,-0.9930887220640396,0.8650420589847486
-0.5225461379734192,1.4410050248561448,-1.1164386411956635,1.1403352670319606,1.1622826690695374,0.11787304330573296,-1.5166816717001321
-0.25185294590264645,0.9191362177781126,-0.8291363062560202,0.4324110884110977,1.1622826690695374,0.11787304330573296,0.8650420589847486
-0.7932393300441917,-1.2727127719496232,1.2491512293282112,-0.7914588744717254,-0.9425392597054306,-1.2708291634064828,0.8650420589847486
0.5602266303096711,-0.43772268062477143,0.20459943400334937,-0.32632546600254514,0.4606753594778814,0.9510943673330624,-0.32581980635769175
-0.7932393300441917,1.232257502024932,-0.9643718850748847,0.4683185006379955,0.4606753594778814,1.5065752500179488,-0.32581980635769175
-0.5225461379734192,-0.7508439648715909,0.4042149638120407,-0.6321235821372749,-0.9425392597054306,-0.15986739803671018,-1.5166816717001321
-0.5225461379734192,-0.8552177262871973,1.7349525980697855,-0.7804341286936555,0.4606753594778814,1.5065752500179488,0.8650420589847486
-0.7932393300441917,0.5016411721156867,-0.8435251485431461,-0.02508506599953131,1.1622826690695374,-0.7153482807215965,-0.32581980635769175
0.8309198223804434,0.18851988786886734,-0.8223954616152038,0.2914298421205848,-1.6441465692970867,1.2288348086755054,-1.5166816717001321
-0.7932393300441917,-0.8552177262871973,-0.32989511683306666,-0.6230081498738429,1.1622826690695374,-0.7153482807215965,0.8650420589847486
0.28953343823889843,-1.3770865333652296,1.7985649580549643,-0.7756300495277927,-0.9425392597054306,-0.15986739803671018,-1.5166816717001321
-0.7932393300441917,1.5453787862717514,-1.2278788988704452,0.7257678713214135,1.1622826690695374,-0.7153482807215965,0.8650420589847486
-0.5225461379734192,-0.8552177262871973,1.2759052648902096,-0.7522255612838455,1.1622826690695374,-0.7153482807215965,0.8650420589847486
1.642999398592761,0.7103886949468996,-0.2512240169567056,0.902718120597361,-0.24093195011377463,-1.548569604748926,0.8650420589847486
0.018840246168125976,-0.2289751577935585,-0.5483375605557568,-0.274527638073178,-0.9425392597054306,-0.9930887220640396,-1.5166816717001321
-0.7932393300441917,1.4410050248561448,-1.2568938388461335,0.7159133499555411,1.1622826690695374,-0.7153482807215965,-1.5166816717001321
-0.25185294590264645,-0.8552177262871973,0.5229543141310189,-0.7110829345813281,1.1622826690695374,0.3956134846481761,0.8650420589847486
0.28953343823889843,1.3366312634405384,-1.0737605813372437,1.138795498068543,-0.9425392597054306,-0.9930887220640396,0.8650420589847486
0.8309198223804434,-0.8552177262871973,1.5135933085294335,-0.6598394234787912,0.4606753594778814,0.9510943673330624,-0.32581980635769175
-0.25185294590264645,-1.3770865333652296,1.8563715388049888,-0.8058095212107771,1.1622826690695374,0.3956134846481761,0.8650420589847486
-0.7932393300441917,-0.333348919209165,0.8621178885846871,-0.6876168555788442,1.1622826690695374,-0.7153482807215965,0.8650420589847486
-0.5225461379734192,1.232257502024932,-1.0292542592677538,1.0529379806683792,0.4606753594778814,0.6733539259906193,-0.32581980635769175
-0.5225461379734192,1.1278837406093254,-0.8180132147886688,0.7724536662922343,0.4606753594778814,0.6733539259906193,-0.32581980635769175
-0.5225461379734192,1.1278837406093254,-1.4545415444429093,1.012349670792692,1.1622826690695374,0.11787304330573296,-1.5166816717001321
1.642999398592761,-1.690207817612049,1.5503539395520227,-0.6542346644519513,-0.24093195011377463,-1.826310046091369,0.8650420589847486
-0.5225461379734192,0.7103886949468996,-0.29667936063194206,-0.2999646213488363,1.1622826690695374,0.3956134846481761,0.8650420589847486
-0.5225461379734192,-1.2727127719496232,-0.3165250771521098,-0.6371124335787479,0.4606753594778814,1.5065752500179488,-0.32581980635769175
-0.25185294590264645,-0.12460139637795206,1.5514983479589521,-0.6847836806861559,-0.9425392597054306,-0.9930887220640396,0.8650420589847486
0.28953343823889843,-1.1683390105340168,0.6776169234675159,-0.6782550602812654,-0.9425392597054306,-0.9930887220640396,-1.5166816717001321
0.5602266303096711,-1.690207817612049,1.868569257678847,-0.713361792647186,-0.24093195011377463,-1.826310046091369,0.8650420589847486
-0.5225461379734192,1.3366312634405384,-1.133297730897747,1.2749110744346563,0.4606753594778814,0.6733539259906193,-0.32581980635769175
-1.063932522114964,-0.5420964420403779,0.5974245977819437,-0.6690780372592967,-0.9425392597054306,-0.9930887220640396,0.8650420589847486
0.5602266303096711,1.232257502024932,-1.106850731737608,2.04633532510686,0.4606753594778814,0.9510943673330624,-0.32581980635769175
-0.25185294590264645,-0.2289751577935585,-0.4561429027975092,-0.3558890301001625,-0.9425392597054306,-0.9930887220640396,0.8650420589847486
-1.063932522114964,1.232257502024932,-0.837677500707738,-0.030566643509297865,-0.9425392597054306,-1.2708291634064828,0.8650420589847486
0.28953343823889843,0.08414612645326086,-0.13535964385513563,-0.2209436781462465,1.1622826690695374,0.11787304330573296,-1.5166816717001321
-0.5225461379734192,0.08414612645326086,-0.06294092161663328,-0.3888400859172986,-0.9425392597054306,-0.9930887220640396,0.8650420589847486
-1.063932522114964,0.6060149335312932,-0.09037881098277235,-0.2983016708683453,-0.9425392597054306,-0.9930887220640396,0.8650420589847486
0.018840246168125976,-0.020227634962345597,-0.023640262178664,-0.14949839824367114,0.4606753594778814,0.9510943673330624,-0.32581980635769175
0.28953343823889843,0.08414612645326086,-0.1484505595344024,-0.0067310199555938475,0.4606753594778814,0.9510943673330624,-0.32581980635769175
0.018840246168125976,0.9191362177781126,-0.6612850878396649,0.47170599235751415,1.1622826690695374,0.11787304330573296,-1.5166816717001321
3.5378517430881686,-0.7508439648715909,1.760171451622488,-0.5324697348248897,-1.6441465692970867,-0.4376078393791533,0.8650420589847486
0.28953343823889843,1.6497525476873578,-1.3065779111469753,2.398326510144117,-1.6441465692970867,1.2288348086755054,-1.5166816717001321
0.018840246168125976,-0.9595914877028038,0.6581061557493764,-0.5881477805420691,0.4606753594778814,0.9510943673330624,-0.32581980635769175
0.8309198223804434,1.5453787862717514,-1.1279664624654657,2.247552333246268,-1.6441465692970867,1.2288348086755054,-1.5166816717001321
0.018840246168125976,-0.7508439648715909,1.6447536769236222,-0.7564753236228781,1.1622826690695374,-0.7153482807215965,0.8650420589847486
-0.5225461379734192,-0.6464702034559844,0.0497972626660073,-0.5106050155443601,0.4606753594778814,0.6733539259906193,-0.32581980635769175
1.642999398592761,-0.7508439648715909,1.6218794649851167,-0.6900804859203123,-1.6441465692970867,1.784315691360392,0.8650420589847486
0.018840246168125976,0.9191362177781126,-0.1293445216187135,0.24585268080342468,-0.9425392597054306,-0.15986739803671018,-0.32581980635769175
-0.25185294590264645,-0.12460139637795206,0.8302279713915905,-0.590857773917684,-0.9425392597054306,-0.9930887220640396,0.8650420589847486
0.28953343823889843,-0.9595914877028038,1.4048745098711308,-0.7187817793984159,1.1622826690695374,0.11787304330573296,-1.5166816717001321
-1.063932522114964,-0.43772268062477143,0.9262047593727393,-0.7400305910935784,-0.9425392597054306,-1.2708291634064828,0.8650420589847486
0.5602266303096711,-0.9595914877028038,1.073498495064617,-0.6251022356640908,0.4606753594778814,0.9510943673330624,-0.32581980635769175
-0.5225461379734192,0.39726741070008026,-0.6566097608113554,-0.3262022844854717,-0.9425392597054306,-1.2708291634064828,0.8650420589847486
-0.7932393300441917,-0.333348919209165,0.8274925561750274,-0.7136081556813328,-0.9425392597054306,-1.2708291634064828,0.8650420589847486
-0.5225461379734192,-0.020227634962345597,0.12133674429918576,-0.45948468595889674,-0.9425392597054306,-0.9930887220640396,0.8650420589847486
-0.5225461379734192,-0.7508439648715909,0.6995700262004441,-0.7185970071228058,1.1622826690695374,0.3956134846481761,-1.5166816717001321
0.28953343823889843,-1.2727127719496232,0.2778694844470066,-0.6493074037690151,-0.9425392597054306,-0.15986739803671018,-1.5166816717001321
0.018840246168125976,0.8147624563625061,-0.2244141565943693,0.09304600887386483,-0.9425392597054306,-0.15986739803671018,-1.5166816717001321
-0.5225461379734192,-1.898955340443262,3.984510621091076,-0.8386373955108397,-0.9425392597054306,-0.9930887220640396,-1.5166816717001321
-0.7932393300441917,-0.020227634962345597,-0.061712776009196744,-0.5143004610565624,1.1622826690695374,-0.7153482807215965,0.8650420589847486
-0.5225461379734192,-0.9595914877028038,1.102862340042418,-0.7171188289179249,1.1622826690695374,0.11787304330573296,-1.5166816717001321
0.8309198223804434,-0.020227634962345597,0.06440940415448522,-0.07903857047768303,0.4606753594778814,0.9510943673330624,-0.32581980635769175
-0.7932393300441917,0.9191362177781126,0.07995661104862506,-0.3733192147660494,1.1622826690695374,0.3956134846481761,0.8650420589847486
0.8309198223804434,-0.7508439648715909,1.2597160727921823,-0.632308354412885,-0.24093195011377463,-2.1040504874338124,0.8650420589847486
-0.5225461379734192,1.023509979193719,-0.7040189724984227,-0.05181545520446036,-0.9425392597054306,-1.2708291634064828,0.8650420589847486
0.28953343823889843,-0.8552177262871973,-0.12362247958406597,-0.5869159653713351,1.1622826690695374,-0.7153482807215965,0.8650420589847486
0.5602266303096711,1.3366312634405384,-0.8640547188674546,1.9375660455310426,0.4606753594778814,0.9510943673330624,-0.32581980635769175
0.28953343823889843,-0.8552177262871973,2.136081700898661,-0.7703948350521729,-0.9425392597054306,-0.9930887220640396,0.8650420589847486
-0.25185294590264645,-0.9595914877028038,0.9192406155305707,-0.7066483999666854,-0.9425392597054306,-0.15986739803671018,0.8650420589847486
-0.25185294590264645,-1.4814602947808362,1.285925816550885,-0.7588157724472728,1.1622826690695374,0.11787304330573296,-1.5166816717001321
3.5378517430881686,0.5016411721156867,-1.4461399119920366,3.142342873267488,-1.6441465692970867,-0.4376078393791533,0.8650420589847486
-0.25185294590264645,-0.2289751577935585,0.522019248725357,-0.5470667445980882,-0.9425392597054306,-0.15986739803671018,-1.5166816717001321
-0.7932393300441917,1.023509979193719,-1.045583013366626,0.19756552611064962,1.1622826690695374,-0.7153482807215965,0.8650420589847486
-0.25185294590264645,-0.020227634962345597,-0.4255788246124408,-0.2716944631804897,-0.9425392597054306,-0.15986739803671018,-1.5166816717001321
-0.25185294590264645,0.7103886949468996,-0.6027946532854997,-0.16618949380711762,1.1622826690695374,0.3956134846481761,0.8650420589847486
-0.5225461379734192,1.4410050248561448,-0.859100267837455,0.26802535387663773,-0.9425392597054306,-1.2708291634064828,0.8650420589847486
0.5602266303096711,0.08414612645326086,-0.10902429429567255,0.016119151461522922,0.4606753594778814,0.9510943673330624,-0.32581980635769175
2.319732378769692,0.5016411721156867,-0.3140548297371522,1.6984091301330255,-0.24093195011377463,-1.826310046091369,0.8650420589847486
0.8309198223804434,0.2928936492844738,0.7423876480597089,-0.2124441534681815,0.4606753594778814,0.9510943673330624,-0.32581980635769175
-1.063932522114964,-0.12460139637795206,0.2505572008816281,-0.5622796619566539,-0.9425392597054306,-0.9930887220640396,0.8650420589847486
-0.5225461379734192,1.1278837406093254,-1.1105909933602556,0.3315870166865151,0.4606753594778814,1.5065752500179488,0.8650420589847486
-0.5225461379734192,0.5016411721156867,-1.4397479723533328,-0.07016950124839783,-0.9425392597054306,-1.2708291634064828,0.8650420589847486
0.28953343823889843,0.08414612645326086,-0.005287859067538427,-0.26066971740241984,-1.6441465692970867,1.784315691360392,0.8650420589847486
0.018840246168125976,0.5016411721156867,0.0911634397164835,-0.16052314402174095,1.1622826690695374,0.11787304330573296,-1.5166816717001321
0.28953343823889843,0.39726741070008026,-0.7664171430762496,-0.0483047819678683,1.1622826690695374,-0.7153482807215965,0.8650420589847486
0.8309198223804434,1.6497525476873578,-1.2437331421664441,3.3262528782580825,0.4606753594778814,0.9510943673330624,-0.32581980635769175
-0.25185294590264645,-1.1683390105340168,1.3063716496746864,-0.7403385448862619,1.1622826690695374,0.11787304330573296,-1.5166816717001321
4.349931319300485,1.023509979193719,-1.191146180248025,4.525917673035981,-1.6441465692970867,-0.4376078393791533,0.8650420589847486
-1.063932522114964,-0.5420964420403779,0.1711882910010417,-0.6862618588910367,1.1622826690695374,0.3956134846481761,0.8650420589847486
2.319732378769692,-0.5420964420403779,1.3665926530393304,-0.3568744822367497,-0.24093195011377463,-1.826310046091369,0.8650420589847486
0.018840246168125976,1.023509979193719,-0.14764109992950103,0.6059122552089897,0.4606753594778814,0.9510943673330624,-0.32581980635769175
-0.5225461379734192,-1.3770865333652296,0.29618001895787865,-0.7300528882106325,0.4606753594778814,1.5065752500179488,0.8650420589847486
-1.063932522114964,1.6497525476873578,-1.2387507787362755,1.4396663535203367,0.4606753594778814,0.6733539259906193,-0.32581980635769175
0.5602266303096711,1.5453787862717514,-1.4036711951348844,5.550418350535497,-0.24093195011377463,-1.826310046091369,0.8650420589847486
-1.063932522114964,-0.020227634962345597,-0.7015347688833806,-0.5031525337614191,-0.9425392597054306,-1.2708291634064828,0.8650420589847486
-0.5225461379734192,1.232257502024932,-1.0588553596469912,0.769620491399546,1.1622826690695374,0.11787304330573296,0.8650420589847486
-0.25185294590264645,1.6497525476873578,-1.2856296548201316,0.8269614875972164,1.1622826690695374,0.3956134846481761,0.8650420589847486
-0.7932393300441917,-0.2289751577935585,0.39873017717882975,-0.6626110076129429,-0.9425392597054306,-1.2708291634064828,0.8650420589847486
0.5602266303096711,-1.4814602947808362,0.04413104543169781,-0.6043461500372219,0.4606753594778814,0.9510943673330624,0.8650420589847486
-0.25185294590264645,-0.333348919209165,0.40577805822150537,-0.5468203815639414,-0.9425392597054306,-0.15986739803671018,-1.5166816717001321
-0.5225461379734192,1.4410050248561448,-1.1341211467027328,0.6825311588286481,1.1622826690695374,-0.7153482807215965,0.8650420589847486
0.28953343823889843,1.5453787862717514,-1.3076804509536513,2.4846151628540376,-0.24093195011377463,-2.1040504874338124,0.8650420589847486
-0.25185294590264645,0.9191362177781126,-0.47697950952367685,0.18771100474477717,-0.9425392597054306,-0.9930887220640396,0.8650420589847486
1.642999398592761,-0.12460139637795206,1.6691909832715925,-0.6193127043616408,-1.6441465692970867,1.784315691360392,0.8650420589847486
-0.7932393300441917,0.8147624563625061,-0.5480863489542357,-0.2490906547975197,-0.9425392597054306,-1.2708291634064828,0.8650420589847486
1.642999398592761,-1.3770865333652296,0.5749132470456353,-0.6446265061202257,-1.6441465692970867,1.784315691360392,0.8650420589847486
-0.7932393300441917,1.8585000705185708,-1.4198882996330806,0.8528911969411683,-0.9425392597054306,-1.2708291634064828,0.8650420589847486
2.9964653589466232,-1.690207817612049,1.8744727303145934,-0.6950693373617853,-1.6441465692970867,-0.4376078393791533,0.8650420589847486
-0.25185294590264645,0.7103886949468996,-0.6706776104965375,0.2456679085278146,1.1622826690695374,0.11787304330573296,-1.5166816717001321
-0.5225461379734192,-0.2289751577935585,0.556267763732735,-0.5565517214127405,1.1622826690695374,0.11787304330573296,-1.5166816717001321
-0.25185294590264645,-1.5858340561964426,0.8388668592438998,-0.7771082277326735,1.1622826690695374,0.3956134846481761,0.8650420589847486
-0.7932393300441917,-1.5858340561964426,1.6615011170250296,-0.8070413363815111,0.4606753594778814,1.5065752500179488,0.8650420589847486
-0.7932393300441917,-0.020227634962345597,-0.49831853945288673,-0.4961927780467717,1.1622826690695374,0.3956134846481761,0.8650420589847486
3.5378517430881686,1.232257502024932,-0.9392646811228582,4.33073655923317,-1.6441465692970867,-0.4376078393791533,0.8650420589847486
-1.063932522114964,0.6060149335312932,-0.9970154370725446,0.004355316581012672,-0.9425392597054306,-0.9930887220640396,0.8650420589847486
0.28953343823889843,-0.9595914877028038,-0.5710163856930792,-0.5899339125396335,1.1622826690695374,0.3956134846481761,0.8650420589847486
-0.7932393300441917,-0.020227634962345597,-0.062354761213084024,-0.5739819060786274,-0.9425392597054306,-1.2708291634064828,0.8650420589847486
-0.5225461379734192,0.8147624563625061,-0.5878336067949091,-0.18854693915594076,-0.9425392597054306,-1.2708291634064828,0.8650420589847486
-1.063932522114964,-1.4814602947808362,-0.3480800455431782,-0.682689594895908,-0.9425392597054306,-0.9930887220640396,0.8650420589847486
0.28953343823889843,1.232257502024932,-1.1453558877707604,1.1443386663368462,-0.9425392597054306,-0.15986739803671018,-1.5166816717001321
-1.063932522114964,0.18851988786886734,-0.3135384503340255,-0.5134381904370485,1.1622826690695374,0.3956134846481761,0.8650420589847486
4.349931319300485,-2.0033291018588684,2.523170866442523,-0.7576455480350754,-1.6441465692970867,-0.4376078393791533,0.8650420589847486
0.28953343823889843,-0.43772268062477143,0.22038389629892582,-0.4978557285272627,-0.9425392597054306,-0.15986739803671018,-1.5166816717001321
-0.7932393300441917,-1.7945815790276554,0.5601894559564813,-0.7862236599961056,-0.9425392597054306,-1.2708291634064828,0.8650420589847486
-0.7932393300441917,-1.898955340443262,-0.5882243803972753,-0.7189049609154893,-0.9425392597054306,-1.2708291634064828,-0.32581980635769175
-0.5225461379734192,-1.1683390105340168,1.1801099075101593,-0.7480373897033498,1.1622826690695374,-0.7153482807215965,-0.32581980635769175
-0.5225461379734192,0.7103886949468996,0.11452611865794676,-0.20068031858767124,-0.9425392597054306,-0.15986739803671018,-1.5166816717001321
-1.063932522114964,-0.020227634962345597,-0.2896873043896045,-0.5588305794785985,1.1622826690695374,0.3956134846481761,0.8650420589847486
0.8309198223804434,-1.690207817612049,1.5517774719606423,-0.7587541816887361,-1.6441465692970867,1.2288348086755054,-1.5166816717001321
-1.063932522114964,-0.7508439648715909,0.5821704710895784,-0.6583612452739104,-0.9425392597054306,-0.9930887220640396,-0.32581980635769175
0.018840246168125976,-0.8552177262871973,0.5677118478020301,-0.5548887709322495,0.4606753594778814,0.9510943673330624,-0.32581980635769175
4.349931319300485,-1.3770865333652296,1.1963270120083556,-0.5238470286297513,-1.6441465692970867,-0.4376078393791533,0.8650420589847486
0.28953343823889843,-0.2289751577935585,-0.2694229018669016,-0.29750099100736815,1.1622826690695374,0.11787304330573296,-1.5166816717001321
-0.7932393300441917,-1.1683390105340168,0.41920392270280027,-0.7476678451521296,-0.9425392597054306,-1.2708291634064828,0.8650420589847486
2.9964653589466232,1.1278837406093254,-1.1529899292169852,4.210326626293916,-1.6441465692970867,-0.4376078393791533,0.8650420589847486
0.018840246168125976,0.7103886949468996,-0.7130346777530137,0.27892691813763415,1.1622826690695374,0.11787304330573296,0.8650420589847486
0.018840246168125976,-0.2289751577935585,-0.5928717950254159,-0.2900485092244271,-0.9425392597054306,-0.9930887220640396,0.8650420589847486
-0.25185294590264645,0.39726741070008026,-0.4528911081778193,-0.23215319619992641,1.1622826690695374,-0.7153482807215965,0.8650420589847486
0.28953343823889843,-0.43772268062477143,-0.33980401889306605,-0.34658882556112036,-1.6441465692970867,1.784315691360392,0.8650420589847486
0.018840246168125976,-1.2727127719496232,0.07309016060704804,-0.5949227639811064,0.4606753594778814,0.6733539259906193,-0.32581980635769175
-0.5225461379734192,-1.7945815790276554,0.3189425812957082,-0.7310999311057564,1.1622826690695374,0.11787304330573296,0.8650420589847486
-0.5225461379734192,-0.5420964420403779,0.32818158575165124,-0.6002811599737996,-0.9425392597054306,-0.9930887220640396,0.8650420589847486
3.5378517430881686,-1.3770865333652296,2.73379783811789,-0.7383676406130875,-1.6441465692970867,-0.4376078393791533,0.8650420589847486
0.018840246168125976,-0.9595914877028038,1.7920055440152465,-0.7573375942423919,1.1622826690695374,0.11787304330573296,0.8650420589847486
-1.063932522114964,-0.2289751577935585,0.3201149021028067,-0.5782316684176599,-0.9425392597054306,-0.9930887220640396,-1.5166816717001321
-1.063932522114964,1.1278837406093254,-0.5064270917019849,0.33454337309627685,0.4606753594778814,0.6733539259906193,-0.32581980635769175
-0.5225461379734192,0.7103886949468996,-0.3389945592881647,-0.28801601419271594,1.1622826690695374,0.3956134846481761,0.8650420589847486
-1.063932522114964,-1.0639652491184102,0.9208037099400354,-0.7639893961643558,0.4606753594778814,1.5065752500179488,0.8650420589847486
1.642999398592761,0.7103886949468996,-0.77050630970101,0.7271844587677577,-1.6441465692970867,1.784315691360392,0.8650420589847486
-1.063932522114964,-0.333348919209165,0.0493367080632186,-0.6167258925030992,-0.9425392597054306,-1.2708291634064828,-0.32581980635769175
-0.25185294590264645,-1.3770865333652296,0.8980969724025438,-0.726419033456967,1.1622826690695374,0.11787304330573296,-1.5166816717001321
-0.7932393300441917,-1.3770865333652296,1.3411644564853602,-0.7968788612229551,1.1622826690695374,0.3956134846481761,0.8650420589847486
-0.5225461379734192,0.9191362177781126,-0.8118027057510636,0.1053641605812054,1.1622826690695374,-0.7153482807215965,0.8650420589847486
-0.25185294590264645,1.6497525476873578,-1.3362627487267198,1.8055154592283518,1.1622826690695374,0.11787304330573296,-1.5166816717001321
-0.25185294590264645,1.6497525476873578,-1.3793455383875903,0.8891681537192864,1.1622826690695374,0.3956134846481761,0.8650420589847486
-0.5225461379734192,-0.9595914877028038,0.6040956614223376,-0.7368278716496699,-0.9425392597054306,-1.2708291634064828,0.8650420589847486
-1.063932522114964,-0.43772268062477143,0.7731471130459604,-0.7262958519398937,1.1622826690695374,0.3956134846481761,0.8650420589847486
-0.25185294590264645,1.023509979193719,-0.5554552225988549,-0.03389254447027982,1.1622826690695374,0.3956134846481761,0.8650420589847486
-0.7932393300441917,-1.4814602947808362,0.8924865799685724,-0.7862236599961056,-0.9425392597054306,-1.2708291634064828,0.8650420589847486
-0.5225461379734192,-0.8552177262871973,0.4748612486398107,-0.6523869416958502,-0.9425392597054306,-0.9930887220640396,-1.5166816717001321
1.642999398592761,0.08414612645326086,-0.3624549316302195,0.4560619396891916,-0.24093195011377463,-1.548569604748926,-1.5166816717001321
0.018840246168125976,-1.1683390105340168,1.7791658399375008,-0.7685471122960719,-0.9425392597054306,-0.15986739803671018,-1.5166816717001321
-0.5225461379734192,-1.5858340561964426,1.308730247488968,-0.7893647886814774,1.1622826690695374,-0.7153482807215965,0.8650420589847486
-0.25185294590264645,1.023509979193719,-1.025458172844768,0.1606726617471646,1.1622826690695374,0.3956134846481761,0.8650420589847486
0.018840246168125976,-0.020227634962345597,-0.02908318021162139,-0.35034586183185923,-0.9425392597054306,-0.15986739803671018,-1.5166816717001321
-0.5225461379734192,1.4410050248561448,-1.0871306210182008,0.9388103050998688,-0.9425392597054306,-0.9930887220640396,0.8650420589847486
-0.5225461379734192,0.5016411721156867,-0.322651848989208,0.007619626783457925,0.4606753594778814,0.6733539259906193,-0.32581980635769175
-1.063932522114964,0.6060149335312932,-0.44446156332677755,-0.3932746205319412,-0.9425392597054306,-1.2708291634064828,0.8650420589847486
0.28953343823889843,0.08414612645326086,-0.3779602699241058,-0.20739371126817185,-0.9425392597054306,-0.15986739803671018,0.8650420589847486
-0.25185294590264645,0.08414612645326086,-0.7430823765349555,-0.08987854398014274,1.1622826690695374,0.11787304330573296,-1.5166816717001321
-0.5225461379734192,0.6060149335312932,-0.8428831633392588,0.32610543917674856,0.4606753594778814,0.6733539259906193,-0.32581980635769175
-0.5225461379734192,1.232257502024932,-0.6986039668656343,0.7916699829556857,0.4606753594778814,0.6733539259906193,-0.32581980635769175
-0.5225461379734192,-0.6464702034559844,0.6041793986228446,-0.6823816411032245,1.1622826690695374,-0.7153482807215965,0.8650420589847486
0.28953343823889843,-1.690207817612049,1.770289696683755,-0.7901038777839179,-0.9425392597054306,-0.9930887220640396,0.8650420589847486
0.8309198223804434,1.1278837406093254,-0.5010399984693654,0.851905744804581,-1.6441465692970867,1.2288348086755054,0.8650420589847486
-1.063932522114964,-1.4814602947808362,1.675024674906916,-0.8129540492010346,1.1622826690695374,0.3956134846481761,0.8650420589847486
0.28953343823889843,-1.0639652491184102,1.148694501119936,-0.7198288222935398,-0.9425392597054306,-0.15986739803671018,0.8650420589847486
-0.7932393300441917,-0.333348919209165,0.5541324651198056,-0.6854611790300597,1.1622826690695374,0.3956134846481761,0.8650420589847486
0.8309198223804434,1.1278837406093254,-1.1016590253061715,1.2789760644980788,-1.6441465692970867,1.784315691360392,0.8650420589847486
0.28953343823889843,-0.020227634962345597,-0.20449865907377904,-0.27224878000732,-0.9425392597054306,-0.15986739803671018,-1.5166816717001321
-0.7932393300441917,0.5016411721156867,-0.3456237543283051,-0.4045457293441578,-0.9425392597054306,-1.2708291634064828,0.8650420589847486
-0.5225461379734192,0.18851988786886734,-0.9476663135737309,0.09390827949337867,0.4606753594778814,0.6733539259906193,-0.32581980635769175
-1.063932522114964,0.6060149335312932,0.13996827141200147,-0.36303355809042004,-0.9425392597054306,-0.9930887220640396,0.8650420589847486
-1.063932522114964,-1.3770865333652296,0.9423660390705973,-0.7880097919936699,1.1622826690695374,0.3956134846481761,0.8650420589847486
-0.25185294590264645,0.39726741070008026,-0.13330808244271322,-0.4075020857539195,1.1622826690695374,0.3956134846481761,0.8650420589847486
-0.5225461379734192,0.39726741070008026,-0.6324934470653287,0.08423853040311631,0.4606753594778814,0.6733539259906193,-0.32581980635769175
0.5602266303096711,-1.1683390105340168,1.1458334801026124,-0.6616255554763556,0.4606753594778814,0.9510943673330624,-0.32581980635769175
0.5602266303096711,-0.020227634962345597,-0.9525091150030545,0.06945674835430762,-1.6441465692970867,1.784315691360392,0.8650420589847486
1.642999398592761,-0.020227634962345597,-0.15473084957243016,-0.04436297342151931,-1.6441465692970867,1.2288348086755054,-1.5166816717001321
-0.5225461379734192,-1.2727127719496232,1.1624553144032592,-0.75419646555702,-0.9425392597054306,-0.9930887220640396,0.8650420589847486
0.018840246168125976,-1.0639652491184102,0.6021976182108447,-0.5967088959786708,0.4606753594778814,0.9510943673330624,-0.32581980635769175
-0.7932393300441917,-0.333348919209165,-0.26319843662921183,-0.5014895832809281,0.4606753594778814,1.5065752500179488,-0.32581980635769175
0.8309198223804434,0.08414612645326086,0.7242306317497664,-0.42425477207590273,-1.6441465692970867,1.784315691360392,0.8650420589847486
-0.5225461379734192,0.6060149335312932,0.23986675161689638,-0.47383533269794853,-0.9425392597054306,-1.2708291634064828,0.8650420589847486
0.28953343823889843,-0.8552177262871973,2.243125755546823,-0.7970636334985652,1.1622826690695374,0.3956134846481761,0.8650420589847486
-1.063932522114964,0.8147624563625061,-0.9163765129842681,-0.09720784424601038,0.4606753594778814,1.5065752500179488,0.8650420589847486
0.018840246168125976,0.18851988786886734,0.3035349364024134,-0.3749821652465404,-0.9425392597054306,-0.15986739803671018,-1.5166816717001321
0.28953343823889843,0.39726741070008026,-0.05971703939711236,0.13227932206174456,0.4606753594778814,0.9510943673330624,-0.32581980635769175
1.642999398592761,1.023509979193719,-0.9192375340015919,1.209070553558921,-1.6441465692970867,1.784315691360392,0.8650420589847486
0.28953343823889843,-1.2727127719496232,1.8382563910952998,-0.7683623400204618,1.1622826690695374,0.11787304330573296,-1.5166816717001321
0.8309198223804434,1.1278837406093254,-0.9132084555650852,1.3206114172688899,0.4606753594778814,0.9510943673330624,0.8650420589847486
-0.25185294590264645,-0.7508439648715909,0.5201491179140332,-0.6739437071836962,1.1622826690695374,-0.7153482807215965,0.8650420589847486
0.018840246168125976,0.08414612645326086,-0.9100124857457333,0.3072586670645175,0.4606753594778814,0.9510943673330624,-0.32581980635769175
-0.7932393300441917,-0.333348919209165,-0.07017023326040746,-0.6228233775982328,-0.9425392597054306,-1.2708291634064828,0.8650420589847486
0.018840246168125976,-0.6464702034559844,2.030503047259372,-0.7683623400204618,1.1622826690695374,-0.7153482807215965,-1.5166816717001321
-0.7932393300441917,-0.43772268062477143,0.4117652680577585,-0.6744980240105265,1.1622826690695374,0.3956134846481761,-1.5166816717001321
1.642999398592761,0.5016411721156867,-0.5931927876273595,0.48396255330631804,-1.6441465692970867,1.2288348086755054,0.8650420589847486
0.28953343823889843,-2.0033291018588684,0.26843509318988046,-0.722908360220375,-0.9425392597054306,-0.15986739803671018,-1.5166816717001321
0.8309198223804434,1.232257502024932,-1.2664677921041045,1.5836655469791479,-1.6441465692970867,1.784315691360392,0.8650420589847486
4.349931319300485,-1.0639652491184102,1.4412583234914382,-0.509188428098016,-1.6441465692970867,-0.4376078393791533,0.8650420589847486
-0.7932393300441917,0.08414612645326086,0.18073433185884388,-0.5356108635102615,1.1622826690695374,-0.7153482807215965,0.8650420589847486
0.28953343823889843,-0.43772268062477143,0.28888092631368195,-0.6074872787225938,1.1622826690695374,0.3956134846481761,-1.5166816717001321
0.5602266303096711,-0.6464702034559844,1.3173551791411928,-0.6144470344372412,0.4606753594778814,0.9510943673330624,-0.32581980635769175
1.642999398592761,-1.4814602947808362,0.3392628086187491,-0.607425687964057,-1.6441465692970867,1.2288348086755054,-1.5166816717001321
-0.7932393300441917,-1.3770865333652296,0.07720723963197736,-0.7386755944057709,1.1622826690695374,0.3956134846481761,0.8650420589847486
0.5602266303096711,1.8585000705185708,-1.4983640127082585,7.248721926426542,-0.24093195011377463,-1.826310046091369,0.8650420589847486
-0.5225461379734192,1.1278837406093254,-0.9951313500611363,0.6982368022555073,1.1622826690695374,0.11787304330573296,-1.5166816717001321
-0.5225461379734192,-0.333348919209165,0.4080668750353644,-0.6567598855519561,1.1622826690695374,0.3956134846481761,0.8650420589847486
0.018840246168125976,1.4410050248561448,-1.3071640715505244,1.457034947427687,-0.9425392597054306,-0.15986739803671018,-1.5166816717001321
-0.25185294590264645,0.18851988786886734,0.3996931549846607,-0.40208209900268965,1.1622826690695374,0.11787304330573296,-1.5166816717001321
0.018840246168125976,1.8585000705185708,-1.4726427359525138,2.2332632772657535,-0.9425392597054306,-0.9930887220640396,0.8650420589847486
0.5602266303096711,-1.7945815790276554,0.8105357730723524,-0.6007738860420931,-0.24093195011377463,-1.826310046091369,0.8650420589847486
-0.5225461379734192,-0.9595914877028038,1.5415057086984458,-0.7844991187570779,1.1622826690695374,0.3956134846481761,0.8650420589847486
1.642999398592761,-0.9595914877028038,1.10181562503608,-0.6354494830982569,-1.6441465692970867,1.2288348086755054,-1.5166816717001321
3.5378517430881686,-0.12460139637795206,0.24886850067140284,0.34716947859630093,-1.6441465692970867,-0.4376078393791533,0.8650420589847486
-0.7932393300441917,-1.5858340561964426,0.9361973986332456,-0.7793870857985316,1.1622826690695374,-0.7153482807215965,0.8650420589847486
-1.063932522114964,-0.8552177262871973,1.291996763587645,-0.7823434422082933,-0.9425392597054306,-1.2708291634064828,0.8650420589847486
0.5602266303096711,-0.7508439648715909,-0.26836223066047915,-0.29719303721468465,0.4606753594778814,0.9510943673330624,-0.32581980635769175
-0.5225461379734192,1.6497525476873578,-1.2929566598644973,1.9177954120407612,0.4606753594778814,0.6733539259906193,-0.32581980635769175
-0.5225461379734192,1.232257502024932,-1.191341567049208,1.185850837590584,0.4606753594778814,0.6733539259906193,-0.32581980635769175
-0.25185294590264645,0.9191362177781126,-0.8039732775036557,0.167632417461812,1.1622826690695374,-0.7153482807215965,0.8650420589847486
0.018840246168125976,0.7103886949468996,-0.8667622216838488,0.17028082007889025,1.1622826690695374,-0.7153482807215965,-1.5166816717001321
0.28953343823889843,-0.7508439648715909,-0.0017569404461583737,-0.6277506382811691,1.1622826690695374,0.3956134846481761,0.8650420589847486
0.28953343823889843,1.6497525476873578,-1.2765581247652025,1.9203822238993027,-0.9425392597054306,-0.9930887220640396,-1.5166816717001321
-0.25185294590264645,0.2928936492844738,-0.3447305575228967,-0.3882241783319315,1.1622826690695374,0.3956134846481761,0.8650420589847486
-1.063932522114964,0.08414612645326086,0.46263561736578335,-0.48769325336870667,0.4606753594778814,0.6733539259906193,-0.32581980635769175
-0.5225461379734192,-0.7508439648715909,1.0156360895142547,-0.7213070004984207,1.1622826690695374,-0.7153482807215965,-1.5166816717001321
0.018840246168125976,-0.43772268062477143,0.12020629209234077,-0.42733431000273786,0.4606753594778814,0.6733539259906193,-0.32581980635769175
0.8309198223804434,1.3366312634405384,-1.1047991703251854,2.095053615109392,-0.24093195011377463,-2.1040504874338124,0.8650420589847486
-0.25185294590264645,-0.43772268062477143,0.7421643488583568,-0.6910043472983629,1.1622826690695374,0.3956134846481761,0.8650420589847486
0.28953343823889843,0.7103886949468996,-0.1948549248153853,-0.22648684641454975,1.1622826690695374,0.3956134846481761,0.8650420589847486
-0.5225461379734192,-0.7508439648715909,-0.8796577505619325,-0.36937740621970044,-0.9425392597054306,-0.15986739803671018,-0.32581980635769175
0.28953343823889843,-0.6464702034559844,-0.4269325760206379,-0.3541028981025981,-0.9425392597054306,-0.15986739803671018,-0.32581980635769175
-0.5225461379734192,-1.3770865333652296,1.5391331546840799,-0.79940408232296,1.1622826690695374,0.3956134846481761,0.8650420589847486
-0.7932393300441917,-1.2727127719496232,1.9718730507043616,-0.8128308676839612,-0.9425392597054306,-1.2708291634064828,0.8650420589847486
0.018840246168125976,0.9191362177781126,-0.4803569099441274,0.2523813012083152,-0.9425392597054306,-0.9930887220640396,0.8650420589847486
-0.5225461379734192,-0.2289751577935585,0.6228667505359984,-0.6677230405714892,1.1622826690695374,0.3956134846481761,0.8650420589847486
0.018840246168125976,1.023509979193719,-0.9317004206770558,0.676125719940831,-0.9425392597054306,-0.9930887220640396,-1.5166816717001321
-1.063932522114964,0.7103886949468996,-1.1313019942856626,-0.1830653616461742,-0.9425392597054306,-1.2708291634064828,0.8650420589847486
3.5378517430881686,-1.2727127719496232,1.535364980661263,-0.5863000577859679,-1.6441465692970867,-0.4376078393791533,0.8650420589847486
-0.25185294590264645,-1.1683390105340168,0.8157553919039576,-0.7540116932814099,1.1622826690695374,0.3956134846481761,0.8650420589847486
-0.25185294590264645,-0.9595914877028038,-0.09702196222299728,-0.6326778989641053,1.1622826690695374,-0.7153482807215965,0.8650420589847486
0.28953343823889843,-0.43772268062477143,-0.9516717429979842,-0.21675550656575068,-0.9425392597054306,-0.15986739803671018,-1.5166816717001321
-0.5225461379734192,-0.020227634962345597,0.5952055619685072,-0.599357298595749,1.1622826690695374,-0.7153482807215965,0.8650420589847486
3.5378517430881686,0.08414612645326086,0.08371082887135721,0.6491489677017552,-1.6441465692970867,-0.4376078393791533,0.8650420589847486
-1.063932522114964,-0.2289751577935585,0.31316471446072264,-0.5266186127639029,0.4606753594778814,0.6733539259906193,-0.32581980635769175
-0.5225461379734192,0.5016411721156867,-0.5756358879210508,0.12180889311050508,0.4606753594778814,0.6733539259906193,-0.32581980635769175
0.28953343823889843,-1.1683390105340168,-0.30407614667673033,-0.5571060382395708,-0.9425392597054306,-0.15986739803671018,-1.5166816717001321
1.1016130144512162,-0.333348919209165,-0.07347785268043541,0.28736485205716245,-0.24093195011377463,-1.826310046091369,0.8650420589847486
-1.063932522114964,-1.3770865333652296,1.281348182923167,-0.7623264456838649,0.4606753594778814,0.6733539259906193,-0.32581980635769175
-0.5225461379734192,-0.7508439648715909,-0.37858829892790863,-0.5179959065687645,-0.9425392597054306,-0.15986739803671018,-1.5166816717001321
0.8309198223804434,-0.7508439648715909,0.8235987763514501,-0.537581767783436,0.4606753594778814,0.9510943673330624,-0.32581980635769175
-1.063932522114964,-0.12460139637795206,0.4102161298483783,-0.5230463487687741,0.4606753594778814,0.6733539259906193,-0.32581980635769175
-0.5225461379734192,-0.6464702034559844,-0.19182642939704747,-0.5527946851420016,0.4606753594778814,1.5065752500179488,-0.32581980635769175
3.5378517430881686,1.7541263091029642,-1.3749353791608863,7.796818086644661,-1.6441465692970867,-0.4376078393791533,0.8650420589847486
0.28953343823889843,-0.8552177262871973,-0.6629877442499746,-0.559754440856649,1.1622826690695374,0.3956134846481761,0.8650420589847486
0.018840246168125976,1.6497525476873578,-1.3794432317881817,1.3387806910372173,1.1622826690695374,-0.7153482807215965,0.8650420589847486
-1.063932522114964,1.232257502024932,-1.3127884201845805,0.5397637805405708,0.4606753594778814,1.5065752500179488,-0.32581980635769175
-0.25185294590264645,-1.3770865333652296,3.0825911906298673,-0.8211456200864161,-0.9425392597054306,-0.15986739803671018,-1.5166816717001321
-0.5225461379734192,-1.5858340561964426,1.5645334388378809,-0.7982954486692994,1.1622826690695374,-0.7153482807215965,0.8650420589847486
-0.7932393300441917,-1.2727127719496232,0.42230219912156064,-0.7518560167326254,1.1622826690695374,0.3956134846481761,0.8650420589847486
-0.25185294590264645,-0.8552177262871973,0.5441119134591302,-0.6377899319226517,1.1622826690695374,0.11787304330573296,-1.5166816717001321
0.018840246168125976,-0.9595914877028038,0.49035263073361257,-0.6039766054860017,0.4606753594778814,0.6733539259906193,-0.32581980635769175
-0.5225461379734192,0.9191362177781126,-0.47332298510153625,0.35677763692802655,0.4606753594778814,0.6733539259906193,-0.32581980635769175
-0.5225461379734192,1.4410050248561448,-1.2088286857550943,0.9522986812194068,0.4606753594778814,1.5065752500179488,-0.32581980635769175
0.28953343823889843,1.5453787862717514,-1.3496607008078456,1.808964541706407,1.1622826690695374,0.11787304330573296,0.8650420589847486
-1.063932522114964,0.2928936492844738,0.6220014661307589,-0.4730962435955081,0.4606753594778814,0.6733539259906193,-0.32581980635769175
-1.063932522114964,0.18851988786886734,0.3258509003375387,-0.5135613719541219,-0.9425392597054306,-0.9930887220640396,0.8650420589847486
-1.063932522114964,1.1278837406093254,-1.361886332081873,0.8722922858802298,0.4606753594778814,0.6733539259906193,-0.32581980635769175
0.28953343823889843,0.9191362177781126,-1.1259707258533813,0.8615139031363067,1.1622826690695374,0.11787304330573296,-1.5166816717001321
-0.25185294590264645,0.18851988786886734,-0.2490049811432691,-0.24582634459507444,-0.9425392597054306,-0.15986739803671018,-1.5166816717001321
0.5602266303096711,-0.7508439648715909,-0.51588939535928,0.15488313044471452,-0.24093195011377463,-1.826310046091369,0.8650420589847486
0.018840246168125976,1.232257502024932,-0.9778814867566866,1.2603756554199945,0.4606753594778814,0.6733539259906193,-0.32581980635769175
0.018840246168125976,1.5453787862717514,-1.217537354607826,1.0715383897464634,1.1622826690695374,-0.7153482807215965,0.8650420589847486
-0.5225461379734192,-1.690207817612049,0.3703851348071978,-0.7320853832423437,-0.9425392597054306,-0.9930887220640396,0.8650420589847486
-0.7932393300441917,1.5453787862717514,-1.0521842960065972,0.9083228796242009,1.1622826690695374,-0.7153482807215965,-0.32581980635769175
-0.7932393300441917,1.8585000705185708,-1.4979732391058924,0.9031492559071179,-0.9425392597054306,-1.2708291634064828,0.8650420589847486
0.28953343823889843,-0.2289751577935585,0.08521809848048388,-0.2407143116365281,0.4606753594778814,0.9510943673330624,-0.32581980635769175
-0.25185294590264645,-0.2289751577935585,0.7612006057736231,-0.6374203873714314,1.1622826690695374,-0.7153482807215965,0.8650420589847486
-0.5225461379734192,-0.2289751577935585,0.7394568460419626,-0.6842293638593255,-0.9425392597054306,-1.2708291634064828,0.8650420589847486
-0.7932393300441917,-1.3770865333652296,0.9756515762721445,-0.7714418779472969,1.1622826690695374,-0.7153482807215965,0.8650420589847486
0.28953343823889843,0.39726741070008026,-0.06589963603454858,0.04851589045182864,-0.24093195011377463,-2.1040504874338124,0.8650420589847486
0.018840246168125976,-0.7508439648715909,-0.19559460341986412,-0.5729964539420401,1.1622826690695374,-0.7153482807215965,0.8650420589847486
0.018840246168125976,-1.3770865333652296,1.5320713174413196,-0.7820970791741465,1.1622826690695374,-0.7153482807215965,0.8650420589847486
-1.063932522114964,0.9191362177781126,-0.42421111700415914,-0.2980553078341985,-0.9425392597054306,-1.2708291634064828,0.8650420589847486
-1.063932522114964,-2.1077028632744748,0.8705753458358978,-0.806856564105901,1.1622826690695374,0.3956134846481761,-1.5166816717001321
3.5378517430881686,0.6060149335312932,-0.7300751980561957,2.3109292237805357,-1.6441465692970867,-0.4376078393791533,0.8650420589847486
-0.25185294590264645,0.18851988786886734,0.23205127956957294,-0.4017125544514695,-0.9425392597054306,-0.9930887220640396,0.8650420589847486
-0.5225461379734192,1.3366312634405384,-1.3148958063973408,1.0594666010732696,-0.9425392597054306,-0.15986739803671018,-1.5166816717001321
-0.5225461379734192,1.4410050248561448,-1.2644860116921046,0.4768180253160605,-0.9425392597054306,-1.2708291634064828,0.8650420589847486
-0.25185294590264645,0.7103886949468996,-0.5402010959064897,0.12464206800319341,-0.9425392597054306,-0.15986739803671018,-1.5166816717001321
-0.25185294590264645,-1.3770865333652296,2.486856833822638,-0.8069797456229745,-0.9425392597054306,-0.9930887220640396,-1.5166816717001321
-0.7932393300441917,0.8147624563625061,-0.07160772186911159,-0.2471813412828819,1.1622826690695374,-0.7153482807215965,-1.5166816717001321
0.018840246168125976,-0.12460139637795206,0.6747698586502766,-0.5511317346615107,-0.9425392597054306,-0.15986739803671018,0.8650420589847486
