Engine size,Year of manufacture,Mileage,Manufacturer_Ford,Manufacturer_Porsche,Manufacturer_Toyota,Manufacturer_VW,Model_911,Model_Cayenne,Model_Fiesta,Model_Focus,Model_Golf,Model_M5,Model_Mondeo,Model_Passat,Model_Polo,Model_Prius,Model_RAV4,Model_X3,Model_Yaris,Model_Z4,Fuel type_Hybrid,Fuel type_Petrol,Price
1.0,2002,127300,True,False,False,False,False,False,True,False,False,False,False,False,False,False,False,False,False,False,False,True,3074
4.0,2016,57850,False,True,False,False,False,False,False,False,False,False,False,False,False,False,False,False,False,False,False,True,49704
1.6,2014,39190,True,False,False,False,False,False,False,False,False,False,True,False,False,False,False,False,False,False,False,False,24072
1.8,1988,210814,False,False,True,False,False,False,False,False,False,False,False,False,False,False,True,False,False,False,True,False,1705
1.0,2006,127869,False,False,False,True,False,False,False,False,False,False,False,False,True,False,False,False,False,False,False,True,4101
1.4,2018,33603,True,False,False,False,False,False,False,True,False,False,False,False,False,False,False,False,False,False,False,True,29204
1.8,2010,86686,True,False,False,False,False,False,False,False,False,False,True,False,False,False,False,False,False,False,False,False,14350
1.4,2015,30663,False,False,True,False,False,False,False,False,False,False,False,False,False,True,False,False,False,False,True,False,30297
1.2,2012,73470,False,False,False,True,False,False,False,False,False,False,False,False,True,False,False,False,False,False,False,True,9977
2.0,1992,262514,True,False,False,False,False,False,False,True,False,False,False,False,False,False,False,False,False,False,False,False,1049
2.0,2014,83047,False,False,False,True,False,False,False,False,True,False,False,False,False,False,False,False,False,False,False,False,17173
2.0,1990,293666,False,False,False,False,False,False,False,False,False,False,False,False,False,False,False,False,False,True,False,True,719
1.2,2007,92697,False,False,False,True,False,False,False,False,True,False,False,False,False,False,False,False,False,False,False,False,7792
2.2,2007,79393,False,False,True,False,False,False,False,False,False,False,False,False,False,False,True,False,False,False,False,True,16026
1.4,1998,97286,False,False,True,False,False,False,False,False,False,False,False,False,False,False,False,False,True,False,False,True,4046
1.6,1989,222390,False,False,False,True,False,False,False,False,True,False,False,False,False,False,False,False,False,False,False,False,933
2.4,2003,117425,False,False,True,False,False,False,False,False,False,False,False,False,False,False,True,False,False,False,True,False,11667
1.2,1992,245990,False,False,True,False,False,False,False,False,False,False,False,False,False,False,False,False,True,False,False,True,720
2.0,2018,28381,False,False,True,False,False,False,False,False,False,False,False,False,False,False,True,False,False,False,True,False,52671
1.2,1998,155038,False,False,False,True,False,False,False,False,False,False,False,False,True,False,False,False,False,False,False,True,2118
1.2,1987,121744,False,False,False,True,False,False,False,False,True,False,False,False,False,False,False,False,False,False,True,False,1890
1.6,1996,77584,True,False,False,False,False,False,False,False,False,False,True,False,False,False,False,False,False,False,False,False,5667
1.0,2003,115291,False,False,True,False,False,False,False,False,False,False,False,False,False,True,False,False,False,False,True,False,6512
1.0,1990,238571,False,False,True,False,False,False,False,False,False,False,False,False,False,True,False,False,False,False,True,False,961
2.6,2009,66273,False,True,False,False,True,False,False,False,False,False,False,False,False,False,False,False,False,False,False,True,41963
1.8,2017,31958,False,False,True,False,False,False,False,False,False,False,False,False,False,True,False,False,False,False,True,False,38961
3.5,2005,151556,False,True,False,False,True,False,False,False,False,False,False,False,False,False,False,False,False,False,False,True,19747
1.2,2002,179097,False,False,True,False,False,False,False,False,False,False,False,False,False,False,False,False,True,False,False,True,2548
2.0,2020,18985,False,False,False,True,False,False,False,False,True,False,False,False,False,False,False,False,False,False,False,True,36387
1.8,2002,66990,False,False,True,False,False,False,False,False,False,False,False,False,False,False,True,False,False,False,True,False,13553
1.0,2010,85131,True,False,False,False,False,False,False,True,False,False,False,False,False,False,False,False,False,False,True,False,12472
1.0,2001,144731,True,False,False,False,False,False,True,False,False,False,False,False,False,False,False,False,False,False,False,True,2503
2.0,2008,97001,False,False,False,True,False,False,False,False,False,False,False,False,True,False,False,False,False,False,False,False,8784
1.6,2016,52409,False,False,False,True,False,False,False,False,False,False,False,False,True,False,False,False,False,False,False,True,17257
1.4,2010,112714,True,False,False,False,False,False,True,False,False,False,False,False,False,False,False,False,False,False,False,True,6936
2.0,1992,198540,False,False,False,True,False,False,False,False,False,False,False,True,False,False,False,False,False,False,False,False,1964
1.8,1989,213162,False,False,False,True,False,False,False,False,False,False,False,True,False,False,False,False,False,False,False,False,1340
2.2,2005,133174,False,False,False,False,False,False,False,False,False,False,False,False,False,False,False,False,False,True,False,True,8511
1.6,2008,129588,False,False,False,True,False,False,False,False,False,False,False,False,True,False,False,False,False,False,False,True,5848
2.0,1990,148586,False,False,False,False,False,False,False,False,False,False,False,False,False,False,False,False,False,True,False,True,2637
2.0,1995,91173,True,False,False,False,False,False,False,True,False,False,False,False,False,False,False,False,False,False,False,True,5181
4.0,2017,22759,False,False,False,False,False,False,False,False,False,True,False,False,False,False,False,False,False,False,False,True,97758
1.4,1990,261526,False,False,False,True,False,False,False,False,False,False,False,False,True,False,False,False,False,False,False,True,522
1.4,1995,235594,False,False,False,True,False,False,False,False,False,False,False,True,False,False,False,False,False,False,False,False,1439
2.0,1995,42759,False,False,False,False,False,False,False,False,False,False,False,False,False,False,False,False,False,True,False,True,7873
1.8,2005,103352,False,False,False,True,False,False,False,False,False,False,False,True,False,False,False,False,False,False,False,False,9633
1.6,2003,63372,False,False,False,True,False,False,False,False,False,False,False,True,False,False,False,False,False,False,False,True,10001
1.0,2009,51787,False,False,True,False,False,False,False,False,False,False,False,False,False,False,False,False,True,False,False,True,9689
1.4,2014,41495,True,False,False,False,False,False,True,False,False,False,False,False,False,False,False,False,False,False,False,True,14721
1.4,2010,43111,False,False,True,False,False,False,False,False,False,False,False,False,False,False,False,False,True,False,False,True,12928
1.0,2017,38370,True,False,False,False,False,False,True,False,False,False,False,False,False,False,False,False,False,False,False,False,16257
2.4,2018,24588,False,False,True,False,False,False,False,False,False,False,False,False,False,False,True,False,False,False,False,True,49125
1.0,2000,207339,False,False,False,True,False,False,False,False,False,False,False,False,True,False,False,False,False,False,False,False,1480
1.0,1990,182958,True,False,False,False,False,False,True,False,False,False,False,False,False,False,False,False,False,False,False,True,873
1.6,1994,114647,False,False,False,True,False,False,False,False,False,False,False,True,False,False,False,False,False,False,False,False,4008
1.0,1995,162993,False,False,False,True,False,False,False,False,False,False,False,False,True,False,False,False,False,False,False,True,1482
1.2,2002,139884,False,False,False,True,False,False,False,False,True,False,False,False,False,False,False,False,False,False,False,True,3713
2.6,2015,33693,False,True,False,False,False,True,False,False,False,False,False,False,False,False,False,False,False,False,False,False,54037
2.2,2004,126777,False,False,False,False,False,False,False,False,False,False,False,False,False,False,False,False,False,True,False,True,8373
1.2,2010,51553,True,False,False,False,False,False,True,False,False,False,False,False,False,False,False,False,False,False,False,True,9813
1.0,2010,75821,False,False,True,False,False,False,False,False,False,False,False,False,False,False,False,False,True,False,False,True,8851
1.4,2010,45193,False,False,False,True,False,False,False,False,False,False,False,False,True,False,False,False,False,False,False,False,11881
1.6,1997,87723,False,False,False,True,False,False,False,False,False,False,False,False,True,False,False,False,False,False,False,True,3840
1.8,1993,279656,True,False,False,False,False,False,False,True,False,False,False,False,False,False,False,False,False,False,False,True,863
2.0,2018,25017,False,False,False,True,False,False,False,False,True,False,False,False,False,False,False,False,False,False,True,False,36957
1.2,1996,111771,True,False,False,False,False,False,True,False,False,False,False,False,False,False,False,False,False,False,False,True,2543
1.4,2016,43893,False,False,True,False,False,False,False,False,False,False,False,False,False,True,False,False,False,False,True,False,29946
1.0,2007,118788,False,False,True,False,False,False,False,False,False,False,False,False,False,False,False,False,True,False,False,True,5306
1.4,2016,43130,False,False,True,False,False,False,False,False,False,False,False,False,False,True,False,False,False,False,True,False,30085
1.6,1991,247911,False,False,False,True,False,False,False,False,False,False,False,True,False,False,False,False,False,False,False,False,1052
2.0,1991,272161,True,False,False,False,False,False,False,True,False,False,False,False,False,False,False,False,False,False,False,True,854
1.6,1994,179361,False,False,False,True,False,False,False,False,False,False,False,True,False,False,False,False,False,False,False,False,2371
1.0,2009,66424,True,False,False,False,False,False,True,False,False,False,False,False,False,False,False,False,False,False,False,True,7616
1.8,1999,104544,True,False,False,False,False,False,False,False,False,False,True,False,False,False,False,False,False,False,False,False,6058
1.0,1999,80589,False,False,True,False,False,False,False,False,False,False,False,False,False,False,False,False,True,False,True,False,4937
1.4,2000,128137,True,False,False,False,False,False,False,False,False,False,True,False,False,False,False,False,False,False,False,False,4771
2.0,1992,169078,False,True,False,False,False,False,False,False,False,False,False,False,False,False,False,False,False,False,False,True,3074
1.6,2016,64344,False,False,False,True,False,False,False,False,False,False,False,True,False,False,False,False,False,False,False,True,23641
1.6,1993,176456,False,False,False,True,False,False,False,False,False,False,False,True,False,False,False,False,False,False,False,False,2274
1.4,1985,179526,True,False,False,False,False,False,False,True,False,False,False,False,False,False,False,False,False,False,False,True,1105
1.8,1999,162425,False,False,True,False,False,False,False,False,False,False,False,False,False,False,True,False,False,False,True,False,5396
2.4,2021,14070,False,True,False,False,False,False,False,False,False,False,False,False,False,False,False,False,False,False,False,True,69526
2.4,1993,226492,False,False,False,False,False,False,False,False,False,False,False,False,False,False,False,False,False,True,False,True,1799
1.2,1995,183332,True,False,False,False,False,False,True,False,False,False,False,False,False,False,False,False,False,False,False,True,1330
2.0,1990,118673,False,False,False,True,False,False,False,False,True,False,False,False,False,False,False,False,False,False,False,True,2543
1.0,1993,333629,False,False,True,False,False,False,False,False,False,False,False,False,False,True,False,False,False,False,True,False,478
1.8,1991,155034,False,False,False,True,False,False,False,False,False,False,False,True,False,False,False,False,False,False,False,False,2526
1.2,1990,200892,False,False,True,False,False,False,False,False,False,False,False,False,False,False,False,False,True,False,False,True,947
1.8,2020,22371,True,False,False,False,False,False,False,True,False,False,False,False,False,False,False,False,False,False,False,True,40336
1.6,2015,21834,True,False,False,False,False,False,False,False,False,False,True,False,False,False,False,False,False,False,False,False,28435
1.0,1985,223615,True,False,False,False,False,False,False,True,False,False,False,False,False,False,False,False,False,False,False,True,633
1.6,2007,100798,True,False,False,False,False,False,False,False,False,False,True,False,False,False,False,False,False,False,False,False,10008
2.4,1997,103758,False,False,False,False,False,False,False,False,False,False,False,False,False,False,False,False,False,True,False,True,6532
1.2,1997,156919,True,False,False,False,False,False,True,False,False,False,False,False,False,False,False,False,False,False,False,True,1901
1.0,2008,42621,False,False,True,False,False,False,False,False,False,False,False,False,False,False,False,False,True,False,False,True,9591
1.4,2010,64359,False,False,False,True,False,False,False,False,False,False,False,True,False,False,False,False,False,False,False,False,15563
2.0,2002,180048,True,False,False,False,False,False,False,True,False,False,False,False,False,False,False,False,False,False,False,True,4086
1.6,2005,142689,True,False,False,False,False,False,False,False,False,False,True,False,False,False,False,False,False,False,True,False,7247
1.6,2018,22122,False,False,False,True,False,False,False,False,False,False,False,True,False,False,False,False,False,False,False,False,36634
4.4,1987,226046,False,False,False,False,False,False,False,False,False,True,False,False,False,False,False,False,False,False,False,True,2956
1.4,1987,236315,True,False,False,False,False,False,False,True,False,False,False,False,False,False,False,False,False,False,False,True,763
4.4,2008,109941,False,False,False,False,False,False,False,False,False,True,False,False,False,False,False,False,False,False,False,True,31711
1.0,2009,61615,True,False,False,False,False,False,True,False,False,False,False,False,False,False,False,False,False,False,False,True,7859
1.8,1989,297635,True,False,False,False,False,False,False,True,False,False,False,False,False,False,False,False,False,False,False,False,585
1.8,1995,112413,False,False,True,False,False,False,False,False,False,False,False,False,False,True,False,False,False,False,True,False,5238
1.2,2008,96911,True,False,False,False,False,False,True,False,False,False,False,False,False,False,False,False,False,False,False,True,6318
1.6,1990,223561,False,False,False,True,False,False,False,False,False,False,False,True,False,False,False,False,False,False,False,False,1229
1.4,2020,21413,False,False,False,True,False,False,False,False,False,False,False,True,False,False,False,False,False,False,False,False,39310
2.2,2018,32319,False,False,False,False,False,False,False,False,False,False,False,False,False,False,False,False,False,True,False,True,40706
2.4,2021,6829,False,False,True,False,False,False,False,False,False,False,False,False,False,False,True,False,False,False,False,True,66031
1.6,2010,108111,False,False,False,True,False,False,False,False,False,False,False,False,True,False,False,False,False,False,False,True,7878
1.6,1998,137896,True,False,False,False,False,False,False,False,False,False,True,False,False,False,False,False,False,False,False,False,4132
1.6,2013,66163,True,False,False,False,False,False,False,True,False,False,False,False,False,False,False,False,False,False,False,True,18269
1.6,2010,66410,False,False,False,True,False,False,False,False,False,False,False,True,False,False,False,False,False,False,False,False,16414
2.2,2014,61332,False,False,False,False,False,False,False,False,False,False,False,False,False,False,False,False,False,True,False,True,26084
2.4,2016,34379,False,False,True,False,False,False,False,False,False,False,False,False,False,False,True,False,False,False,False,True,40646
3.5,2003,107705,False,True,False,False,True,False,False,False,False,False,False,False,False,False,False,False,False,False,False,True,24378
1.8,2014,28530,False,False,False,True,False,False,False,False,True,False,False,False,False,False,False,False,False,False,False,False,23034
1.6,2015,57933,False,False,False,True,False,False,False,False,False,False,False,True,False,False,False,False,False,False,False,False,24207
2.4,1997,146910,False,False,False,False,False,False,False,False,False,False,False,False,False,False,False,False,False,True,False,True,4671
1.4,2001,152067,False,False,True,False,False,False,False,False,False,False,False,False,False,True,False,False,False,False,True,False,5040
4.0,2003,123913,False,False,False,False,False,False,False,False,False,True,False,False,False,False,False,False,False,False,False,True,19474
1.8,2005,119097,False,False,True,False,False,False,False,False,False,False,False,False,False,False,True,False,False,False,True,False,11398
1.2,2008,97150,False,False,False,True,False,False,False,False,True,False,False,False,False,False,False,False,False,False,False,False,8066
2.0,2010,86405,True,False,False,False,False,False,False,True,False,False,False,False,False,False,False,False,False,False,False,True,14567
1.2,2001,85798,False,False,True,False,False,False,False,False,False,False,False,False,False,False,False,False,True,False,True,False,5959
2.0,2015,50628,False,False,False,True,False,False,False,False,True,False,False,False,False,False,False,False,False,False,False,False,22743
3.0,2014,80934,False,False,False,False,False,False,False,False,False,False,False,False,False,False,False,False,False,True,False,True,26708
1.0,1998,97043,False,False,False,True,False,False,False,False,False,False,False,False,True,False,False,False,False,False,False,True,3036
1.0,2001,58770,False,False,True,False,False,False,False,False,False,False,False,False,False,False,False,False,True,False,False,True,5438
1.8,2008,84855,False,False,False,True,False,False,False,False,False,False,False,True,False,False,False,False,False,False,False,True,12800
1.6,2014,50898,False,False,False,True,False,False,False,False,False,False,False,True,False,False,False,False,False,False,False,False,23677
1.6,1998,152532,True,False,False,False,False,False,False,True,False,False,False,False,False,False,False,False,False,False,False,False,3704
1.8,2001,212899,False,False,True,False,False,False,False,False,False,False,False,False,False,False,True,False,False,False,True,False,3981
1.6,2001,140596,False,False,False,True,False,False,False,False,True,False,False,False,False,False,False,False,False,False,False,True,3988
2.4,1988,256489,False,True,False,False,False,False,False,False,False,False,False,False,False,False,False,False,False,False,False,True,1183
3.0,2018,20441,False,False,False,False,False,False,False,False,False,False,False,False,False,False,False,True,False,False,False,True,53379
1.2,1986,147185,False,False,True,False,False,False,False,False,False,False,False,False,False,False,False,False,True,False,False,True,1145
4.4,1997,172030,False,False,False,False,False,False,False,False,False,True,False,False,False,False,False,False,False,False,False,True,9255
1.8,2005,149956,True,False,False,False,False,False,False,True,False,False,False,False,False,False,False,False,False,False,False,True,6094
1.6,2009,134426,False,False,False,True,False,False,False,False,False,False,False,True,False,False,False,False,False,False,False,False,9345
1.8,2010,91688,False,False,True,False,False,False,False,False,False,False,False,False,False,False,True,False,False,False,True,False,19491
1.8,2005,41969,False,False,True,False,False,False,False,False,False,False,False,False,False,True,False,False,False,False,True,False,16500
2.0,2013,38210,False,False,False,True,False,False,False,False,False,False,False,True,False,False,False,False,False,False,False,True,25482
1.0,2012,46972,False,False,True,False,False,False,False,False,False,False,False,False,False,True,False,False,False,False,True,False,19023
2.0,2018,27389,False,False,False,False,False,False,False,False,False,False,False,False,False,False,False,True,False,False,False,False,44018
2.0,1995,128234,False,False,False,True,False,False,False,False,False,False,False,False,True,False,False,False,False,False,False,True,2778
1.4,2008,112309,False,False,False,True,False,False,False,False,False,False,False,True,False,False,False,False,False,False,False,False,9705
1.4,1984,225099,False,False,False,True,False,False,False,False,False,False,False,False,True,False,False,False,False,False,False,True,489
2.6,2003,105361,False,True,False,False,False,True,False,False,False,False,False,False,False,False,False,False,False,False,False,False,15069
1.4,2005,97979,True,False,False,False,False,False,False,True,False,False,False,False,False,False,False,False,False,False,False,True,8039
1.6,2016,40104,True,False,False,False,False,False,False,False,False,False,True,False,False,False,False,False,False,False,False,True,26053
2.0,1993,158259,False,False,False,True,False,False,False,False,False,False,False,True,False,False,False,False,False,False,False,True,2822
4.0,2018,20634,False,True,False,False,False,False,False,False,False,False,False,False,False,False,False,False,False,False,False,True,70913
2.0,2010,98644,False,False,False,False,False,False,False,False,False,False,False,False,False,False,False,False,False,True,False,True,14728
2.0,1991,176358,True,False,False,False,False,False,False,True,False,False,False,False,False,False,False,False,False,False,False,True,2025
1.8,1998,69223,True,False,False,False,False,False,False,False,False,False,True,False,False,False,False,False,False,False,False,False,7267
3.0,2008,20860,False,False,False,False,False,False,False,False,False,False,False,False,False,False,False,True,False,False,False,True,27342
2.0,2009,59936,False,False,True,False,False,False,False,False,False,False,False,False,False,False,True,False,False,False,False,True,19881
1.4,2012,58214,False,False,False,True,False,False,False,False,False,False,False,False,True,False,False,False,False,False,False,True,11916
1.4,2020,33832,True,False,False,False,False,False,True,False,False,False,False,False,False,False,False,False,False,False,False,True,22982
1.2,2009,104436,False,False,False,True,False,False,False,False,True,False,False,False,False,False,False,False,False,False,False,False,8174
2.0,1992,249377,False,False,False,False,False,False,False,False,False,False,False,False,False,False,False,False,False,True,False,True,1246
2.6,2003,143603,False,True,False,False,False,True,False,False,False,False,False,False,False,False,False,False,False,False,False,True,10667
1.8,2007,115932,True,False,False,False,False,False,False,False,False,False,True,False,False,False,False,False,False,False,False,False,9481
1.4,2016,61363,True,False,False,False,False,False,True,False,False,False,False,False,False,False,False,False,False,False,False,True,14854
2.0,2016,17810,False,False,False,True,False,False,False,False,False,False,False,False,True,False,False,False,False,False,False,True,23636
1.8,2021,8120,False,False,True,False,False,False,False,False,False,False,False,False,False,False,True,False,False,False,True,False,68163
2.0,1990,142888,False,False,False,True,False,False,False,False,False,False,False,False,True,False,False,False,False,False,False,True,1771
1.0,2009,68094,False,False,True,False,False,False,False,False,False,False,False,False,False,False,False,False,True,False,False,True,8721
2.0,2016,51724,True,False,False,False,False,False,False,False,False,False,True,False,False,False,False,False,False,False,False,False,28482
1.0,1998,224106,False,False,False,True,False,False,False,False,False,False,False,False,True,False,False,False,False,False,False,True,1062
1.0,2009,83796,True,False,False,False,False,False,True,False,False,False,False,False,False,False,False,False,False,False,False,True,6768
2.2,2012,91325,False,False,True,False,False,False,False,False,False,False,False,False,False,False,True,False,False,False,True,False,24685
2.0,1997,173089,False,False,False,True,False,False,False,False,False,False,False,True,False,False,False,False,False,False,False,False,3416
2.0,2013,75451,True,False,False,False,False,False,False,True,False,False,False,False,False,False,False,False,False,False,False,False,20153
1.0,2006,103766,False,False,True,False,False,False,False,False,False,False,False,False,False,True,False,False,False,False,True,False,8671
1.6,2014,82221,True,False,False,False,False,False,False,False,False,False,True,False,False,False,False,False,False,False,False,False,18224
1.6,1985,19000,False,False,False,True,False,False,False,False,False,False,False,True,False,False,False,False,False,False,False,False,4129
2.4,2012,94338,False,False,True,False,False,False,False,False,False,False,False,False,False,False,True,False,False,False,True,False,25232
2.6,2019,20147,False,True,False,False,False,True,False,False,False,False,False,False,False,False,False,False,False,False,False,False,76182
1.2,2018,37411,False,False,False,True,False,False,False,False,False,False,False,False,True,False,False,False,False,False,False,False,19649
1.2,2004,179016,False,False,True,False,False,False,False,False,False,False,False,False,False,False,False,False,True,False,False,True,2914
2.0,1999,206584,False,True,False,False,False,False,False,False,False,False,False,False,False,False,False,False,False,False,False,True,3542
1.0,1996,87664,False,False,True,False,False,False,False,False,False,False,False,False,False,True,False,False,False,False,True,False,5001
1.8,2016,29439,True,False,False,False,False,False,False,False,False,False,True,False,False,False,False,False,False,False,False,False,30886
1.0,2006,120770,True,False,False,False,False,False,False,True,False,False,False,False,False,False,False,False,False,False,False,False,6429
1.6,1998,246137,True,False,False,False,False,False,False,False,False,False,True,False,False,False,False,False,False,False,False,False,1614
1.4,2012,72136,False,False,True,False,False,False,False,False,False,False,False,False,False,True,False,False,False,False,True,False,19139
2.0,2001,147478,True,False,False,False,False,False,False,True,False,False,False,False,False,False,False,False,False,False,False,False,5272
2.4,1997,149908,False,False,False,False,False,False,False,False,False,False,False,False,False,False,False,False,False,True,False,True,4558
4.4,1997,66783,False,False,False,False,False,False,False,False,False,True,False,False,False,False,False,False,False,False,False,True,20664
1.4,2020,18929,True,False,False,False,False,False,False,False,False,False,True,False,False,False,False,False,False,False,False,False,37720
1.4,2013,53405,False,False,False,True,False,False,False,False,True,False,False,False,False,False,False,False,False,False,False,False,16365
1.4,2001,136439,False,False,False,True,False,False,False,False,True,False,False,False,False,False,False,False,False,False,False,False,4049
1.2,2001,110779,False,False,False,True,False,False,False,False,False,False,False,False,True,False,False,False,False,False,False,True,3670
2.0,1991,188856,False,False,False,True,False,False,False,False,True,False,False,False,False,False,False,False,False,False,False,True,1528
1.0,2013,12867,False,False,True,False,False,False,False,False,False,False,False,False,False,False,False,False,True,False,True,False,19025
2.0,1994,162098,True,False,False,False,False,False,False,True,False,False,False,False,False,False,False,False,False,False,False,False,2930
1.6,2013,79521,True,False,False,False,False,False,False,False,False,False,True,False,False,False,False,False,False,False,False,False,17370
1.8,2011,97523,True,False,False,False,False,False,False,False,False,False,True,False,False,False,False,False,False,False,False,False,14195
1.6,1994,104541,False,False,False,True,False,False,False,False,True,False,False,False,False,False,False,False,False,False,False,True,3304
1.6,2016,57451,False,False,False,True,False,False,False,False,True,False,False,False,False,False,False,False,False,False,False,True,19835
1.2,2003,104794,False,False,True,False,False,False,False,False,False,False,False,False,False,False,False,False,True,False,False,True,4947
1.0,2002,227469,False,False,True,False,False,False,False,False,False,False,False,False,False,False,False,False,True,False,False,True,1517
1.8,2006,81107,False,False,False,True,False,False,False,False,False,False,False,True,False,False,False,False,False,False,False,False,12073
1.2,2008,79566,True,False,False,False,False,False,True,False,False,False,False,False,False,False,False,False,False,False,False,True,7142
1.4,2007,85068,False,False,True,False,False,False,False,False,False,False,False,False,False,False,False,False,True,False,False,True,8043
2.0,2000,123838,False,False,True,False,False,False,False,False,False,False,False,False,False,False,True,False,False,False,True,False,8299
2.2,2014,66511,False,False,True,False,False,False,False,False,False,False,False,False,False,False,True,False,False,False,True,False,33453
1.6,1999,207639,False,False,False,True,False,False,False,False,False,False,False,True,False,False,False,False,False,False,False,False,2584
3.0,1990,150375,False,False,False,False,False,False,False,False,False,False,False,False,False,False,False,True,False,False,False,False,3510
1.4,2013,70458,False,False,False,True,False,False,False,False,False,False,False,True,False,False,False,False,False,False,False,False,18256
1.8,2016,44550,False,False,True,False,False,False,False,False,False,False,False,False,False,True,False,False,False,False,True,False,33820
1.6,2012,53390,False,False,False,True,False,False,False,False,False,False,False,True,False,False,False,False,False,False,False,True,19428
2.6,2015,46563,False,True,False,False,False,True,False,False,False,False,False,False,False,False,False,False,False,False,False,False,50028
1.0,2002,184586,True,False,False,False,False,False,True,False,False,False,False,False,False,False,False,False,False,False,False,True,1916
1.2,2004,160915,True,False,False,False,False,False,True,False,False,False,False,False,False,False,False,False,False,False,False,True,2933
1.0,2022,5179,False,False,True,False,False,False,False,False,False,False,False,False,False,False,False,False,True,False,True,False,36086
1.4,2003,181179,False,False,True,False,False,False,False,False,False,False,False,False,False,False,False,False,True,False,True,False,3468
1.4,2019,23181,False,False,False,True,False,False,False,False,False,False,False,False,True,False,False,False,False,False,False,True,23449
1.4,2016,66611,False,False,True,False,False,False,False,False,False,False,False,False,False,False,False,False,True,False,True,False,19942
1.8,1999,105901,False,False,False,True,False,False,False,False,True,False,False,False,False,False,False,False,False,False,True,False,5810
1.4,2014,24652,True,False,False,False,False,False,False,True,False,False,False,False,False,False,False,False,False,False,False,False,24721
1.0,1995,255196,False,False,True,False,False,False,False,False,False,False,False,False,False,False,False,False,True,False,False,True,737
1.0,2014,24579,False,False,False,True,False,False,False,False,False,False,False,False,True,False,False,False,False,False,False,True,14089
1.8,2021,21354,False,False,True,False,False,False,False,False,False,False,False,False,False,False,True,False,False,False,False,True,52908
2.0,1991,117615,False,False,False,True,False,False,False,False,True,False,False,False,False,False,False,False,False,False,False,True,2741
2.0,1999,135077,True,False,False,False,False,False,False,True,False,False,False,False,False,False,False,False,False,False,False,True,4855
2.0,2006,94325,False,False,True,False,False,False,False,False,False,False,False,False,False,False,True,False,False,False,True,False,15441
1.4,2010,96320,True,False,False,False,False,False,True,False,False,False,False,False,False,False,False,False,False,False,False,True,7831
1.6,1990,137231,False,False,False,True,False,False,False,False,True,False,False,False,False,False,False,False,False,False,False,True,1967
2.2,2015,35448,False,False,True,False,False,False,False,False,False,False,False,False,False,False,True,False,False,False,True,False,43415
2.0,1995,142544,False,False,True,False,False,False,False,False,False,False,False,False,False,False,True,False,False,False,True,False,5129
4.0,2012,46755,False,False,False,False,False,False,False,False,False,True,False,False,False,False,False,False,False,False,False,True,60859
1.6,2001,97700,False,False,False,True,False,False,False,False,False,False,False,False,True,False,False,False,False,False,False,True,4668
5.0,2016,42059,False,False,False,False,False,False,False,False,False,True,False,False,False,False,False,False,False,False,False,True,91415
1.6,2012,48576,False,False,False,True,False,False,False,False,False,False,False,False,True,False,False,False,False,False,False,True,13537
1.4,2006,76691,False,False,False,True,False,False,False,False,False,False,False,False,True,False,False,False,False,False,False,True,7067
1.8,2017,15473,False,False,True,False,False,False,False,False,False,False,False,False,False,False,True,False,False,False,True,False,50215
2.0,2000,110549,True,False,False,False,False,False,False,True,False,False,False,False,False,False,False,False,False,False,False,True,6273
1.0,1992,183342,True,False,False,False,False,False,True,False,False,False,False,False,False,False,False,False,False,False,False,True,994
1.4,2012,94259,True,False,False,False,False,False,False,True,False,False,False,False,False,False,False,False,False,False,False,True,13169
1.4,2018,42017,True,False,False,False,False,False,False,False,False,False,True,False,False,False,False,False,False,False,False,False,28904
1.2,1990,159547,False,False,False,True,False,False,False,False,True,False,False,False,False,False,False,False,False,False,False,True,1420
1.4,2000,73749,False,False,False,True,False,False,False,False,False,False,False,False,True,False,False,False,False,False,False,True,4833
1.0,2009,63292,False,False,True,False,False,False,False,False,False,False,False,False,False,False,False,False,True,False,True,False,10802
1.4,2013,71904,False,False,False,True,False,False,False,False,False,False,False,True,False,False,False,False,False,False,False,False,18080
1.4,2006,159969,True,False,False,False,False,False,False,False,False,False,True,False,False,False,False,False,False,False,False,False,5504
1.2,2013,75588,False,False,True,False,False,False,False,False,False,False,False,False,False,False,False,False,True,False,False,True,11861
1.4,2018,18334,True,False,False,False,False,False,False,False,False,False,True,False,False,False,False,False,False,False,False,False,33119
1.2,1995,175506,False,False,False,True,False,False,False,False,False,False,False,False,True,False,False,False,False,False,False,True,1460
1.8,1985,235671,False,False,True,False,False,False,False,False,False,False,False,False,False,True,False,False,False,False,True,False,949
1.0,1996,144412,False,False,False,True,False,False,False,False,False,False,False,False,True,False,False,False,False,False,False,True,1846
4.4,2008,79613,False,False,False,False,False,False,False,False,False,True,False,False,False,False,False,False,False,False,False,True,39453
4.4,2004,108396,False,False,False,False,False,False,False,False,False,True,False,False,False,False,False,False,False,False,False,True,24571
3.0,2013,68093,False,True,False,False,False,True,False,False,False,False,False,False,False,False,False,False,False,False,False,True,39031
1.6,2019,30152,True,False,False,False,False,False,False,False,False,False,True,False,False,False,False,False,False,False,True,False,40482
3.0,2015,44761,False,True,False,False,True,False,False,False,False,False,False,False,False,False,False,False,False,False,False,True,77091
1.0,2012,52525,False,False,True,False,False,False,False,False,False,False,False,False,False,False,False,False,True,False,False,True,11780
1.0,2005,145747,False,False,True,False,False,False,False,False,False,False,False,False,False,False,False,False,True,False,False,True,3754
1.8,2016,16626,True,False,False,False,False,False,False,False,False,False,True,False,False,False,False,False,False,False,False,False,33172
1.4,1998,155019,True,False,False,False,False,False,False,False,False,False,True,False,False,False,False,False,False,False,False,False,3364
1.4,1996,188308,False,False,True,False,False,False,False,False,False,False,False,False,False,True,False,False,False,False,True,False,2658
2.0,2001,72923,True,False,False,False,False,False,False,True,False,False,False,False,False,False,False,False,False,False,False,True,8773
1.4,2007,104718,False,False,False,True,False,False,False,False,True,False,False,False,False,False,False,False,False,False,False,False,7710
2.0,1992,258967,False,False,False,True,False,False,False,False,False,False,False,False,True,False,False,False,False,False,False,True,731
1.2,2000,168963,False,False,False,True,False,False,False,False,True,False,False,False,False,False,False,False,False,False,True,False,3069
2.0,1993,90439,True,False,False,False,False,False,False,True,False,False,False,False,False,False,False,False,False,False,False,False,4786
1.4,1991,213652,False,False,True,False,False,False,False,False,False,False,False,False,False,True,False,False,False,False,True,False,1523
2.2,2012,100268,False,False,True,False,False,False,False,False,False,False,False,False,False,False,True,False,False,False,True,False,23140
2.0,2019,26479,False,False,False,True,False,False,False,False,True,False,False,False,False,False,False,False,False,False,False,True,32650
1.4,2009,109384,False,False,False,True,False,False,False,False,False,False,False,True,False,False,False,False,False,False,False,False,10605
2.0,2014,39083,True,False,False,False,False,False,False,True,False,False,False,False,False,False,False,False,False,False,False,True,25884
2.0,2002,73945,False,False,False,True,False,False,False,False,False,False,False,True,False,False,False,False,False,False,False,True,9749
1.4,2008,114007,True,False,False,False,False,False,True,False,False,False,False,False,False,False,False,False,False,False,False,True,6011
1.8,2003,125903,False,False,True,False,False,False,False,False,False,False,False,False,False,True,False,False,False,False,True,False,8052
1.4,1998,126188,False,False,False,True,False,False,False,False,False,False,False,False,True,False,False,False,False,False,False,True,2884
3.0,1990,178957,False,True,False,False,True,False,False,False,False,False,False,False,False,False,False,False,False,False,False,True,5344
1.6,1996,118258,True,False,False,False,False,False,False,False,False,False,True,False,False,False,False,False,False,False,False,False,4217
1.4,2004,100476,False,False,True,False,False,False,False,False,False,False,False,False,False,False,False,False,True,False,True,False,7076
1.0,1985,288486,True,False,False,False,False,False,False,True,False,False,False,False,False,False,False,False,False,False,False,True,347
2.0,1997,50121,False,False,False,True,False,False,False,False,False,False,False,True,False,False,False,False,False,False,False,False,8564
2.6,2003,130068,False,True,False,False,True,False,False,False,False,False,False,False,False,False,False,False,False,False,False,True,17702
1.8,1992,135772,False,False,False,True,False,False,False,False,True,False,False,False,False,False,False,False,False,False,False,True,2412
1.8,2010,70562,False,False,False,True,False,False,False,False,True,False,False,False,False,False,False,False,False,False,False,True,12942
2.0,2003,139651,True,False,False,False,False,False,False,True,False,False,False,False,False,False,False,False,False,False,False,False,6417
1.6,2004,106068,True,False,False,False,False,False,False,True,False,False,False,False,False,False,False,False,False,False,False,True,7575
2.0,2019,18978,False,True,False,False,False,False,False,False,False,False,False,False,False,False,False,False,False,False,False,True,54090
1.6,2000,85142,False,False,False,True,False,False,False,False,False,False,False,False,True,False,False,False,False,False,False,False,5015
1.6,2012,64490,True,False,False,False,False,False,False,False,False,False,True,False,False,False,False,False,False,False,False,False,17978
1.0,1993,121417,False,False,True,False,False,False,False,False,False,False,False,False,False,False,False,False,True,False,False,True,2045
1.0,2018,19640,True,False,False,False,False,False,False,True,False,False,False,False,False,False,False,False,False,False,False,True,26712
2.2,2009,99740,False,False,True,False,False,False,False,False,False,False,False,False,False,False,True,False,False,False,True,False,19019
1.4,2004,159279,False,False,True,False,False,False,False,False,False,False,False,False,False,False,False,False,True,False,False,True,3718
1.4,1996,86718,True,False,False,False,False,False,False,True,False,False,False,False,False,False,False,False,False,False,False,True,4782
4.0,1993,150186,False,True,False,False,False,False,False,False,False,False,False,False,False,False,False,False,False,False,False,True,5438
4.4,2019,20736,False,False,False,False,False,False,False,False,False,True,False,False,False,False,False,False,False,False,False,True,118474
1.4,1986,70039,False,False,False,True,False,False,False,False,False,False,False,False,True,False,False,False,False,False,False,True,1948
3.0,2017,30285,False,False,False,False,False,False,False,False,False,False,False,False,False,False,False,True,False,False,False,False,49606
1.2,2016,38795,False,False,True,False,False,False,False,False,False,False,False,False,False,False,False,False,True,False,False,True,18326
2.4,1995,203197,False,False,True,False,False,False,False,False,False,False,False,False,False,False,True,False,False,False,True,False,3359
2.4,2011,80839,False,False,True,False,False,False,False,False,False,False,False,False,False,False,True,False,False,False,False,True,21637
1.4,2002,174535,False,False,False,True,False,False,False,False,True,False,False,False,False,False,False,False,False,False,False,True,3010
1.6,1993,131899,False,False,False,True,False,False,False,False,False,False,False,True,False,False,False,False,False,False,False,True,3125
1.0,2021,14063,True,False,False,False,False,False,False,True,False,False,False,False,False,False,False,False,False,False,False,True,33627
2.4,1996,149048,False,False,False,False,False,False,False,False,False,False,False,False,False,False,False,False,False,True,False,True,4294
1.0,1990,145249,False,False,False,True,False,False,False,False,False,False,False,False,True,False,False,False,False,False,False,True,1229
1.0,2007,61357,False,False,True,False,False,False,False,False,False,False,False,False,False,True,False,False,False,False,True,False,12446
1.2,1997,13000,False,False,True,False,False,False,False,False,False,False,False,False,False,False,False,False,True,False,True,False,7167
1.4,1986,263206,True,False,False,False,False,False,True,False,False,False,False,False,False,False,False,False,False,False,False,True,384
1.4,2010,52847,False,False,True,False,False,False,False,False,False,False,False,False,False,False,False,False,True,False,False,True,12174
1.6,2009,100782,False,False,False,True,False,False,False,False,False,False,False,True,False,False,False,False,False,False,False,False,12083
1.0,1999,193458,False,False,False,True,False,False,False,False,False,False,False,False,True,False,False,False,False,False,False,True,1491
1.2,1997,174912,False,False,True,False,False,False,False,False,False,False,False,False,False,False,False,False,True,False,False,True,1892
2.0,1998,169431,True,False,False,False,False,False,False,False,False,False,True,False,False,False,False,False,False,False,True,False,4074
1.0,1993,269373,False,False,True,False,False,False,False,False,False,False,False,False,False,True,False,False,False,False,True,False,882
2.0,2009,129764,False,False,False,False,False,False,False,False,False,False,False,False,False,False,False,True,False,False,False,False,11999
1.0,1998,104481,False,False,True,False,False,False,False,False,False,False,False,False,False,True,False,False,False,False,True,False,5060
2.0,2008,105468,True,False,False,False,False,False,False,False,False,False,True,False,False,False,False,False,False,False,False,False,11556
4.0,2000,153596,False,False,False,False,False,False,False,False,False,True,False,False,False,False,False,False,False,False,False,True,12574
1.4,1993,84644,True,False,False,False,False,False,True,False,False,False,False,False,False,False,False,False,False,False,False,True,2739
1.6,2001,205054,False,False,False,True,False,False,False,False,True,False,False,False,False,False,False,False,False,False,False,True,2309
1.0,1993,159497,False,False,False,True,False,False,False,False,False,False,False,False,True,False,False,False,False,False,False,True,1335
1.8,2002,166994,True,False,False,False,False,False,False,True,False,False,False,False,False,False,False,False,False,False,False,True,4332
1.4,1997,143465,False,False,False,True,False,False,False,False,False,False,False,False,True,False,False,False,False,False,False,True,2352
1.6,2015,59927,True,False,False,False,False,False,False,False,False,False,True,False,False,False,False,False,False,False,False,False,22621
4.0,2005,132662,False,True,False,False,False,False,False,False,False,False,False,False,False,False,False,False,False,False,False,True,13935
1.4,2014,54142,True,False,False,False,False,False,True,False,False,False,False,False,False,False,False,False,False,False,False,True,13615
1.0,2001,92561,True,False,False,False,False,False,True,False,False,False,False,False,False,False,False,False,False,False,False,True,3732
1.6,2010,80723,True,False,False,False,False,False,False,False,False,False,True,False,False,False,False,False,False,False,False,True,13432
1.2,1985,73419,False,False,True,False,False,False,False,False,False,False,False,False,False,False,False,False,True,False,False,True,1861
1.6,1995,84529,True,False,False,False,False,False,False,True,False,False,False,False,False,False,False,False,False,False,False,True,4856
1.6,2022,5750,True,False,False,False,False,False,False,True,False,False,False,False,False,False,False,False,False,False,False,False,49870
2.4,2008,144529,False,False,True,False,False,False,False,False,False,False,False,False,False,False,True,False,False,False,True,False,13154
1.8,2014,45184,False,False,True,False,False,False,False,False,False,False,False,False,False,False,True,False,False,False,True,False,34655
1.0,1992,214329,False,False,False,True,False,False,False,False,False,False,False,False,True,False,False,False,False,False,False,True,777
1.8,1997,188455,False,False,True,False,False,False,False,False,False,False,False,False,False,True,False,False,False,False,True,False,3218
1.4,1994,182166,False,False,False,True,False,False,False,False,False,False,False,False,True,False,False,False,False,False,False,True,1394
2.2,2018,39082,False,False,True,False,False,False,False,False,False,False,False,False,False,False,True,False,False,False,True,False,51898
1.8,2001,171268,False,False,False,True,False,False,False,False,False,False,False,True,False,False,False,False,False,False,False,False,4296
4.4,2011,78714,False,False,False,False,False,False,False,False,False,True,False,False,False,False,False,False,False,False,False,True,48487
2.0,2011,73733,False,False,False,True,False,False,False,False,False,False,False,True,False,False,False,False,False,False,False,False,18680
1.8,1997,242305,True,False,False,False,False,False,False,False,False,False,True,False,False,False,False,False,False,False,False,False,1659
1.8,2001,166344,True,False,False,False,False,False,False,False,False,False,True,False,False,False,False,False,False,False,False,False,4239
1.2,1990,97463,False,False,True,False,False,False,False,False,False,False,False,False,False,False,False,False,True,False,True,False,2633
1.4,2013,50433,True,False,False,False,False,False,False,False,False,False,True,False,False,False,False,False,False,False,False,False,19668
1.4,2018,24229,True,False,False,False,False,False,False,False,False,False,True,False,False,False,False,False,False,False,False,False,32057
2.2,2009,74444,False,False,False,False,False,False,False,False,False,False,False,False,False,False,False,False,False,True,False,True,17133
2.2,2016,45462,False,False,True,False,False,False,False,False,False,False,False,False,False,False,True,False,False,False,True,False,43702
1.4,2006,89524,True,False,False,False,False,False,False,False,False,False,True,False,False,False,False,False,False,False,False,False,9500
1.6,1991,16000,False,False,False,True,False,False,False,False,False,False,False,True,False,False,False,False,False,False,False,True,5963
2.0,2022,1487,True,False,False,False,False,False,False,False,False,False,True,False,False,False,False,False,False,False,False,False,56459
1.4,2011,87947,False,False,False,True,False,False,False,False,True,False,False,False,False,False,False,False,False,False,False,True,10825
1.6,2016,40113,True,False,False,False,False,False,False,False,False,False,True,False,False,False,False,False,False,False,False,False,27354
1.4,2000,76717,False,False,False,True,False,False,False,False,True,False,False,False,False,False,False,False,False,False,False,False,5902
1.4,1991,269218,False,False,False,True,False,False,False,False,False,False,False,True,False,False,False,False,False,False,False,True,769
1.0,2015,48540,False,False,True,False,False,False,False,False,False,False,False,False,False,True,False,False,False,False,True,False,23011
1.4,2013,88811,False,False,True,False,False,False,False,False,False,False,False,False,False,True,False,False,False,False,True,False,18232
1.0,2002,84781,False,False,True,False,False,False,False,False,False,False,False,False,False,False,False,False,True,False,False,True,4880
2.2,1989,272683,False,False,True,False,False,False,False,False,False,False,False,False,False,False,True,False,False,False,True,False,1142
1.6,2018,46461,True,False,False,False,False,False,False,False,False,False,True,False,False,False,False,False,False,False,False,False,30075
1.8,2014,53321,False,False,True,False,False,False,False,False,False,False,False,False,False,False,True,False,False,False,True,False,32948
1.6,1994,264924,True,False,False,False,False,False,False,False,False,False,True,False,False,False,False,False,False,False,False,True,989
4.0,2000,145140,False,True,False,False,False,True,False,False,False,False,False,False,False,False,False,False,False,False,False,True,10699
1.8,2007,132296,False,False,True,False,False,False,False,False,False,False,False,False,False,True,False,False,False,False,True,False,9998
1.2,1997,144909,False,False,False,True,False,False,False,False,True,False,False,False,False,False,False,False,False,False,False,False,2682
1.0,1986,138224,True,False,False,False,False,False,True,False,False,False,False,False,False,False,False,False,False,False,False,False,1019
4.0,1988,219671,False,True,False,False,False,False,False,False,False,False,False,False,False,False,False,False,False,False,False,True,2140
1.4,1989,371762,False,False,False,True,False,False,False,False,False,False,False,True,False,False,False,False,False,False,False,False,264
1.4,1990,74327,False,False,False,True,False,False,False,False,False,False,False,True,False,False,False,False,False,False,False,False,3838
1.6,1989,205047,False,False,False,True,False,False,False,False,True,False,False,False,False,False,False,False,False,False,False,True,1037
1.6,2022,7454,True,False,False,False,False,False,False,False,False,False,True,False,False,False,False,False,False,False,False,False,48982
2.0,2016,11234,False,False,False,True,False,False,False,False,True,False,False,False,False,False,False,False,False,False,False,False,30509
1.6,2010,97296,False,False,False,True,False,False,False,False,False,False,False,False,True,False,False,False,False,False,False,True,8531
2.0,2017,44227,False,False,False,True,False,False,False,False,True,False,False,False,False,False,False,False,False,False,False,True,25745
1.4,1985,267541,False,False,False,True,False,False,False,False,False,False,False,True,False,False,False,False,False,False,False,False,549
2.2,1997,250431,False,False,False,False,False,False,False,False,False,False,False,False,False,False,False,False,False,True,False,True,1806
1.2,1989,149015,True,False,False,False,False,False,True,False,False,False,False,False,False,False,False,False,False,False,False,True,1190
2.0,2004,138340,False,False,True,False,False,False,False,False,False,False,False,False,False,False,True,False,False,False,True,False,9666
1.2,1987,133425,False,False,True,False,False,False,False,False,False,False,False,False,False,False,False,False,True,False,True,False,1640
1.0,2001,143411,False,False,True,False,False,False,False,False,False,False,False,False,False,True,False,False,False,False,True,False,4571
1.4,2016,40742,False,False,False,True,False,False,False,False,False,False,False,False,True,False,False,False,False,False,False,True,17342
5.0,1999,82222,False,False,False,False,False,False,False,False,False,True,False,False,False,False,False,False,False,False,False,True,22668
1.4,2012,49674,False,False,False,True,False,False,False,False,True,False,False,False,False,False,False,False,False,False,False,True,14925
1.6,2012,66103,False,False,False,True,False,False,False,False,False,False,False,False,True,False,False,False,False,False,False,True,12102
1.6,1999,91360,False,False,False,True,False,False,False,False,True,False,False,False,False,False,False,False,False,False,False,True,5075
2.0,1990,215167,False,False,False,True,False,False,False,False,False,False,False,False,True,False,False,False,False,False,False,True,954
4.0,2006,30902,False,False,False,False,False,False,False,False,False,True,False,False,False,False,False,False,False,False,False,True,44836
3.0,2014,65307,False,True,False,False,True,False,False,False,False,False,False,False,False,False,False,False,False,False,False,True,63310
1.8,2018,19017,False,False,True,False,False,False,False,False,False,False,False,False,False,True,False,False,False,False,True,False,44797
1.4,2007,143360,False,False,True,False,False,False,False,False,False,False,False,False,False,False,False,False,True,False,True,False,6209
2.4,2021,4915,False,False,False,False,False,False,False,False,False,False,False,False,False,False,False,False,False,True,False,True,60317
3.0,1993,260043,False,False,False,False,False,False,False,False,False,False,False,False,False,False,False,False,False,True,False,True,1477
1.4,2015,36919,True,False,False,False,False,False,False,True,False,False,False,False,False,False,False,False,False,False,False,True,23449
1.4,2001,105306,False,False,False,True,False,False,False,False,False,False,False,False,True,False,False,False,False,False,False,True,4129
1.8,1992,231649,False,False,True,False,False,False,False,False,False,False,False,False,False,True,False,False,False,False,True,False,1569
1.6,1994,74472,True,False,False,False,False,False,False,True,False,False,False,False,False,False,False,False,False,False,False,True,4869
1.2,2012,102514,False,False,True,False,False,False,False,False,False,False,False,False,False,False,False,False,True,False,False,True,9168
1.0,1997,134735,False,False,False,True,False,False,False,False,False,False,False,False,True,False,False,False,False,False,False,True,2132
1.6,1992,175881,True,False,False,False,False,False,False,True,False,False,False,False,False,False,False,False,False,False,False,True,1944
3.0,2006,126718,False,True,False,False,False,True,False,False,False,False,False,False,False,False,False,False,False,False,False,True,16004
1.8,2008,86326,False,False,True,False,False,False,False,False,False,False,False,False,False,True,False,False,False,False,True,False,15075
1.4,1992,245794,True,False,False,False,False,False,True,False,False,False,False,False,False,False,False,False,False,False,False,True,673
1.6,1988,210194,False,False,False,True,False,False,False,False,False,False,False,True,False,False,False,False,False,False,False,False,1213
4.0,1984,89953,False,False,False,False,False,False,False,False,False,True,False,False,False,False,False,False,False,False,False,True,7064
1.0,2006,113610,True,False,False,False,False,False,True,False,False,False,False,False,False,False,False,False,False,False,False,True,4460
2.0,2003,106761,False,False,False,True,False,False,False,False,False,False,False,True,False,False,False,False,False,False,False,False,8665
1.4,1992,280925,True,False,False,False,False,False,True,False,False,False,False,False,False,False,False,False,False,False,False,True,485
1.2,2018,29268,True,False,False,False,False,False,True,False,False,False,False,False,False,False,False,False,False,False,False,True,19119
1.8,2014,21377,True,False,False,False,False,False,False,False,False,False,True,False,False,False,False,False,False,False,False,False,28286
1.4,2010,67366,True,False,False,False,False,False,False,True,False,False,False,False,False,False,False,False,False,False,False,True,13881
1.4,2018,26795,False,False,True,False,False,False,False,False,False,False,False,False,False,False,False,False,True,False,True,False,29102
2.4,2018,15028,False,False,False,False,False,False,False,False,False,False,False,False,False,False,False,False,False,True,False,True,46830
1.4,1995,144557,True,False,False,False,False,False,False,True,False,False,False,False,False,False,False,False,False,False,False,True,2883
1.6,2011,53818,False,False,False,True,False,False,False,False,False,False,False,True,False,False,False,False,False,False,False,False,19033
1.0,2005,165149,True,False,False,False,False,False,True,False,False,False,False,False,False,False,False,False,False,False,False,True,2762
4.4,1995,157046,False,False,False,False,False,False,False,False,False,True,False,False,False,False,False,False,False,False,False,True,9184
1.8,2002,48312,True,False,False,False,False,False,False,False,False,False,True,False,False,False,False,False,False,False,False,False,10853
2.2,1998,172529,False,True,False,False,True,False,False,False,False,False,False,False,False,False,False,False,False,False,False,True,8241
1.2,2018,33619,False,False,False,True,False,False,False,False,False,False,False,False,True,False,False,False,False,False,False,True,19135
2.0,2001,210531,False,False,False,True,False,False,False,False,False,False,False,True,False,False,False,False,False,False,False,False,3218
2.2,1995,170716,False,True,False,False,True,False,False,False,False,False,False,False,False,False,False,False,False,False,False,True,6851
1.0,2005,102319,True,False,False,False,False,False,False,True,False,False,False,False,False,False,False,False,False,False,False,True,6582
1.6,1992,83482,True,False,False,False,False,False,False,True,False,False,False,False,False,False,False,False,False,False,False,True,4005
2.0,2003,184605,False,False,False,False,False,False,False,False,False,False,False,False,False,False,False,False,False,True,False,True,4636
1.2,2011,68974,False,False,True,False,False,False,False,False,False,False,False,False,False,False,False,False,True,False,True,False,13024
1.2,2007,87731,False,False,True,False,False,False,False,False,False,False,False,False,False,False,False,False,True,False,True,False,8770
1.4,2003,91908,False,False,True,False,False,False,False,False,False,False,False,False,False,True,False,False,False,False,True,False,9156
1.2,2009,115991,False,False,False,True,False,False,False,False,False,False,False,False,True,False,False,False,False,False,False,True,6014
2.0,2003,99554,False,False,False,True,False,False,False,False,False,False,False,True,False,False,False,False,False,False,False,False,9137
2.0,1993,210355,False,False,False,True,False,False,False,False,True,False,False,False,False,False,False,False,False,False,False,True,1445
2.0,1994,64859,False,False,False,True,False,False,False,False,True,False,False,False,False,False,False,False,False,False,False,False,5119
2.0,2014,53491,False,False,False,False,False,False,False,False,False,False,False,False,False,False,False,True,False,False,False,True,27457
1.4,2020,16418,True,False,False,False,False,False,True,False,False,False,False,False,False,False,False,False,False,False,False,True,25347
1.8,1995,98303,False,False,True,False,False,False,False,False,False,False,False,False,False,True,False,False,False,False,True,False,5816
1.2,2003,144351,True,False,False,False,False,False,True,False,False,False,False,False,False,False,False,False,False,False,False,True,3143
1.4,1991,130465,False,False,False,True,False,False,False,False,False,False,False,False,True,False,False,False,False,False,False,True,1749
1.6,1992,289432,True,False,False,False,False,False,False,True,False,False,False,False,False,False,False,False,False,False,False,True,694
2.6,2006,129563,False,True,False,False,True,False,False,False,False,False,False,False,False,False,False,False,False,False,False,True,21707
1.6,1999,87358,True,False,False,False,False,False,False,False,False,False,True,False,False,False,False,False,False,False,False,True,6159
1.4,1992,187590,False,False,True,False,False,False,False,False,False,False,False,False,False,True,False,False,False,False,True,False,2049
1.2,2002,90194,False,False,False,True,False,False,False,False,False,False,False,False,True,False,False,False,False,False,False,True,4561
1.4,2003,23923,False,False,True,False,False,False,False,False,False,False,False,False,False,False,False,False,True,False,False,True,9067
1.8,1988,206162,False,False,True,False,False,False,False,False,False,False,False,False,False,True,False,False,False,False,True,False,1512
4.0,2013,40361,False,True,False,False,False,False,False,False,False,False,False,False,False,False,False,False,False,False,False,True,45357
1.8,2011,113594,False,False,True,False,False,False,False,False,False,False,False,False,False,False,True,False,False,False,True,False,17732
1.8,1993,206465,False,False,False,True,False,False,False,False,True,False,False,False,False,False,False,False,False,False,True,False,1702
2.4,2016,26038,False,True,False,False,False,False,False,False,False,False,False,False,False,False,False,False,False,False,False,True,46644
1.0,1986,341124,False,False,True,False,False,False,False,False,False,False,False,False,False,False,False,False,True,False,False,True,178
1.4,1996,147377,True,False,False,False,False,False,False,False,False,False,True,False,False,False,False,False,False,False,False,False,3134
1.2,2005,69909,False,False,True,False,False,False,False,False,False,False,False,False,False,False,False,False,True,False,False,True,7229
1.6,2006,83961,True,False,False,False,False,False,False,True,False,False,False,False,False,False,False,False,False,False,False,False,10659
1.8,2016,27600,False,False,False,True,False,False,False,False,True,False,False,False,False,False,False,False,False,False,True,False,30239
1.8,2014,63889,False,False,True,False,False,False,False,False,False,False,False,False,False,False,True,False,False,False,True,False,30785
1.8,1992,189028,False,False,True,False,False,False,False,False,False,False,False,False,False,False,True,False,False,False,True,False,2697
2.0,1990,120842,False,False,True,False,False,False,False,False,False,False,False,False,False,False,True,False,False,False,True,False,4361
1.4,2003,166709,False,False,False,True,False,False,False,False,True,False,False,False,False,False,False,False,False,False,True,False,4126
2.0,2013,49046,False,False,False,False,False,False,False,False,False,False,False,False,False,False,False,True,False,False,False,False,27731
1.4,1998,229464,False,False,True,False,False,False,False,False,False,False,False,False,False,True,False,False,False,False,True,False,2106
2.0,2014,91341,False,True,False,False,False,False,False,False,False,False,False,False,False,False,False,False,False,False,False,True,24511
1.4,1995,127882,False,False,False,True,False,False,False,False,False,False,False,False,True,False,False,False,False,False,False,True,2330
4.4,1994,179812,False,False,False,False,False,False,False,False,False,True,False,False,False,False,False,False,False,False,False,True,7091
1.2,2008,43714,True,False,False,False,False,False,True,False,False,False,False,False,False,False,False,False,False,False,False,True,9014
3.5,1998,83442,False,True,False,False,False,True,False,False,False,False,False,False,False,False,False,False,False,False,False,False,14668
1.6,2002,135733,False,False,False,True,False,False,False,False,False,False,False,True,False,False,False,False,False,False,False,False,5800
1.4,2018,13954,False,False,False,True,False,False,False,False,True,False,False,False,False,False,False,False,False,False,False,True,27379
1.2,1994,243498,False,False,False,True,False,False,False,False,False,False,False,False,True,False,False,False,False,False,False,True,746
2.0,2016,47735,False,False,False,False,False,False,False,False,False,False,False,False,False,False,False,True,False,False,False,False,34147
4.0,1995,154629,False,True,False,False,False,False,False,False,False,False,False,False,False,False,False,False,False,False,False,True,5991
1.6,1998,161333,False,False,False,True,False,False,False,False,True,False,False,False,False,False,False,False,False,False,False,False,2893
1.2,1998,156867,True,False,False,False,False,False,True,False,False,False,False,False,False,False,False,False,False,False,False,True,2033
2.0,2022,9373,False,False,True,False,False,False,False,False,False,False,False,False,False,False,True,False,False,False,True,False,76303
1.4,2002,115000,False,False,False,True,False,False,False,False,False,False,False,True,False,False,False,False,False,False,False,False,6374
1.8,2013,56706,False,False,False,True,False,False,False,False,True,False,False,False,False,False,False,False,False,False,True,False,20768
1.6,1993,138312,True,False,False,False,False,False,False,False,False,False,True,False,False,False,False,False,False,False,False,False,2951
1.2,2020,20558,False,False,True,False,False,False,False,False,False,False,False,False,False,False,False,False,True,False,False,True,26565
2.6,2001,71217,False,True,False,False,False,True,False,False,False,False,False,False,False,False,False,False,False,False,False,False,16789
2.0,2018,27542,False,False,True,False,False,False,False,False,False,False,False,False,False,False,True,False,False,False,True,False,52923
1.8,2012,39923,True,False,False,False,False,False,False,False,False,False,True,False,False,False,False,False,False,False,False,False,22247
2.4,1998,252380,False,True,False,False,False,False,False,False,False,False,False,False,False,False,False,False,False,False,False,True,2395
2.0,1993,113342,False,False,True,False,False,False,False,False,False,False,False,False,False,False,True,False,False,False,True,False,5640
1.4,1993,106066,True,False,False,False,False,False,False,True,False,False,False,False,False,False,False,False,False,False,False,True,3403
2.2,2014,39814,False,False,True,False,False,False,False,False,False,False,False,False,False,False,True,False,False,False,True,False,39577
2.4,2002,178115,False,False,True,False,False,False,False,False,False,False,False,False,False,False,True,False,False,False,True,False,6664
1.8,1989,234308,False,False,True,False,False,False,False,False,False,False,False,False,False,True,False,False,False,False,True,False,1254
1.8,2014,51034,False,False,True,False,False,False,False,False,False,False,False,False,False,True,False,False,False,False,True,False,28437
2.0,2003,148838,False,False,True,False,False,False,False,False,False,False,False,False,False,False,True,False,False,False,False,True,6923
2.0,2010,116749,False,False,True,False,False,False,False,False,False,False,False,False,False,False,True,False,False,False,True,False,17071
1.4,1991,318300,False,False,False,True,False,False,False,False,False,False,False,True,False,False,False,False,False,False,False,True,482
2.0,2005,70202,True,False,False,False,False,False,False,True,False,False,False,False,False,False,False,False,False,False,False,False,12248
2.4,2010,52925,False,False,True,False,False,False,False,False,False,False,False,False,False,False,True,False,False,False,True,False,29212
2.0,1998,112170,False,False,False,True,False,False,False,False,False,False,False,True,False,False,False,False,False,False,False,False,5962
1.2,2003,203556,True,False,False,False,False,False,True,False,False,False,False,False,False,False,False,False,False,False,False,True,1901
1.8,2009,32884,True,False,False,False,False,False,False,False,False,False,True,False,False,False,False,False,False,False,False,False,18987
1.2,2005,113136,False,False,False,True,False,False,False,False,True,False,False,False,False,False,False,False,False,False,False,True,5586
1.4,1985,269090,False,False,False,True,False,False,False,False,True,False,False,False,False,False,False,False,False,False,False,True,414
2.0,2015,31102,False,False,True,False,False,False,False,False,False,False,False,False,False,False,True,False,False,False,False,True,35379
1.4,2021,10276,False,False,True,False,False,False,False,False,False,False,False,False,False,False,False,False,True,False,True,False,38901
1.8,2013,5000,True,False,False,False,False,False,False,False,False,False,True,False,False,False,False,False,False,False,False,False,28875
1.0,2018,26840,True,False,False,False,False,False,False,True,False,False,False,False,False,False,False,False,False,False,False,True,25660
2.2,2007,69206,False,False,True,False,False,False,False,False,False,False,False,False,False,False,True,False,False,False,True,False,20606
1.6,2014,63006,False,False,False,True,False,False,False,False,False,False,False,False,True,False,False,False,False,False,False,True,14112
1.4,2016,45610,False,False,False,True,False,False,False,False,False,False,False,False,True,False,False,False,False,False,False,True,16837
1.0,2000,86902,False,False,True,False,False,False,False,False,False,False,False,False,False,False,False,False,True,False,True,False,5050
2.0,2001,78868,False,False,False,True,False,False,False,False,False,False,False,True,False,False,False,False,False,False,False,True,8819
2.4,2017,57884,False,False,False,False,False,False,False,False,False,False,False,False,False,False,False,False,False,True,False,True,34025
1.4,1993,196763,True,False,False,False,False,False,False,False,False,False,True,False,False,False,False,False,False,False,False,False,1688
1.6,2003,110332,False,False,False,True,False,False,False,False,True,False,False,False,False,False,False,False,False,False,True,False,6919
1.4,1991,289646,False,False,False,True,False,False,False,False,True,False,False,False,False,False,False,False,False,False,False,False,534
1.6,2011,72003,False,False,False,True,False,False,False,False,False,False,False,False,True,False,False,False,False,False,False,True,10885
1.8,2018,42360,False,False,False,True,False,False,False,False,False,False,False,True,False,False,False,False,False,False,False,True,32909
1.8,2015,50432,True,False,False,False,False,False,False,False,False,False,True,False,False,False,False,False,False,False,False,False,25483
1.8,2003,171088,False,False,True,False,False,False,False,False,False,False,False,False,False,False,True,False,False,False,False,True,5458
1.8,2015,40271,False,False,False,True,False,False,False,False,True,False,False,False,False,False,False,False,False,False,False,True,21892
1.0,2013,69437,False,False,True,False,False,False,False,False,False,False,False,False,False,False,False,False,True,False,True,False,13543
2.2,2015,28056,False,False,True,False,False,False,False,False,False,False,False,False,False,False,True,False,False,False,True,False,45312
2.0,1985,287515,False,False,False,True,False,False,False,False,False,False,False,True,False,False,False,False,False,False,False,False,544
2.4,2001,144238,False,False,False,False,False,False,False,False,False,False,False,False,False,False,False,True,False,False,False,False,6871
2.4,1993,140537,False,False,True,False,False,False,False,False,False,False,False,False,False,False,True,False,False,False,True,False,4997
1.0,2013,55408,True,False,False,False,False,False,False,True,False,False,False,False,False,False,False,False,False,False,False,True,15484
1.4,2002,149944,False,False,True,False,False,False,False,False,False,False,False,False,False,False,False,False,True,False,False,True,3514
1.8,2021,6373,False,False,False,True,False,False,False,False,True,False,False,False,False,False,False,False,False,False,False,True,39459
2.4,2007,112049,False,False,True,False,False,False,False,False,False,False,False,False,False,False,True,False,False,False,True,False,15867
1.8,2005,64815,False,False,True,False,False,False,False,False,False,False,False,False,False,True,False,False,False,False,True,False,14287
1.8,2007,46955,False,False,True,False,False,False,False,False,False,False,False,False,False,False,True,False,False,False,True,False,21497
1.0,2006,102666,True,False,False,False,False,False,False,True,False,False,False,False,False,False,False,False,False,False,False,True,7017
1.4,2014,62309,False,False,False,True,False,False,False,False,False,False,False,False,True,False,False,False,False,False,False,False,13923
1.8,1993,196835,False,False,True,False,False,False,False,False,False,False,False,False,False,False,True,False,False,False,True,False,2693
1.2,2017,33865,False,False,False,True,False,False,False,False,True,False,False,False,False,False,False,False,False,False,False,True,21213
2.2,2018,22199,False,True,False,False,True,False,False,False,False,False,False,False,False,False,False,False,False,False,False,True,91965
1.4,2001,109136,False,False,True,False,False,False,False,False,False,False,False,False,False,False,False,False,True,False,True,False,5434
4.0,2002,90474,False,True,False,False,False,True,False,False,False,False,False,False,False,False,False,False,False,False,False,True,18556
2.0,2018,20952,False,False,True,False,False,False,False,False,False,False,False,False,False,False,True,False,False,False,True,False,54914
1.4,1996,103176,True,False,False,False,False,False,False,False,False,False,True,False,False,False,False,False,False,False,False,False,4418
1.2,2001,127723,False,False,False,True,False,False,False,False,False,False,False,False,True,False,False,False,False,False,False,True,3223
1.0,2005,74649,False,False,True,False,False,False,False,False,False,False,False,False,False,False,False,False,True,False,True,False,7671
2.0,2019,34940,True,False,False,False,False,False,False,False,False,False,True,False,False,False,False,False,False,False,False,False,38517
1.4,1993,196617,False,False,True,False,False,False,False,False,False,False,False,False,False,True,False,False,False,False,True,False,2024
1.4,2002,127387,False,False,False,True,False,False,False,False,True,False,False,False,False,False,False,False,False,False,False,True,4427
1.0,2011,85335,True,False,False,False,False,False,False,True,False,False,False,False,False,False,False,False,False,False,False,True,11093
1.4,2003,88544,True,False,False,False,False,False,False,True,False,False,False,False,False,False,False,False,False,False,False,True,7528
1.0,1992,176604,False,False,True,False,False,False,False,False,False,False,False,False,False,True,False,False,False,False,True,False,1903
1.8,2009,68833,False,False,True,False,False,False,False,False,False,False,False,False,False,False,True,False,False,False,True,False,21350
1.2,2010,99925,False,False,False,True,False,False,False,False,True,False,False,False,False,False,False,False,False,False,False,True,8602
2.4,2004,68708,False,False,False,False,False,False,False,False,False,False,False,False,False,False,False,False,False,True,False,True,13326
2.0,2004,129322,False,False,True,False,False,False,False,False,False,False,False,False,False,False,True,False,False,False,True,False,10382
1.4,2017,36461,False,False,True,False,False,False,False,False,False,False,False,False,False,False,False,False,True,False,True,False,25744
1.2,2009,72738,False,False,True,False,False,False,False,False,False,False,False,False,False,False,False,False,True,False,False,True,9261
1.4,1993,217495,False,False,False,True,False,False,False,False,False,False,False,False,True,False,False,False,False,False,False,True,955
2.2,2016,28810,False,False,True,False,False,False,False,False,False,False,False,False,False,False,True,False,False,False,True,False,48228
1.4,1992,253413,False,False,False,True,False,False,False,False,True,False,False,False,False,False,False,False,False,False,False,True,764
1.6,1989,341741,False,False,False,True,False,False,False,False,False,False,False,True,False,False,False,False,False,False,False,False,378
1.6,1999,155679,True,False,False,False,False,False,False,True,False,False,False,False,False,False,False,False,False,False,False,True,3674
1.8,2019,30787,True,False,False,False,False,False,False,False,False,False,True,False,False,False,False,False,False,False,False,False,37433
5.0,1996,140252,False,False,False,False,False,False,False,False,False,True,False,False,False,False,False,False,False,False,False,True,12001
1.0,2012,36355,True,False,False,False,False,False,False,True,False,False,False,False,False,False,False,False,False,False,False,False,17093
1.0,1986,331165,True,False,False,False,False,False,True,False,False,False,False,False,False,False,False,False,False,False,False,True,170
1.4,2017,30382,False,False,True,False,False,False,False,False,False,False,False,False,False,False,False,False,True,False,False,True,22227
2.4,1995,137976,False,True,False,False,False,False,False,False,False,False,False,False,False,False,False,False,False,False,False,True,5312
1.4,2001,101907,False,False,False,True,False,False,False,False,False,False,False,True,False,False,False,False,False,False,False,False,6576
1.8,1991,173990,False,False,True,False,False,False,False,False,False,False,False,False,False,True,False,False,False,False,True,False,2443
1.0,2004,138953,True,False,False,False,False,False,True,False,False,False,False,False,False,False,False,False,False,False,False,True,3203
2.0,2007,163156,False,False,False,True,False,False,False,False,False,False,False,True,False,False,False,False,False,False,False,False,7234
1.6,2018,45204,True,False,False,False,False,False,False,True,False,False,False,False,False,False,False,False,False,False,False,True,29130
2.0,2022,7782,False,False,False,True,False,False,False,False,False,False,False,True,False,False,False,False,False,False,False,False,57759
1.6,2011,69205,False,False,False,True,False,False,False,False,True,False,False,False,False,False,False,False,False,False,False,True,13162
1.0,2006,51828,False,False,True,False,False,False,False,False,False,False,False,False,False,True,False,False,False,False,True,False,12372
2.0,2000,92303,False,False,False,True,False,False,False,False,True,False,False,False,False,False,False,False,False,False,False,True,6024
1.6,2005,145351,False,False,False,True,False,False,False,False,True,False,False,False,False,False,False,False,False,False,False,True,5011
1.2,2004,138699,True,False,False,False,False,False,True,False,False,False,False,False,False,False,False,False,False,False,False,True,3516
1.8,2006,42787,False,False,True,False,False,False,False,False,False,False,False,False,False,True,False,False,False,False,True,False,17550
2.4,2001,136494,False,True,False,False,False,False,False,False,False,False,False,False,False,False,False,False,False,False,False,True,8020
1.0,2019,28087,False,False,True,False,False,False,False,False,False,False,False,False,False,False,False,False,True,False,True,False,26099
1.2,2007,63991,False,False,False,True,False,False,False,False,False,False,False,False,True,False,False,False,False,False,False,True,7614
1.4,2006,107304,False,False,True,False,False,False,False,False,False,False,False,False,False,True,False,False,False,False,True,False,9994
1.4,2019,32176,False,False,True,False,False,False,False,False,False,False,False,False,False,True,False,False,False,False,True,False,39212
1.4,2007,103965,False,False,False,True,False,False,False,False,True,False,False,False,False,False,False,False,False,False,False,True,7384
2.0,1991,264040,False,False,False,True,False,False,False,False,True,False,False,False,False,False,False,False,False,False,False,True,774
1.4,1998,117616,True,False,False,False,False,False,True,False,False,False,False,False,False,False,False,False,False,False,False,True,3002
1.2,2007,100478,False,False,True,False,False,False,False,False,False,False,False,False,False,False,False,False,True,False,True,False,8002
1.4,2016,52086,False,False,True,False,False,False,False,False,False,False,False,False,False,True,False,False,False,False,True,False,28468
1.6,1992,152855,False,False,False,True,False,False,False,False,True,False,False,False,False,False,False,False,False,False,False,True,1981
1.8,2010,31473,True,False,False,False,False,False,False,True,False,False,False,False,False,False,False,False,False,False,False,True,19668
2.2,2005,101278,False,False,True,False,False,False,False,False,False,False,False,False,False,False,True,False,False,False,False,True,12003
1.6,2016,27516,True,False,False,False,False,False,False,True,False,False,False,False,False,False,False,False,False,False,True,False,33957
2.0,2018,28407,False,False,False,True,False,False,False,False,True,False,False,False,False,False,False,False,False,False,False,False,31722
1.8,2001,187542,True,False,False,False,False,False,False,False,False,False,True,False,False,False,False,False,False,False,False,False,3537
2.0,1988,160189,False,False,False,True,False,False,False,False,False,False,False,False,True,False,False,False,False,False,False,True,1345
1.4,2014,47951,False,False,True,False,False,False,False,False,False,False,False,False,False,False,False,False,True,False,True,False,19664
1.8,1995,259370,False,False,True,False,False,False,False,False,False,False,False,False,False,True,False,False,False,False,True,False,1485
1.2,2006,150801,True,False,False,False,False,False,True,False,False,False,False,False,False,False,False,False,False,False,False,True,3643
1.2,2008,97682,False,False,False,True,False,False,False,False,False,False,False,False,True,False,False,False,False,False,False,True,6448
2.0,2012,99767,False,False,False,True,False,False,False,False,False,False,False,True,False,False,False,False,False,False,False,False,16624
3.5,1987,317546,False,True,False,False,False,True,False,False,False,False,False,False,False,False,False,False,False,False,False,True,888
1.6,2003,71971,True,False,False,False,False,False,False,False,False,False,True,False,False,False,False,False,False,False,False,True,8941
2.0,2000,115704,False,False,True,False,False,False,False,False,False,False,False,False,False,False,True,False,False,False,True,False,8835
1.6,2007,91299,True,False,False,False,False,False,False,True,False,False,False,False,False,False,False,False,False,False,False,True,10304
1.0,2015,27980,False,False,False,True,False,False,False,False,False,False,False,False,True,False,False,False,False,False,False,True,14774
2.0,2004,137798,True,False,False,False,False,False,False,False,False,False,True,False,False,False,False,False,False,False,False,True,6570
1.8,2014,38215,True,False,False,False,False,False,False,False,False,False,True,False,False,False,False,False,False,False,False,False,25681
1.4,1994,266923,False,False,True,False,False,False,False,False,False,False,False,False,False,True,False,False,False,False,True,False,1142
1.0,2008,46493,False,False,False,True,False,False,False,False,False,False,False,False,True,False,False,False,False,False,False,True,8303
1.0,2003,122382,False,False,True,False,False,False,False,False,False,False,False,False,False,True,False,False,False,False,True,False,6167
1.6,2004,172952,False,False,False,True,False,False,False,False,False,False,False,False,True,False,False,False,False,False,False,True,3141
2.2,1994,79111,False,False,False,False,False,False,False,False,False,False,False,False,False,False,False,False,False,True,False,True,6105
1.8,1994,203902,False,False,True,False,False,False,False,False,False,False,False,False,False,False,True,False,False,False,True,False,2705
1.0,2018,34297,True,False,False,False,False,False,False,True,False,False,False,False,False,False,False,False,False,False,False,True,24582
3.0,2007,160305,False,True,False,False,True,False,False,False,False,False,False,False,False,False,False,False,False,False,False,True,19433
1.0,1996,35867,False,False,True,False,False,False,False,False,False,False,False,False,False,False,False,False,True,False,True,False,5384
1.2,2011,86587,True,False,False,False,False,False,True,False,False,False,False,False,False,False,False,False,False,False,False,False,8723
3.0,2018,14658,False,True,False,False,False,True,False,False,False,False,False,False,False,False,False,False,False,False,False,False,78873
1.4,2020,31287,True,False,False,False,False,False,False,True,False,False,False,False,False,False,False,False,False,False,False,True,33821
1.2,1998,178757,False,False,False,True,False,False,False,False,False,False,False,False,True,False,False,False,False,False,False,True,1735
1.4,1994,53883,False,False,True,False,False,False,False,False,False,False,False,False,False,False,False,False,True,False,False,True,4162
1.6,2018,10870,True,False,False,False,False,False,False,False,False,False,True,False,False,False,False,False,False,False,False,False,36852
1.4,2005,82356,False,False,True,False,False,False,False,False,False,False,False,False,False,True,False,False,False,False,True,False,11191
1.6,1998,120898,False,False,False,True,False,False,False,False,False,False,False,False,True,False,False,False,False,False,False,True,3212
2.0,1991,241081,False,False,False,False,False,False,False,False,False,False,False,False,False,False,False,False,False,True,False,True,1258
1.4,1988,289688,True,False,False,False,False,False,True,False,False,False,False,False,False,False,False,False,False,False,False,True,342
2.4,1997,246989,False,True,False,False,False,False,False,False,False,False,False,False,False,False,False,False,False,False,False,True,2355
2.0,1985,142992,False,False,False,False,False,False,False,False,False,False,False,False,False,False,False,True,False,False,False,True,2076
1.8,2011,64697,False,False,False,True,False,False,False,False,False,False,False,True,False,False,False,False,False,False,False,False,18821
4.4,1998,161830,False,False,False,False,False,False,False,False,False,True,False,False,False,False,False,False,False,False,False,True,10780
1.4,2018,28024,True,False,False,False,False,False,False,True,False,False,False,False,False,False,False,False,False,False,False,True,30158
3.0,1996,156682,False,False,False,False,False,False,False,False,False,False,False,False,False,False,False,False,False,True,False,True,4509
1.0,2009,93538,True,False,False,False,False,False,True,False,False,False,False,False,False,False,False,False,False,False,False,True,6317
1.0,2019,14288,False,False,True,False,False,False,False,False,False,False,False,False,False,False,False,False,True,False,False,True,23473
2.0,2006,81822,True,False,False,False,False,False,False,True,False,False,False,False,False,False,False,False,False,False,False,True,11520
2.0,1986,215481,False,False,True,False,False,False,False,False,False,False,False,False,False,False,True,False,False,False,True,False,1508
2.2,2019,28754,False,False,False,False,False,False,False,False,False,False,False,False,False,False,False,False,False,True,False,True,44415
1.4,2004,80705,False,False,False,True,False,False,False,False,False,False,False,True,False,False,False,False,False,False,False,False,9344
2.0,2009,60524,False,False,False,True,False,False,False,False,True,False,False,False,False,False,False,False,False,False,False,False,14316
1.4,2002,113879,False,False,False,True,False,False,False,False,False,False,False,True,False,False,False,False,False,False,False,False,6429
1.6,2012,85455,True,False,False,False,False,False,False,False,False,False,True,False,False,False,False,False,False,False,False,False,15593
1.2,2019,5596,False,False,False,True,False,False,False,False,True,False,False,False,False,False,False,False,False,False,False,True,28309
1.8,2015,55395,True,False,False,False,False,False,False,False,False,False,True,False,False,False,False,False,False,False,True,False,28228
1.2,2000,136312,False,False,True,False,False,False,False,False,False,False,False,False,False,False,False,False,True,False,False,True,3178
1.8,1999,108377,True,False,False,False,False,False,False,False,False,False,True,False,False,False,False,False,False,False,False,True,5607
5.0,2011,76754,False,False,False,False,False,False,False,False,False,True,False,False,False,False,False,False,False,False,False,True,52387
1.6,1995,206056,False,False,False,True,False,False,False,False,False,False,False,True,False,False,False,False,False,False,False,False,2007
2.0,2000,148540,False,False,True,False,False,False,False,False,False,False,False,False,False,False,True,False,False,False,True,False,6818
1.2,2018,23754,True,False,False,False,False,False,True,False,False,False,False,False,False,False,False,False,False,False,False,True,19725
3.0,1995,222539,False,True,False,False,False,True,False,False,False,False,False,False,False,False,False,False,False,False,False,True,3410
1.2,2014,39321,False,False,False,True,False,False,False,False,True,False,False,False,False,False,False,False,False,False,False,False,17658
1.2,2003,138515,False,False,False,True,False,False,False,False,False,False,False,False,True,False,False,False,False,False,False,True,3381
2.0,2012,59725,False,False,True,False,False,False,False,False,False,False,False,False,False,False,True,False,False,False,True,False,29179
1.8,2008,102206,False,False,True,False,False,False,False,False,False,False,False,False,False,False,True,False,False,False,True,False,15805
2.0,2010,83311,True,False,False,False,False,False,False,True,False,False,False,False,False,False,False,False,False,False,False,False,15630
1.4,2018,41355,True,False,False,False,False,False,False,True,False,False,False,False,False,False,False,False,False,False,False,True,27892
1.2,2021,17474,True,False,False,False,False,False,True,False,False,False,False,False,False,False,False,False,False,False,False,False,26189
2.2,1992,199804,False,False,True,False,False,False,False,False,False,False,False,False,False,False,True,False,False,False,True,False,2713
2.0,2021,13577,False,False,False,True,False,False,False,False,False,False,False,False,True,False,False,False,False,False,False,True,33748
1.0,2016,32446,True,False,False,False,False,False,True,False,False,False,False,False,False,False,False,False,False,False,False,True,14997
2.0,1997,130656,False,False,True,False,False,False,False,False,False,False,False,False,False,False,True,False,False,False,True,False,6443
1.4,1994,118545,True,False,False,False,False,False,False,True,False,False,False,False,False,False,False,False,False,False,False,True,3311
1.8,2011,139810,False,False,True,False,False,False,False,False,False,False,False,False,False,False,True,False,False,False,True,False,14453
1.0,2006,84312,False,False,True,False,False,False,False,False,False,False,False,False,False,True,False,False,False,False,True,False,9973
1.6,2002,83318,False,False,False,True,False,False,False,False,False,False,False,True,False,False,False,False,False,False,False,False,8585
1.4,1986,183150,False,False,True,False,False,False,False,False,False,False,False,False,False,False,False,False,True,False,False,True,914
1.0,2007,84337,True,False,False,False,False,False,False,True,False,False,False,False,False,False,False,False,False,False,False,True,8556
3.0,2002,114802,False,True,False,False,False,True,False,False,False,False,False,False,False,False,False,False,False,False,False,True,13435
2.2,2009,67314,False,False,True,False,False,False,False,False,False,False,False,False,False,False,True,False,False,False,True,False,23843
5.0,2000,122612,False,False,False,False,False,False,False,False,False,True,False,False,False,False,False,False,False,False,False,True,18006
1.4,1991,206254,False,False,False,True,False,False,False,False,True,False,False,False,False,False,False,False,False,False,False,True,1097
2.4,2018,26632,False,False,True,False,False,False,False,False,False,False,False,False,False,False,True,False,False,False,True,False,58275
4.0,1991,248160,False,True,False,False,False,False,False,False,False,False,False,False,False,False,False,False,False,False,False,True,2016
1.4,1996,130905,True,False,False,False,False,False,False,False,False,False,True,False,False,False,False,False,False,False,False,True,3406
1.2,2004,98438,False,False,False,True,False,False,False,False,True,False,False,False,False,False,False,False,False,False,False,True,5829
2.2,2005,93525,False,False,True,False,False,False,False,False,False,False,False,False,False,False,True,False,False,False,True,False,15238
1.4,1992,116353,False,False,True,False,False,False,False,False,False,False,False,False,False,False,False,False,True,False,True,False,2824
1.2,1996,109619,True,False,False,False,False,False,True,False,False,False,False,False,False,False,False,False,False,False,False,True,2585
1.6,2001,129115,False,False,False,True,False,False,False,False,False,False,False,False,True,False,False,False,False,False,False,True,3681
2.0,2017,43027,False,False,True,False,False,False,False,False,False,False,False,False,False,False,True,False,False,False,True,False,45206
2.0,2015,48864,False,False,False,True,False,False,False,False,False,False,False,True,False,False,False,False,False,False,False,False,28657
1.8,2012,81668,True,False,False,False,False,False,False,False,False,False,True,False,False,False,False,False,False,False,False,False,16982
1.4,2018,29828,False,False,True,False,False,False,False,False,False,False,False,False,False,True,False,False,False,False,True,False,37183
1.8,1991,257172,False,False,False,True,False,False,False,False,True,False,False,False,False,False,False,False,False,False,False,True,783
1.8,2014,51097,False,False,True,False,False,False,False,False,False,False,False,False,False,False,True,False,False,False,False,True,27842
1.4,2017,32667,False,False,True,False,False,False,False,False,False,False,False,False,False,False,False,False,True,False,False,True,21935
1.8,1993,261776,False,False,False,True,False,False,False,False,True,False,False,False,False,False,False,False,False,False,False,True,857
1.4,1987,219722,False,False,False,True,False,False,False,False,False,False,False,False,True,False,False,False,False,False,False,True,627
2.2,2020,20840,False,False,True,False,False,False,False,False,False,False,False,False,False,False,True,False,False,False,False,True,54875
2.4,1997,190184,False,False,False,False,False,False,False,False,False,False,False,False,False,False,False,False,False,True,False,True,3243
4.0,2017,34125,False,False,False,False,False,False,False,False,False,True,False,False,False,False,False,False,False,False,False,True,91619
2.0,1988,261729,True,False,False,False,False,False,False,True,False,False,False,False,False,False,False,False,False,False,False,True,771
1.2,2016,36087,False,False,True,False,False,False,False,False,False,False,False,False,False,False,False,False,True,False,True,False,22347
1.4,2002,161406,True,False,False,False,False,False,False,False,False,False,True,False,False,False,False,False,False,False,False,False,4165
1.4,1991,162940,False,False,True,False,False,False,False,False,False,False,False,False,False,True,False,False,False,False,True,False,2365
1.8,1991,336739,True,False,False,False,False,False,False,True,False,False,False,False,False,False,False,False,False,False,False,True,437
1.4,2009,103983,True,False,False,False,False,False,False,True,False,False,False,False,False,False,False,False,False,False,False,True,10044
1.0,2018,38404,True,False,False,False,False,False,True,False,False,False,False,False,False,False,False,False,False,False,False,True,16547
1.4,1993,120931,False,False,False,True,False,False,False,False,False,False,False,True,False,False,False,False,False,False,False,False,3343
1.0,2002,148230,False,False,True,False,False,False,False,False,False,False,False,False,False,False,False,False,True,False,True,False,3614
1.8,2006,107503,False,False,False,True,False,False,False,False,False,False,False,True,False,False,False,False,False,False,False,False,9985
2.0,2004,124610,False,False,False,True,False,False,False,False,False,False,False,True,False,False,False,False,False,False,False,False,8086
3.0,2010,79557,False,True,False,False,False,True,False,False,False,False,False,False,False,False,False,False,False,False,False,True,29571
4.4,2002,105680,False,False,False,False,False,False,False,False,False,True,False,False,False,False,False,False,False,False,False,True,21943
1.6,1991,95548,False,False,False,True,False,False,False,False,False,False,False,True,False,False,False,False,False,False,False,False,3780
1.4,1987,288484,False,False,True,False,False,False,False,False,False,False,False,False,False,False,False,False,True,False,True,False,449
1.6,1995,118507,True,False,False,False,False,False,False,False,False,False,True,False,False,False,False,False,False,False,False,False,3938
1.0,1996,93423,False,False,True,False,False,False,False,False,False,False,False,False,False,False,False,False,True,False,True,False,3692
3.0,2007,88368,False,False,False,False,False,False,False,False,False,False,False,False,False,False,False,True,False,False,False,False,17529
3.0,2003,140899,False,True,False,False,False,True,False,False,False,False,False,False,False,False,False,False,False,False,False,True,11711
2.0,1995,36797,False,False,False,False,False,False,False,False,False,False,False,False,False,False,False,True,False,False,False,False,8995
2.0,2000,129208,False,False,False,True,False,False,False,False,False,False,False,True,False,False,False,False,False,False,False,True,5690
1.8,2015,72434,False,False,False,True,False,False,False,False,False,False,False,True,False,False,False,False,False,False,False,False,23341
1.4,2018,34625,False,False,True,False,False,False,False,False,False,False,False,False,False,False,False,False,True,False,True,False,27818
1.2,2008,97903,False,False,True,False,False,False,False,False,False,False,False,False,False,False,False,False,True,False,False,True,7263
1.2,1997,270963,False,False,True,False,False,False,False,False,False,False,False,False,False,False,False,False,True,False,False,True,797
1.6,2013,76733,True,False,False,False,False,False,False,False,False,False,True,False,False,False,False,False,False,False,False,False,17705
1.2,2001,166693,False,False,False,True,False,False,False,False,True,False,False,False,False,False,False,False,False,False,False,True,2786
2.0,1995,112716,True,False,False,False,False,False,False,True,False,False,False,False,False,False,False,False,False,False,False,True,4422
1.2,1987,276979,True,False,False,False,False,False,True,False,False,False,False,False,False,False,False,False,False,False,True,False,400
1.8,2003,101937,False,False,False,True,False,False,False,False,True,False,False,False,False,False,False,False,False,False,False,True,6509
1.0,2013,43886,False,False,False,True,False,False,False,False,False,False,False,False,True,False,False,False,False,False,False,True,11774
1.2,2013,73855,False,False,False,True,False,False,False,False,False,False,False,False,True,False,False,False,False,False,False,True,10637
1.6,2017,57873,True,False,False,False,False,False,False,True,False,False,False,False,False,False,False,False,False,False,False,True,25173
1.6,2001,121698,True,False,False,False,False,False,False,True,False,False,False,False,False,False,False,False,False,False,False,False,5785
1.2,2009,81883,False,False,False,True,False,False,False,False,False,False,False,False,True,False,False,False,False,False,False,True,7711
1.4,2000,171496,False,False,False,True,False,False,False,False,False,False,False,True,False,False,False,False,False,False,False,False,3538
1.0,1987,132547,True,False,False,False,False,False,False,True,False,False,False,False,False,False,False,False,False,False,False,True,1573
1.4,2017,24430,False,False,False,True,False,False,False,False,False,False,False,True,False,False,False,False,False,False,False,True,30141
2.4,2006,98950,False,False,False,False,False,False,False,False,False,False,False,False,False,False,False,True,False,False,False,False,13593
1.4,2009,132842,False,False,False,True,False,False,False,False,False,False,False,True,False,False,False,False,False,False,False,False,8852
1.4,1986,260477,False,False,False,True,False,False,False,False,False,False,False,False,True,False,False,False,False,False,False,True,404
1.6,1991,235666,False,False,False,True,False,False,False,False,False,False,False,True,False,False,False,False,False,False,False,False,1177
2.2,2011,82763,False,False,True,False,False,False,False,False,False,False,False,False,False,False,True,False,False,False,True,False,24530
1.4,2016,39673,True,False,False,False,False,False,False,True,False,False,False,False,False,False,False,False,False,False,False,False,25891
1.0,1992,47774,True,False,False,False,False,False,True,False,False,False,False,False,False,False,False,False,False,False,False,True,2762
2.0,2014,58147,False,False,False,False,False,False,False,False,False,False,False,False,False,False,False,False,False,True,False,True,25387
2.0,2003,154479,True,False,False,False,False,False,False,False,False,False,True,False,False,False,False,False,False,False,False,False,5636
1.4,2013,46322,False,False,False,True,False,False,False,False,False,False,False,False,True,False,False,False,False,False,False,True,13725
1.8,1996,196032,False,False,False,True,False,False,False,False,True,False,False,False,False,False,False,False,False,False,False,False,1995
3.0,2013,39488,False,True,False,False,False,True,False,False,False,False,False,False,False,False,False,False,False,False,False,True,46753
1.0,2006,96885,False,False,True,False,False,False,False,False,False,False,False,False,False,False,False,False,True,False,False,True,5845
1.4,2019,20700,False,False,True,False,False,False,False,False,False,False,False,False,False,False,False,False,True,False,True,False,32186
1.4,2001,145462,True,False,False,False,False,False,False,False,False,False,True,False,False,False,False,False,False,False,True,False,5077
1.0,2018,38340,False,False,False,True,False,False,False,False,False,False,False,False,True,False,False,False,False,False,False,True,16989
1.4,2008,116255,False,False,False,True,False,False,False,False,True,False,False,False,False,False,False,False,False,False,False,True,7198
2.0,2003,93076,False,False,False,False,False,False,False,False,False,False,False,False,False,False,False,False,False,True,False,True,9615
1.4,2010,74177,False,False,True,False,False,False,False,False,False,False,False,False,False,True,False,False,False,False,True,False,16520
1.8,1995,149567,False,False,True,False,False,False,False,False,False,False,False,False,False,False,True,False,False,False,True,False,4596
1.6,1990,117398,False,False,False,True,False,False,False,False,False,False,False,True,False,False,False,False,False,False,False,True,2863
1.6,2002,117653,False,False,False,True,False,False,False,False,True,False,False,False,False,False,False,False,False,False,False,True,5103
1.0,2020,22940,False,False,False,True,False,False,False,False,False,False,False,False,True,False,False,False,False,False,False,True,21213
1.8,2011,37534,False,False,False,True,False,False,False,False,False,False,False,True,False,False,False,False,False,False,False,False,22303
1.8,2011,94925,False,False,True,False,False,False,False,False,False,False,False,False,False,False,True,False,False,False,True,False,20356
1.0,1992,174037,False,False,True,False,False,False,False,False,False,False,False,False,False,False,False,False,True,False,True,False,1496
1.8,2003,184533,False,False,False,True,False,False,False,False,False,False,False,True,False,False,False,False,False,False,False,True,4174
1.4,2013,32544,True,False,False,False,False,False,True,False,False,False,False,False,False,False,False,False,False,False,False,True,14520
2.2,2014,59274,False,False,False,False,False,False,False,False,False,False,False,False,False,False,False,False,False,True,False,True,26434
2.0,2001,202340,False,False,True,False,False,False,False,False,False,False,False,False,False,False,True,False,False,False,True,False,4610
1.8,1992,129841,False,False,False,True,False,False,False,False,False,False,False,True,False,False,False,False,False,False,False,False,3309
1.8,2005,80034,False,False,False,True,False,False,False,False,False,False,False,True,False,False,False,False,False,False,False,True,10836
2.0,1996,192045,True,False,False,False,False,False,False,True,False,False,False,False,False,False,False,False,False,False,False,True,2469
2.0,2019,36447,True,False,False,False,False,False,False,False,False,False,True,False,False,False,False,False,False,False,False,False,38177
2.4,1998,134946,False,False,True,False,False,False,False,False,False,False,False,False,False,False,True,False,False,False,True,False,7292
1.0,2010,58886,False,False,True,False,False,False,False,False,False,False,False,False,False,False,False,False,True,False,False,True,9901
1.6,2000,127543,False,False,False,True,False,False,False,False,False,False,False,True,False,False,False,False,False,False,False,False,5414
1.0,2004,157340,True,False,False,False,False,False,True,False,False,False,False,False,False,False,False,False,False,False,False,True,2758
1.0,1991,169299,False,False,True,False,False,False,False,False,False,False,False,False,False,False,False,False,True,False,False,True,1214
1.4,1987,205406,False,False,True,False,False,False,False,False,False,False,False,False,False,False,False,False,True,False,True,False,966
1.6,2003,76484,False,False,False,True,False,False,False,False,True,False,False,False,False,False,False,False,False,False,False,True,7351
1.4,2012,75934,True,False,False,False,False,False,True,False,False,False,False,False,False,False,False,False,False,False,False,True,10326
2.0,2000,127046,False,False,False,True,False,False,False,False,False,False,False,False,True,False,False,False,False,False,False,False,4109
1.8,2017,39115,False,False,True,False,False,False,False,False,False,False,False,False,False,True,False,False,False,False,True,False,37356
1.6,2015,18626,False,False,False,True,False,False,False,False,False,False,False,True,False,False,False,False,False,False,False,False,30577
1.4,1991,231525,False,False,True,False,False,False,False,False,False,False,False,False,False,True,False,False,False,False,True,False,1296
1.8,1996,112992,True,False,False,False,False,False,False,True,False,False,False,False,False,False,False,False,False,False,False,True,4475
1.2,2002,170034,True,False,False,False,False,False,True,False,False,False,False,False,False,False,False,False,False,False,False,True,2377
1.6,2016,27842,True,False,False,False,False,False,False,False,False,False,True,False,False,False,False,False,False,False,False,False,29387
1.2,2015,39606,True,False,False,False,False,False,True,False,False,False,False,False,False,False,False,False,False,False,True,False,17681
2.4,1996,284839,False,False,True,False,False,False,False,False,False,False,False,False,False,False,True,False,False,False,False,True,1414
1.8,2017,30794,False,False,True,False,False,False,False,False,False,False,False,False,False,False,True,False,False,False,True,False,46103
1.0,2013,81281,False,False,True,False,False,False,False,False,False,False,False,False,False,True,False,False,False,False,True,False,16243
1.2,1991,163174,False,False,False,True,False,False,False,False,False,False,False,False,True,False,False,False,False,False,False,True,1241
2.0,1991,212984,True,False,False,False,False,False,False,False,False,False,True,False,False,False,False,False,False,False,False,False,1530
4.0,2007,97405,False,False,False,False,False,False,False,False,False,True,False,False,False,False,False,False,False,False,False,True,31027
1.0,1997,215739,True,False,False,False,False,False,True,False,False,False,False,False,False,False,False,False,False,False,False,True,1043
1.2,2003,85571,False,False,True,False,False,False,False,False,False,False,False,False,False,False,False,False,True,False,True,False,6820
1.2,2001,185312,True,False,False,False,False,False,True,False,False,False,False,False,False,False,False,False,False,False,False,True,1951
1.4,1991,287138,True,False,False,False,False,False,True,False,False,False,False,False,False,False,False,False,False,False,False,True,428
2.4,2004,135042,False,True,False,False,False,False,False,False,False,False,False,False,False,False,False,False,False,False,False,True,9909
1.2,2015,56205,False,False,True,False,False,False,False,False,False,False,False,False,False,False,False,False,True,False,True,False,18479
1.6,2008,82771,False,False,False,True,False,False,False,False,False,False,False,True,False,False,False,False,False,False,False,True,12244
5.0,2017,39154,False,False,False,False,False,False,False,False,False,True,False,False,False,False,False,False,False,False,False,True,99436
2.0,2005,109364,False,False,False,True,False,False,False,False,True,False,False,False,False,False,False,False,False,False,False,True,7420
1.6,1989,226513,True,False,False,False,False,False,False,True,False,False,False,False,False,False,False,False,False,False,False,True,1019
5.0,2014,58820,False,False,False,False,False,False,False,False,False,True,False,False,False,False,False,False,False,False,False,True,72066
2.0,1994,158502,False,False,False,True,False,False,False,False,True,False,False,False,False,False,False,False,False,False,True,False,2898
1.0,2008,67377,True,False,False,False,False,False,True,False,False,False,False,False,False,False,False,False,False,False,False,True,7080
1.0,2017,38436,False,False,True,False,False,False,False,False,False,False,False,False,False,False,False,False,True,False,True,False,21505
1.8,1998,164481,True,False,False,False,False,False,False,False,False,False,True,False,False,False,False,False,False,False,False,False,3525
2.4,2012,90750,False,False,False,False,False,False,False,False,False,False,False,False,False,False,False,True,False,False,False,True,20490
1.4,2012,53155,True,False,False,False,False,False,False,False,False,False,True,False,False,False,False,False,False,False,False,True,17227
1.8,1993,176575,True,False,False,False,False,False,False,True,False,False,False,False,False,False,False,False,False,False,False,False,2301
1.0,1993,84410,False,False,False,True,False,False,False,False,False,False,False,False,True,False,False,False,False,False,False,True,2380
1.4,1998,169919,True,False,False,False,False,False,False,False,False,False,True,False,False,False,False,False,False,False,False,False,2970
2.0,2015,45664,False,False,False,True,False,False,False,False,False,False,False,True,False,False,False,False,False,False,False,False,29228
1.4,2017,58793,False,False,False,True,False,False,False,False,False,False,False,False,True,False,False,False,False,False,False,True,16569
1.2,2013,42711,False,False,False,True,False,False,False,False,False,False,False,False,True,False,False,False,False,False,False,True,12990
1.6,2004,93927,True,False,False,False,False,False,False,True,False,False,False,False,False,False,False,False,False,False,False,False,8692
2.0,2016,54653,True,False,False,False,False,False,False,False,False,False,True,False,False,False,False,False,False,False,False,False,27962
1.8,2016,58749,True,False,False,False,False,False,False,True,False,False,False,False,False,False,False,False,False,False,False,False,26080
1.4,1990,274599,False,False,True,False,False,False,False,False,False,False,False,False,False,True,False,False,False,False,True,False,814
1.8,2005,170050,True,False,False,False,False,False,False,False,False,False,True,False,False,False,False,False,False,False,False,False,5365
2.0,2010,71872,False,False,False,True,False,False,False,False,False,False,False,False,True,False,False,False,False,False,False,True,11395
2.0,2012,89417,False,False,False,True,False,False,False,False,False,False,False,False,True,False,False,False,False,False,False,False,12110
2.0,2017,49974,True,False,False,False,False,False,False,False,False,False,True,False,False,False,False,False,False,False,False,False,30780
1.8,2015,49497,False,False,True,False,False,False,False,False,False,False,False,False,False,False,True,False,False,False,True,False,36072
1.0,1988,108794,False,False,True,False,False,False,False,False,False,False,False,False,False,True,False,False,False,False,True,False,2516
1.4,1985,157337,False,False,True,False,False,False,False,False,False,False,False,False,False,True,False,False,False,False,True,False,1661
1.6,2013,56754,False,False,False,True,False,False,False,False,True,False,False,False,False,False,False,False,False,False,False,False,17127
2.0,1998,143853,False,True,False,False,False,False,False,False,False,False,False,False,False,False,False,False,False,False,False,True,5650
1.6,2013,71517,False,False,False,True,False,False,False,False,True,False,False,False,False,False,False,False,False,False,False,True,14808
1.0,1992,268571,True,False,False,False,False,False,True,False,False,False,False,False,False,False,False,False,False,False,False,True,460
2.0,1995,170237,False,False,False,True,False,False,False,False,True,False,False,False,False,False,False,False,False,False,False,True,2340
1.2,2011,95160,False,False,True,False,False,False,False,False,False,False,False,False,False,False,False,False,True,False,False,True,9049
1.8,1990,133913,False,False,True,False,False,False,False,False,False,False,False,False,False,True,False,False,False,False,True,False,3178
1.8,2011,80451,False,False,False,True,False,False,False,False,False,False,False,True,False,False,False,False,False,False,False,False,16926
1.0,1995,168060,False,False,False,True,False,False,False,False,False,False,False,False,True,False,False,False,False,False,False,True,1420
1.8,2015,65337,False,False,True,False,False,False,False,False,False,False,False,False,False,False,True,False,False,False,False,True,27163
1.8,1991,182712,True,False,False,False,False,False,False,False,False,False,True,False,False,False,False,False,False,False,False,False,1893
1.2,1997,136584,False,False,True,False,False,False,False,False,False,False,False,False,False,False,False,False,True,False,True,False,3116
1.8,2010,49300,False,False,True,False,False,False,False,False,False,False,False,False,False,True,False,False,False,False,True,False,22017
1.2,1999,184669,True,False,False,False,False,False,True,False,False,False,False,False,False,False,False,False,False,False,False,True,1717
1.8,2004,100008,False,False,False,True,False,False,False,False,False,False,False,True,False,False,False,False,False,False,False,True,8796
1.0,2010,96245,False,False,True,False,False,False,False,False,False,False,False,False,False,True,False,False,False,False,True,False,11961
2.0,1995,262644,True,False,False,False,False,False,False,False,False,False,True,False,False,False,False,False,False,False,False,False,1268
2.4,2015,52330,False,False,True,False,False,False,False,False,False,False,False,False,False,False,True,False,False,False,True,False,40922
2.4,2020,19435,False,False,True,False,False,False,False,False,False,False,False,False,False,False,True,False,False,False,True,False,69312
1.2,2016,63664,False,False,True,False,False,False,False,False,False,False,False,False,False,False,False,False,True,False,True,False,18824
1.4,2012,61988,True,False,False,False,False,False,True,False,False,False,False,False,False,False,False,False,False,False,False,True,11331
1.2,2010,33527,False,False,False,True,False,False,False,False,False,False,False,False,True,False,False,False,False,False,False,True,11231
1.6,2013,17129,True,False,False,False,False,False,False,True,False,False,False,False,False,False,False,False,False,False,False,False,25771
2.0,1990,201008,False,False,False,True,False,False,False,False,True,False,False,False,False,False,False,False,False,False,False,False,1349
1.8,2004,121307,False,False,True,False,False,False,False,False,False,False,False,False,False,True,False,False,False,False,True,False,8919
1.6,2006,151140,False,False,False,True,False,False,False,False,False,False,False,True,False,False,False,False,False,False,False,True,6368
2.0,2015,66206,False,False,False,True,False,False,False,False,True,False,False,False,False,False,False,False,False,False,False,True,19598
1.8,2000,140343,True,False,False,False,False,False,False,False,False,False,True,False,False,False,False,False,False,False,False,False,4911
1.2,2017,37430,False,False,True,False,False,False,False,False,False,False,False,False,False,False,False,False,True,False,True,False,23698
1.4,1996,126814,False,False,False,True,False,False,False,False,True,False,False,False,False,False,False,False,False,False,False,False,3130
2.0,2012,115289,True,False,False,False,False,False,False,True,False,False,False,False,False,False,False,False,False,False,False,True,13471
1.8,1994,132870,False,False,True,False,False,False,False,False,False,False,False,False,False,True,False,False,False,False,True,False,4184
2.0,2012,92366,False,False,False,True,False,False,False,False,False,False,False,False,True,False,False,False,False,False,False,True,11293
1.0,2007,68019,False,False,False,True,False,False,False,False,False,False,False,False,True,False,False,False,False,False,False,False,7107
1.2,1986,256473,False,False,True,False,False,False,False,False,False,False,False,False,False,False,False,False,True,False,False,True,438
2.4,2016,33380,False,False,False,False,False,False,False,False,False,False,False,False,False,False,False,False,False,True,False,True,36980
3.5,2014,52773,False,True,False,False,True,False,False,False,False,False,False,False,False,False,False,False,False,False,False,True,74126
4.4,2010,78948,False,False,False,False,False,False,False,False,False,True,False,False,False,False,False,False,False,False,False,True,45287
2.4,2003,119563,False,False,True,False,False,False,False,False,False,False,False,False,False,False,True,False,False,False,True,False,11477
1.4,1992,160404,False,False,False,True,False,False,False,False,False,False,False,False,True,False,False,False,False,False,False,True,1467
1.2,1999,157966,False,False,True,False,False,False,False,False,False,False,False,False,False,False,False,False,True,False,False,True,2493
1.6,2018,27157,False,False,False,True,False,False,False,False,True,False,False,False,False,False,False,False,False,False,False,True,27215
2.0,2011,79703,False,False,False,False,False,False,False,False,False,False,False,False,False,False,False,False,False,True,False,True,18006
1.4,1998,167104,False,False,False,True,False,False,False,False,False,False,False,False,True,False,False,False,False,False,False,True,2069
1.2,2016,47924,False,False,True,False,False,False,False,False,False,False,False,False,False,False,False,False,True,False,True,False,20806
1.4,2007,101073,True,False,False,False,False,False,False,True,False,False,False,False,False,False,False,False,False,False,False,False,9429
3.0,2016,25018,False,False,False,False,False,False,False,False,False,False,False,False,False,False,False,True,False,False,False,False,47818
2.4,1988,275595,False,False,False,False,False,False,False,False,False,False,False,False,False,False,False,True,False,False,False,False,902
1.6,2003,156535,True,False,False,False,False,False,False,False,False,False,True,False,False,False,False,False,False,False,False,True,4720
1.4,2006,126743,False,False,True,False,False,False,False,False,False,False,False,False,False,False,False,False,True,False,True,False,6628
2.0,2006,100052,False,False,False,True,False,False,False,False,False,False,False,True,False,False,False,False,False,False,False,False,11120
2.0,1987,236388,False,False,False,True,False,False,False,False,False,False,False,True,False,False,False,False,False,False,False,True,954
1.8,2007,121012,False,False,True,False,False,False,False,False,False,False,False,False,False,True,False,False,False,False,True,False,10918
2.0,2000,206817,True,False,False,False,False,False,False,True,False,False,False,False,False,False,False,False,False,False,False,False,2972
1.4,1992,142260,False,False,True,False,False,False,False,False,False,False,False,False,False,True,False,False,False,False,True,False,2996
2.0,2014,37663,False,False,False,False,False,False,False,False,False,False,False,False,False,False,False,False,False,True,False,True,28810
1.0,1991,168148,True,False,False,False,False,False,False,True,False,False,False,False,False,False,False,False,False,False,False,True,1535
1.8,2015,22825,False,False,True,False,False,False,False,False,False,False,False,False,False,False,True,False,False,False,True,False,42212
2.4,2005,114858,False,False,True,False,False,False,False,False,False,False,False,False,False,False,True,False,False,False,True,False,13594
1.0,1993,89971,False,False,True,False,False,False,False,False,False,False,False,False,False,True,False,False,False,False,True,False,4028
1.6,1986,311658,False,False,False,True,False,False,False,False,True,False,False,False,False,False,False,False,False,False,False,True,316
1.4,2004,148376,True,False,False,False,False,False,False,False,False,False,True,False,False,False,False,False,False,False,False,False,5299
1.2,2009,68155,False,False,True,False,False,False,False,False,False,False,False,False,False,False,False,False,True,False,True,False,11460
1.2,2010,82934,False,False,True,False,False,False,False,False,False,False,False,False,False,False,False,False,True,False,False,True,9232
1.8,2005,88808,False,False,True,False,False,False,False,False,False,False,False,False,False,True,False,False,False,False,True,False,12128
1.4,2016,37644,False,False,False,True,False,False,False,False,True,False,False,False,False,False,False,False,False,False,False,True,20964
1.2,2014,71010,False,False,False,True,False,False,False,False,False,False,False,False,True,False,False,False,False,False,False,True,11591
1.8,2004,91064,False,False,True,False,False,False,False,False,False,False,False,False,False,True,False,False,False,False,True,False,11165
1.8,1987,248446,True,False,False,False,False,False,False,False,False,False,True,False,False,False,False,False,False,False,False,False,805
2.0,2015,48270,True,False,False,False,False,False,False,False,False,False,True,False,False,False,False,False,False,False,False,True,25928
1.4,2016,32161,False,False,True,False,False,False,False,False,False,False,False,False,False,False,False,False,True,False,True,False,24697
2.0,2015,68047,False,False,False,True,False,False,False,False,False,False,False,False,True,False,False,False,False,False,False,True,16315
4.0,1994,273292,False,False,False,False,False,False,False,False,False,True,False,False,False,False,False,False,False,False,False,True,2905
2.4,1999,167406,False,False,True,False,False,False,False,False,False,False,False,False,False,False,True,False,False,False,True,False,5976
1.2,2011,63482,True,False,False,False,False,False,True,False,False,False,False,False,False,False,False,False,False,False,True,False,11663
1.2,2020,18077,True,False,False,False,False,False,True,False,False,False,False,False,False,False,False,False,False,False,False,False,24419
1.0,2018,33714,True,False,False,False,False,False,False,True,False,False,False,False,False,False,False,False,False,False,False,True,24665
1.4,2013,56754,True,False,False,False,False,False,True,False,False,False,False,False,False,False,False,False,False,False,False,True,12528
2.0,1999,116570,True,False,False,False,False,False,False,False,False,False,True,False,False,False,False,False,False,False,False,True,5556
2.0,2002,150200,True,False,False,False,False,False,False,False,False,False,True,False,False,False,False,False,False,False,False,True,5201
1.2,2011,55596,False,False,False,True,False,False,False,False,False,False,False,False,True,False,False,False,False,False,False,True,10495
1.8,2002,148691,True,False,False,False,False,False,False,False,False,False,True,False,False,False,False,False,False,False,False,False,5245
1.8,1993,387874,True,False,False,False,False,False,False,True,False,False,False,False,False,False,False,False,False,False,False,True,304
1.0,2004,133498,False,False,True,False,False,False,False,False,False,False,False,False,False,False,False,False,True,False,False,True,3874
1.0,2019,18083,False,False,True,False,False,False,False,False,False,False,False,False,False,True,False,False,False,False,True,False,35874
1.8,1994,219451,False,False,True,False,False,False,False,False,False,False,False,False,False,True,False,False,False,False,True,False,2003
1.4,2020,8085,False,False,True,False,False,False,False,False,False,False,False,False,False,False,False,False,True,False,True,False,36811
1.0,2014,55390,True,False,False,False,False,False,True,False,False,False,False,False,False,False,False,False,False,False,True,False,13700
1.4,2016,35985,False,False,False,True,False,False,False,False,True,False,False,False,False,False,False,False,False,False,False,False,22229
1.4,2013,39929,False,False,True,False,False,False,False,False,False,False,False,False,False,True,False,False,False,False,True,False,25111
1.2,2007,81447,False,False,False,True,False,False,False,False,True,False,False,False,False,False,False,False,False,False,False,True,8033
2.2,2014,49329,False,False,False,False,False,False,False,False,False,False,False,False,False,False,False,False,False,True,False,True,28150
2.2,2013,28964,False,False,False,False,False,False,False,False,False,False,False,False,False,False,False,False,False,True,False,True,29736
1.4,2017,61651,True,False,False,False,False,False,False,True,False,False,False,False,False,False,False,False,False,False,False,True,22981
1.8,2012,35178,False,False,True,False,False,False,False,False,False,False,False,False,False,True,False,False,False,False,True,False,27398
1.4,2005,136183,False,False,False,True,False,False,False,False,False,False,False,False,True,False,False,False,False,False,False,True,4251
3.0,2015,45607,False,True,False,False,False,True,False,False,False,False,False,False,False,False,False,False,False,False,False,True,51481
1.0,2016,32437,False,False,True,False,False,False,False,False,False,False,False,False,False,True,False,False,False,False,True,False,27092
1.4,2010,102038,False,False,True,False,False,False,False,False,False,False,False,False,False,True,False,False,False,False,True,False,13567
1.0,2020,9787,False,False,True,False,False,False,False,False,False,False,False,False,False,True,False,False,False,False,True,False,40087
2.0,1994,144450,False,False,True,False,False,False,False,False,False,False,False,False,False,False,True,False,False,False,True,False,4725
1.6,2007,106403,True,False,False,False,False,False,False,False,False,False,True,False,False,False,False,False,False,False,True,False,10975
2.0,2006,95802,False,False,False,False,False,False,False,False,False,False,False,False,False,False,False,True,False,False,False,False,12696
1.6,1994,123733,False,False,False,True,False,False,False,False,False,False,False,True,False,False,False,False,False,False,False,False,3738
2.2,1989,145022,False,False,True,False,False,False,False,False,False,False,False,False,False,False,True,False,False,False,False,True,2945
1.4,2017,34908,False,False,True,False,False,False,False,False,False,False,False,False,False,True,False,False,False,False,True,False,33775
1.6,2017,70518,True,False,False,False,False,False,False,False,False,False,True,False,False,False,False,False,False,False,False,False,24108
4.0,1999,193219,False,True,False,False,False,False,False,False,False,False,False,False,False,False,False,False,False,False,False,True,5634
1.8,2006,131000,False,False,True,False,False,False,False,False,False,False,False,False,False,False,True,False,False,False,True,False,11107
1.4,2013,59591,True,False,False,False,False,False,True,False,False,False,False,False,False,False,False,False,False,False,False,True,12302
4.0,2011,66966,False,False,False,False,False,False,False,False,False,True,False,False,False,False,False,False,False,False,False,True,50043
1.8,2006,137849,False,False,False,True,False,False,False,False,False,False,False,True,False,False,False,False,False,False,False,False,7897
1.2,2000,114598,True,False,False,False,False,False,True,False,False,False,False,False,False,False,False,False,False,False,False,True,3250
2.0,2018,30929,False,False,False,True,False,False,False,False,False,False,False,True,False,False,False,False,False,False,False,False,38967
1.4,2016,32129,False,False,False,True,False,False,False,False,True,False,False,False,False,False,False,False,False,False,False,False,22735
1.2,2000,83148,True,False,False,False,False,False,True,False,False,False,False,False,False,False,False,False,False,False,False,True,4087
1.0,2012,82847,True,False,False,False,False,False,True,False,False,False,False,False,False,False,False,False,False,False,False,True,8321
4.0,1999,217039,False,True,False,False,False,True,False,False,False,False,False,False,False,False,False,False,False,False,False,True,5402
1.6,1991,231937,False,False,False,True,False,False,False,False,True,False,False,False,False,False,False,False,False,False,True,False,1117
1.8,1991,71702,False,False,True,False,False,False,False,False,False,False,False,False,False,False,True,False,False,False,False,True,5257
1.4,2010,31962,False,False,False,True,False,False,False,False,False,False,False,False,True,False,False,False,False,False,False,True,12242
1.2,2003,32559,False,False,False,True,False,False,False,False,True,False,False,False,False,False,False,False,False,False,False,False,8826
1.6,1996,259256,False,False,False,True,False,False,False,False,False,False,False,False,True,False,False,False,False,False,False,False,894
1.4,2009,9700,True,False,False,False,False,False,False,False,False,False,True,False,False,False,False,False,False,False,False,False,19035
2.0,2005,87586,False,False,False,True,False,False,False,False,False,False,False,True,False,False,False,False,False,False,False,False,11378
1.2,1998,155188,True,False,False,False,False,False,True,False,False,False,False,False,False,False,False,False,False,False,False,True,2061
2.2,2018,40276,False,False,True,False,False,False,False,False,False,False,False,False,False,False,True,False,False,False,True,False,51529
3.0,2007,160639,False,False,False,False,False,False,False,False,False,False,False,False,False,False,False,True,False,False,False,False,10016
1.6,2002,149336,False,False,False,True,False,False,False,False,False,False,False,True,False,False,False,False,False,False,False,False,5197
2.0,1993,183921,False,False,False,False,False,False,False,False,False,False,False,False,False,False,False,False,False,True,False,True,2394
2.2,1991,199870,False,False,True,False,False,False,False,False,False,False,False,False,False,False,True,False,False,False,True,False,2537
1.0,1998,88889,True,False,False,False,False,False,True,False,False,False,False,False,False,False,False,False,False,False,False,True,3136
1.4,2021,7810,True,False,False,False,False,False,False,False,False,False,True,False,False,False,False,False,False,False,False,False,42784
1.0,2013,80887,True,False,False,False,False,False,True,False,False,False,False,False,False,False,False,False,False,False,False,False,9468
1.4,1990,28105,False,False,True,False,False,False,False,False,False,False,False,False,False,True,False,False,False,False,True,False,5806
2.0,1997,213524,True,False,False,False,False,False,False,True,False,False,False,False,False,False,False,False,False,False,False,True,2183
2.0,2021,17045,False,True,False,False,False,False,False,False,False,False,False,False,False,False,False,False,False,False,False,True,62459
1.8,1995,104560,False,False,True,False,False,False,False,False,False,False,False,False,False,True,False,False,False,False,True,False,5555
1.4,1985,296935,True,False,False,False,False,False,False,True,False,False,False,False,False,False,False,False,False,False,False,False,398
1.6,2000,52712,True,False,False,False,False,False,False,True,False,False,False,False,False,False,False,False,False,False,False,True,8374
1.0,2001,105569,False,False,True,False,False,False,False,False,False,False,False,False,False,True,False,False,False,False,True,False,6131
1.4,2006,101162,False,False,False,True,False,False,False,False,False,False,False,True,False,False,False,False,False,False,False,False,9228
2.4,2013,43663,False,False,False,False,False,False,False,False,False,False,False,False,False,False,False,False,False,True,False,True,28479
1.0,2000,114588,True,False,False,False,False,False,False,True,False,False,False,False,False,False,False,False,False,False,False,False,4518
2.0,2011,92931,True,False,False,False,False,False,False,True,False,False,False,False,False,False,False,False,False,False,False,False,15609
1.2,2001,167313,True,False,False,False,False,False,True,False,False,False,False,False,False,False,False,False,False,False,False,True,2276
3.5,1992,134759,False,True,False,False,False,True,False,False,False,False,False,False,False,False,False,False,False,False,False,True,6380
1.6,2018,39007,True,False,False,False,False,False,False,False,False,False,True,False,False,False,False,False,False,False,False,False,31463
3.0,1991,262591,False,True,False,False,False,True,False,False,False,False,False,False,False,False,False,False,False,False,False,True,1808
1.0,2006,99846,True,False,False,False,False,False,True,False,False,False,False,False,False,False,False,False,False,False,False,True,4941
1.4,1992,148145,False,False,False,True,False,False,False,False,False,False,False,False,True,False,False,False,False,False,False,True,1623
2.0,2001,160958,False,False,False,True,False,False,False,False,False,False,False,False,True,False,False,False,False,False,False,False,3339
2.0,1991,292606,False,False,False,False,False,False,False,False,False,False,False,False,False,False,False,False,False,True,False,True,777
1.4,1997,183699,True,False,False,False,False,False,False,True,False,False,False,False,False,False,False,False,False,False,False,True,2374
2.0,1997,210040,False,False,False,True,False,False,False,False,False,False,False,False,True,False,False,False,False,False,False,True,1594
2.0,2008,88876,True,False,False,False,False,False,False,True,False,False,False,False,False,False,False,False,False,False,False,True,12528
1.8,1993,114583,False,False,False,True,False,False,False,False,True,False,False,False,False,False,False,False,False,False,False,True,3041
2.0,1995,197633,True,False,False,False,False,False,False,True,False,False,False,False,False,False,False,False,False,False,False,True,2199
1.4,2008,106701,True,False,False,False,False,False,True,False,False,False,False,False,False,False,False,False,False,False,False,True,6350
2.4,2011,62917,False,False,True,False,False,False,False,False,False,False,False,False,False,False,True,False,False,False,True,False,29289
2.0,1995,186684,False,False,False,True,False,False,False,False,False,False,False,False,True,False,False,False,False,False,False,True,1713
1.4,2016,30186,True,False,False,False,False,False,False,True,False,False,False,False,False,False,False,False,False,False,False,True,26069
2.0,2016,61228,True,False,False,False,False,False,False,False,False,False,True,False,False,False,False,False,False,False,False,False,26808
1.8,2011,78775,False,False,False,True,False,False,False,False,True,False,False,False,False,False,False,False,False,False,False,True,13084
1.4,2014,54353,True,False,False,False,False,False,False,False,False,False,True,False,False,False,False,False,False,False,False,False,20513
1.6,2004,178764,False,False,False,True,False,False,False,False,False,False,False,False,True,False,False,False,False,False,False,True,2989
2.2,2003,158353,False,False,True,False,False,False,False,False,False,False,False,False,False,False,True,False,False,False,True,False,8057
1.0,2012,77055,False,False,False,True,False,False,False,False,False,False,False,False,True,False,False,False,False,False,False,True,8889
1.0,2016,16421,True,False,False,False,False,False,True,False,False,False,False,False,False,False,False,False,False,False,False,True,16407
2.4,2022,10162,False,False,True,False,False,False,False,False,False,False,False,False,False,False,True,False,False,False,True,False,83241
1.2,2015,49944,True,False,False,False,False,False,True,False,False,False,False,False,False,False,False,False,False,False,False,False,14526
1.0,1993,225216,True,False,False,False,False,False,False,True,False,False,False,False,False,False,False,False,False,False,False,True,1064
1.2,2010,63891,False,False,True,False,False,False,False,False,False,False,False,False,False,False,False,False,True,False,False,True,10499
1.0,1998,226061,False,False,True,False,False,False,False,False,False,False,False,False,False,True,False,False,False,False,True,False,1836
1.0,1998,139142,False,False,False,True,False,False,False,False,False,False,False,False,True,False,False,False,False,False,False,True,2200
1.4,2013,46792,False,False,True,False,False,False,False,False,False,False,False,False,False,False,False,False,True,False,True,False,18528
1.4,2019,17850,False,False,True,False,False,False,False,False,False,False,False,False,False,True,False,False,False,False,True,False,42501
1.4,1995,163275,False,False,True,False,False,False,False,False,False,False,False,False,False,False,False,False,True,False,False,True,1973
1.8,2006,115534,False,False,False,True,False,False,False,False,True,False,False,False,False,False,False,False,False,False,False,True,7182
2.0,1996,198233,True,False,False,False,False,False,False,False,False,False,True,False,False,False,False,False,False,False,False,False,2433
2.4,2010,80183,False,False,False,False,False,False,False,False,False,False,False,False,False,False,False,True,False,False,False,False,20277
2.0,2015,39001,False,False,False,True,False,False,False,False,False,False,False,True,False,False,False,False,False,False,False,False,30428
2.0,1986,252426,False,False,False,True,False,False,False,False,True,False,False,False,False,False,False,False,False,False,False,False,648
1.4,2017,53775,True,False,False,False,False,False,True,False,False,False,False,False,False,False,False,False,False,False,False,True,16668
4.4,1997,179875,False,False,False,False,False,False,False,False,False,True,False,False,False,False,False,False,False,False,False,True,8656
1.4,2019,32159,False,False,False,True,False,False,False,False,False,False,False,True,False,False,False,False,False,False,False,True,32955
2.2,1996,175758,False,False,True,False,False,False,False,False,False,False,False,False,False,False,True,False,False,False,True,False,4364
1.4,1996,146496,False,False,False,True,False,False,False,False,False,False,False,True,False,False,False,False,False,False,False,False,3335
1.6,2011,100733,False,False,False,True,False,False,False,False,False,False,False,False,True,False,False,False,False,False,False,True,8894
1.8,1997,158711,False,False,False,True,False,False,False,False,False,False,False,True,False,False,False,False,False,False,False,False,3656
1.8,2019,28643,False,False,True,False,False,False,False,False,False,False,False,False,False,False,True,False,False,False,True,False,53333
2.0,2004,62499,True,False,False,False,False,False,False,False,False,False,True,False,False,False,False,False,False,False,False,True,11377
1.0,2017,36279,True,False,False,False,False,False,False,True,False,False,False,False,False,False,False,False,False,False,False,True,22730
2.0,2002,241288,True,False,False,False,False,False,False,False,False,False,True,False,False,False,False,False,False,False,False,True,2347
2.4,1998,69241,False,False,False,False,False,False,False,False,False,False,False,False,False,False,False,False,False,True,False,True,8901
2.4,1994,179147,False,False,True,False,False,False,False,False,False,False,False,False,False,False,True,False,False,False,True,False,3875
4.0,1991,155947,False,True,False,False,False,False,False,False,False,False,False,False,False,False,False,False,False,False,False,True,4539
1.6,1997,207904,False,False,False,True,False,False,False,False,False,False,False,False,True,False,False,False,False,False,False,True,1453
1.0,2009,57080,True,False,False,False,False,False,False,True,False,False,False,False,False,False,False,False,False,False,False,True,11734
2.0,2001,137020,False,False,False,True,False,False,False,False,False,False,False,True,False,False,False,False,False,False,False,False,6004
1.0,2002,139139,False,False,True,False,False,False,False,False,False,False,False,False,False,False,False,False,True,False,False,True,3241
2.2,2001,221229,False,False,True,False,False,False,False,False,False,False,False,False,False,False,True,False,False,False,True,False,4085
1.8,2020,17736,False,False,False,True,False,False,False,False,True,False,False,False,False,False,False,False,False,False,False,True,34756
2.4,1989,192721,False,False,False,False,False,False,False,False,False,False,False,False,False,False,False,True,False,False,False,False,2051
1.4,1996,166963,False,False,True,False,False,False,False,False,False,False,False,False,False,False,False,False,True,False,True,False,2454
1.4,1993,160888,True,False,False,False,False,False,True,False,False,False,False,False,False,False,False,False,False,False,False,True,1521
4.0,1997,171100,False,True,False,False,False,True,False,False,False,False,False,False,False,False,False,False,False,False,False,False,7416
1.4,1984,238276,True,False,False,False,False,False,False,True,False,False,False,False,False,False,False,False,False,False,False,True,613
3.5,1999,125197,False,True,False,False,True,False,False,False,False,False,False,False,False,False,False,False,False,False,False,True,16341
1.2,1988,178696,False,False,False,True,False,False,False,False,True,False,False,False,False,False,False,False,False,False,False,True,1057
1.6,2005,155998,False,False,False,True,False,False,False,False,True,False,False,False,False,False,False,False,False,False,False,True,4592
1.4,2012,84523,True,False,False,False,False,False,False,False,False,False,True,False,False,False,False,False,False,False,False,False,14681
1.4,2014,62412,False,False,True,False,False,False,False,False,False,False,False,False,False,True,False,False,False,False,True,False,23323
1.0,2000,88993,False,False,False,True,False,False,False,False,False,False,False,False,True,False,False,False,False,False,False,True,3675
2.0,2001,150156,False,False,True,False,False,False,False,False,False,False,False,False,False,False,True,False,False,False,True,False,7193
1.0,1990,234260,False,False,True,False,False,False,False,False,False,False,False,False,False,False,False,False,True,False,True,False,769
1.8,1992,227660,False,False,True,False,False,False,False,False,False,False,False,False,False,True,False,False,False,False,True,False,1627
2.0,1992,139701,False,True,False,False,False,False,False,False,False,False,False,False,False,False,False,False,False,False,False,True,3916
3.0,2013,61339,False,False,False,False,False,False,False,False,False,False,False,False,False,False,False,True,False,False,False,True,29919
1.8,2018,17733,False,False,False,True,False,False,False,False,False,False,False,True,False,False,False,False,False,False,False,False,39806
1.4,2005,138391,False,False,True,False,False,False,False,False,False,False,False,False,False,False,False,False,True,False,True,False,5655
2.2,2007,106025,False,False,True,False,False,False,False,False,False,False,False,False,False,False,True,False,False,False,True,False,15892
3.5,1998,115294,False,True,False,False,True,False,False,False,False,False,False,False,False,False,False,False,False,False,False,True,16497
1.4,1993,162457,False,False,False,True,False,False,False,False,False,False,False,False,True,False,False,False,False,False,False,True,1541
1.4,2020,20684,False,False,True,False,False,False,False,False,False,False,False,False,False,False,False,False,True,False,False,True,28673
2.0,1989,126706,False,True,False,False,False,False,False,False,False,False,False,False,False,False,False,False,False,False,False,True,3553
1.4,2005,92815,False,False,False,True,False,False,False,False,False,False,False,False,True,False,False,False,False,False,False,True,5906
1.0,2001,139636,False,False,True,False,False,False,False,False,False,False,False,False,False,False,False,False,True,False,False,True,3020
4.0,1992,174163,False,False,False,False,False,False,False,False,False,True,False,False,False,False,False,False,False,False,False,True,6209
2.0,2001,151349,False,False,False,True,False,False,False,False,False,False,False,False,True,False,False,False,False,False,False,True,3443
1.4,2018,30227,False,False,True,False,False,False,False,False,False,False,False,False,False,False,False,False,True,False,True,False,28537
1.6,2019,20922,True,False,False,False,False,False,False,False,False,False,True,False,False,False,False,False,False,False,False,False,37313
1.8,2014,68816,False,False,True,False,False,False,False,False,False,False,False,False,False,False,True,False,False,False,False,True,24833
3.0,2008,60300,False,True,False,False,False,True,False,False,False,False,False,False,False,False,False,False,False,False,False,True,29432
1.0,1986,388340,False,False,True,False,False,False,False,False,False,False,False,False,False,True,False,False,False,False,True,False,176
2.4,1991,83097,False,False,False,False,False,False,False,False,False,False,False,False,False,False,False,False,False,True,False,True,5078
1.0,2005,136287,False,False,False,True,False,False,False,False,False,False,False,False,True,False,False,False,False,False,False,True,3590
1.2,1994,145780,False,False,False,True,False,False,False,False,True,False,False,False,False,False,False,False,False,False,False,True,2077
1.4,1998,164874,True,False,False,False,False,False,False,False,False,False,True,False,False,False,False,False,False,False,False,False,3099
2.0,2019,20255,False,False,False,True,False,False,False,False,False,False,False,True,False,False,False,False,False,False,False,True,42130
1.8,2019,23657,False,False,False,True,False,False,False,False,False,False,False,True,False,False,False,False,False,False,False,True,39221
1.4,2004,146751,True,False,False,False,False,False,True,False,False,False,False,False,False,False,False,False,False,False,False,True,3559
1.2,2011,67353,True,False,False,False,False,False,True,False,False,False,False,False,False,False,False,False,False,False,False,True,9474
1.4,1994,182511,False,False,False,True,False,False,False,False,False,False,False,True,False,False,False,False,False,False,False,False,2158
2.0,1996,13500,False,False,False,True,False,False,False,False,False,False,False,True,False,False,False,False,False,False,False,False,9903
1.8,2010,56636,False,False,True,False,False,False,False,False,False,False,False,False,False,True,False,False,False,False,True,False,21024
1.0,2004,107726,False,False,False,True,False,False,False,False,False,False,False,False,True,False,False,False,False,False,False,True,4187
1.2,2017,15412,False,False,True,False,False,False,False,False,False,False,False,False,False,False,False,False,True,False,False,True,22368
2.0,2019,31715,False,True,False,False,False,False,False,False,False,False,False,False,False,False,False,False,False,False,False,True,50347
1.8,2015,61112,False,False,True,False,False,False,False,False,False,False,False,False,False,False,True,False,False,False,True,False,33508
2.0,2005,34663,False,False,False,False,False,False,False,False,False,False,False,False,False,False,False,True,False,False,False,True,16898
1.0,2012,63373,True,False,False,False,False,False,True,False,False,False,False,False,False,False,False,False,False,False,False,True,9490
3.0,1994,295037,False,False,False,False,False,False,False,False,False,False,False,False,False,False,False,False,False,True,False,True,1136
1.2,2003,127585,False,False,True,False,False,False,False,False,False,False,False,False,False,False,False,False,True,False,False,True,4159
2.0,2020,14249,False,False,False,True,False,False,False,False,False,False,False,False,True,False,False,False,False,False,False,True,31458
1.4,1990,224581,False,False,False,True,False,False,False,False,True,False,False,False,False,False,False,False,False,False,False,True,871
2.0,1993,185821,True,False,False,False,False,False,False,False,False,False,True,False,False,False,False,False,False,False,False,False,2220
1.6,2015,80728,False,False,False,True,False,False,False,False,True,False,False,False,False,False,False,False,False,False,False,True,15891
1.4,1997,181389,True,False,False,False,False,False,False,True,False,False,False,False,False,False,False,False,False,False,False,False,2543
1.2,2007,100290,False,False,False,True,False,False,False,False,False,False,False,False,True,False,False,False,False,False,False,True,5918
1.4,1990,303977,False,False,True,False,False,False,False,False,False,False,False,False,False,False,False,False,True,False,False,True,395
3.0,1995,232268,False,False,False,False,False,False,False,False,False,False,False,False,False,False,False,True,False,False,False,False,2404
2.2,2012,78012,False,False,True,False,False,False,False,False,False,False,False,False,False,False,True,False,False,False,True,False,27096
1.2,1993,85654,False,False,True,False,False,False,False,False,False,False,False,False,False,False,False,False,True,False,False,True,2916
3.5,2000,72180,False,True,False,False,False,True,False,False,False,False,False,False,False,False,False,False,False,False,False,True,17243
1.6,2003,78657,False,False,False,True,False,False,False,False,False,False,False,True,False,False,False,False,False,False,False,False,9478
1.6,2005,43353,True,False,False,False,False,False,False,True,False,False,False,False,False,False,False,False,False,False,False,True,12383
2.2,2001,59243,False,False,True,False,False,False,False,False,False,False,False,False,False,False,True,False,False,False,True,False,14744
2.0,1995,245433,False,False,False,True,False,False,False,False,True,False,False,False,False,False,False,False,False,False,False,False,1261
1.4,1993,197980,False,False,True,False,False,False,False,False,False,False,False,False,False,True,False,False,False,False,True,False,2000
2.0,2002,95560,False,False,False,True,False,False,False,False,False,False,False,True,False,False,False,False,False,False,False,False,8800
1.6,2006,126060,False,False,False,True,False,False,False,False,False,False,False,False,True,False,False,False,False,False,False,True,5262
1.4,2006,141261,True,False,False,False,False,False,True,False,False,False,False,False,False,False,False,False,False,False,False,True,4252
1.2,2017,45686,False,False,True,False,False,False,False,False,False,False,False,False,False,False,False,False,True,False,False,True,18790
4.0,2005,133469,False,True,False,False,False,True,False,False,False,False,False,False,False,False,False,False,False,False,False,True,16395
1.6,2009,108995,True,False,False,False,False,False,False,False,False,False,True,False,False,False,False,False,False,False,False,False,10762
2.6,2005,151457,False,True,False,False,False,True,False,False,False,False,False,False,False,False,False,False,False,False,False,True,11434
1.8,2017,48884,False,False,False,True,False,False,False,False,True,False,False,False,False,False,False,False,False,False,False,True,23735
1.8,2017,39360,True,False,False,False,False,False,False,True,False,False,False,False,False,False,False,False,False,False,False,False,31440
2.0,2006,125400,True,False,False,False,False,False,False,False,False,False,True,False,False,False,False,False,False,False,False,False,8692
2.4,2013,66176,False,False,False,False,False,False,False,False,False,False,False,False,False,False,False,False,False,True,False,True,24692
1.8,2010,58167,False,False,False,True,False,False,False,False,True,False,False,False,False,False,False,False,False,False,False,True,14037
1.2,1992,133484,True,False,False,False,False,False,True,False,False,False,False,False,False,False,False,False,False,False,False,True,1647
1.0,2003,147742,False,False,True,False,False,False,False,False,False,False,False,False,False,False,False,False,True,False,True,False,3879
1.2,2014,39516,False,False,True,False,False,False,False,False,False,False,False,False,False,False,False,False,True,False,True,False,19163
1.6,1995,207865,False,False,False,True,False,False,False,False,False,False,False,True,False,False,False,False,False,False,False,False,1975
1.0,2007,152689,False,False,True,False,False,False,False,False,False,False,False,False,False,True,False,False,False,False,True,False,6323
1.8,1999,229552,False,False,False,True,False,False,False,False,False,False,False,True,False,False,False,False,False,False,False,False,2251
2.4,1991,294964,False,False,True,False,False,False,False,False,False,False,False,False,False,False,True,False,False,False,True,False,1104
2.0,2008,174141,True,False,False,False,False,False,False,True,False,False,False,False,False,False,False,False,False,False,False,False,6733
1.6,2006,118039,False,False,False,True,False,False,False,False,True,False,False,False,False,False,False,False,False,False,False,False,6975
1.2,2000,141829,True,False,False,False,False,False,True,False,False,False,False,False,False,False,False,False,False,False,False,True,2626
2.4,1998,184507,False,False,False,False,False,False,False,False,False,False,False,False,False,False,False,False,False,True,False,True,3641
1.2,2014,66436,True,False,False,False,False,False,True,False,False,False,False,False,False,False,False,False,False,False,False,True,11642
2.0,2019,24918,True,False,False,False,False,False,False,False,False,False,True,False,False,False,False,False,False,False,False,False,40799
1.4,2004,117702,False,False,False,True,False,False,False,False,True,False,False,False,False,False,False,False,False,False,False,True,5452
2.4,1986,277340,False,False,False,False,False,False,False,False,False,False,False,False,False,False,False,True,False,False,False,False,777
1.8,1995,190931,True,False,False,False,False,False,False,False,False,False,True,False,False,False,False,False,False,False,False,False,2302
2.6,2001,165822,False,True,False,False,True,False,False,False,False,False,False,False,False,False,False,False,False,False,False,True,11580
1.6,1992,190506,False,False,False,True,False,False,False,False,True,False,False,False,False,False,False,False,False,False,False,True,1440
1.4,2018,36967,False,False,False,True,False,False,False,False,False,False,False,True,False,False,False,False,False,False,False,False,31473
2.4,2008,56202,False,False,False,False,False,False,False,False,False,False,False,False,False,False,False,False,False,True,False,True,18875
2.0,2019,11830,False,False,False,True,False,False,False,False,False,False,False,False,True,False,False,False,False,False,False,True,29811
1.2,1986,174683,True,False,False,False,False,False,True,False,False,False,False,False,False,False,False,False,False,False,False,True,786
1.2,2017,54859,False,False,True,False,False,False,False,False,False,False,False,False,False,False,False,False,True,False,True,False,21296
1.2,2021,19592,True,False,False,False,False,False,True,False,False,False,False,False,False,False,False,False,False,False,False,True,24655
1.4,2019,31550,True,False,False,False,False,False,False,True,False,False,False,False,False,False,False,False,False,False,False,True,31591
1.8,1986,202293,False,False,True,False,False,False,False,False,False,False,False,False,False,True,False,False,False,False,True,False,1369
1.0,1994,81787,True,False,False,False,False,False,True,False,False,False,False,False,False,False,False,False,False,False,False,True,2525
2.0,2001,129028,False,False,False,True,False,False,False,False,False,False,False,True,False,False,False,False,False,False,False,False,6396
1.2,2019,28673,False,False,True,False,False,False,False,False,False,False,False,False,False,False,False,False,True,False,True,False,28494
5.0,1998,205490,False,False,False,False,False,False,False,False,False,True,False,False,False,False,False,False,False,False,False,True,7888
1.8,2017,36689,False,False,True,False,False,False,False,False,False,False,False,False,False,True,False,False,False,False,True,False,37898
1.4,2012,79905,True,False,False,False,False,False,False,False,False,False,True,False,False,False,False,False,False,False,False,False,15160
2.4,2019,12444,False,False,False,False,False,False,False,False,False,False,False,False,False,False,False,True,False,False,False,True,53292
2.0,1995,140682,False,False,False,True,False,False,False,False,False,False,False,False,True,False,False,False,False,False,False,True,2516
3.0,2018,26947,False,False,False,False,False,False,False,False,False,False,False,False,False,False,False,False,False,True,False,True,49022
2.4,1987,178645,False,False,True,False,False,False,False,False,False,False,False,False,False,False,True,False,False,False,True,False,2440
1.6,1994,207614,True,False,False,False,False,False,False,True,False,False,False,False,False,False,False,False,False,False,True,False,2022
1.0,2000,240365,True,False,False,False,False,False,True,False,False,False,False,False,False,False,False,False,False,False,False,True,1019
1.0,2001,155581,True,False,False,False,False,False,True,False,False,False,False,False,False,False,False,False,False,False,False,True,2291
1.2,2017,40531,True,False,False,False,False,False,True,False,False,False,False,False,False,False,False,False,False,False,False,True,16743
1.2,2006,131122,False,False,False,True,False,False,False,False,False,False,False,False,True,False,False,False,False,False,False,True,4379
2.0,1996,215631,True,False,False,False,False,False,False,True,False,False,False,False,False,False,False,False,False,False,False,True,2004
1.8,1991,234212,False,False,True,False,False,False,False,False,False,False,False,False,False,True,False,False,False,False,True,False,1434
1.8,1998,191733,True,False,False,False,False,False,False,False,False,False,True,False,False,False,False,False,False,False,False,False,2792
1.2,2021,13434,False,False,False,True,False,False,False,False,False,False,False,False,True,False,False,False,False,False,False,True,26161
1.4,2005,84632,False,False,True,False,False,False,False,False,False,False,False,False,False,False,False,False,True,False,False,True,7061
1.8,2013,71342,False,False,True,False,False,False,False,False,False,False,False,False,False,False,True,False,False,False,False,True,22843
1.4,2018,40027,False,False,False,True,False,False,False,False,False,False,False,True,False,False,False,False,False,False,False,False,30905
1.8,2000,35676,False,False,True,False,False,False,False,False,False,False,False,False,False,False,True,False,False,False,True,False,14427
1.4,2013,52635,True,False,False,False,False,False,True,False,False,False,False,False,False,False,False,False,False,False,False,True,12859
1.0,1999,217676,True,False,False,False,False,False,False,True,False,False,False,False,False,False,False,False,False,False,False,True,1699
2.0,2004,130619,False,False,False,True,False,False,False,False,False,False,False,True,False,False,False,False,False,False,False,False,7715
1.2,2013,65161,True,False,False,False,False,False,True,False,False,False,False,False,False,False,False,False,False,False,False,True,10983
2.0,1992,76298,False,False,False,True,False,False,False,False,True,False,False,False,False,False,False,False,False,False,False,False,4150
1.0,1997,158308,False,False,False,True,False,False,False,False,False,False,False,False,True,False,False,False,False,False,False,True,1760
1.2,2012,36804,False,False,False,True,False,False,False,False,False,False,False,False,True,False,False,False,False,False,False,True,12589
1.4,1996,145350,False,False,False,True,False,False,False,False,True,False,False,False,False,False,False,False,False,False,False,True,2572
1.4,2003,141368,True,False,False,False,False,False,False,False,False,False,True,False,False,False,False,False,False,False,True,False,5997
1.2,2021,17781,True,False,False,False,False,False,True,False,False,False,False,False,False,False,False,False,False,False,False,True,24900
1.4,1989,171773,False,False,True,False,False,False,False,False,False,False,False,False,False,False,False,False,True,False,True,False,1478
2.0,1997,214365,False,False,False,True,False,False,False,False,False,False,False,False,True,False,False,False,False,False,False,True,1533
1.8,2017,33916,False,False,True,False,False,False,False,False,False,False,False,False,False,False,True,False,False,False,True,False,45276
2.0,2014,46986,True,False,False,False,False,False,False,False,False,False,True,False,False,False,False,False,False,False,False,False,25671
1.2,1990,147192,False,False,True,False,False,False,False,False,False,False,False,False,False,False,False,False,True,False,True,False,1794
2.0,2010,46512,False,False,False,False,False,False,False,False,False,False,False,False,False,False,False,True,False,False,False,False,23062
1.4,1990,158084,False,False,True,False,False,False,False,False,False,False,False,False,False,False,False,False,True,False,False,True,1476
1.8,2013,23214,False,False,True,False,False,False,False,False,False,False,False,False,False,False,True,False,False,False,True,False,36863
1.4,2003,142566,False,False,True,False,False,False,False,False,False,False,False,False,False,False,False,False,True,False,False,True,3988
2.0,2020,34532,False,False,True,False,False,False,False,False,False,False,False,False,False,False,True,False,False,False,True,False,58082
1.6,2002,93297,False,False,False,True,False,False,False,False,False,False,False,False,True,False,False,False,False,False,False,True,5151
2.0,1999,131279,False,False,False,True,False,False,False,False,False,False,False,False,True,False,False,False,False,False,False,True,3541
2.0,2004,166211,False,False,False,True,False,False,False,False,True,False,False,False,False,False,False,False,False,False,True,False,5294
2.0,1988,265801,False,False,False,True,False,False,False,False,False,False,False,False,True,False,False,False,False,False,False,True,525
4.4,2012,78292,False,False,False,False,False,False,False,False,False,True,False,False,False,False,False,False,False,False,False,True,51981
1.8,1991,147252,False,False,True,False,False,False,False,False,False,False,False,False,False,True,False,False,False,False,True,False,3052
2.0,1989,263669,False,False,True,False,False,False,False,False,False,False,False,False,False,False,True,False,False,False,True,False,1185
1.2,1998,133289,False,False,True,False,False,False,False,False,False,False,False,False,False,False,False,False,True,False,True,False,3419
1.8,1997,91023,False,False,True,False,False,False,False,False,False,False,False,False,False,False,True,False,False,False,True,False,8232
2.0,2006,52480,False,False,False,True,False,False,False,False,False,False,False,False,True,False,False,False,False,False,False,True,9901
2.0,2022,9552,False,False,False,False,False,False,False,False,False,False,False,False,False,False,False,False,False,True,False,True,57460
1.4,2002,152196,True,False,False,False,False,False,False,False,False,False,True,False,False,False,False,False,False,False,False,False,4495
1.0,2001,75518,False,False,False,True,False,False,False,False,False,False,False,False,True,False,False,False,False,False,False,True,4314
1.8,2011,46292,False,False,True,False,False,False,False,False,False,False,False,False,False,False,True,False,False,False,True,False,28181
2.0,1993,224907,True,False,False,False,False,False,False,True,False,False,False,False,False,False,False,False,False,False,False,False,1585
1.2,2010,37574,False,False,True,False,False,False,False,False,False,False,False,False,False,False,False,False,True,False,True,False,14848
1.4,1994,143966,True,False,False,False,False,False,True,False,False,False,False,False,False,False,False,False,False,False,False,False,1962
1.6,2010,40807,False,False,False,True,False,False,False,False,False,False,False,False,True,False,False,False,False,False,False,False,13043
1.6,2006,129468,False,False,False,True,False,False,False,False,False,False,False,True,False,False,False,False,False,False,False,False,7956
2.4,2019,22543,False,False,False,False,False,False,False,False,False,False,False,False,False,False,False,False,False,True,False,True,48043
1.8,1994,176419,False,False,False,True,False,False,False,False,False,False,False,True,False,False,False,False,False,False,False,False,2579
4.4,2012,77277,False,False,False,False,False,False,False,False,False,True,False,False,False,False,False,False,False,False,False,True,52343
1.8,1994,189798,False,False,False,True,False,False,False,False,True,False,False,False,False,False,False,False,False,False,False,True,1756
1.8,2013,10308,False,False,False,True,False,False,False,False,True,False,False,False,False,False,False,False,False,False,True,False,27214
1.4,2018,23959,False,False,True,False,False,False,False,False,False,False,False,False,False,False,False,False,True,False,False,True,24642
1.6,1998,77547,False,False,False,True,False,False,False,False,True,False,False,False,False,False,False,False,False,False,False,False,5491
2.2,1999,89980,False,False,True,False,False,False,False,False,False,False,False,False,False,False,True,False,False,False,True,False,10476
1.8,2003,105333,False,False,True,False,False,False,False,False,False,False,False,False,False,True,False,False,False,False,True,False,9415
4.0,2012,121977,False,False,False,False,False,False,False,False,False,True,False,False,False,False,False,False,False,False,False,True,36019
1.4,1999,235308,False,False,True,False,False,False,False,False,False,False,False,False,False,True,False,False,False,False,True,False,2135
1.0,2010,81108,False,False,False,True,False,False,False,False,False,False,False,False,True,False,False,False,False,False,False,True,7565
1.4,2019,18537,False,False,True,False,False,False,False,False,False,False,False,False,False,False,False,False,True,False,False,True,27142
2.2,1995,178569,False,False,True,False,False,False,False,False,False,False,False,False,False,False,True,False,False,False,True,False,3985
1.0,2021,10853,False,False,True,False,False,False,False,False,False,False,False,False,False,False,False,False,True,False,False,True,27315
2.0,1995,235138,False,False,False,False,False,False,False,False,False,False,False,False,False,False,False,False,False,True,False,True,1734
2.0,2017,31163,False,False,False,True,False,False,False,False,True,False,False,False,False,False,False,False,False,False,False,True,27819
2.2,1995,141916,False,False,True,False,False,False,False,False,False,False,False,False,False,False,True,False,False,False,True,False,5406
1.4,1984,319446,False,False,True,False,False,False,False,False,False,False,False,False,False,True,False,False,False,False,True,False,356
1.0,2011,60311,False,False,True,False,False,False,False,False,False,False,False,False,False,False,False,False,True,False,False,True,10487
1.4,1989,188138,True,False,False,False,False,False,False,False,False,False,True,False,False,False,False,False,False,False,False,False,1394
5.0,1998,190572,False,False,False,False,False,False,False,False,False,True,False,False,False,False,False,False,False,False,False,True,8992
1.8,2006,95624,False,False,False,True,False,False,False,False,False,False,False,True,False,False,False,False,False,False,False,False,10894
2.0,1993,307772,False,False,False,True,False,False,False,False,False,False,False,False,True,False,False,False,False,False,False,True,493
1.2,2008,103123,False,False,False,True,False,False,False,False,False,False,False,False,True,False,False,False,False,False,False,True,6196
3.5,1993,202146,False,True,False,False,True,False,False,False,False,False,False,False,False,False,False,False,False,False,False,True,5762
1.6,2016,47204,False,False,False,True,False,False,False,False,False,False,False,False,True,False,False,False,False,False,False,True,17824
3.0,1993,44791,False,True,False,False,True,False,False,False,False,False,False,False,False,False,False,False,False,False,False,True,17781
1.2,2002,139795,False,False,True,False,False,False,False,False,False,False,False,False,False,False,False,False,True,False,True,False,4239
2.0,1996,120082,False,False,False,True,False,False,False,False,False,False,False,True,False,False,False,False,False,False,False,True,4678
4.0,2012,43043,False,False,False,False,False,False,False,False,False,True,False,False,False,False,False,False,False,False,False,True,62254
1.6,2018,30282,False,False,False,True,False,False,False,False,True,False,False,False,False,False,False,False,False,False,False,True,26733
1.8,2000,143309,False,False,False,True,False,False,False,False,False,False,False,True,False,False,False,False,False,False,False,False,5066
1.4,1987,216526,True,False,False,False,False,False,True,False,False,False,False,False,False,False,False,False,False,False,False,True,629
3.0,2003,111679,False,False,False,False,False,False,False,False,False,False,False,False,False,False,False,False,False,True,False,True,10270
2.0,1990,126347,False,False,False,True,False,False,False,False,True,False,False,False,False,False,False,False,False,False,False,True,2397
4.4,2005,92852,False,False,False,False,False,False,False,False,False,True,False,False,False,False,False,False,False,False,False,True,29430
1.8,2005,104129,True,False,False,False,False,False,False,True,False,False,False,False,False,False,False,False,False,False,False,True,8713
1.0,2010,88166,False,False,False,True,False,False,False,False,False,False,False,False,True,False,False,False,False,False,False,False,7560
1.2,1998,202440,False,False,False,True,False,False,False,False,True,False,False,False,False,False,False,False,False,False,False,True,1675
1.8,1990,127906,True,False,False,False,False,False,False,True,False,False,False,False,False,False,False,False,False,False,False,True,2674
1.2,2009,122609,False,False,True,False,False,False,False,False,False,False,False,False,False,False,False,False,True,False,True,False,7740
1.4,2009,109403,True,False,False,False,False,False,False,False,False,False,True,False,False,False,False,False,False,False,False,False,10036
1.6,1995,202740,False,False,False,True,False,False,False,False,False,False,False,True,False,False,False,False,False,False,False,False,2067
1.6,2014,46758,True,False,False,False,False,False,False,True,False,False,False,False,False,False,False,False,False,False,True,False,26520
1.0,2007,174374,False,False,True,False,False,False,False,False,False,False,False,False,False,True,False,False,False,False,True,False,5273
2.0,2000,201150,False,False,True,False,False,False,False,False,False,False,False,False,False,False,True,False,False,False,True,False,4358
1.8,2007,116964,False,False,False,True,False,False,False,False,False,False,False,True,False,False,False,False,False,False,False,False,9938
1.2,2014,19626,False,False,True,False,False,False,False,False,False,False,False,False,False,False,False,False,True,False,True,False,21478
1.0,2016,54508,False,False,True,False,False,False,False,False,False,False,False,False,False,True,False,False,False,False,True,False,23695
2.0,1997,139400,False,True,False,False,False,False,False,False,False,False,False,False,False,False,False,False,False,False,False,True,5478
2.4,1999,229164,False,False,True,False,False,False,False,False,False,False,False,False,False,False,True,False,False,False,False,True,2896
2.0,2014,30481,False,False,False,True,False,False,False,False,False,False,False,False,True,False,False,False,False,False,False,True,19268
1.2,2004,112874,True,False,False,False,False,False,True,False,False,False,False,False,False,False,False,False,False,False,False,True,4299
2.2,2007,133258,False,False,False,False,False,False,False,False,False,False,False,False,False,False,False,False,False,True,False,True,9719
1.0,1993,162881,False,False,True,False,False,False,False,False,False,False,False,False,False,False,False,False,True,False,True,False,1757
1.4,2011,110423,True,False,False,False,False,False,False,True,False,False,False,False,False,False,False,False,False,False,False,True,10939
1.2,1997,205741,False,False,True,False,False,False,False,False,False,False,False,False,False,False,False,False,True,False,False,True,1447
2.0,2008,149242,False,False,False,True,False,False,False,False,True,False,False,False,False,False,False,False,False,False,False,False,6961
1.4,2017,28967,True,False,False,False,False,False,False,True,False,False,False,False,False,False,False,False,False,False,False,True,28062
3.0,1996,143278,False,True,False,False,True,False,False,False,False,False,False,False,False,False,False,False,False,False,False,True,10732
1.8,1992,155065,True,False,False,False,False,False,False,True,False,False,False,False,False,False,False,False,False,False,False,False,2579
1.8,1994,161828,False,False,False,True,False,False,False,False,True,False,False,False,False,False,False,False,False,False,False,True,2229
1.0,2008,123093,False,False,False,True,False,False,False,False,False,False,False,False,True,False,False,False,False,False,False,True,4864
1.2,2016,56083,True,False,False,False,False,False,True,False,False,False,False,False,False,False,False,False,False,False,False,True,14227
2.0,1988,180534,False,False,True,False,False,False,False,False,False,False,False,False,False,False,True,False,False,False,True,False,2343
1.6,2010,48789,True,False,False,False,False,False,False,False,False,False,True,False,False,False,False,False,False,False,False,False,17392
1.2,1994,96262,True,False,False,False,False,False,True,False,False,False,False,False,False,False,False,False,False,False,False,True,2496
1.0,2011,69279,True,False,False,False,False,False,True,False,False,False,False,False,False,False,False,False,False,False,False,True,8539
1.0,2013,91181,True,False,False,False,False,False,True,False,False,False,False,False,False,False,False,False,False,False,False,True,8388
1.4,2013,25267,False,False,True,False,False,False,False,False,False,False,False,False,False,False,False,False,True,False,False,True,17527
4.4,1996,188810,False,False,False,False,False,False,False,False,False,True,False,False,False,False,False,False,False,False,False,True,7497
1.6,2006,100628,True,False,False,False,False,False,False,True,False,False,False,False,False,False,False,False,False,False,False,True,9010
1.8,2018,19251,False,False,True,False,False,False,False,False,False,False,False,False,False,True,False,False,False,False,True,False,44740
2.0,2010,84987,False,False,False,True,False,False,False,False,False,False,False,True,False,False,False,False,False,False,False,False,16172
1.2,2012,91749,True,False,False,False,False,False,True,False,False,False,False,False,False,False,False,False,False,False,False,True,8561
1.6,1996,131625,True,False,False,False,False,False,False,True,False,False,False,False,False,False,False,False,False,False,False,True,3653
1.2,1992,127081,False,False,False,True,False,False,False,False,True,False,False,False,False,False,False,False,False,False,False,False,2215
1.8,1993,164207,False,False,True,False,False,False,False,False,False,False,False,False,False,True,False,False,False,False,True,False,3031
1.0,2012,76573,True,False,False,False,False,False,True,False,False,False,False,False,False,False,False,False,False,False,False,True,8689
1.8,2015,44489,False,False,True,False,False,False,False,False,False,False,False,False,False,False,True,False,False,False,True,False,37201
2.0,2007,75629,False,False,False,True,False,False,False,False,True,False,False,False,False,False,False,False,False,False,False,True,10793
1.2,2008,61281,False,False,False,True,False,False,False,False,False,False,False,False,True,False,False,False,False,False,False,True,8284
1.4,1991,145801,True,False,False,False,False,False,True,False,False,False,False,False,False,False,False,False,False,False,False,True,1507
1.0,2007,59342,True,False,False,False,False,False,False,True,False,False,False,False,False,False,False,False,False,False,False,True,10121
1.8,2018,26479,False,False,False,True,False,False,False,False,True,False,False,False,False,False,False,False,False,False,False,True,28977
2.4,2003,111470,False,False,False,False,False,False,False,False,False,False,False,False,False,False,False,True,False,False,False,False,10143
1.6,2018,21913,True,False,False,False,False,False,False,False,False,False,True,False,False,False,False,False,False,False,True,False,39675
1.8,2014,63259,False,False,False,True,False,False,False,False,True,False,False,False,False,False,False,False,False,False,False,True,17733
1.4,1989,247113,False,False,True,False,False,False,False,False,False,False,False,False,False,False,False,False,True,False,True,False,756
4.4,2019,22319,False,False,False,False,False,False,False,False,False,True,False,False,False,False,False,False,False,False,False,True,117441
1.8,2008,92709,False,False,False,True,False,False,False,False,False,False,False,True,False,False,False,False,False,False,False,False,12712
1.4,2005,152304,True,False,False,False,False,False,False,False,False,False,True,False,False,False,False,False,False,False,False,False,5485
1.4,2005,149848,False,False,True,False,False,False,False,False,False,False,False,False,False,True,False,False,False,False,True,False,6701
1.4,2003,131933,False,False,True,False,False,False,False,False,False,False,False,False,False,False,False,False,True,False,False,True,4341
2.2,2016,33681,False,True,False,False,True,False,False,False,False,False,False,False,False,False,False,False,False,False,False,True,75392
1.8,2007,75786,False,False,False,True,False,False,False,False,True,False,False,False,False,False,False,False,False,False,True,False,12274
3.0,1987,185456,False,False,False,False,False,False,False,False,False,False,False,False,False,False,False,True,False,False,False,False,2138
1.8,2004,71425,False,False,False,True,False,False,False,False,False,False,False,True,False,False,False,False,False,False,False,False,11287
3.5,2005,110347,False,True,False,False,True,False,False,False,False,False,False,False,False,False,False,False,False,False,False,True,27310
2.0,1998,159059,False,False,True,False,False,False,False,False,False,False,False,False,False,False,True,False,False,False,True,False,5472
1.4,1997,127330,True,False,False,False,False,False,True,False,False,False,False,False,False,False,False,False,False,False,False,True,2606
1.8,2000,175853,False,False,False,True,False,False,False,False,True,False,False,False,False,False,False,False,False,False,False,False,3102
2.0,2019,29573,False,False,False,False,False,False,False,False,False,False,False,False,False,False,False,True,False,False,False,False,46470
1.0,1988,301316,False,False,True,False,False,False,False,False,False,False,False,False,False,True,False,False,False,False,True,False,467
2.0,2017,58239,False,False,True,False,False,False,False,False,False,False,False,False,False,False,True,False,False,False,True,False,41113
3.0,2015,27962,False,False,False,False,False,False,False,False,False,False,False,False,False,False,False,True,False,False,False,False,43995
2.0,2009,122592,False,False,False,True,False,False,False,False,True,False,False,False,False,False,False,False,False,False,False,True,8760
1.8,2008,63181,False,False,True,False,False,False,False,False,False,False,False,False,False,False,True,False,False,False,True,False,20731
1.6,2002,125879,False,False,False,True,False,False,False,False,True,False,False,False,False,False,False,False,False,False,True,False,5747
3.0,2006,81336,False,False,False,False,False,False,False,False,False,False,False,False,False,False,False,False,False,True,False,True,15625
1.4,1994,197635,False,False,False,True,False,False,False,False,False,False,False,True,False,False,False,False,False,False,False,False,1892
2.0,2002,83580,True,False,False,False,False,False,False,False,False,False,True,False,False,False,False,False,False,False,False,False,9069
1.4,2009,130295,False,False,False,True,False,False,False,False,False,False,False,True,False,False,False,False,False,False,False,False,9031
1.8,1997,156763,False,False,True,False,False,False,False,False,False,False,False,False,False,False,True,False,False,False,True,False,4950
1.4,2009,56228,False,False,True,False,False,False,False,False,False,False,False,False,False,False,False,False,True,False,True,False,13377
2.0,2007,221849,True,False,False,False,False,False,False,False,False,False,True,False,False,False,False,False,False,False,False,False,4105
1.0,2017,51622,True,False,False,False,False,False,True,False,False,False,False,False,False,False,False,False,False,False,False,True,14279
1.0,2011,44597,False,False,False,True,False,False,False,False,False,False,False,False,True,False,False,False,False,False,False,True,10259
1.8,2017,35478,False,False,False,True,False,False,False,False,True,False,False,False,False,False,False,False,False,False,False,True,25737
1.0,2015,48959,False,False,False,True,False,False,False,False,False,False,False,False,True,False,False,False,False,False,False,True,13040
1.8,2009,70754,True,False,False,False,False,False,False,False,False,False,True,False,False,False,False,False,False,False,False,False,14977
3.5,2015,54929,False,True,False,False,False,True,False,False,False,False,False,False,False,False,False,False,False,False,False,True,52468
1.8,2011,75460,False,False,True,False,False,False,False,False,False,False,False,False,False,True,False,False,False,False,True,False,19850
1.2,1991,254620,False,False,True,False,False,False,False,False,False,False,False,False,False,False,False,False,True,False,True,False,746
2.0,2001,100705,False,False,True,False,False,False,False,False,False,False,False,False,False,False,True,False,False,False,False,True,8802
1.4,2011,90765,False,False,False,True,False,False,False,False,False,False,False,True,False,False,False,False,False,False,False,False,13885
2.0,2017,43333,False,False,False,True,False,False,False,False,False,False,False,True,False,False,False,False,False,False,False,False,33874
2.0,2000,42942,False,False,False,True,False,False,False,False,False,False,False,False,True,False,False,False,False,False,False,True,7039
1.0,2004,70117,False,False,True,False,False,False,False,False,False,False,False,False,False,False,False,False,True,False,False,True,6165
1.0,2002,142066,False,False,True,False,False,False,False,False,False,False,False,False,False,False,False,False,True,False,True,False,3799
1.2,2001,104081,True,False,False,False,False,False,True,False,False,False,False,False,False,False,False,False,False,False,False,True,3759
2.6,2004,158481,False,True,False,False,True,False,False,False,False,False,False,False,False,False,False,False,False,False,False,True,15038
1.8,2011,96750,False,False,True,False,False,False,False,False,False,False,False,False,False,False,True,False,False,False,True,False,20089
1.4,2005,92660,True,False,False,False,False,False,False,True,False,False,False,False,False,False,False,False,False,False,False,True,8353
3.0,2000,151420,False,True,False,False,False,True,False,False,False,False,False,False,False,False,False,False,False,False,False,True,8803
2.0,1999,155053,False,False,False,False,False,False,False,False,False,False,False,False,False,False,False,False,False,True,False,True,4558
1.8,1994,192087,False,False,False,True,False,False,False,False,True,False,False,False,False,False,False,False,False,False,False,True,1721
1.8,1993,147656,False,False,False,True,False,False,False,False,True,False,False,False,False,False,False,False,False,False,False,True,2343
1.0,2007,65660,False,False,True,False,False,False,False,False,False,False,False,False,False,False,False,False,True,False,False,True,7756
2.0,2007,136747,False,True,False,False,False,False,False,False,False,False,False,False,False,False,False,False,False,False,False,True,10900
2.2,2010,80638,False,False,True,False,False,False,False,False,False,False,False,False,False,False,True,False,False,False,True,False,23288
2.0,1999,119256,False,False,False,False,False,False,False,False,False,False,False,False,False,False,False,True,False,False,False,False,6684
1.4,1998,117687,False,False,False,True,False,False,False,False,True,False,False,False,False,False,False,False,False,False,False,False,3838
1.8,2003,112871,False,False,True,False,False,False,False,False,False,False,False,False,False,True,False,False,False,False,True,False,8899
5.0,1992,231407,False,False,False,False,False,False,False,False,False,True,False,False,False,False,False,False,False,False,False,True,4189
2.0,2008,87604,False,False,False,True,False,False,False,False,False,False,False,False,True,False,False,False,False,False,False,True,8947
1.6,2001,70754,False,False,False,True,False,False,False,False,False,False,False,False,True,False,False,False,False,False,False,True,5635
2.0,1992,152804,False,False,False,True,False,False,False,False,False,False,False,True,False,False,False,False,False,False,False,False,2899
1.0,2011,68134,False,False,False,True,False,False,False,False,False,False,False,False,True,False,False,False,False,False,False,False,9272
2.0,1990,219904,True,False,False,False,False,False,False,True,False,False,False,False,False,False,False,False,False,False,False,False,1357
1.0,2003,77923,False,False,False,True,False,False,False,False,False,False,False,False,True,False,False,False,False,False,False,True,4849
1.6,1989,234742,False,False,False,True,False,False,False,False,True,False,False,False,False,False,False,False,False,False,False,True,794
1.2,2007,76877,False,False,False,True,False,False,False,False,True,False,False,False,False,False,False,False,False,False,False,False,8704
1.6,2015,47409,True,False,False,False,False,False,False,False,False,False,True,False,False,False,False,False,False,False,False,False,24480
1.4,2019,18085,False,False,True,False,False,False,False,False,False,False,False,False,False,False,False,False,True,False,True,False,32651
1.4,1999,132961,False,False,False,True,False,False,False,False,True,False,False,False,False,False,False,False,False,False,False,True,3469
1.4,2013,32357,True,False,False,False,False,False,False,True,False,False,False,False,False,False,False,False,False,False,False,False,22131
1.4,2003,137170,False,False,False,True,False,False,False,False,False,False,False,False,True,False,False,False,False,False,False,True,3691
2.4,2017,47014,False,True,False,False,False,False,False,False,False,False,False,False,False,False,False,False,False,False,False,True,44054
2.2,2005,99437,False,False,True,False,False,False,False,False,False,False,False,False,False,False,True,False,False,False,True,False,14599
2.0,2009,56175,False,False,False,False,False,False,False,False,False,False,False,False,False,False,False,True,False,False,False,False,20309
1.4,2011,57017,False,False,False,True,False,False,False,False,False,False,False,True,False,False,False,False,False,False,False,False,17445
1.4,2007,89859,False,False,False,True,False,False,False,False,False,False,False,True,False,False,False,False,False,False,False,True,10194
1.8,2007,121647,True,False,False,False,False,False,False,False,False,False,True,False,False,False,False,False,False,False,False,False,9074
1.8,2014,53000,True,False,False,False,False,False,False,False,False,False,True,False,False,False,False,False,False,False,False,False,23459
1.0,2008,113710,False,False,True,False,False,False,False,False,False,False,False,False,False,False,False,False,True,False,False,True,5896
5.0,1998,53645,False,False,False,False,False,False,False,False,False,True,False,False,False,False,False,False,False,False,False,True,25633
1.0,2018,33331,True,False,False,False,False,False,True,False,False,False,False,False,False,False,False,False,False,False,False,True,17049
1.6,2001,177682,True,False,False,False,False,False,False,True,False,False,False,False,False,False,False,False,False,False,False,True,3489
2.0,2014,55196,True,False,False,False,False,False,False,False,False,False,True,False,False,False,False,False,False,False,True,False,27871
1.2,2006,101268,True,False,False,False,False,False,True,False,False,False,False,False,False,False,False,False,False,False,False,True,5356
1.0,1998,250937,True,False,False,False,False,False,True,False,False,False,False,False,False,False,False,False,False,False,False,True,809
1.8,2003,164699,True,False,False,False,False,False,False,True,False,False,False,False,False,False,False,False,False,False,False,False,4957
1.2,1984,183547,False,False,True,False,False,False,False,False,False,False,False,False,False,False,False,False,True,False,True,False,886
1.4,2012,51901,True,False,False,False,False,False,False,False,False,False,True,False,False,False,False,False,False,False,False,False,18232
2.0,1988,186368,True,False,False,False,False,False,False,False,False,False,True,False,False,False,False,False,False,False,False,False,1583
1.4,2000,162705,True,False,False,False,False,False,False,False,False,False,True,False,False,False,False,False,False,False,False,False,3606
1.8,2002,159277,False,False,False,True,False,False,False,False,True,False,False,False,False,False,False,False,False,False,False,True,3881
2.4,1993,115028,False,True,False,False,False,False,False,False,False,False,False,False,False,False,False,False,False,False,False,True,5560
2.2,2014,50566,False,False,True,False,False,False,False,False,False,False,False,False,False,False,True,False,False,False,True,False,37060
2.4,1989,209073,False,False,True,False,False,False,False,False,False,False,False,False,False,False,True,False,False,False,True,False,2137
2.4,1993,187936,False,False,False,False,False,False,False,False,False,False,False,False,False,False,False,True,False,False,False,False,2792
1.0,1993,183182,True,False,False,False,False,False,False,True,False,False,False,False,False,False,False,False,False,False,False,False,1621
3.0,2001,149596,False,False,False,False,False,False,False,False,False,False,False,False,False,False,False,False,False,True,False,True,6670
1.4,2001,120282,True,False,False,False,False,False,False,True,False,False,False,False,False,False,False,False,False,False,False,True,5210
4.0,1997,131948,False,False,False,False,False,False,False,False,False,True,False,False,False,False,False,False,False,False,False,True,12258
1.8,2013,80517,False,False,True,False,False,False,False,False,False,False,False,False,False,False,True,False,False,False,True,False,25751
3.0,1990,232575,False,False,False,False,False,False,False,False,False,False,False,False,False,False,False,False,False,True,False,True,1558
1.0,2010,40304,True,False,False,False,False,False,True,False,False,False,False,False,False,False,False,False,False,False,False,True,9597
1.4,2001,100957,False,False,True,False,False,False,False,False,False,False,False,False,False,False,False,False,True,False,False,True,4811
1.8,1990,177356,True,False,False,False,False,False,False,True,False,False,False,False,False,False,False,False,False,False,True,False,2139
5.0,2012,40682,False,False,False,False,False,False,False,False,False,True,False,False,False,False,False,False,False,False,False,True,70600
2.0,2002,54864,False,False,False,True,False,False,False,False,False,False,False,True,False,False,False,False,False,False,False,False,11601
2.0,2015,5821,False,False,False,True,False,False,False,False,False,False,False,False,True,False,False,False,False,False,False,True,23560
3.5,2011,54382,False,True,False,False,False,True,False,False,False,False,False,False,False,False,False,False,False,False,False,True,40326
1.6,1996,184657,False,False,False,True,False,False,False,False,False,False,False,True,False,False,False,False,False,False,False,True,2465
2.4,1993,166520,False,False,False,False,False,False,False,False,False,False,False,False,False,False,False,False,False,True,False,True,3042
1.4,1992,119013,True,False,False,False,False,False,True,False,False,False,False,False,False,False,False,False,False,False,False,True,1991
1.6,1995,188161,False,False,False,True,False,False,False,False,False,False,False,False,True,False,False,False,False,False,False,True,1512
1.0,1996,143015,True,False,False,False,False,False,True,False,False,False,False,False,False,False,False,False,False,False,False,True,1819
1.6,2008,129629,True,False,False,False,False,False,False,False,False,False,True,False,False,False,False,False,False,False,False,True,8185
1.2,2000,110103,True,False,False,False,False,False,True,False,False,False,False,False,False,False,False,False,False,False,False,True,3362
1.0,2013,67282,False,False,False,True,False,False,False,False,False,False,False,False,True,False,False,False,False,False,False,True,10147
1.0,1997,214991,False,False,False,True,False,False,False,False,False,False,False,False,True,False,False,False,False,False,False,True,1078
1.8,1998,177695,True,False,False,False,False,False,False,True,False,False,False,False,False,False,False,False,False,False,False,False,3181
3.5,1993,15000,False,True,False,False,False,True,False,False,False,False,False,False,False,False,False,False,False,False,False,True,15296
2.6,2005,100825,False,True,False,False,True,False,False,False,False,False,False,False,False,False,False,False,False,False,False,True,25261
4.4,2017,25352,False,False,False,False,False,False,False,False,False,True,False,False,False,False,False,False,False,False,False,True,101052
1.8,1993,173131,False,False,False,True,False,False,False,False,False,False,False,True,False,False,False,False,False,False,False,False,2481
2.0,1991,111586,False,False,False,True,False,False,False,False,True,False,False,False,False,False,False,False,False,False,False,True,2869
2.4,2010,65455,False,False,False,False,False,False,False,False,False,False,False,False,False,False,False,True,False,False,False,False,22395
2.4,2022,4624,False,True,False,False,False,False,False,False,False,False,False,False,False,False,False,False,False,False,False,True,78086
2.0,2001,205478,False,False,False,True,False,False,False,False,False,False,False,False,True,False,False,False,False,False,False,True,2167
2.0,2002,128623,False,False,False,True,False,False,False,False,False,False,False,True,False,False,False,False,False,False,False,False,6859
1.2,2012,73872,True,False,False,False,False,False,True,False,False,False,False,False,False,False,False,False,False,False,False,True,9695
2.0,2010,85720,False,False,True,False,False,False,False,False,False,False,False,False,False,False,True,False,False,False,False,True,17860
1.2,2004,156636,False,False,False,True,False,False,False,False,False,False,False,False,True,False,False,False,False,False,False,True,3119
1.4,2004,71373,True,False,False,False,False,False,False,False,False,False,True,False,False,False,False,False,False,False,False,True,8976
1.6,2018,25563,False,False,False,True,False,False,False,False,False,False,False,False,True,False,False,False,False,False,False,True,23140
2.0,2016,63834,True,False,False,False,False,False,False,True,False,False,False,False,False,False,False,False,False,False,False,True,25333
1.0,2014,38245,True,False,False,False,False,False,True,False,False,False,False,False,False,False,False,False,False,False,False,True,12686
1.6,1995,136356,False,False,False,True,False,False,False,False,False,False,False,True,False,False,False,False,False,False,False,False,3619
3.5,2001,171925,False,True,False,False,True,False,False,False,False,False,False,False,False,False,False,False,False,False,False,True,12761
1.6,2006,94297,False,False,False,True,False,False,False,False,True,False,False,False,False,False,False,False,False,False,False,False,8321
2.0,2002,50641,True,False,False,False,False,False,False,False,False,False,True,False,False,False,False,False,False,False,False,False,11276
1.8,1997,147331,False,False,True,False,False,False,False,False,False,False,False,False,False,True,False,False,False,False,True,False,4550
1.4,2008,25238,True,False,False,False,False,False,True,False,False,False,False,False,False,False,False,False,False,False,False,True,10848
1.2,1988,218765,False,False,True,False,False,False,False,False,False,False,False,False,False,False,False,False,True,False,True,False,848
1.6,2005,24637,False,False,False,True,False,False,False,False,False,False,False,True,False,False,False,False,False,False,False,False,15184
1.8,2020,13598,True,False,False,False,False,False,False,False,False,False,True,False,False,False,False,False,False,False,False,False,44021
1.2,1989,121692,False,False,False,True,False,False,False,False,True,False,False,False,False,False,False,False,False,False,False,True,1801
1.8,2002,125567,False,False,True,False,False,False,False,False,False,False,False,False,False,True,False,False,False,False,True,False,7552
1.4,1995,107183,False,False,True,False,False,False,False,False,False,False,False,False,False,False,False,False,True,False,False,True,3080
1.6,1994,190675,False,False,False,True,False,False,False,False,False,False,False,False,True,False,False,False,False,False,False,True,1384
1.4,1995,233428,False,False,False,True,False,False,False,False,False,False,False,False,True,False,False,False,False,False,False,True,945
1.2,2007,89054,True,False,False,False,False,False,True,False,False,False,False,False,False,False,False,False,False,False,False,True,6253
1.4,1996,155489,False,False,False,True,False,False,False,False,False,False,False,True,False,False,False,False,False,False,False,False,3098
2.0,1991,193710,False,False,False,True,False,False,False,False,True,False,False,False,False,False,False,False,False,False,False,True,1464
3.5,2002,210972,False,True,False,False,True,False,False,False,False,False,False,False,False,False,False,False,False,False,False,True,9708
2.2,2020,24724,False,False,True,False,False,False,False,False,False,False,False,False,False,False,True,False,False,False,True,False,64441
4.4,2018,35856,False,False,False,False,False,False,False,False,False,True,False,False,False,False,False,False,False,False,False,True,101678
1.0,2009,115897,True,False,False,False,False,False,False,True,False,False,False,False,False,False,False,False,False,False,False,True,7763
1.2,1990,75272,False,False,False,True,False,False,False,False,False,False,False,False,True,False,False,False,False,False,False,True,2273
1.2,1986,294369,False,False,False,True,False,False,False,False,False,False,False,False,True,False,False,False,False,False,False,True,272
2.0,1995,194875,False,False,False,True,False,False,False,False,False,False,False,True,False,False,False,False,False,False,False,False,2477
2.0,1995,92604,True,False,False,False,False,False,False,True,False,False,False,False,False,False,False,False,False,False,False,True,5128
5.0,1986,191340,False,False,False,False,False,False,False,False,False,True,False,False,False,False,False,False,False,False,False,True,4013
4.4,1996,183475,False,False,False,False,False,False,False,False,False,True,False,False,False,False,False,False,False,False,False,True,7851
2.0,2012,7746,False,False,False,True,False,False,False,False,False,False,False,False,True,False,False,False,False,False,False,True,19099
2.0,1990,30415,False,False,False,True,False,False,False,False,False,False,False,False,True,False,False,False,False,False,False,True,3891
1.0,2004,124964,False,False,True,False,False,False,False,False,False,False,False,False,False,False,False,False,True,False,True,False,4971
1.2,2009,72473,True,False,False,False,False,False,True,False,False,False,False,False,False,False,False,False,False,False,False,True,8013
1.4,2020,16461,False,False,True,False,False,False,False,False,False,False,False,False,False,False,False,False,True,False,False,True,29343
1.8,2000,66688,True,False,False,False,False,False,False,True,False,False,False,False,False,False,False,False,False,False,False,False,8523
1.4,2012,94408,True,False,False,False,False,False,False,False,False,False,True,False,False,False,False,False,False,False,True,False,15642
1.8,1998,228512,False,False,False,True,False,False,False,False,True,False,False,False,False,False,False,False,False,False,False,False,1706
2.0,2014,66168,False,False,False,True,False,False,False,False,False,False,False,False,True,False,False,False,False,False,False,False,16226
3.5,1993,224583,False,True,False,False,False,True,False,False,False,False,False,False,False,False,False,False,False,False,False,True,3164
1.8,2018,35380,True,False,False,False,False,False,False,False,False,False,True,False,False,False,False,False,False,False,False,False,34096
1.6,2008,77823,False,False,False,True,False,False,False,False,False,False,False,True,False,False,False,False,False,False,False,False,13304
1.2,2004,9500,False,False,True,False,False,False,False,False,False,False,False,False,False,False,False,False,True,False,False,True,9702
4.4,1989,129419,False,False,False,False,False,False,False,False,False,True,False,False,False,False,False,False,False,False,False,True,7694
2.0,1986,301347,True,False,False,False,False,False,False,False,False,False,True,False,False,False,False,False,False,False,False,False,483
1.6,2015,4000,True,False,False,False,False,False,False,False,False,False,True,False,False,False,False,False,False,False,True,False,35733
1.8,2010,101693,False,False,True,False,False,False,False,False,False,False,False,False,False,False,True,False,False,False,True,False,18128
1.6,2012,55111,False,False,False,True,False,False,False,False,False,False,False,True,False,False,False,False,False,False,False,False,20179
2.0,1992,108781,True,False,False,False,False,False,False,False,False,False,True,False,False,False,False,False,False,False,False,False,3880
1.6,2012,74361,False,False,False,True,False,False,False,False,False,False,False,False,True,False,False,False,False,False,False,True,11451
1.2,2018,46300,True,False,False,False,False,False,True,False,False,False,False,False,False,False,False,False,False,False,False,True,17282
1.4,1992,190443,False,False,False,True,False,False,False,False,False,False,False,False,True,False,False,False,False,False,False,True,1135
2.0,1992,231833,True,False,False,False,False,False,False,True,False,False,False,False,False,False,False,False,False,False,False,True,1326
1.0,2011,69191,True,False,False,False,False,False,True,False,False,False,False,False,False,False,False,False,False,False,False,True,8544
2.4,2018,48704,False,False,False,False,False,False,False,False,False,False,False,False,False,False,False,True,False,False,False,True,40463
1.4,2001,122935,False,False,True,False,False,False,False,False,False,False,False,False,False,False,False,False,True,False,False,True,4076
1.4,2012,93979,False,False,True,False,False,False,False,False,False,False,False,False,False,True,False,False,False,False,True,False,16438
1.8,1993,198686,True,False,False,False,False,False,False,False,False,False,True,False,False,False,False,False,False,False,False,False,1882
1.0,2004,132786,True,False,False,False,False,False,True,False,False,False,False,False,False,False,False,False,False,False,False,True,3364
2.0,1995,211208,True,False,False,False,False,False,False,False,False,False,True,False,False,False,False,False,False,False,False,False,2029
1.6,2011,81924,True,False,False,False,False,False,False,True,False,False,False,False,False,False,False,False,False,False,True,False,17245
2.4,2017,39484,False,False,False,False,False,False,False,False,False,False,False,False,False,False,False,False,False,True,False,True,38131
1.6,2010,72515,False,False,False,True,False,False,False,False,False,False,False,True,False,False,False,False,False,False,False,False,15759
5.0,2017,33166,False,False,False,False,False,False,False,False,False,True,False,False,False,False,False,False,False,False,False,True,103008
1.0,1998,101656,True,False,False,False,False,False,True,False,False,False,False,False,False,False,False,False,False,False,False,True,2860
1.4,1997,111578,False,False,False,True,False,False,False,False,True,False,False,False,False,False,False,False,False,False,True,False,4298
3.0,2000,127130,False,False,False,False,False,False,False,False,False,False,False,False,False,False,False,False,False,True,False,True,7468
2.0,2014,30577,False,True,False,False,False,False,False,False,False,False,False,False,False,False,False,False,False,False,False,True,36313
1.8,1995,196182,False,False,False,True,False,False,False,False,False,False,False,True,False,False,False,False,False,False,False,False,2323
3.0,2011,75374,False,True,False,False,True,False,False,False,False,False,False,False,False,False,False,False,False,False,False,True,48458
2.0,2006,148469,True,False,False,False,False,False,False,True,False,False,False,False,False,False,False,False,False,False,False,True,6951
2.4,1988,199255,False,False,True,False,False,False,False,False,False,False,False,False,False,False,True,False,False,False,False,True,1817
1.6,1997,211247,True,False,False,False,False,False,False,False,False,False,True,False,False,False,False,False,False,False,False,False,2073
1.8,1986,154940,False,False,True,False,False,False,False,False,False,False,False,False,False,True,False,False,False,False,True,False,2053
2.4,1993,156430,False,False,True,False,False,False,False,False,False,False,False,False,False,False,True,False,False,False,True,False,4390
1.0,1998,237489,False,False,True,False,False,False,False,False,False,False,False,False,False,True,False,False,False,False,True,False,1655
1.4,1993,226687,False,False,False,True,False,False,False,False,False,False,False,True,False,False,False,False,False,False,False,True,1301
2.0,2006,50192,True,False,False,False,False,False,False,False,False,False,True,False,False,False,False,False,False,False,False,False,14764
1.8,2002,220298,False,False,False,True,False,False,False,False,True,False,False,False,False,False,False,False,False,False,False,True,2284
2.0,2000,188760,True,False,False,False,False,False,False,False,False,False,True,False,False,False,False,False,False,False,False,False,3451
1.4,2011,91093,True,False,False,False,False,False,True,False,False,False,False,False,False,False,False,False,False,False,False,True,8691
2.4,2016,41851,False,False,True,False,False,False,False,False,False,False,False,False,False,False,True,False,False,False,True,False,46658
1.8,1997,203808,True,False,False,False,False,False,False,False,False,False,True,False,False,False,False,False,False,False,False,False,2349
1.8,1995,215603,False,False,True,False,False,False,False,False,False,False,False,False,False,False,True,False,False,False,True,False,2605
1.4,2003,161999,False,False,True,False,False,False,False,False,False,False,False,False,False,True,False,False,False,False,True,False,5305
1.6,1998,98005,False,False,False,True,False,False,False,False,False,False,False,True,False,False,False,False,False,False,False,False,5922
1.6,2001,133863,False,False,False,True,False,False,False,False,False,False,False,False,True,False,False,False,False,False,False,False,3723
1.8,2009,42108,False,False,False,True,False,False,False,False,True,False,False,False,False,False,False,False,False,False,False,True,14513
1.2,2016,57344,True,False,False,False,False,False,True,False,False,False,False,False,False,False,False,False,False,False,False,True,14113
1.2,1996,265299,True,False,False,False,False,False,True,False,False,False,False,False,False,False,False,False,False,False,False,False,713
1.8,1985,147130,False,False,False,True,False,False,False,False,False,False,False,True,False,False,False,False,False,False,False,False,1807
2.4,2005,98786,False,False,False,False,False,False,False,False,False,False,False,False,False,False,False,False,False,True,False,True,11548
1.4,1991,186708,False,False,False,True,False,False,False,False,False,False,False,True,False,False,False,False,False,False,False,False,1704
3.0,2019,16354,False,False,False,False,False,False,False,False,False,False,False,False,False,False,False,False,False,True,False,True,55568
1.6,2017,49707,False,False,False,True,False,False,False,False,True,False,False,False,False,False,False,False,False,False,False,False,23377
2.4,2003,95436,False,False,False,False,False,False,False,False,False,False,False,False,False,False,False,True,False,False,False,True,10873
1.0,2015,51060,True,False,False,False,False,False,True,False,False,False,False,False,False,False,False,False,False,False,False,True,12541
1.4,2019,31586,False,False,True,False,False,False,False,False,False,False,False,False,False,True,False,False,False,False,True,False,39346
2.0,2013,53995,True,False,False,False,False,False,False,True,False,False,False,False,False,False,False,False,False,False,False,True,22095
2.0,2014,52369,True,False,False,False,False,False,False,False,False,False,True,False,False,False,False,False,False,False,False,False,24826
1.4,2002,164524,False,False,True,False,False,False,False,False,False,False,False,False,False,True,False,False,False,False,True,False,4859
1.4,1998,60153,False,False,True,False,False,False,False,False,False,False,False,False,False,False,False,False,True,False,False,True,5221
1.2,2005,129003,True,False,False,False,False,False,True,False,False,False,False,False,False,False,False,False,False,False,False,True,4059
1.4,1999,80689,True,False,False,False,False,False,True,False,False,False,False,False,False,False,False,False,False,False,False,True,4201
1.4,2015,33923,False,False,False,True,False,False,False,False,True,False,False,False,False,False,False,False,False,False,False,True,20046
1.0,2018,48010,False,False,True,False,False,False,False,False,False,False,False,False,False,True,False,False,False,False,True,False,28198
1.8,2018,20244,True,False,False,False,False,False,False,True,False,False,False,False,False,False,False,False,False,False,False,True,35719
1.8,2010,112787,False,False,True,False,False,False,False,False,False,False,False,False,False,True,False,False,False,False,True,False,14200
1.4,2017,19171,False,False,False,True,False,False,False,False,False,False,False,True,False,False,False,False,False,False,False,False,32584
2.4,1997,120932,False,False,True,False,False,False,False,False,False,False,False,False,False,False,True,False,False,False,True,False,7613
2.4,1986,175805,False,False,True,False,False,False,False,False,False,False,False,False,False,False,True,False,False,False,True,False,2339
1.4,1993,245515,False,False,False,True,False,False,False,False,False,False,False,True,False,False,False,False,False,False,False,True,1095
1.4,2021,19166,False,False,False,True,False,False,False,False,False,False,False,False,True,False,False,False,False,False,False,True,27395
2.0,1993,140922,False,False,False,True,False,False,False,False,False,False,False,True,False,False,False,False,False,False,False,False,3414
1.4,1994,180359,False,False,False,True,False,False,False,False,True,False,False,False,False,False,False,False,False,False,False,False,1764
2.0,2009,81919,False,False,True,False,False,False,False,False,False,False,False,False,False,False,True,False,False,False,True,False,20589
1.4,2000,160639,False,False,False,True,False,False,False,False,False,False,False,True,False,False,False,False,False,False,False,False,3876
1.2,2012,39796,True,False,False,False,False,False,True,False,False,False,False,False,False,False,False,False,False,False,False,True,12050
4.0,2018,26070,False,False,False,False,False,False,False,False,False,True,False,False,False,False,False,False,False,False,False,True,102575
1.0,2017,58151,False,False,True,False,False,False,False,False,False,False,False,False,False,True,False,False,False,False,True,False,24748
1.4,2009,66272,True,False,False,False,False,False,False,False,False,False,True,False,False,False,False,False,False,False,False,False,13608
2.0,2006,78772,False,False,True,False,False,False,False,False,False,False,False,False,False,False,True,False,False,False,True,False,17227
1.2,2016,54395,False,False,True,False,False,False,False,False,False,False,False,False,False,False,False,False,True,False,False,True,16651
1.6,2004,139257,False,False,False,True,False,False,False,False,True,False,False,False,False,False,False,False,False,False,False,False,5170
1.2,1987,321290,False,False,False,True,False,False,False,False,True,False,False,False,False,False,False,False,False,False,False,True,266
1.0,1998,132947,False,False,False,True,False,False,False,False,False,False,False,False,True,False,False,False,False,False,False,True,2312
1.2,1994,282453,True,False,False,False,False,False,True,False,False,False,False,False,False,False,False,False,False,False,False,True,505
3.0,2017,44787,False,False,False,False,False,False,False,False,False,False,False,False,False,False,False,True,False,False,False,False,45521
3.0,1991,260451,False,True,False,False,False,True,False,False,False,False,False,False,False,False,False,False,False,False,False,True,1844
1.4,2007,82643,False,False,True,False,False,False,False,False,False,False,False,False,False,False,False,False,True,False,False,True,8180
5.0,2013,48360,False,False,False,False,False,False,False,False,False,True,False,False,False,False,False,False,False,False,False,True,72017
1.2,2018,33969,True,False,False,False,False,False,True,False,False,False,False,False,False,False,False,False,False,False,False,True,18606
2.2,2016,42163,False,False,True,False,False,False,False,False,False,False,False,False,False,False,True,False,False,False,True,False,44587
1.4,2013,53366,False,False,False,True,False,False,False,False,True,False,False,False,False,False,False,False,False,False,False,False,16369
2.2,1997,197573,False,True,False,False,True,False,False,False,False,False,False,False,False,False,False,False,False,False,False,True,6209
1.4,2004,138453,False,False,True,False,False,False,False,False,False,False,False,False,False,True,False,False,False,False,True,False,6874
1.6,2001,180293,False,False,False,True,False,False,False,False,False,False,False,False,True,False,False,False,False,False,False,True,2415
1.4,2015,68327,False,False,False,True,False,False,False,False,False,False,False,True,False,False,False,False,False,False,False,False,21158
2.2,2014,63014,False,False,True,False,False,False,False,False,False,False,False,False,False,False,True,False,False,False,False,True,28524
3.5,2003,61804,False,True,False,False,True,False,False,False,False,False,False,False,False,False,False,False,False,False,False,True,33605
2.0,2020,18372,True,False,False,False,False,False,False,True,False,False,False,False,False,False,False,False,False,False,False,True,43465
1.8,2000,231709,False,False,False,True,False,False,False,False,False,False,False,True,False,False,False,False,False,False,False,False,2360
1.8,2008,112763,False,False,False,True,False,False,False,False,True,False,False,False,False,False,False,False,False,False,False,True,8381
1.8,1998,203586,True,False,False,False,False,False,False,False,False,False,True,False,False,False,False,False,False,False,False,False,2516
1.0,2006,59193,False,False,False,True,False,False,False,False,False,False,False,False,True,False,False,False,False,False,False,True,6708
2.2,1986,224321,False,False,True,False,False,False,False,False,False,False,False,False,False,False,True,False,False,False,True,False,1461
1.2,2003,125432,False,False,False,True,False,False,False,False,False,False,False,False,True,False,False,False,False,False,False,True,3749
2.0,2013,59736,False,True,False,False,False,False,False,False,False,False,False,False,False,False,False,False,False,False,False,True,28428
1.8,2004,102188,False,False,True,False,False,False,False,False,False,False,False,False,False,True,False,False,False,False,True,False,10301
2.2,2003,133730,False,False,True,False,False,False,False,False,False,False,False,False,False,False,True,False,False,False,True,False,9839
1.4,1996,124812,True,False,False,False,False,False,True,False,False,False,False,False,False,False,False,False,False,False,False,True,2486
1.6,1992,152057,False,False,False,True,False,False,False,False,True,False,False,False,False,False,False,False,False,False,False,True,1994
1.8,2016,50842,True,False,False,False,False,False,False,False,False,False,True,False,False,False,False,False,False,False,False,False,27170
1.4,2005,163445,True,False,False,False,False,False,False,False,False,False,True,False,False,False,False,False,False,False,False,False,5001
1.4,2008,98372,False,False,True,False,False,False,False,False,False,False,False,False,False,False,False,False,True,False,False,True,7818
2.4,2007,111553,False,False,True,False,False,False,False,False,False,False,False,False,False,False,True,False,False,False,True,False,15926
1.4,1998,118214,False,False,True,False,False,False,False,False,False,False,False,False,False,True,False,False,False,False,True,False,5399
1.0,1996,142155,True,False,False,False,False,False,True,False,False,False,False,False,False,False,False,False,False,False,False,True,1831
2.4,2021,14878,False,False,True,False,False,False,False,False,False,False,False,False,False,False,True,False,False,False,True,False,75945
2.0,2007,67676,False,True,False,False,False,False,False,False,False,False,False,False,False,False,False,False,False,False,False,True,18092
1.6,2009,78923,False,False,False,True,False,False,False,False,True,False,False,False,False,False,False,False,False,False,False,True,10785
1.0,2001,105966,False,False,True,False,False,False,False,False,False,False,False,False,False,False,False,False,True,False,True,False,4702
1.2,2003,188493,False,False,False,True,False,False,False,False,True,False,False,False,False,False,False,False,False,False,False,True,2642
1.4,1988,167103,True,False,False,False,False,False,True,False,False,False,False,False,False,False,False,False,False,False,False,True,1035
1.4,1986,221685,False,False,True,False,False,False,False,False,False,False,False,False,False,False,False,False,True,False,True,False,781
1.4,2021,19712,True,False,False,False,False,False,False,False,False,False,True,False,False,False,False,False,False,False,True,False,45883
2.0,1989,275622,False,False,False,True,False,False,False,False,True,False,False,False,False,False,False,False,False,False,False,True,607
1.6,1993,258679,False,False,False,True,False,False,False,False,False,False,False,True,False,False,False,False,False,False,False,False,1088
1.0,2020,19485,True,False,False,False,False,False,False,True,False,False,False,False,False,False,False,False,False,False,False,True,30548
2.0,2020,19101,False,False,False,True,False,False,False,False,True,False,False,False,False,False,False,False,False,False,False,True,36364
1.4,2004,114381,True,False,False,False,False,False,False,True,False,False,False,False,False,False,False,False,False,False,False,True,6657
2.4,2022,5063,False,False,False,False,False,False,False,False,False,False,False,False,False,False,False,True,False,False,False,False,71030
1.8,2009,97704,True,False,False,False,False,False,False,True,False,False,False,False,False,False,False,False,False,False,False,False,12521
2.4,2003,131527,False,True,False,False,False,False,False,False,False,False,False,False,False,False,False,False,False,False,False,True,9532
1.2,2004,110949,False,False,False,True,False,False,False,False,True,False,False,False,False,False,False,False,False,False,False,False,5579
2.0,2002,122461,True,False,False,False,False,False,False,True,False,False,False,False,False,False,False,False,False,False,False,True,6546
3.0,2010,101129,False,False,False,False,False,False,False,False,False,False,False,False,False,False,False,False,False,True,False,True,17713
1.0,2006,133622,True,False,False,False,False,False,False,True,False,False,False,False,False,False,False,False,False,False,False,True,5538
1.4,2012,38599,False,False,False,True,False,False,False,False,False,False,False,True,False,False,False,False,False,False,False,False,20893
1.4,1997,169968,False,False,False,True,False,False,False,False,False,False,False,False,True,False,False,False,False,False,False,True,1889
1.0,1996,202325,True,False,False,False,False,False,False,True,False,False,False,False,False,False,False,False,False,False,False,False,1675
1.4,2007,88464,False,False,False,True,False,False,False,False,False,False,False,True,False,False,False,False,False,False,False,False,10810
1.0,1999,164726,True,False,False,False,False,False,True,False,False,False,False,False,False,False,False,False,False,False,False,True,1858
1.8,2008,95401,True,False,False,False,False,False,False,False,False,False,True,False,False,False,False,False,False,False,False,True,11240
5.0,2018,24740,False,False,False,False,False,False,False,False,False,True,False,False,False,False,False,False,False,False,False,True,115545
1.4,2016,48685,True,False,False,False,False,False,True,False,False,False,False,False,False,False,False,False,False,False,False,True,16098
1.2,1988,178872,False,False,True,False,False,False,False,False,False,False,False,False,False,False,False,False,True,False,True,False,1205
1.8,1987,158182,True,False,False,False,False,False,False,False,False,False,True,False,False,False,False,False,False,False,False,True,1699
2.0,2010,76670,False,True,False,False,False,False,False,False,False,False,False,False,False,False,False,False,False,False,False,True,20799
4.0,2002,119787,False,False,False,False,False,False,False,False,False,True,False,False,False,False,False,False,False,False,False,True,18807
2.0,1998,85221,False,False,False,True,False,False,False,False,True,False,False,False,False,False,False,False,False,False,False,False,5821
1.2,2016,55959,True,False,False,False,False,False,True,False,False,False,False,False,False,False,False,False,False,False,False,True,14238
2.4,2001,171903,False,False,False,False,False,False,False,False,False,False,False,False,False,False,False,False,False,True,False,True,4955
1.2,2002,166014,True,False,False,False,False,False,True,False,False,False,False,False,False,False,False,False,False,False,False,True,2459
1.0,2013,93949,True,False,False,False,False,False,False,True,False,False,False,False,False,False,False,False,False,False,False,False,12520
2.6,2008,67439,False,True,False,False,False,True,False,False,False,False,False,False,False,False,False,False,False,False,False,True,26149
1.8,2019,12727,False,False,False,True,False,False,False,False,False,False,False,True,False,False,False,False,False,False,False,False,43711
1.0,2006,99215,False,False,True,False,False,False,False,False,False,False,False,False,False,False,False,False,True,False,True,False,6897
1.0,2006,92309,False,False,True,False,False,False,False,False,False,False,False,False,False,True,False,False,False,False,True,False,9425
3.0,2016,78661,False,False,False,False,False,False,False,False,False,False,False,False,False,False,False,True,False,False,False,False,34177
1.4,2012,67863,True,False,False,False,False,False,False,False,False,False,True,False,False,False,False,False,False,False,False,False,16447
1.4,2007,53511,False,False,False,True,False,False,False,False,True,False,False,False,False,False,False,False,False,False,False,False,10962
1.0,1999,118502,True,False,False,False,False,False,False,True,False,False,False,False,False,False,False,False,False,False,False,False,4102
1.4,1987,316328,False,False,False,True,False,False,False,False,False,False,False,False,True,False,False,False,False,False,False,True,254
1.4,2000,131015,False,False,False,True,False,False,False,False,False,False,False,False,True,False,False,False,False,False,False,True,3173
1.8,2013,79698,False,False,False,True,False,False,False,False,True,False,False,False,False,False,False,False,False,False,False,False,15599
1.2,2003,123198,False,False,False,True,False,False,False,False,True,False,False,False,False,False,False,False,False,False,False,True,4527
1.4,2012,116826,False,False,True,False,False,False,False,False,False,False,False,False,False,False,False,False,True,False,False,True,8895
3.0,2009,59076,False,True,False,False,True,False,False,False,False,False,False,False,False,False,False,False,False,False,False,True,47240
1.8,2011,79129,True,False,False,False,False,False,False,True,False,False,False,False,False,False,False,False,False,False,False,True,15539
2.0,2018,35763,True,False,False,False,False,False,False,False,False,False,True,False,False,False,False,False,False,False,False,True,34151
1.0,2015,44656,False,False,True,False,False,False,False,False,False,False,False,False,False,True,False,False,False,False,True,False,23567
2.0,2005,122133,False,False,False,True,False,False,False,False,False,False,False,True,False,False,False,False,False,False,False,True,8391
2.0,1997,96019,False,False,False,False,False,False,False,False,False,False,False,False,False,False,False,False,False,True,False,True,6310
1.8,1986,174542,False,False,False,True,False,False,False,False,False,False,False,True,False,False,False,False,False,False,False,False,1537
1.4,2018,20231,True,False,False,False,False,False,True,False,False,False,False,False,False,False,False,False,False,False,False,True,21726
2.0,1989,100634,False,False,False,False,False,False,False,False,False,False,False,False,False,False,False,False,False,True,False,True,3579
1.4,1995,195228,False,False,False,True,False,False,False,False,False,False,False,True,False,False,False,False,False,False,False,True,1967
2.0,1991,221003,False,False,False,True,False,False,False,False,False,False,False,False,True,False,False,False,False,False,False,True,968
2.0,2007,92700,True,False,False,False,False,False,False,True,False,False,False,False,False,False,False,False,False,False,False,True,11405
2.4,2008,50975,False,False,False,False,False,False,False,False,False,False,False,False,False,False,False,True,False,False,False,False,21507
1.2,2003,143978,False,False,False,True,False,False,False,False,False,False,False,False,True,False,False,False,False,False,False,True,3236
1.6,1996,170890,False,False,False,True,False,False,False,False,True,False,False,False,False,False,False,False,False,False,False,True,2225
1.4,2007,108446,False,False,False,True,False,False,False,False,False,False,False,True,False,False,False,False,False,False,False,False,9347
1.8,2009,63768,False,False,True,False,False,False,False,False,False,False,False,False,False,True,False,False,False,False,True,False,18782
1.6,2015,58040,False,False,False,True,False,False,False,False,True,False,False,False,False,False,False,False,False,False,False,True,18486
1.6,2007,107625,False,False,False,True,False,False,False,False,False,False,False,False,True,False,False,False,False,False,False,True,6473
1.8,2005,127673,False,False,False,True,False,False,False,False,False,False,False,True,False,False,False,False,False,False,False,True,7625
2.0,1998,170237,False,False,True,False,False,False,False,False,False,False,False,False,False,False,True,False,False,False,True,False,4983
2.2,1996,131881,False,False,False,False,False,False,False,False,False,False,False,False,False,False,False,False,False,True,False,True,4719
1.8,2007,146611,False,False,False,True,False,False,False,False,False,False,False,True,False,False,False,False,False,False,False,False,7866
1.0,1993,123348,False,False,True,False,False,False,False,False,False,False,False,False,False,False,False,False,True,False,False,True,2014
1.0,2011,89621,True,False,False,False,False,False,True,False,False,False,False,False,False,False,False,False,False,False,False,True,7423
1.0,1993,141139,False,False,True,False,False,False,False,False,False,False,False,False,False,True,False,False,False,False,True,False,2731
1.0,1993,222606,False,False,False,True,False,False,False,False,False,False,False,False,True,False,False,False,False,False,False,True,771
1.6,2007,82309,True,False,False,False,False,False,False,False,False,False,True,False,False,False,False,False,False,False,False,True,10877
2.4,2022,6668,False,False,False,False,False,False,False,False,False,False,False,False,False,False,False,False,False,True,False,True,63896
1.8,1998,143241,False,False,False,True,False,False,False,False,True,False,False,False,False,False,False,False,False,False,False,True,3390
1.0,2012,54872,False,False,True,False,False,False,False,False,False,False,False,False,False,False,False,False,True,False,True,False,13928
1.2,2014,32583,False,False,True,False,False,False,False,False,False,False,False,False,False,False,False,False,True,False,True,False,19962
2.0,1992,202095,False,False,False,True,False,False,False,False,False,False,False,False,True,False,False,False,False,False,False,True,1225
1.8,2004,137432,False,False,True,False,False,False,False,False,False,False,False,False,False,True,False,False,False,False,True,False,7859
4.4,1999,161878,False,False,False,False,False,False,False,False,False,True,False,False,False,False,False,False,False,False,False,True,11519
2.0,2002,130406,False,False,False,True,False,False,False,False,False,False,False,False,True,False,False,False,False,False,False,True,4355
1.2,1996,83474,False,False,False,True,False,False,False,False,True,False,False,False,False,False,False,False,False,False,False,False,3994
1.0,1993,205996,True,False,False,False,False,False,True,False,False,False,False,False,False,False,False,False,False,False,False,True,872
1.8,2005,95779,False,False,True,False,False,False,False,False,False,False,False,False,False,True,False,False,False,False,True,False,11538
1.4,2013,57648,False,False,False,True,False,False,False,False,False,False,False,True,False,False,False,False,False,False,False,False,19853
2.2,2011,72398,False,False,False,False,False,False,False,False,False,False,False,False,False,False,False,False,False,True,False,True,19849
1.8,2000,107862,False,False,True,False,False,False,False,False,False,False,False,False,False,True,False,False,False,False,True,False,7565
1.0,2000,140491,False,False,True,False,False,False,False,False,False,False,False,False,False,True,False,False,False,False,True,False,4378
3.5,1996,108289,False,True,False,False,True,False,False,False,False,False,False,False,False,False,False,False,False,False,False,True,15220
1.4,2002,91234,True,False,False,False,False,False,False,True,False,False,False,False,False,False,False,False,False,False,False,False,7255
1.6,2004,162124,True,False,False,False,False,False,False,False,False,False,True,False,False,False,False,False,False,False,False,False,5057
2.0,2010,32617,False,False,True,False,False,False,False,False,False,False,False,False,False,False,True,False,False,False,True,False,30155
1.2,2015,34439,True,False,False,False,False,False,True,False,False,False,False,False,False,False,False,False,False,False,False,True,15192
4.0,2009,108834,False,True,False,False,False,True,False,False,False,False,False,False,False,False,False,False,False,False,False,True,25878
3.0,1994,145804,False,False,False,False,False,False,False,False,False,False,False,False,False,False,False,True,False,False,False,True,4530
1.4,2012,72508,False,False,True,False,False,False,False,False,False,False,False,False,False,True,False,False,False,False,True,False,19091
1.2,2010,61336,False,False,True,False,False,False,False,False,False,False,False,False,False,False,False,False,True,False,False,True,10676
2.0,2002,73672,False,False,False,False,False,False,False,False,False,False,False,False,False,False,False,False,False,True,False,True,10297
2.0,1999,172024,False,False,False,True,False,False,False,False,True,False,False,False,False,False,False,False,False,False,False,False,3160
1.8,1985,80054,False,False,True,False,False,False,False,False,False,False,False,False,False,True,False,False,False,False,True,False,3398
1.8,2008,59936,True,False,False,False,False,False,False,True,False,False,False,False,False,False,False,False,False,False,False,False,15183
2.0,2005,120861,True,False,False,False,False,False,False,True,False,False,False,False,False,False,False,False,False,False,False,False,8500
1.8,2010,66900,True,False,False,False,False,False,False,True,False,False,False,False,False,False,False,False,False,False,False,True,15788
1.8,1998,15237,False,False,False,True,False,False,False,False,False,False,False,True,False,False,False,False,False,False,False,False,10635
1.2,2021,10315,False,False,False,True,False,False,False,False,True,False,False,False,False,False,False,False,False,False,False,True,31563
1.0,2012,50290,True,False,False,False,False,False,True,False,False,False,False,False,False,False,False,False,False,False,False,True,10317
1.4,1997,190173,False,False,False,True,False,False,False,False,False,False,False,True,False,False,False,False,False,False,False,False,2467
1.0,2013,44697,True,False,False,False,False,False,False,True,False,False,False,False,False,False,False,False,False,False,False,True,16552
1.4,1996,313731,True,False,False,False,False,False,False,True,False,False,False,False,False,False,False,False,False,False,False,True,672
1.0,1999,241136,True,False,False,False,False,False,True,False,False,False,False,False,False,False,False,False,False,False,False,True,947
1.2,2001,77072,False,False,False,True,False,False,False,False,False,False,False,False,True,False,False,False,False,False,False,True,4676
1.0,1999,59061,False,False,True,False,False,False,False,False,False,False,False,False,False,False,False,False,True,False,True,False,5700
3.0,1995,76785,False,True,False,False,True,False,False,False,False,False,False,False,False,False,False,False,False,False,False,True,16517
1.4,2019,36154,True,False,False,False,False,False,False,False,False,False,True,False,False,False,False,False,False,False,False,False,31996
4.0,2022,5962,False,True,False,False,False,True,False,False,False,False,False,False,False,False,False,False,False,False,False,True,118543
2.4,2002,101554,False,False,True,False,False,False,False,False,False,False,False,False,False,False,True,False,False,False,True,False,12292
1.0,2014,49400,False,False,True,False,False,False,False,False,False,False,False,False,False,True,False,False,False,False,True,False,21412
1.4,2014,79849,False,False,False,True,False,False,False,False,False,False,False,False,True,False,False,False,False,False,False,True,11789
5.0,1989,208522,False,False,False,False,False,False,False,False,False,True,False,False,False,False,False,False,False,False,False,True,4214
1.4,1997,158028,False,False,False,True,False,False,False,False,False,False,False,False,True,False,False,False,False,False,False,True,2088
1.8,1996,190694,False,False,True,False,False,False,False,False,False,False,False,False,False,False,True,False,False,False,True,False,3470
2.0,2003,143320,False,True,False,False,False,False,False,False,False,False,False,False,False,False,False,False,False,False,False,True,7919
1.2,1993,287183,True,False,False,False,False,False,True,False,False,False,False,False,False,False,False,False,False,False,False,True,452
5.0,2003,138777,False,False,False,False,False,False,False,False,False,True,False,False,False,False,False,False,False,False,False,True,19366
1.2,2004,112404,False,False,True,False,False,False,False,False,False,False,False,False,False,False,False,False,True,False,False,True,4996
2.4,2005,94370,False,True,False,False,False,False,False,False,False,False,False,False,False,False,False,False,False,False,False,True,14419
1.6,1996,279453,False,False,False,True,False,False,False,False,True,False,False,False,False,False,False,False,False,False,False,False,878
1.4,2016,45283,False,False,False,True,False,False,False,False,False,False,False,False,True,False,False,False,False,False,False,True,16871
5.0,1989,170270,False,False,False,False,False,False,False,False,False,True,False,False,False,False,False,False,False,False,False,True,5875
2.4,2007,37670,False,False,True,False,False,False,False,False,False,False,False,False,False,False,True,False,False,False,True,False,26255
1.6,2012,65505,True,False,False,False,False,False,False,False,False,False,True,False,False,False,False,False,False,False,False,False,17859
1.8,2006,124447,True,False,False,False,False,False,False,True,False,False,False,False,False,False,False,False,False,False,False,True,7984
1.4,2006,105952,True,False,False,False,False,False,False,True,False,False,False,False,False,False,False,False,False,False,False,True,8104
1.8,1997,153031,False,False,True,False,False,False,False,False,False,False,False,False,False,False,True,False,False,False,True,False,5105
1.4,1986,176136,False,False,True,False,False,False,False,False,False,False,False,False,False,False,False,False,True,False,False,True,971
1.6,2000,119648,False,False,False,True,False,False,False,False,False,False,False,False,True,False,False,False,False,False,False,False,3891
2.0,1988,327541,False,False,True,False,False,False,False,False,False,False,False,False,False,False,True,False,False,False,True,False,604
1.8,2014,54043,False,False,True,False,False,False,False,False,False,False,False,False,False,False,True,False,False,False,False,True,27332
2.0,2021,10376,False,False,False,True,False,False,False,False,True,False,False,False,False,False,False,False,False,False,False,True,40735
4.0,1992,222039,False,True,False,False,False,False,False,False,False,False,False,False,False,False,False,False,False,False,False,True,2735
1.6,1994,257253,False,False,False,True,False,False,False,False,False,False,False,True,False,False,False,False,False,False,False,False,1179
1.8,2005,112716,False,False,False,True,False,False,False,False,True,False,False,False,False,False,False,False,False,False,False,False,7207
1.6,2015,35687,False,False,False,True,False,False,False,False,False,False,False,False,True,False,False,False,False,False,False,False,18766
2.0,1990,293643,False,False,False,True,False,False,False,False,False,False,False,False,True,False,False,False,False,False,False,True,461
1.4,2015,54426,False,False,False,True,False,False,False,False,False,False,False,True,False,False,False,False,False,False,False,True,22053
2.2,2015,87514,False,False,False,False,False,False,False,False,False,False,False,False,False,False,False,False,False,True,False,True,23349
1.2,2011,53663,False,False,False,True,False,False,False,False,False,False,False,False,True,False,False,False,False,False,False,True,10624
1.6,1995,204387,True,False,False,False,False,False,False,False,False,False,True,False,False,False,False,False,False,False,False,False,1928
1.8,1991,217958,True,False,False,False,False,False,False,False,False,False,True,False,False,False,False,False,False,False,False,True,1322
2.0,2018,30685,False,False,False,False,False,False,False,False,False,False,False,False,False,False,False,True,False,False,False,False,43196
1.8,2015,39748,True,False,False,False,False,False,False,True,False,False,False,False,False,False,False,False,False,False,False,False,27452
1.0,2019,30168,False,False,False,True,False,False,False,False,False,False,False,False,True,False,False,False,False,False,False,True,19049
2.0,2016,51044,False,False,False,True,False,False,False,False,False,False,False,True,False,False,False,False,False,False,False,False,30220
2.0,1996,272040,True,False,False,False,False,False,False,False,False,False,True,False,False,False,False,False,False,False,False,False,1241
1.8,2011,36911,False,False,True,False,False,False,False,False,False,False,False,False,False,True,False,False,False,False,True,False,25370
1.2,1992,287457,True,False,False,False,False,False,True,False,False,False,False,False,False,False,False,False,False,False,False,True,422
2.0,1992,220261,False,True,False,False,False,False,False,False,False,False,False,False,False,False,False,False,False,False,False,True,1965
2.0,2010,65544,True,False,False,False,False,False,False,False,False,False,True,False,False,False,False,False,False,False,False,False,17470
1.6,2016,31889,True,False,False,False,False,False,False,True,False,False,False,False,False,False,False,False,False,False,False,True,27596
1.6,2014,54644,True,False,False,False,False,False,False,False,False,False,True,False,False,False,False,False,False,False,False,False,21889
2.2,2000,160971,False,True,False,False,True,False,False,False,False,False,False,False,False,False,False,False,False,False,False,True,10378
1.0,1993,162550,True,False,False,False,False,False,False,True,False,False,False,False,False,False,False,False,False,False,True,False,2207
2.2,2020,16533,False,False,True,False,False,False,False,False,False,False,False,False,False,False,True,False,False,False,True,False,67418
2.0,2002,100014,False,False,False,True,False,False,False,False,False,False,False,False,True,False,False,False,False,False,False,True,5486
1.4,1996,116321,False,False,True,False,False,False,False,False,False,False,False,False,False,True,False,False,False,False,True,False,4794
1.4,1993,73872,False,False,True,False,False,False,False,False,False,False,False,False,False,False,False,False,True,False,True,False,4100
1.6,1994,159253,False,False,False,True,False,False,False,False,False,False,False,False,True,False,False,False,False,False,False,True,1809
2.0,1986,221104,False,False,False,True,False,False,False,False,False,False,False,False,True,False,False,False,False,False,False,False,728
2.0,2009,92331,True,False,False,False,False,False,False,False,False,False,True,False,False,False,False,False,False,False,False,False,13594
1.4,2013,56407,True,False,False,False,False,False,True,False,False,False,False,False,False,False,False,False,False,False,False,True,12555
1.4,1998,173120,True,False,False,False,False,False,False,False,False,False,True,False,False,False,False,False,False,False,False,False,2890
2.0,1995,107300,False,False,False,True,False,False,False,False,False,False,False,True,False,False,False,False,False,False,False,True,4821
5.0,1994,81129,False,False,False,False,False,False,False,False,False,True,False,False,False,False,False,False,False,False,False,True,16366
2.0,2012,67101,False,False,True,False,False,False,False,False,False,False,False,False,False,False,True,False,False,False,False,True,23171
2.6,2020,23069,False,True,False,False,False,True,False,False,False,False,False,False,False,False,False,False,False,False,False,True,76312
1.4,1990,187363,True,False,False,False,False,False,False,True,False,False,False,False,False,False,False,False,False,False,False,True,1442
1.8,2011,47117,True,False,False,False,False,False,False,True,False,False,False,False,False,False,False,False,False,False,False,True,19149
2.0,2014,44765,False,False,False,True,False,False,False,False,False,False,False,True,False,False,False,False,False,False,False,False,27493
1.8,2019,24243,False,False,True,False,False,False,False,False,False,False,False,False,False,False,True,False,False,False,False,True,45564
2.0,1994,192248,False,False,False,False,False,False,False,False,False,False,False,False,False,False,False,True,False,False,False,False,2625
2.4,2017,22633,False,False,True,False,False,False,False,False,False,False,False,False,False,False,True,False,False,False,False,True,46461
1.4,2021,16448,False,False,True,False,False,False,False,False,False,False,False,False,False,True,False,False,False,False,True,False,48934
2.0,1990,247929,False,False,True,False,False,False,False,False,False,False,False,False,False,False,True,False,False,False,True,False,1466
1.6,2020,19656,False,False,False,True,False,False,False,False,False,False,False,True,False,False,False,False,False,False,False,False,42433
2.2,1996,174589,False,False,True,False,False,False,False,False,False,False,False,False,False,False,True,False,False,False,True,False,4408
1.6,1998,125697,True,False,False,False,False,False,False,True,False,False,False,False,False,False,False,False,False,False,False,False,4592
1.8,1991,149439,False,False,False,True,False,False,False,False,True,False,False,False,False,False,False,False,False,False,False,True,2021
1.0,2019,12783,False,False,True,False,False,False,False,False,False,False,False,False,False,False,False,False,True,False,False,True,23662
1.2,2011,93694,True,False,False,False,False,False,True,False,False,False,False,False,False,False,False,False,False,False,False,True,7898
1.0,2009,34408,True,False,False,False,False,False,True,False,False,False,False,False,False,False,False,False,False,False,False,True,9298
2.0,1996,201798,False,False,False,True,False,False,False,False,True,False,False,False,False,False,False,False,False,False,False,True,1904
1.6,2001,160485,True,False,False,False,False,False,False,False,False,False,True,False,False,False,False,False,False,False,False,True,3998
1.0,1995,237425,False,False,False,True,False,False,False,False,False,False,False,False,True,False,False,False,False,False,False,True,770
1.6,2016,24772,False,False,False,True,False,False,False,False,True,False,False,False,False,False,False,False,False,False,False,True,24140
2.6,2017,29825,False,True,False,False,True,False,False,False,False,False,False,False,False,False,False,False,False,False,False,True,89587
1.0,2014,25641,False,False,True,False,False,False,False,False,False,False,False,False,False,False,False,False,True,False,True,False,18961
2.2,2021,17447,False,False,True,False,False,False,False,False,False,False,False,False,False,False,True,False,False,False,False,True,59758
1.6,2001,122130,True,False,False,False,False,False,False,True,False,False,False,False,False,False,False,False,False,False,False,True,5491
3.0,1997,183021,False,True,False,False,False,True,False,False,False,False,False,False,False,False,False,False,False,False,False,True,5524
2.6,2004,94440,False,True,False,False,True,False,False,False,False,False,False,False,False,False,False,False,False,False,False,True,24753
1.4,1989,117252,False,False,True,False,False,False,False,False,False,False,False,False,False,False,False,False,True,False,False,True,1913
2.0,2003,73884,True,False,False,False,False,False,False,False,False,False,True,False,False,False,False,False,False,False,False,False,10362
4.4,2004,117191,False,False,False,False,False,False,False,False,False,True,False,False,False,False,False,False,False,False,False,True,22991
1.8,2014,54390,False,False,False,True,False,False,False,False,False,False,False,True,False,False,False,False,False,False,False,False,24568
2.0,1998,59114,False,False,False,True,False,False,False,False,True,False,False,False,False,False,False,False,False,False,False,True,6608
2.0,2002,140940,True,False,False,False,False,False,False,True,False,False,False,False,False,False,False,False,False,False,True,False,6790
1.6,2004,138758,False,False,False,True,False,False,False,False,False,False,False,True,False,False,False,False,False,False,False,False,6469
1.8,1997,162484,False,False,False,True,False,False,False,False,True,False,False,False,False,False,False,False,False,False,False,True,2707
1.6,2004,108662,False,False,False,True,False,False,False,False,False,False,False,True,False,False,False,False,False,False,False,False,8167
1.8,2008,89407,True,False,False,False,False,False,False,True,False,False,False,False,False,False,False,False,False,False,False,True,11840
2.4,1996,277013,False,False,False,False,False,False,False,False,False,False,False,False,False,False,False,False,False,True,False,True,1377
1.4,2010,95019,True,False,False,False,False,False,True,False,False,False,False,False,False,False,False,False,False,False,False,True,7905
2.4,2001,141717,False,False,True,False,False,False,False,False,False,False,False,False,False,False,True,False,False,False,True,False,8438
1.4,2009,59485,True,False,False,False,False,False,True,False,False,False,False,False,False,False,False,False,False,False,False,True,9428
1.6,1989,168156,False,False,False,True,False,False,False,False,False,False,False,False,True,False,False,False,False,False,False,False,1263
1.4,2020,28081,True,False,False,False,False,False,True,False,False,False,False,False,False,False,False,False,False,False,False,True,23757
4.0,2014,49542,False,True,False,False,False,False,False,False,False,False,False,False,False,False,False,False,False,False,False,True,45842
2.4,2010,55479,False,False,True,False,False,False,False,False,False,False,False,False,False,False,True,False,False,False,True,False,28744
2.4,1997,248796,False,False,True,False,False,False,False,False,False,False,False,False,False,False,True,False,False,False,True,False,2540
2.0,1999,149679,False,False,False,True,False,False,False,False,False,False,False,False,True,False,False,False,False,False,False,True,3055
1.0,2009,56920,True,False,False,False,False,False,True,False,False,False,False,False,False,False,False,False,False,False,False,True,8101
1.8,2005,132968,False,False,False,True,False,False,False,False,True,False,False,False,False,False,False,False,False,False,False,True,5869
1.4,2008,76190,False,False,False,True,False,False,False,False,True,False,False,False,False,False,False,False,False,False,False,False,10097
1.0,2006,132325,True,False,False,False,False,False,True,False,False,False,False,False,False,False,False,False,False,False,True,False,4630
1.6,2007,162092,False,False,False,True,False,False,False,False,True,False,False,False,False,False,False,False,False,False,False,True,4988
2.4,2006,100890,False,True,False,False,False,False,False,False,False,False,False,False,False,False,False,False,False,False,False,True,14700
1.6,2018,29614,False,False,False,True,False,False,False,False,False,False,False,False,True,False,False,False,False,False,False,True,22613
1.0,2003,51334,False,False,True,False,False,False,False,False,False,False,False,False,False,False,False,False,True,False,True,False,7816
2.0,2010,98902,False,False,False,True,False,False,False,False,False,False,False,True,False,False,False,False,False,False,False,False,14641
1.2,2015,88435,False,False,True,False,False,False,False,False,False,False,False,False,False,False,False,False,True,False,False,True,12396
2.0,2007,133593,False,False,False,True,False,False,False,False,False,False,False,False,True,False,False,False,False,False,False,False,6223
4.0,2007,121110,False,True,False,False,False,True,False,False,False,False,False,False,False,False,False,False,False,False,False,False,21663
1.2,2020,25731,False,False,True,False,False,False,False,False,False,False,False,False,False,False,False,False,True,False,False,True,25809
1.4,2019,16436,True,False,False,False,False,False,False,False,False,False,True,False,False,False,False,False,False,False,False,False,35769
1.4,1987,210185,False,False,False,True,False,False,False,False,False,False,False,False,True,False,False,False,False,False,False,True,683
1.2,2019,19635,False,False,False,True,False,False,False,False,False,False,False,False,True,False,False,False,False,False,False,True,22140
1.4,2001,172028,True,False,False,False,False,False,False,True,False,False,False,False,False,False,False,False,False,False,True,False,4110
1.4,2015,53714,True,False,False,False,False,False,True,False,False,False,False,False,False,False,False,False,False,False,False,True,14593
1.2,2011,57883,True,False,False,False,False,False,True,False,False,False,False,False,False,False,False,False,False,False,False,True,10077
4.0,1997,149724,False,True,False,False,False,True,False,False,False,False,False,False,False,False,False,False,False,False,False,True,8438
1.8,2016,44509,True,False,False,False,False,False,False,False,False,False,True,False,False,False,False,False,False,False,False,False,28253
1.0,2016,22781,True,False,False,False,False,False,False,True,False,False,False,False,False,False,False,False,False,False,False,False,24124
1.2,2007,104545,True,False,False,False,False,False,True,False,False,False,False,False,False,False,False,False,False,False,False,True,5589
2.0,2005,112247,True,False,False,False,False,False,False,False,False,False,True,False,False,False,False,False,False,False,False,False,8994
2.0,1996,149153,False,False,True,False,False,False,False,False,False,False,False,False,False,False,True,False,False,False,True,False,5196
2.0,1987,214424,False,False,False,True,False,False,False,False,True,False,False,False,False,False,False,False,False,False,False,True,934
1.0,2015,12284,False,False,True,False,False,False,False,False,False,False,False,False,False,True,False,False,False,False,True,False,28347
2.0,2018,46665,False,False,True,False,False,False,False,False,False,False,False,False,False,False,True,False,False,False,True,False,47262
1.0,2015,43193,False,False,False,True,False,False,False,False,False,False,False,False,True,False,False,False,False,False,False,True,13510
2.0,2017,43904,False,False,True,False,False,False,False,False,False,False,False,False,False,False,True,False,False,False,True,False,44966
1.0,1993,306917,False,False,False,True,False,False,False,False,False,False,False,False,True,False,False,False,False,False,False,True,351
1.8,1992,260170,False,False,False,True,False,False,False,False,False,False,False,True,False,False,False,False,False,False,False,True,1014
2.0,1999,90648,False,False,False,False,False,False,False,False,False,False,False,False,False,False,False,True,False,False,False,False,8261
1.6,1993,213048,False,False,False,True,False,False,False,False,False,False,False,True,False,False,False,False,False,False,False,True,1572
1.8,2013,71157,False,False,True,False,False,False,False,False,False,False,False,False,False,False,True,False,False,False,True,False,27445
1.4,2001,166279,False,False,True,False,False,False,False,False,False,False,False,False,False,True,False,False,False,False,True,False,4479
1.8,2022,7210,False,False,False,True,False,False,False,False,True,False,False,False,False,False,False,False,False,False,False,True,41997
4.4,2018,28558,False,False,False,False,False,False,False,False,False,True,False,False,False,False,False,False,False,False,False,True,106073
1.4,2008,91031,False,False,False,True,False,False,False,False,False,False,False,True,False,False,False,False,False,False,False,False,11346
1.8,1997,228312,False,False,False,True,False,False,False,False,True,False,False,False,False,False,False,False,False,False,False,True,1522
2.2,2011,71403,False,True,False,False,True,False,False,False,False,False,False,False,False,False,False,False,False,False,False,True,42625
1.4,2003,115240,True,False,False,False,False,False,True,False,False,False,False,False,False,False,False,False,False,False,False,True,4267
1.6,2013,37124,True,False,False,False,False,False,False,True,False,False,False,False,False,False,False,False,False,False,False,True,21912
1.4,2005,107117,False,False,False,True,False,False,False,False,False,False,False,False,True,False,False,False,False,False,False,True,5320
1.0,1994,217607,False,False,True,False,False,False,False,False,False,False,False,False,False,False,False,False,True,False,False,True,973
2.0,2003,173781,False,False,False,True,False,False,False,False,True,False,False,False,False,False,False,False,False,False,False,False,4064
2.0,1987,194273,False,False,False,True,False,False,False,False,False,False,False,True,False,False,False,False,False,False,False,False,1460
1.4,1999,143513,False,False,False,True,False,False,False,False,False,False,False,False,True,False,False,False,False,False,False,True,2687
2.0,1998,204866,True,False,False,False,False,False,False,True,False,False,False,False,False,False,False,False,False,False,False,True,2520
1.6,2010,34772,False,False,False,True,False,False,False,False,False,False,False,False,True,False,False,False,False,False,False,True,12875
1.4,1999,133563,False,False,True,False,False,False,False,False,False,False,False,False,False,True,False,False,False,False,True,False,5121
1.4,1993,220232,True,False,False,False,False,False,True,False,False,False,False,False,False,False,False,False,False,False,False,True,908
2.4,1994,143474,False,False,False,False,False,False,False,False,False,False,False,False,False,False,False,False,False,True,False,True,3932
1.4,2001,252900,False,False,False,True,False,False,False,False,False,False,False,True,False,False,False,False,False,False,False,False,1831
1.8,1996,183162,True,False,False,False,False,False,False,False,False,False,True,False,False,False,False,False,False,False,False,False,2632
3.0,2011,55630,False,False,False,False,False,False,False,False,False,False,False,False,False,False,False,False,False,True,False,True,25869
2.0,2011,95068,False,False,False,True,False,False,False,False,False,False,False,True,False,False,False,False,False,False,False,False,16092
2.2,1991,203334,False,False,True,False,False,False,False,False,False,False,False,False,False,False,True,False,False,False,True,False,2460
1.6,2002,148497,False,False,False,True,False,False,False,False,False,False,False,True,False,False,False,False,False,False,False,False,5233
1.6,1998,189248,True,False,False,False,False,False,False,True,False,False,False,False,False,False,False,False,False,False,False,False,2715
1.2,2012,90761,False,False,True,False,False,False,False,False,False,False,False,False,False,False,False,False,True,False,False,True,9983
5.0,1992,220609,False,False,False,False,False,False,False,False,False,True,False,False,False,False,False,False,False,False,False,True,4619
1.6,2011,99950,False,False,False,True,False,False,False,False,True,False,False,False,False,False,False,False,False,False,True,False,12738
3.0,2020,24760,False,False,False,False,False,False,False,False,False,False,False,False,False,False,False,False,False,True,False,True,56710
4.0,1987,214739,False,False,False,False,False,False,False,False,False,True,False,False,False,False,False,False,False,False,False,True,3120
1.4,1997,133625,False,False,False,True,False,False,False,False,True,False,False,False,False,False,False,False,False,False,False,True,3020
2.4,2006,154172,False,False,False,False,False,False,False,False,False,False,False,False,False,False,False,True,False,False,False,False,8842
2.0,2009,34616,False,False,True,False,False,False,False,False,False,False,False,False,False,False,True,False,False,False,True,False,27883
1.6,2009,106789,True,False,False,False,False,False,False,False,False,False,True,False,False,False,False,False,False,False,False,False,10941
4.0,1992,165863,False,True,False,False,False,True,False,False,False,False,False,False,False,False,False,False,False,False,False,True,5289
1.4,2000,81299,False,False,True,False,False,False,False,False,False,False,False,False,False,False,False,False,True,False,True,False,6213
2.6,2007,92426,False,True,False,False,True,False,False,False,False,False,False,False,False,False,False,False,False,False,False,True,30674
3.0,2004,65259,False,False,False,False,False,False,False,False,False,False,False,False,False,False,False,True,False,False,False,False,16805
2.0,1991,288518,True,False,False,False,False,False,False,False,False,False,True,False,False,False,False,False,False,False,False,False,761
1.4,2017,38211,True,False,False,False,False,False,False,False,False,False,True,False,False,False,False,False,False,False,False,False,27663
1.2,1992,246166,False,False,False,True,False,False,False,False,True,False,False,False,False,False,False,False,False,False,False,True,756
1.0,2001,157914,True,False,False,False,False,False,True,False,False,False,False,False,False,False,False,False,False,False,False,True,2247
1.4,1997,144214,True,False,False,False,False,False,False,True,False,False,False,False,False,False,False,False,False,False,False,True,3304
1.6,2016,15746,False,False,False,True,False,False,False,False,False,False,False,True,False,False,False,False,False,False,False,False,33200
1.4,2019,21689,True,False,False,False,False,False,False,True,False,False,False,False,False,False,False,False,False,False,False,False,35075
1.2,1993,103482,False,False,True,False,False,False,False,False,False,False,False,False,False,False,False,False,True,False,False,True,2565
1.4,2008,126488,False,False,False,True,False,False,False,False,True,False,False,False,False,False,False,False,False,False,False,False,6984
2.0,2003,179291,False,False,False,True,False,False,False,False,False,False,False,False,True,False,False,False,False,False,False,True,3112
1.0,2003,150212,True,False,False,False,False,False,False,True,False,False,False,False,False,False,False,False,False,False,False,False,4165
1.8,2014,52663,True,False,False,False,False,False,False,False,False,False,True,False,False,False,False,False,False,False,False,False,23509
2.2,1997,48227,False,False,True,False,False,False,False,False,False,False,False,False,False,False,True,False,False,False,True,False,12106
1.4,2016,19686,True,False,False,False,False,False,True,False,False,False,False,False,False,False,False,False,False,False,False,True,19071
2.0,2000,85492,False,False,False,True,False,False,False,False,True,False,False,False,False,False,False,False,False,False,False,True,6322
2.4,2022,5685,False,False,False,False,False,False,False,False,False,False,False,False,False,False,False,False,False,True,False,True,64221
1.8,2011,51122,True,False,False,False,False,False,False,True,False,False,False,False,False,False,False,False,False,False,False,True,18679
1.0,2000,117505,True,False,False,False,False,False,True,False,False,False,False,False,False,False,False,False,False,False,False,True,2902
1.0,2000,153587,True,False,False,False,False,False,True,False,False,False,False,False,False,False,False,False,False,False,False,True,2179
1.4,2013,38251,False,False,True,False,False,False,False,False,False,False,False,False,False,True,False,False,False,False,True,False,25363
1.4,2003,113197,False,False,False,True,False,False,False,False,True,False,False,False,False,False,False,False,False,False,False,False,5542
1.6,2019,18716,False,False,False,True,False,False,False,False,True,False,False,False,False,False,False,False,False,False,False,True,30492
2.0,2007,124136,False,False,True,False,False,False,False,False,False,False,False,False,False,False,True,False,False,False,True,False,13205
2.0,1996,232431,True,False,False,False,False,False,False,False,False,False,True,False,False,False,False,False,False,False,False,False,1791
1.0,1998,127554,False,False,False,True,False,False,False,False,False,False,False,False,True,False,False,False,False,False,False,True,2412
1.0,2011,69823,False,False,True,False,False,False,False,False,False,False,False,False,False,True,False,False,False,False,True,False,15368
5.0,2015,75406,False,False,False,False,False,False,False,False,False,True,False,False,False,False,False,False,False,False,False,True,69028
2.4,2017,28649,False,False,False,False,False,False,False,False,False,False,False,False,False,False,False,True,False,False,False,False,44787
1.4,2018,45797,False,False,True,False,False,False,False,False,False,False,False,False,False,False,False,False,True,False,True,False,26017
1.4,1991,184706,True,False,False,False,False,False,False,True,False,False,False,False,False,False,False,False,False,False,False,True,1577
1.4,1991,29749,False,False,False,True,False,False,False,False,False,False,False,True,False,False,False,False,False,False,False,True,5167
2.0,2007,135701,False,False,False,True,False,False,False,False,False,False,False,True,False,False,False,False,False,False,False,False,9052
1.4,1998,151292,True,False,False,False,False,False,False,True,False,False,False,False,False,False,False,False,False,False,False,True,3334
5.0,2005,42356,False,False,False,False,False,False,False,False,False,True,False,False,False,False,False,False,False,False,False,True,43828
1.2,1988,257089,True,False,False,False,False,False,True,False,False,False,False,False,False,False,False,False,False,False,False,True,430
1.4,1989,220879,False,False,False,True,False,False,False,False,True,False,False,False,False,False,False,False,False,False,False,True,842
2.0,1988,167457,False,False,False,True,False,False,False,False,False,False,False,True,False,False,False,False,False,False,False,False,1966
2.0,2012,71346,True,False,False,False,False,False,False,True,False,False,False,False,False,False,False,False,False,False,False,True,18460
1.6,1986,224160,False,False,False,True,False,False,False,False,False,False,False,False,True,False,False,False,False,False,False,True,603
1.4,1989,193852,False,False,True,False,False,False,False,False,False,False,False,False,False,True,False,False,False,False,True,False,1588
2.2,2013,84961,False,False,True,False,False,False,False,False,False,False,False,False,False,False,True,False,False,False,True,False,27602
1.2,2005,158600,False,False,False,True,False,False,False,False,False,False,False,False,True,False,False,False,False,False,False,True,3280
1.0,1995,145212,False,False,True,False,False,False,False,False,False,False,False,False,False,False,False,False,True,False,False,True,1935
1.4,2006,128222,False,False,True,False,False,False,False,False,False,False,False,False,False,True,False,False,False,False,True,False,8517
2.4,2019,34815,False,False,True,False,False,False,False,False,False,False,False,False,False,False,True,False,False,False,True,False,59423
1.4,2019,22035,False,False,False,True,False,False,False,False,False,False,False,True,False,False,False,False,False,False,False,False,36649
2.0,2005,121250,False,False,False,True,False,False,False,False,False,False,False,True,False,False,False,False,False,False,False,False,8871
1.4,2003,131404,True,False,False,False,False,False,False,False,False,False,True,False,False,False,False,False,False,False,False,False,5680
1.4,2001,52718,True,False,False,False,False,False,False,True,False,False,False,False,False,False,False,False,False,False,False,True,8373
2.6,1998,158174,False,True,False,False,False,True,False,False,False,False,False,False,False,False,False,False,False,False,False,False,7123
1.4,2015,26744,False,False,True,False,False,False,False,False,False,False,False,False,False,False,False,False,True,False,True,False,23833
2.0,2008,136025,False,False,False,True,False,False,False,False,True,False,False,False,False,False,False,False,False,False,False,True,7375
1.4,1992,239653,True,False,False,False,False,False,True,False,False,False,False,False,False,False,False,False,False,False,False,True,712
1.0,2006,120077,True,False,False,False,False,False,False,True,False,False,False,False,False,False,False,False,False,False,False,False,6463
1.4,2016,51588,False,False,True,False,False,False,False,False,False,False,False,False,False,True,False,False,False,False,True,False,28557
1.8,2014,77165,False,False,True,False,False,False,False,False,False,False,False,False,False,True,False,False,False,False,True,False,23965
1.2,2000,35036,False,False,False,True,False,False,False,False,True,False,False,False,False,False,False,False,False,False,False,True,6783
2.0,2007,115294,False,False,False,False,False,False,False,False,False,False,False,False,False,False,False,True,False,False,False,True,11185
1.8,2009,70410,False,False,False,True,False,False,False,False,False,False,False,True,False,False,False,False,False,False,False,False,15860
1.2,2010,108480,False,False,True,False,False,False,False,False,False,False,False,False,False,False,False,False,True,False,True,False,9212
1.4,1995,113037,True,False,False,False,False,False,True,False,False,False,False,False,False,False,False,False,False,False,False,True,2545
1.0,2006,149380,True,False,False,False,False,False,False,True,False,False,False,False,False,False,False,False,False,False,False,True,4878
2.0,1996,198506,False,False,False,False,False,False,False,False,False,False,False,False,False,False,False,True,False,False,False,False,2839
2.0,1993,222692,True,False,False,False,False,False,False,False,False,False,True,False,False,False,False,False,False,False,False,False,1602
1.0,2006,72073,False,False,True,False,False,False,False,False,False,False,False,False,False,False,False,False,True,False,True,False,8344
1.4,2012,78406,False,False,False,True,False,False,False,False,True,False,False,False,False,False,False,False,False,False,False,False,12984
1.8,2004,140396,False,False,True,False,False,False,False,False,False,False,False,False,False,True,False,False,False,False,True,False,7675
2.4,2020,16913,False,False,False,False,False,False,False,False,False,False,False,False,False,False,False,True,False,False,False,True,55616
1.8,1999,109775,False,False,False,True,False,False,False,False,True,False,False,False,False,False,False,False,False,False,False,True,4704
1.4,2011,88397,True,False,False,False,False,False,False,True,False,False,False,False,False,False,False,False,False,False,False,True,12846
1.4,1988,208104,True,False,False,False,False,False,False,True,False,False,False,False,False,False,False,False,False,False,False,True,1052
1.6,2007,78404,True,False,False,False,False,False,False,False,False,False,True,False,False,False,False,False,False,False,False,False,11733
1.6,2013,27887,True,False,False,False,False,False,False,False,False,False,True,False,False,False,False,False,False,False,False,False,24053
3.0,1994,88695,False,False,False,False,False,False,False,False,False,False,False,False,False,False,False,True,False,False,False,False,7351
2.2,1992,172095,False,False,False,False,False,False,False,False,False,False,False,False,False,False,False,False,False,True,False,True,2599
2.2,2004,176163,False,False,True,False,False,False,False,False,False,False,False,False,False,False,True,False,False,False,True,False,7413
2.4,1995,53344,False,False,True,False,False,False,False,False,False,False,False,False,False,False,True,False,False,False,True,False,10718
1.2,2012,61838,False,False,True,False,False,False,False,False,False,False,False,False,False,False,False,False,True,False,False,True,12159
1.2,1998,64297,True,False,False,False,False,False,True,False,False,False,False,False,False,False,False,False,False,False,False,True,4063
2.6,2014,75584,False,True,False,False,True,False,False,False,False,False,False,False,False,False,False,False,False,False,False,True,55021
1.2,1989,344848,True,False,False,False,False,False,True,False,False,False,False,False,False,False,False,False,False,False,False,True,199
1.0,2001,177526,True,False,False,False,False,False,False,True,False,False,False,False,False,False,False,False,False,False,False,True,2762
1.2,2012,97630,False,False,True,False,False,False,False,False,False,False,False,False,False,False,False,False,True,False,True,False,11402
2.0,2020,22096,False,False,False,False,False,False,False,False,False,False,False,False,False,False,False,True,False,False,False,False,51814
2.4,2005,87995,False,False,False,False,False,False,False,False,False,False,False,False,False,False,False,True,False,False,False,False,13757
1.6,2000,184988,False,False,False,True,False,False,False,False,False,False,False,True,False,False,False,False,False,False,False,False,3370
2.0,2004,147627,True,False,False,False,False,False,False,True,False,False,False,False,False,False,False,False,False,False,False,True,6125
1.8,1999,167819,True,False,False,False,False,False,False,False,False,False,True,False,False,False,False,False,False,False,False,False,3664
2.0,2015,59574,True,False,False,False,False,False,False,True,False,False,False,False,False,False,False,False,False,False,False,True,24364
1.0,2009,75245,False,False,False,True,False,False,False,False,False,False,False,False,True,False,False,False,False,False,False,False,7736
1.4,2004,122792,True,False,False,False,False,False,True,False,False,False,False,False,False,False,False,False,False,False,True,False,5166
2.0,2012,60475,False,False,False,False,False,False,False,False,False,False,False,False,False,False,False,True,False,False,False,False,24131
1.4,1995,193962,False,False,True,False,False,False,False,False,False,False,False,False,False,False,False,False,True,False,True,False,1821
1.2,2011,64301,True,False,False,False,False,False,True,False,False,False,False,False,False,False,False,False,False,False,False,True,9667
1.0,2010,85758,False,False,True,False,False,False,False,False,False,False,False,False,False,True,False,False,False,False,True,False,12890
1.0,2013,83052,True,False,False,False,False,False,True,False,False,False,False,False,False,False,False,False,False,False,False,True,8882
1.8,2013,39482,True,False,False,False,False,False,False,False,False,False,True,False,False,False,False,False,False,False,True,False,27250
1.4,2008,98738,False,False,False,True,False,False,False,False,False,False,False,True,False,False,False,False,False,False,False,False,10733
2.0,1993,200460,True,False,False,False,False,False,False,False,False,False,True,False,False,False,False,False,False,False,False,False,1953
1.2,2001,155201,False,False,False,True,False,False,False,False,False,False,False,False,True,False,False,False,False,False,False,True,2584
1.4,1994,294223,True,False,False,False,False,False,False,False,False,False,True,False,False,False,False,False,False,False,False,False,737
2.6,1998,170417,False,True,False,False,False,True,False,False,False,False,False,False,False,False,False,False,False,False,False,True,6122
2.0,2000,151494,False,False,False,True,False,False,False,False,False,False,False,False,True,False,False,False,False,False,False,True,3217
1.6,2005,55633,False,False,False,True,False,False,False,False,False,False,False,False,True,False,False,False,False,False,False,True,8121
1.8,1994,105467,True,False,False,False,False,False,False,False,False,False,True,False,False,False,False,False,False,False,False,False,4311
1.0,2013,57585,True,False,False,False,False,False,True,False,False,False,False,False,False,False,False,False,False,False,False,True,10532
2.4,1997,148720,False,False,False,False,False,False,False,False,False,False,False,False,False,False,False,True,False,False,False,False,5074
1.4,2022,6732,True,False,False,False,False,False,False,False,False,False,True,False,False,False,False,False,False,False,True,False,52560
2.0,2000,173913,False,False,True,False,False,False,False,False,False,False,False,False,False,False,True,False,False,False,True,False,5518
1.2,1992,149528,True,False,False,False,False,False,True,False,False,False,False,False,False,False,False,False,False,False,False,True,1447
1.4,2005,67876,True,False,False,False,False,False,False,False,False,False,True,False,False,False,False,False,False,False,True,False,11786
1.6,2017,53598,False,False,False,True,False,False,False,False,True,False,False,False,False,False,False,False,False,False,False,True,21728
2.2,2017,30834,False,False,False,False,False,False,False,False,False,False,False,False,False,False,False,False,False,True,False,True,38409
1.4,1998,156440,False,False,True,False,False,False,False,False,False,False,False,False,False,False,False,False,True,False,True,False,3062
1.8,2001,123813,True,False,False,False,False,False,False,True,False,False,False,False,False,False,False,False,False,False,False,False,6037
1.8,1998,194126,False,False,True,False,False,False,False,False,False,False,False,False,False,False,True,False,False,False,True,False,3848
1.4,1993,145808,False,False,False,True,False,False,False,False,False,False,False,True,False,False,False,False,False,False,False,False,2746
1.6,2018,27414,True,False,False,False,False,False,False,False,False,False,True,False,False,False,False,False,False,False,False,False,33660
1.4,1992,207282,False,False,True,False,False,False,False,False,False,False,False,False,False,True,False,False,False,False,True,False,1723
1.2,2012,65766,False,False,True,False,False,False,False,False,False,False,False,False,False,False,False,False,True,False,True,False,14220
1.4,1996,83852,False,False,True,False,False,False,False,False,False,False,False,False,False,True,False,False,False,False,True,False,6078
1.8,2000,106498,False,False,False,True,False,False,False,False,False,False,False,True,False,False,False,False,False,False,False,False,6743
5.0,2005,123949,False,False,False,False,False,False,False,False,False,True,False,False,False,False,False,False,False,False,False,True,24871
5.0,2020,21152,False,False,False,False,False,False,False,False,False,True,False,False,False,False,False,False,False,False,False,True,134691
1.2,1996,169490,False,False,True,False,False,False,False,False,False,False,False,False,False,False,False,False,True,False,True,False,2224
1.6,2009,131434,True,False,False,False,False,False,False,False,False,False,True,False,False,False,False,False,False,False,True,False,10351
4.0,1996,130710,False,False,False,False,False,False,False,False,False,True,False,False,False,False,False,False,False,False,False,True,11580
2.2,2019,45897,False,False,False,False,False,False,False,False,False,False,False,False,False,False,False,False,False,True,False,True,40127
1.4,1999,149419,False,False,False,True,False,False,False,False,True,False,False,False,False,False,False,False,False,False,False,False,3191
1.8,2015,51840,False,False,True,False,False,False,False,False,False,False,False,False,False,False,True,False,False,False,False,True,29624
2.0,1985,203868,False,False,False,False,False,False,False,False,False,False,False,False,False,False,False,True,False,False,False,True,1238
1.2,2006,77493,True,False,False,False,False,False,True,False,False,False,False,False,False,False,False,False,False,False,False,True,6340
1.8,2013,70036,False,False,True,False,False,False,False,False,False,False,False,False,False,True,False,False,False,False,True,False,23526
1.4,2016,21161,False,False,True,False,False,False,False,False,False,False,False,False,False,True,False,False,False,False,True,False,34170
2.0,2022,8345,True,False,False,False,False,False,False,False,False,False,True,False,False,False,False,False,False,False,False,False,54510
2.4,2006,98942,False,False,True,False,False,False,False,False,False,False,False,False,False,False,True,False,False,False,True,False,16359
1.4,1996,167736,True,False,False,False,False,False,False,False,False,False,True,False,False,False,False,False,False,False,False,False,2647
2.0,2010,69276,False,False,True,False,False,False,False,False,False,False,False,False,False,False,True,False,False,False,False,True,19988
2.0,1991,133207,False,False,False,False,False,False,False,False,False,False,False,False,False,False,False,True,False,False,False,False,3517
1.8,2007,99069,False,False,True,False,False,False,False,False,False,False,False,False,False,False,True,False,False,False,True,False,15130
1.8,2012,43011,False,False,True,False,False,False,False,False,False,False,False,False,False,False,True,False,False,False,True,False,30732
1.0,2000,80671,False,False,False,True,False,False,False,False,False,False,False,False,True,False,False,False,False,False,False,True,3896
1.0,2017,46544,True,False,False,False,False,False,True,False,False,False,False,False,False,False,False,False,False,False,False,True,14736
1.2,2014,13527,False,False,True,False,False,False,False,False,False,False,False,False,False,False,False,False,True,False,True,False,22199
3.0,2005,36704,False,True,False,False,True,False,False,False,False,False,False,False,False,False,False,False,False,False,False,True,41542
2.0,2020,23302,False,False,True,False,False,False,False,False,False,False,False,False,False,False,True,False,False,False,False,True,51611
1.0,2013,77697,True,False,False,False,False,False,True,False,False,False,False,False,False,False,False,False,False,False,False,True,9217
1.4,1994,231782,True,False,False,False,False,False,True,False,False,False,False,False,False,False,False,False,False,False,False,True,874
1.4,2009,118654,True,False,False,False,False,False,False,True,False,False,False,False,False,False,False,False,False,False,True,False,10792
2.0,2001,118933,False,True,False,False,False,False,False,False,False,False,False,False,False,False,False,False,False,False,False,True,8398
1.8,2000,119176,False,False,True,False,False,False,False,False,False,False,False,False,False,True,False,False,False,False,True,False,6944
1.0,1987,240349,True,False,False,False,False,False,True,False,False,False,False,False,False,False,False,False,False,False,False,True,428
2.0,2001,92049,False,False,False,True,False,False,False,False,False,False,False,False,True,False,False,False,False,False,False,True,5436
1.4,2004,142232,True,False,False,False,False,False,True,False,False,False,False,False,False,False,False,False,False,False,False,True,3692
4.4,2006,151991,False,False,False,False,False,False,False,False,False,True,False,False,False,False,False,False,False,False,False,True,19935
4.0,2017,35278,False,True,False,False,False,False,False,False,False,False,False,False,False,False,False,False,False,False,False,True,61033
2.0,1987,298312,False,False,True,False,False,False,False,False,False,False,False,False,False,False,True,False,False,False,True,False,748
3.0,1993,155080,False,False,False,False,False,False,False,False,False,False,False,False,False,False,False,True,False,False,False,False,4124
1.4,2001,138930,False,False,True,False,False,False,False,False,False,False,False,False,False,False,False,False,True,False,False,True,3594
1.2,2018,34857,True,False,False,False,False,False,True,False,False,False,False,False,False,False,False,False,False,False,False,True,18510
1.4,1997,19163,False,False,True,False,False,False,False,False,False,False,False,False,False,True,False,False,False,False,True,False,9734
2.0,2004,151949,True,False,False,False,False,False,False,False,False,False,True,False,False,False,False,False,False,False,False,False,6151
1.4,2005,157593,True,False,False,False,False,False,False,True,False,False,False,False,False,False,False,False,False,False,False,False,5300
2.4,2008,87154,False,False,True,False,False,False,False,False,False,False,False,False,False,False,True,False,False,False,True,False,20341
1.4,2013,22587,True,False,False,False,False,False,False,False,False,False,True,False,False,False,False,False,False,False,False,True,22077
1.4,2018,20003,False,False,True,False,False,False,False,False,False,False,False,False,False,False,False,False,True,False,False,True,25188
1.6,1996,204392,True,False,False,False,False,False,False,False,False,False,True,False,False,False,False,False,False,False,False,False,2061
2.4,2016,47694,False,False,True,False,False,False,False,False,False,False,False,False,False,False,True,False,False,False,False,True,37520
1.4,2004,83461,False,False,False,True,False,False,False,False,True,False,False,False,False,False,False,False,False,False,False,True,7005
1.0,2008,78386,False,False,True,False,False,False,False,False,False,False,False,False,False,True,False,False,False,False,True,False,11873
1.2,1991,150165,False,False,False,True,False,False,False,False,False,False,False,False,True,False,False,False,False,False,False,True,1382
4.0,2012,81854,False,False,False,False,False,False,False,False,False,True,False,False,False,False,False,False,False,False,False,True,48358
1.4,2022,7155,False,False,True,False,False,False,False,False,False,False,False,False,False,True,False,False,False,False,True,False,54945
1.0,1994,113422,False,False,True,False,False,False,False,False,False,False,False,False,False,False,False,False,True,False,True,False,2788
4.0,2016,54952,False,True,False,False,False,True,False,False,False,False,False,False,False,False,False,False,False,False,False,False,62946
1.4,2020,19029,False,False,False,True,False,False,False,False,False,False,False,False,True,False,False,False,False,False,False,False,26930
2.2,2016,54671,False,False,False,False,False,False,False,False,False,False,False,False,False,False,False,False,False,True,False,True,31105
1.0,2006,52291,False,False,False,True,False,False,False,False,False,False,False,False,True,False,False,False,False,False,False,True,7009
1.6,1998,99510,True,False,False,False,False,False,False,False,False,False,True,False,False,False,False,False,False,False,False,False,5544
1.6,1995,205481,False,False,False,True,False,False,False,False,True,False,False,False,False,False,False,False,False,False,True,False,1850
1.0,1990,119712,False,False,False,True,False,False,False,False,False,False,False,False,True,False,False,False,False,False,False,True,1503
1.4,1988,332430,True,False,False,False,False,False,True,False,False,False,False,False,False,False,False,False,False,False,False,True,227
1.8,1998,136072,True,False,False,False,False,False,False,True,False,False,False,False,False,False,False,False,False,False,False,False,4488
1.8,2010,93604,False,False,True,False,False,False,False,False,False,False,False,False,False,False,True,False,False,False,True,False,19225
1.8,1999,155496,False,False,True,False,False,False,False,False,False,False,False,False,False,True,False,False,False,False,True,False,4863
1.4,2001,116115,True,False,False,False,False,False,True,False,False,False,False,False,False,False,False,False,False,False,False,True,3710
1.2,2016,68236,True,False,False,False,False,False,True,False,False,False,False,False,False,False,False,False,False,False,False,True,13145
2.4,2009,77119,False,False,True,False,False,False,False,False,False,False,False,False,False,False,True,False,False,False,False,True,19427
2.0,2008,79448,False,False,False,True,False,False,False,False,False,False,False,True,False,False,False,False,False,False,False,False,14709
2.0,2004,68915,False,False,False,False,False,False,False,False,False,False,False,False,False,False,False,False,False,True,False,True,12148
2.0,2011,41216,False,False,False,True,False,False,False,False,True,False,False,False,False,False,False,False,False,False,False,False,18453
1.6,2014,47565,False,False,False,True,False,False,False,False,True,False,False,False,False,False,False,False,False,False,False,True,18471
1.8,2003,101953,False,False,True,False,False,False,False,False,False,False,False,False,False,True,False,False,False,False,True,False,9653
1.2,2017,39093,False,False,True,False,False,False,False,False,False,False,False,False,False,False,False,False,True,False,False,True,19554
1.6,1989,67674,True,False,False,False,False,False,False,False,False,False,True,False,False,False,False,False,False,False,False,False,3799
2.4,1992,184158,False,False,False,False,False,False,False,False,False,False,False,False,False,False,False,True,False,False,False,False,2699
1.4,1995,201433,False,False,True,False,False,False,False,False,False,False,False,False,False,True,False,False,False,False,True,False,2217
2.0,2011,55011,False,False,False,True,False,False,False,False,False,False,False,False,True,False,False,False,False,False,False,True,13599
2.0,2011,87465,False,False,True,False,False,False,False,False,False,False,False,False,False,False,True,False,False,False,True,False,22630
1.0,2018,19453,False,False,True,False,False,False,False,False,False,False,False,False,False,False,False,False,True,False,False,True,21352
1.6,2009,104548,False,False,False,True,False,False,False,False,False,False,False,False,True,False,False,False,False,False,False,True,7568
1.4,2019,27045,True,False,False,False,False,False,False,False,False,False,True,False,False,False,False,False,False,False,False,False,33727
4.0,1998,98972,False,False,False,False,False,False,False,False,False,True,False,False,False,False,False,False,False,False,False,True,16835
4.0,1994,130738,False,False,False,False,False,False,False,False,False,True,False,False,False,False,False,False,False,False,False,True,10132
1.0,1992,129425,False,False,True,False,False,False,False,False,False,False,False,False,False,False,False,False,True,False,True,False,2157
1.6,2016,84142,False,False,False,True,False,False,False,False,False,False,False,False,True,False,False,False,False,False,False,True,13978
1.6,1996,178647,True,False,False,False,False,False,False,True,False,False,False,False,False,False,False,False,False,False,False,True,2479
2.0,2017,52241,False,False,False,True,False,False,False,False,False,False,False,True,False,False,False,False,False,False,False,False,32062
1.0,2020,11574,False,False,True,False,False,False,False,False,False,False,False,False,False,True,False,False,False,False,True,False,39711
1.2,2006,126633,True,False,False,False,False,False,True,False,False,False,False,False,False,False,False,False,False,False,False,True,4420
1.4,2010,86456,False,False,True,False,False,False,False,False,False,False,False,False,False,False,False,False,True,False,False,True,9729
2.4,2002,144336,False,False,True,False,False,False,False,False,False,False,False,False,False,False,True,False,False,False,True,False,8831
2.4,2017,31006,False,False,True,False,False,False,False,False,False,False,False,False,False,False,True,False,False,False,True,False,53170
1.0,1992,194937,True,False,False,False,False,False,False,True,False,False,False,False,False,False,False,False,False,False,False,True,1304
1.2,1995,213686,False,False,False,True,False,False,False,False,False,False,False,False,True,False,False,False,False,False,False,False,1098
2.0,1991,128006,True,False,False,False,False,False,False,False,False,False,True,False,False,False,False,False,False,False,False,False,3133
2.4,2002,142960,False,False,False,False,False,False,False,False,False,False,False,False,False,False,False,True,False,False,False,False,7421
1.8,1990,100501,True,False,False,False,False,False,False,False,False,False,True,False,False,False,False,False,False,False,False,False,3425
1.2,1985,292213,True,False,False,False,False,False,True,False,False,False,False,False,False,False,False,False,False,False,False,True,253
1.8,2006,88946,False,False,False,True,False,False,False,False,False,False,False,True,False,False,False,False,False,False,False,False,11428
2.0,2021,12180,False,False,False,False,False,False,False,False,False,False,False,False,False,False,False,True,False,False,False,False,58449
2.4,1992,201663,False,False,True,False,False,False,False,False,False,False,False,False,False,False,True,False,False,False,True,False,2788
2.4,2008,144738,False,False,False,False,False,False,False,False,False,False,False,False,False,False,False,False,False,True,False,True,9898
2.0,2002,43128,False,True,False,False,False,False,False,False,False,False,False,False,False,False,False,False,False,False,False,True,15149
1.4,1990,165745,True,False,False,False,False,False,True,False,False,False,False,False,False,False,False,False,False,False,False,True,1196
1.2,2010,75848,True,False,False,False,False,False,True,False,False,False,False,False,False,False,False,False,False,False,False,True,8372
1.0,1988,205643,False,False,False,True,False,False,False,False,False,False,False,False,True,False,False,False,False,False,False,True,643
1.8,2013,60049,False,False,False,True,False,False,False,False,True,False,False,False,False,False,False,False,False,False,False,True,16939
1.8,2018,37169,False,False,False,True,False,False,False,False,True,False,False,False,False,False,False,False,False,False,False,False,28600
3.0,2012,65239,False,False,False,False,False,False,False,False,False,False,False,False,False,False,False,False,False,True,False,True,25986
1.4,2008,64768,False,False,True,False,False,False,False,False,False,False,False,False,False,True,False,False,False,False,True,False,15395
2.0,2008,34643,False,False,False,True,False,False,False,False,False,False,False,False,True,False,False,False,False,False,False,True,12607
1.0,2005,152119,True,False,False,False,False,False,True,False,False,False,False,False,False,False,False,False,False,False,False,True,3078
1.6,2003,142700,False,False,False,True,False,False,False,False,False,False,False,True,False,False,False,False,False,False,False,False,5863
2.0,1993,259192,False,False,True,False,False,False,False,False,False,False,False,False,False,False,True,False,False,False,True,False,1613
1.2,2014,45248,False,False,False,True,False,False,False,False,True,False,False,False,False,False,False,False,False,False,False,False,17037
1.0,2014,24463,False,False,True,False,False,False,False,False,False,False,False,False,False,False,False,False,True,False,False,True,15906
1.4,1995,127386,True,False,False,False,False,False,True,False,False,False,False,False,False,False,False,False,False,False,True,False,2735
1.4,1990,195667,False,False,False,True,False,False,False,False,False,False,False,True,False,False,False,False,False,False,False,False,1474
1.6,2012,66246,False,False,False,True,False,False,False,False,False,False,False,True,False,False,False,False,False,False,False,True,17882
1.2,2006,85826,False,False,True,False,False,False,False,False,False,False,False,False,False,False,False,False,True,False,False,True,6929
1.2,2002,109764,True,False,False,False,False,False,True,False,False,False,False,False,False,False,False,False,False,False,False,True,3852
1.0,2020,15296,True,False,False,False,False,False,False,True,False,False,False,False,False,False,False,False,False,False,False,True,31251
2.0,2002,112623,False,False,False,True,False,False,False,False,True,False,False,False,False,False,False,False,False,False,False,False,6224
2.0,2008,100786,True,False,False,False,False,False,False,False,False,False,True,False,False,False,False,False,False,False,False,True,11393
3.0,2022,7052,False,False,False,False,False,False,False,False,False,False,False,False,False,False,False,False,False,True,False,True,71296
1.6,2013,68059,True,False,False,False,False,False,False,True,False,False,False,False,False,False,False,False,False,False,False,True,18041
1.0,2022,6316,True,False,False,False,False,False,True,False,False,False,False,False,False,False,False,False,False,False,False,True,25820
4.0,2018,29509,False,True,False,False,False,False,False,False,False,False,False,False,False,False,False,False,False,False,False,True,67461
1.4,1999,119588,False,False,False,True,False,False,False,False,False,False,False,False,True,False,False,False,False,False,False,True,3245
1.8,1986,311900,True,False,False,False,False,False,False,False,False,False,True,False,False,False,False,False,False,False,False,False,414
2.6,2001,178378,False,True,False,False,False,True,False,False,False,False,False,False,False,False,False,False,False,False,False,False,7337
2.0,1995,184303,False,False,False,True,False,False,False,False,True,False,False,False,False,False,False,False,False,False,False,True,2075
1.2,2000,60800,False,False,False,True,False,False,False,False,True,False,False,False,False,False,False,False,False,False,True,False,6942
1.6,1993,222634,False,False,False,True,False,False,False,False,False,False,False,False,True,False,False,False,False,False,False,True,975
1.8,1985,172971,False,False,True,False,False,False,False,False,False,False,False,False,False,True,False,False,False,False,True,False,1651
1.0,2010,80408,False,False,True,False,False,False,False,False,False,False,False,False,False,False,False,False,True,False,False,True,8576
1.0,2010,50482,False,False,True,False,False,False,False,False,False,False,False,False,False,True,False,False,False,False,True,False,16290
1.2,2005,92320,False,False,False,True,False,False,False,False,False,False,False,False,True,False,False,False,False,False,False,True,5487
1.4,2006,8500,True,False,False,False,False,False,True,False,False,False,False,False,False,False,False,False,False,False,False,True,10395
1.4,2014,26903,False,False,False,True,False,False,False,False,True,False,False,False,False,False,False,False,False,False,False,True,19526
1.0,2007,125693,True,False,False,False,False,False,False,True,False,False,False,False,False,False,False,False,False,False,False,False,6615
1.4,2017,40671,False,False,True,False,False,False,False,False,False,False,False,False,False,True,False,False,False,False,True,False,32640
1.6,2020,14994,False,False,False,True,False,False,False,False,True,False,False,False,False,False,False,False,False,False,False,True,33258
2.4,1998,111655,False,False,True,False,False,False,False,False,False,False,False,False,False,False,True,False,False,False,True,False,8733
1.8,2006,112672,True,False,False,False,False,False,False,False,False,False,True,False,False,False,False,False,False,False,True,False,10390
1.0,2001,199845,False,False,False,True,False,False,False,False,False,False,False,False,True,False,False,False,False,False,False,True,1610
3.0,1998,90328,False,False,False,False,False,False,False,False,False,False,False,False,False,False,False,True,False,False,False,False,9487
1.0,2017,35136,False,False,True,False,False,False,False,False,False,False,False,False,False,True,False,False,False,False,True,False,28507
3.5,2020,1500,False,True,False,False,False,True,False,False,False,False,False,False,False,False,False,False,False,False,False,False,104240
1.4,1998,172904,True,False,False,False,False,False,False,False,False,False,True,False,False,False,False,False,False,False,False,False,2896
1.0,2012,64070,True,False,False,False,False,False,True,False,False,False,False,False,False,False,False,False,False,False,False,True,9447
1.0,1995,134997,True,False,False,False,False,False,False,True,False,False,False,False,False,False,False,False,False,False,False,True,2631
1.4,1994,218426,False,False,True,False,False,False,False,False,False,False,False,False,False,False,False,False,True,False,False,True,1142
1.2,1999,156051,True,False,False,False,False,False,True,False,False,False,False,False,False,False,False,False,False,False,False,True,2188
1.8,1994,215820,True,False,False,False,False,False,False,True,False,False,False,False,False,False,False,False,False,False,False,True,1661
2.0,2006,144141,True,False,False,False,False,False,False,False,False,False,True,False,False,False,False,False,False,False,False,False,7491
2.0,2003,136930,True,False,False,False,False,False,False,True,False,False,False,False,False,False,False,False,False,False,False,True,6246
1.4,2001,134748,False,False,True,False,False,False,False,False,False,False,False,False,False,False,False,False,True,False,True,False,4459
1.4,1992,136129,True,False,False,False,False,False,False,False,False,False,True,False,False,False,False,False,False,False,False,False,2628
2.4,2010,60011,False,False,True,False,False,False,False,False,False,False,False,False,False,False,True,False,False,False,True,False,27922
1.0,2000,228168,True,False,False,False,False,False,False,True,False,False,False,False,False,False,False,False,False,False,True,False,1983
2.0,1991,128477,False,False,False,True,False,False,False,False,False,False,False,True,False,False,False,False,False,False,False,False,3298
1.6,2000,180366,True,False,False,False,False,False,False,False,False,False,True,False,False,False,False,False,False,False,False,False,3319
2.2,1997,111548,False,False,True,False,False,False,False,False,False,False,False,False,False,False,True,False,False,False,True,False,7829
2.0,1991,150968,True,False,False,False,False,False,False,True,False,False,False,False,False,False,False,False,False,False,False,True,2505
1.0,2016,33410,False,False,False,True,False,False,False,False,False,False,False,False,True,False,False,False,False,False,False,True,15306
1.0,2008,51808,False,False,True,False,False,False,False,False,False,False,False,False,False,True,False,False,False,False,True,False,14139
1.8,2001,132928,True,False,False,False,False,False,False,False,False,False,True,False,False,False,False,False,False,False,True,False,6365
2.0,1999,181071,False,False,False,True,False,False,False,False,False,False,False,False,True,False,False,False,False,False,False,True,2347
2.0,1998,150754,False,False,False,True,False,False,False,False,False,False,False,True,False,False,False,False,False,False,False,False,4399
1.2,1996,187415,False,False,True,False,False,False,False,False,False,False,False,False,False,False,False,False,True,False,False,True,1590
1.2,1993,133596,True,False,False,False,False,False,True,False,False,False,False,False,False,False,False,False,False,False,True,False,2110
1.4,2004,98489,True,False,False,False,False,False,True,False,False,False,False,False,False,False,False,False,False,False,False,True,5167
1.4,1987,316594,False,False,True,False,False,False,False,False,False,False,False,False,False,False,False,False,True,False,False,True,286
1.8,1999,215317,False,False,False,True,False,False,False,False,False,False,False,True,False,False,False,False,False,False,False,False,2560
2.4,2011,93805,False,False,True,False,False,False,False,False,False,False,False,False,False,False,True,False,False,False,False,True,19746
2.4,2003,109064,False,True,False,False,False,False,False,False,False,False,False,False,False,False,False,False,False,False,False,True,11328
2.2,2001,192183,False,False,False,False,False,False,False,False,False,False,False,False,False,False,False,False,False,True,False,True,3984
1.6,2016,27362,True,False,False,False,False,False,False,True,False,False,False,False,False,False,False,False,False,False,False,True,28322
1.8,2015,55535,False,False,False,True,False,False,False,False,True,False,False,False,False,False,False,False,False,False,False,False,20919
1.6,2019,23400,False,False,False,True,False,False,False,False,True,False,False,False,False,False,False,False,False,False,False,True,29713
1.6,2010,71833,False,False,False,True,False,False,False,False,True,False,False,False,False,False,False,False,False,False,False,False,12703
1.2,2005,179379,True,False,False,False,False,False,True,False,False,False,False,False,False,False,False,False,False,False,False,True,2681
2.0,1998,230711,False,False,False,True,False,False,False,False,False,False,False,False,True,False,False,False,False,False,False,True,1414
2.2,2010,68387,False,False,False,False,False,False,False,False,False,False,False,False,False,False,False,False,False,True,False,True,19074
2.4,2016,44500,False,False,True,False,False,False,False,False,False,False,False,False,False,False,True,False,False,False,True,False,45914
1.8,2006,49312,True,False,False,False,False,False,False,True,False,False,False,False,False,False,False,False,False,False,False,True,13536
1.6,2019,28888,False,False,False,True,False,False,False,False,False,False,False,True,False,False,False,False,False,False,False,False,37695
1.8,1985,232092,False,False,True,False,False,False,False,False,False,False,False,False,False,True,False,False,False,False,True,False,980
1.4,2003,125810,True,False,False,False,False,False,False,False,False,False,True,False,False,False,False,False,False,False,False,False,5935
2.0,2012,58312,False,False,False,True,False,False,False,False,False,False,False,True,False,False,False,False,False,False,False,True,21052
1.6,2004,47244,False,False,False,True,False,False,False,False,False,False,False,False,True,False,False,False,False,False,False,True,8007
2.0,2020,20110,False,False,False,True,False,False,False,False,False,False,False,False,True,False,False,False,False,False,False,True,30473
1.2,1994,199030,False,False,True,False,False,False,False,False,False,False,False,False,False,False,False,False,True,False,True,False,1508
2.2,2006,137264,False,False,True,False,False,False,False,False,False,False,False,False,False,False,True,False,False,False,True,False,11684
1.6,1997,204379,False,False,False,True,False,False,False,False,False,False,False,True,False,False,False,False,False,False,False,False,2328
1.6,2009,131851,True,False,False,False,False,False,False,False,False,False,True,False,False,False,False,False,False,False,False,False,9027
1.4,1995,106494,True,False,False,False,False,False,False,True,False,False,False,False,False,False,False,False,False,False,False,True,3876
1.2,2019,28524,True,False,False,False,False,False,True,False,False,False,False,False,False,False,False,False,False,False,False,True,20524
1.4,2017,31988,True,False,False,False,False,False,False,True,False,False,False,False,False,False,False,False,False,False,True,False,33093
1.0,2005,98140,True,False,False,False,False,False,False,True,False,False,False,False,False,False,False,False,False,False,False,False,7125
1.2,1991,225698,True,False,False,False,False,False,True,False,False,False,False,False,False,False,False,False,False,False,False,True,700
1.8,2017,37965,True,False,False,False,False,False,False,True,False,False,False,False,False,False,False,False,False,False,False,True,30193
1.8,2014,70262,False,False,False,True,False,False,False,False,False,False,False,True,False,False,False,False,False,False,False,False,22156
1.4,1987,224569,True,False,False,False,False,False,False,False,False,False,True,False,False,False,False,False,False,False,False,False,883
1.8,2008,32647,True,False,False,False,False,False,False,True,False,False,False,False,False,False,False,False,False,False,False,False,17951
1.8,1999,91069,False,False,False,True,False,False,False,False,False,False,False,True,False,False,False,False,False,False,False,True,6722
1.8,2000,167259,True,False,False,False,False,False,False,False,False,False,True,False,False,False,False,False,False,False,True,False,4498
1.0,2008,61705,False,False,False,True,False,False,False,False,False,False,False,False,True,False,False,False,False,False,False,True,7542
4.4,1996,216993,False,False,False,False,False,False,False,False,False,True,False,False,False,False,False,False,False,False,False,True,5844
1.6,2013,42338,False,False,False,True,False,False,False,False,False,False,False,False,True,False,False,False,False,False,False,True,15033
1.4,2019,31167,False,False,False,True,False,False,False,False,False,False,False,True,False,False,False,False,False,False,False,False,34802
2.4,2001,92725,False,True,False,False,False,False,False,False,False,False,False,False,False,False,False,False,False,False,False,True,11175
2.0,2011,79926,True,False,False,False,False,False,False,False,False,False,True,False,False,False,False,False,False,False,False,False,16949
1.4,2000,171292,False,False,False,True,False,False,False,False,True,False,False,False,False,False,False,False,False,False,True,False,3250
1.8,1990,98121,False,False,False,True,False,False,False,False,False,False,False,True,False,False,False,False,False,False,False,False,3682
1.4,1990,101894,False,False,False,True,False,False,False,False,True,False,False,False,False,False,False,False,False,False,False,True,2414
2.6,2003,145023,False,True,False,False,False,True,False,False,False,False,False,False,False,False,False,False,False,False,False,False,11072
1.8,2010,42527,False,False,True,False,False,False,False,False,False,False,False,False,False,True,False,False,False,False,True,False,22950
1.0,1986,300179,True,False,False,False,False,False,True,False,False,False,False,False,False,False,False,False,False,False,False,True,229
1.8,1997,151020,False,False,True,False,False,False,False,False,False,False,False,False,False,True,False,False,False,False,True,False,4415
1.4,2018,32754,True,False,False,False,False,False,True,False,False,False,False,False,False,False,False,False,False,False,False,True,20240
2.0,2007,88401,True,False,False,False,False,False,False,False,False,False,True,False,False,False,False,False,False,False,False,False,12235
1.2,2003,44228,False,False,False,True,False,False,False,False,True,False,False,False,False,False,False,False,False,False,False,True,7842
1.0,1989,110628,False,False,True,False,False,False,False,False,False,False,False,False,False,True,False,False,False,False,True,False,2652
1.0,1988,157834,True,False,False,False,False,False,True,False,False,False,False,False,False,False,False,False,False,False,False,True,945
2.0,1984,256228,False,False,False,True,False,False,False,False,False,False,False,False,True,False,False,False,False,False,False,False,462
2.0,1992,327016,False,False,False,True,False,False,False,False,False,False,False,False,True,False,False,False,False,False,False,True,383
1.8,2007,156107,True,False,False,False,False,False,False,True,False,False,False,False,False,False,False,False,False,False,False,True,6620
1.4,2016,30723,False,False,True,False,False,False,False,False,False,False,False,False,False,False,False,False,True,False,False,True,20753
1.8,2012,78366,True,False,False,False,False,False,False,True,False,False,False,False,False,False,False,False,False,False,False,True,16698
1.8,2000,221068,False,False,True,False,False,False,False,False,False,False,False,False,False,False,True,False,False,False,True,False,3461
1.8,2019,23578,True,False,False,False,False,False,False,True,False,False,False,False,False,False,False,False,False,False,False,True,37482
1.6,2016,29366,False,False,False,True,False,False,False,False,True,False,False,False,False,False,False,False,False,False,False,True,23519
1.8,1993,204831,False,False,False,True,False,False,False,False,True,False,False,False,False,False,False,False,False,False,False,True,1439
1.8,1999,126187,False,False,False,True,False,False,False,False,True,False,False,False,False,False,False,False,False,False,False,True,4149
1.8,2010,25297,False,False,False,True,False,False,False,False,False,False,False,True,False,False,False,False,False,False,False,False,22394
2.0,1989,17000,False,True,False,False,False,False,False,False,False,False,False,False,False,False,False,False,False,False,False,True,7399
1.4,2007,82755,False,False,False,True,False,False,False,False,False,False,False,True,False,False,False,False,False,False,False,False,11252
1.8,2000,29805,False,False,True,False,False,False,False,False,False,False,False,False,False,False,True,False,False,False,True,False,14928
1.2,2014,62068,False,False,True,False,False,False,False,False,False,False,False,False,False,False,False,False,True,False,False,True,13872
2.2,1999,66044,False,False,False,False,False,False,False,False,False,False,False,False,False,False,False,False,False,True,False,True,9304
2.0,1984,300318,False,False,False,True,False,False,False,False,False,False,False,False,True,False,False,False,False,False,False,True,290
1.8,2000,154253,False,False,False,True,False,False,False,False,False,False,False,True,False,False,False,False,False,False,False,False,4634
1.6,1995,148328,False,False,False,True,False,False,False,False,True,False,False,False,False,False,False,False,False,False,False,True,2511
1.0,2000,158276,False,False,True,False,False,False,False,False,False,False,False,False,False,True,False,False,False,False,True,False,3786
1.4,2016,51832,False,False,True,False,False,False,False,False,False,False,False,False,False,False,False,False,True,False,True,False,21933
1.8,1993,148945,False,False,True,False,False,False,False,False,False,False,False,False,False,False,True,False,False,False,True,False,4043
2.0,2012,53944,False,False,False,True,False,False,False,False,True,False,False,False,False,False,False,False,False,False,False,True,17368
1.8,2014,26084,False,False,True,False,False,False,False,False,False,False,False,False,False,False,True,False,False,False,True,False,38774
2.2,1993,130330,False,False,False,False,False,False,False,False,False,False,False,False,False,False,False,False,False,True,False,True,3911
2.4,2019,9708,False,False,True,False,False,False,False,False,False,False,False,False,False,False,True,False,False,False,True,False,68314
1.8,2004,69129,False,False,True,False,False,False,False,False,False,False,False,False,False,False,True,False,False,False,False,True,12723
1.4,2011,80787,True,False,False,False,False,False,False,False,False,False,True,False,False,False,False,False,False,False,False,False,14096
1.0,2013,22191,True,False,False,False,False,False,True,False,False,False,False,False,False,False,False,False,False,False,False,True,13015
1.8,2012,77365,True,False,False,False,False,False,False,True,False,False,False,False,False,False,False,False,False,False,False,False,17654
1.8,2012,62428,False,False,True,False,False,False,False,False,False,False,False,False,False,True,False,False,False,False,True,False,23142
1.4,1993,238030,False,False,False,True,False,False,False,False,False,False,False,False,True,False,False,False,False,False,False,True,793
1.6,1988,229431,False,False,False,True,False,False,False,False,True,False,False,False,False,False,False,False,False,False,False,True,779
2.0,2006,108302,False,False,True,False,False,False,False,False,False,False,False,False,False,False,True,False,False,False,True,False,13936
1.2,1999,147936,True,False,False,False,False,False,True,False,False,False,False,False,False,False,False,False,False,False,False,True,2338
1.4,2000,197828,True,False,False,False,False,False,False,False,False,False,True,False,False,False,False,False,False,False,False,False,2667
4.0,2011,80607,False,False,False,False,False,False,False,False,False,True,False,False,False,False,False,False,False,False,False,True,45632
2.4,1987,279370,False,False,True,False,False,False,False,False,False,False,False,False,False,False,True,False,False,False,True,False,980
1.0,2014,22213,True,False,False,False,False,False,True,False,False,False,False,False,False,False,False,False,False,False,False,True,13911
1.4,1990,146951,False,False,False,True,False,False,False,False,False,False,False,False,True,False,False,False,False,False,False,True,1434
1.4,1995,154365,False,False,True,False,False,False,False,False,False,False,False,False,False,True,False,False,False,False,True,False,3315
1.0,2005,101476,True,False,False,False,False,False,False,True,False,False,False,False,False,False,False,False,False,False,False,False,6954
1.6,1992,199221,True,False,False,False,False,False,False,False,False,False,True,False,False,False,False,False,False,False,False,True,1574
1.6,1986,274051,False,False,False,True,False,False,False,False,False,False,False,False,True,False,False,False,False,False,False,True,380
2.0,2020,16189,True,False,False,False,False,False,False,True,False,False,False,False,False,False,False,False,False,False,False,True,43983
1.6,2004,72902,False,False,False,True,False,False,False,False,False,False,False,True,False,False,False,False,False,False,False,True,10034
1.0,2019,30415,True,False,False,False,False,False,True,False,False,False,False,False,False,False,False,False,False,False,False,False,19461
1.0,2013,35982,False,False,True,False,False,False,False,False,False,False,False,False,False,False,False,False,True,False,True,False,16712
2.4,2005,54799,False,False,False,False,False,False,False,False,False,False,False,False,False,False,False,False,False,True,False,True,15591
1.6,1996,192128,False,False,False,True,False,False,False,False,False,False,False,True,False,False,False,False,False,False,False,False,2426
1.4,2006,118032,False,False,True,False,False,False,False,False,False,False,False,False,False,False,False,False,True,False,True,False,7090
1.8,1993,253325,False,False,False,True,False,False,False,False,True,False,False,False,False,False,False,False,False,False,False,False,973
2.2,1997,116058,False,True,False,False,True,False,False,False,False,False,False,False,False,False,False,False,False,False,False,True,12165
2.0,2004,103532,False,False,False,True,False,False,False,False,False,False,False,False,True,False,False,False,False,False,False,True,6108
1.4,2003,116002,False,False,False,True,False,False,False,False,False,False,False,True,False,False,False,False,False,False,False,False,6762
2.2,1994,147950,False,False,False,False,False,False,False,False,False,False,False,False,False,False,False,False,False,True,False,True,3630
2.4,2010,80625,False,False,False,False,False,False,False,False,False,False,False,False,False,False,False,False,False,True,False,True,18336
1.0,2012,65100,True,False,False,False,False,False,True,False,False,False,False,False,False,False,False,False,False,False,False,True,9383
1.4,2006,95049,False,False,True,False,False,False,False,False,False,False,False,False,False,False,False,False,True,False,True,False,8411
1.2,2020,13399,False,False,False,True,False,False,False,False,False,False,False,False,True,False,False,False,False,False,False,True,24478
1.4,1993,200169,False,False,False,True,False,False,False,False,True,False,False,False,False,False,False,False,False,False,True,False,1587
2.4,1997,195638,False,False,False,False,False,False,False,False,False,False,False,False,False,False,False,False,False,True,False,True,3092
2.0,2008,116754,False,False,False,True,False,False,False,False,False,False,False,True,False,False,False,False,False,False,False,True,10681
1.0,2004,98432,False,False,False,True,False,False,False,False,False,False,False,False,True,False,False,False,False,False,False,False,4708
1.2,2018,32728,False,False,False,True,False,False,False,False,False,False,False,False,True,False,False,False,False,False,False,True,19235
2.4,2009,131873,False,False,True,False,False,False,False,False,False,False,False,False,False,False,True,False,False,False,True,False,15557
4.0,2014,63923,False,True,False,False,False,False,False,False,False,False,False,False,False,False,False,False,False,False,False,True,41822
1.4,1991,203777,False,False,False,True,False,False,False,False,True,False,False,False,False,False,False,False,False,False,False,True,1121
1.6,1995,136408,False,False,False,True,False,False,False,False,False,False,False,False,True,False,False,False,False,False,False,True,2329
2.0,2012,52278,True,False,False,False,False,False,False,False,False,False,True,False,False,False,False,False,False,False,False,False,21740
1.6,2018,34491,True,False,False,False,False,False,False,True,False,False,False,False,False,False,False,False,False,False,False,False,32611
2.0,1991,122225,True,False,False,False,False,False,False,False,False,False,True,False,False,False,False,False,False,False,False,False,3277
1.2,1992,147465,True,False,False,False,False,False,True,False,False,False,False,False,False,False,False,False,False,False,False,True,1472
1.0,2012,45147,False,False,True,False,False,False,False,False,False,False,False,False,False,True,False,False,False,False,True,False,19237
1.4,1985,240690,True,False,False,False,False,False,False,False,False,False,True,False,False,False,False,False,False,False,False,False,667
1.8,2006,106675,False,False,True,False,False,False,False,False,False,False,False,False,False,True,False,False,False,False,True,False,11386
1.8,1996,145212,True,False,False,False,False,False,False,True,False,False,False,False,False,False,False,False,False,False,False,True,3476
2.4,2000,120468,False,False,True,False,False,False,False,False,False,False,False,False,False,False,True,False,False,False,True,False,9331
1.8,2000,34952,False,False,False,True,False,False,False,False,False,False,False,True,False,False,False,False,False,False,False,True,10359
2.0,1987,250374,False,False,True,False,False,False,False,False,False,False,False,False,False,False,True,False,False,False,True,False,1173
1.4,2010,57727,True,False,False,False,False,False,False,True,False,False,False,False,False,False,False,False,False,False,False,False,15519
1.4,2004,68696,False,False,False,True,False,False,False,False,True,False,False,False,False,False,False,False,False,False,False,True,7747
1.2,2012,76244,False,False,False,True,False,False,False,False,True,False,False,False,False,False,False,False,False,False,False,False,12200
2.4,1992,196021,False,False,True,False,False,False,False,False,False,False,False,False,False,False,True,False,False,False,False,True,2441
1.4,2000,125603,True,False,False,False,False,False,False,True,False,False,False,False,False,False,False,False,False,False,False,True,4678
1.4,2015,46554,False,False,False,True,False,False,False,False,False,False,False,False,True,False,False,False,False,False,False,True,15660
1.2,2013,87559,False,False,False,True,False,False,False,False,True,False,False,False,False,False,False,False,False,False,False,False,12057
2.0,2013,5000,False,False,False,True,False,False,False,False,False,False,False,False,True,False,False,False,False,False,False,True,20707
2.0,1997,132089,False,False,False,True,False,False,False,False,False,False,False,False,True,False,False,False,False,False,False,True,3079
3.0,2012,64382,False,False,False,False,False,False,False,False,False,False,False,False,False,False,False,True,False,False,False,False,28812
1.8,2016,31171,True,False,False,False,False,False,False,True,False,False,False,False,False,False,False,False,False,False,False,False,30862
1.4,1992,62182,False,False,False,True,False,False,False,False,False,False,False,True,False,False,False,False,False,False,False,False,4754
1.4,1984,210619,False,False,False,True,False,False,False,False,False,False,False,True,False,False,False,False,False,False,False,True,824
1.0,1997,65696,True,False,False,False,False,False,True,False,False,False,False,False,False,False,False,False,False,False,False,True,3438
1.4,1993,182030,False,False,False,True,False,False,False,False,True,False,False,False,False,False,False,False,False,False,False,False,1627
2.0,1997,179566,False,False,False,False,False,False,False,False,False,False,False,False,False,False,False,False,False,True,False,True,3245
1.2,2010,16500,True,False,False,False,False,False,True,False,False,False,False,False,False,False,False,False,False,False,False,True,12043
1.6,1999,282692,False,False,False,True,False,False,False,False,True,False,False,False,False,False,False,False,False,False,False,True,990
2.0,2009,77772,False,False,True,False,False,False,False,False,False,False,False,False,False,False,True,False,False,False,True,False,21186
1.6,2001,192142,False,False,False,True,False,False,False,False,True,False,False,False,False,False,False,False,False,False,False,True,2587
1.0,1993,89834,True,False,False,False,False,False,True,False,False,False,False,False,False,False,False,False,False,False,False,True,2232
1.4,2007,123667,True,False,False,False,False,False,False,False,False,False,True,False,False,False,False,False,False,False,False,False,7879
2.0,2015,60207,False,False,False,True,False,False,False,False,False,False,False,True,False,False,False,False,False,False,False,False,26671
3.0,1998,149545,False,False,False,False,False,False,False,False,False,False,False,False,False,False,False,True,False,False,False,True,5737
3.0,2003,121506,False,False,False,False,False,False,False,False,False,False,False,False,False,False,False,True,False,False,False,False,10505
5.0,1989,167840,False,False,False,False,False,False,False,False,False,True,False,False,False,False,False,False,False,False,False,True,5996
2.0,2016,23215,True,False,False,False,False,False,False,True,False,False,False,False,False,False,False,False,False,False,False,False,34034
1.4,2018,30090,True,False,False,False,False,False,True,False,False,False,False,False,False,False,False,False,False,False,False,True,20554
2.0,2008,79483,True,False,False,False,False,False,False,True,False,False,False,False,False,False,False,False,False,False,False,False,14047
1.8,2015,49086,False,False,True,False,False,False,False,False,False,False,False,False,False,False,True,False,False,False,True,False,36164
2.0,2020,16535,False,False,True,False,False,False,False,False,False,False,False,False,False,False,True,False,False,False,True,False,64280
1.6,2018,23068,False,False,False,True,False,False,False,False,True,False,False,False,False,False,False,False,False,False,False,True,27848
1.0,1999,108962,False,False,False,True,False,False,False,False,False,False,False,False,True,False,False,False,False,False,False,True,2972
2.0,2010,58911,True,False,False,False,False,False,False,False,False,False,True,False,False,False,False,False,False,False,False,False,18240
1.4,2015,23502,True,False,False,False,False,False,False,False,False,False,True,False,False,False,False,False,False,False,False,True,25098
1.0,2018,32148,True,False,False,False,False,False,True,False,False,False,False,False,False,False,False,False,False,False,False,True,17166
1.6,1994,240418,False,False,False,True,False,False,False,False,True,False,False,False,False,False,False,False,False,False,False,True,1052
2.0,1998,140213,False,False,False,True,False,False,False,False,False,False,False,True,False,False,False,False,False,False,False,False,4792
2.6,1999,60759,False,True,False,False,False,True,False,False,False,False,False,False,False,False,False,False,False,False,False,True,14992
1.6,2005,92446,True,False,False,False,False,False,False,True,False,False,False,False,False,False,False,False,False,False,False,False,9391
1.2,1995,172649,True,False,False,False,False,False,True,False,False,False,False,False,False,False,False,False,False,False,False,True,1458
1.2,1999,56338,True,False,False,False,False,False,True,False,False,False,False,False,False,False,False,False,False,False,False,True,4573
1.8,2003,40560,True,False,False,False,False,False,False,True,False,False,False,False,False,False,False,False,False,False,False,True,11690
1.4,1992,291031,False,False,True,False,False,False,False,False,False,False,False,False,False,True,False,False,False,False,True,False,796
2.0,1992,148295,False,False,False,True,False,False,False,False,False,False,False,True,False,False,False,False,False,False,False,True,2865
1.6,2010,69473,False,False,False,True,False,False,False,False,False,False,False,False,True,False,False,False,False,False,False,True,10357
1.6,2006,98528,False,False,False,True,False,False,False,False,False,False,False,True,False,False,False,False,False,False,False,False,10057
1.2,1994,165631,False,False,False,True,False,False,False,False,False,False,False,False,True,False,False,False,False,False,False,True,1485
1.4,2015,45752,True,False,False,False,False,False,False,False,False,False,True,False,False,False,False,False,False,False,False,False,23133
2.0,2012,56403,False,False,False,True,False,False,False,False,True,False,False,False,False,False,False,False,False,False,False,True,17099
1.8,2009,94674,False,False,True,False,False,False,False,False,False,False,False,False,False,False,True,False,False,False,True,False,17847
3.0,1994,156658,False,False,False,False,False,False,False,False,False,False,False,False,False,False,False,True,False,False,False,False,4351
2.0,2006,87542,True,False,False,False,False,False,False,False,False,False,True,False,False,False,False,False,False,False,False,False,11515
1.6,2014,72218,True,False,False,False,False,False,False,True,False,False,False,False,False,False,False,False,False,False,False,True,18756
1.4,1998,202379,False,False,True,False,False,False,False,False,False,False,False,False,False,True,False,False,False,False,True,False,2685
1.8,1991,217400,False,False,True,False,False,False,False,False,False,False,False,False,False,False,True,False,False,False,False,True,1636
1.8,2006,127802,True,False,False,False,False,False,False,True,False,False,False,False,False,False,False,False,False,False,False,True,7778
1.4,1995,195685,True,False,False,False,False,False,True,False,False,False,False,False,False,False,False,False,False,False,False,True,1291
2.0,2002,150833,False,False,False,True,False,False,False,False,False,False,False,False,True,False,False,False,False,False,False,True,3696
3.0,2009,85258,False,True,False,False,False,True,False,False,False,False,False,False,False,False,False,False,False,False,False,True,26589
1.6,2012,60644,True,False,False,False,False,False,False,True,False,False,False,False,False,False,False,False,False,False,False,True,17718
2.2,1995,185133,False,False,True,False,False,False,False,False,False,False,False,False,False,False,True,False,False,False,False,True,3139
1.8,1994,187698,True,False,False,False,False,False,False,False,False,False,True,False,False,False,False,False,False,False,False,False,2215
1.4,1993,271986,False,False,False,True,False,False,False,False,True,False,False,False,False,False,False,False,False,False,False,False,721
1.4,2009,79701,True,False,False,False,False,False,False,True,False,False,False,False,False,False,False,False,False,False,False,True,11946
1.6,2005,82859,False,False,False,True,False,False,False,False,False,False,False,True,False,False,False,False,False,False,False,False,10520
2.4,1985,94261,False,False,True,False,False,False,False,False,False,False,False,False,False,False,True,False,False,False,True,False,4173
1.2,2018,24331,False,False,False,True,False,False,False,False,True,False,False,False,False,False,False,False,False,False,False,False,25145
2.2,2001,129345,False,True,False,False,True,False,False,False,False,False,False,False,False,False,False,False,False,False,False,True,14332
2.4,1986,146972,False,False,True,False,False,False,False,False,False,False,False,False,False,False,True,False,False,False,True,False,2975
1.8,1996,123822,False,False,False,True,False,False,False,False,False,False,False,True,False,False,False,False,False,False,False,False,4528
1.4,2009,102539,True,False,False,False,False,False,True,False,False,False,False,False,False,False,False,False,False,False,False,True,7001
2.4,2007,101824,False,False,True,False,False,False,False,False,False,False,False,False,False,False,True,False,False,False,False,True,14268
1.2,2002,57778,False,False,False,True,False,False,False,False,True,False,False,False,False,False,False,False,False,False,False,True,6740
1.0,2009,67820,True,False,False,False,False,False,True,False,False,False,False,False,False,False,False,False,False,False,False,True,7546
1.6,1991,199331,False,False,False,True,False,False,False,False,False,False,False,False,True,False,False,False,False,False,False,True,1050
2.0,1993,216603,True,False,False,False,False,False,False,True,False,False,False,False,False,False,False,False,False,False,False,False,1708
1.8,2014,60206,True,False,False,False,False,False,False,False,False,False,True,False,False,False,False,False,False,False,False,False,22405
1.4,1997,139842,False,False,False,True,False,False,False,False,True,False,False,False,False,False,False,False,False,False,False,True,2874
4.0,2013,5000,False,True,False,False,False,True,False,False,False,False,False,False,False,False,False,False,False,False,False,True,65380
1.6,2011,61026,False,False,False,True,False,False,False,False,False,False,False,True,False,False,False,False,False,False,False,True,17309
2.0,2008,101766,False,True,False,False,False,False,False,False,False,False,False,False,False,False,False,False,False,False,False,True,15235
1.0,2000,178854,False,False,False,True,False,False,False,False,False,False,False,False,True,False,False,False,False,False,False,True,1808
1.4,2003,70117,False,False,False,True,False,False,False,False,False,False,False,False,True,False,False,False,False,False,False,True,6049
1.2,1992,251928,True,False,False,False,False,False,True,False,False,False,False,False,False,False,False,False,False,False,False,True,589
2.2,2010,87913,False,False,True,False,False,False,False,False,False,False,False,False,False,False,True,False,False,False,False,True,18445
1.0,2002,93885,False,False,True,False,False,False,False,False,False,False,False,False,False,True,False,False,False,False,True,False,7137
1.6,2005,149357,False,False,False,True,False,False,False,False,True,False,False,False,False,False,False,False,False,False,False,False,5092
1.0,2013,60197,False,False,True,False,False,False,False,False,False,False,False,False,False,False,False,False,True,False,True,False,14390
1.2,2019,23976,False,False,False,True,False,False,False,False,True,False,False,False,False,False,False,False,False,False,False,True,25649
1.0,2015,24923,False,False,True,False,False,False,False,False,False,False,False,False,False,False,False,False,True,False,True,False,20351
1.4,2008,78287,False,False,False,True,False,False,False,False,False,False,False,True,False,False,False,False,False,False,False,False,12405
2.0,2010,23514,False,False,False,True,False,False,False,False,False,False,False,False,True,False,False,False,False,False,False,True,15353
1.4,2011,114058,False,False,False,True,False,False,False,False,False,False,False,False,True,False,False,False,False,False,False,True,7533
2.2,2003,126947,False,False,True,False,False,False,False,False,False,False,False,False,False,False,True,False,False,False,True,False,10378
2.2,2008,70710,False,False,True,False,False,False,False,False,False,False,False,False,False,False,True,False,False,False,True,False,21806
2.4,1989,137762,False,False,True,False,False,False,False,False,False,False,False,False,False,False,True,False,False,False,True,False,3913
2.0,2000,65257,False,False,True,False,False,False,False,False,False,False,False,False,False,False,True,False,False,False,True,False,12646
1.4,1994,238571,True,False,False,False,False,False,False,False,False,False,True,False,False,False,False,False,False,False,False,False,1240
2.0,2013,71933,True,False,False,False,False,False,False,True,False,False,False,False,False,False,False,False,False,False,False,True,19655
1.2,1992,239579,False,False,True,False,False,False,False,False,False,False,False,False,False,False,False,False,True,False,False,True,764
1.6,2006,85753,False,False,False,True,False,False,False,False,True,False,False,False,False,False,False,False,False,False,False,False,8842
1.0,2004,60404,False,False,True,False,False,False,False,False,False,False,False,False,False,True,False,False,False,False,True,False,10253
1.4,2004,69950,False,False,False,True,False,False,False,False,True,False,False,False,False,False,False,False,False,False,False,True,7682
1.4,2018,17029,False,False,True,False,False,False,False,False,False,False,False,False,False,False,False,False,True,False,True,False,30721
1.0,1991,199696,False,False,False,True,False,False,False,False,False,False,False,False,True,False,False,False,False,False,False,True,828
1.0,1999,143799,False,False,True,False,False,False,False,False,False,False,False,False,False,False,False,False,True,False,True,False,3067
1.6,2014,33293,False,False,False,True,False,False,False,False,False,False,False,False,True,False,False,False,False,False,False,True,16956
1.2,1997,91061,False,False,True,False,False,False,False,False,False,False,False,False,False,False,False,False,True,False,False,True,3664
3.5,2011,56172,False,True,False,False,True,False,False,False,False,False,False,False,False,False,False,False,False,False,False,True,59397
2.0,2003,91647,False,False,False,True,False,False,False,False,False,False,False,False,True,False,False,False,False,False,False,True,6229
2.4,2017,39530,False,False,False,False,False,False,False,False,False,False,False,False,False,False,False,False,False,True,False,True,38121
1.0,2009,150203,True,False,False,False,False,False,True,False,False,False,False,False,False,False,False,False,False,False,False,True,4082
3.0,2004,91235,False,False,False,False,False,False,False,False,False,False,False,False,False,False,False,True,False,False,False,False,14062
1.4,2021,17843,False,False,True,False,False,False,False,False,False,False,False,False,False,False,False,False,True,False,True,False,37357
1.4,1991,201336,False,False,False,True,False,False,False,False,False,False,False,True,False,False,False,False,False,False,False,False,1499
2.0,2016,48652,False,False,True,False,False,False,False,False,False,False,False,False,False,False,True,False,False,False,False,True,34048
1.6,1993,124529,False,False,False,True,False,False,False,False,True,False,False,False,False,False,False,False,False,False,False,True,2656
1.0,1998,146755,True,False,False,False,False,False,True,False,False,False,False,False,False,False,False,False,False,False,False,True,2016
1.0,1999,73789,False,False,True,False,False,False,False,False,False,False,False,False,False,True,False,False,False,False,True,False,6723
2.6,2000,158010,False,True,False,False,False,True,False,False,False,False,False,False,False,False,False,False,False,False,False,False,8150
1.4,1995,192574,False,False,True,False,False,False,False,False,False,False,False,False,False,True,False,False,False,False,True,False,2396
1.0,2019,20540,True,False,False,False,False,False,True,False,False,False,False,False,False,False,False,False,False,False,False,True,19594
1.4,2005,129695,False,False,False,True,False,False,False,False,False,False,False,True,False,False,False,False,False,False,False,False,6950
1.8,2010,103016,False,False,False,True,False,False,False,False,False,False,False,True,False,False,False,False,False,False,False,False,13477
3.0,2015,65721,False,False,False,False,False,False,False,False,False,False,False,False,False,False,False,False,False,True,False,True,31639
1.0,2007,40466,False,False,True,False,False,False,False,False,False,False,False,False,False,False,False,False,True,False,False,True,9090
2.4,1994,100796,False,False,True,False,False,False,False,False,False,False,False,False,False,False,True,False,False,False,True,False,7251
1.0,2008,42018,False,False,True,False,False,False,False,False,False,False,False,False,False,False,False,False,True,False,True,False,11551
1.4,1997,134332,False,False,True,False,False,False,False,False,False,False,False,False,False,True,False,False,False,False,True,False,4455
1.0,2000,129456,True,False,False,False,False,False,True,False,False,False,False,False,False,False,False,False,False,False,True,False,3174
1.4,2010,101370,False,False,False,True,False,False,False,False,False,False,False,True,False,False,False,False,False,False,False,False,12030
1.6,2010,80494,True,False,False,False,False,False,False,True,False,False,False,False,False,False,False,False,False,False,False,False,14256
1.8,1995,211765,True,False,False,False,False,False,False,False,False,False,True,False,False,False,False,False,False,False,False,False,1915
1.8,2020,21764,True,False,False,False,False,False,False,False,False,False,True,False,False,False,False,False,False,False,False,False,42108
1.4,2011,103197,False,False,True,False,False,False,False,False,False,False,False,False,False,False,False,False,True,False,False,True,9217
1.4,2011,78648,True,False,False,False,False,False,False,False,False,False,True,False,False,False,False,False,False,False,False,False,14305
2.0,2007,107786,False,False,False,False,False,False,False,False,False,False,False,False,False,False,False,False,False,True,False,True,11272
4.4,2013,48926,False,False,False,False,False,False,False,False,False,True,False,False,False,False,False,False,False,False,False,True,67322
2.0,1986,249339,False,False,True,False,False,False,False,False,False,False,False,False,False,False,True,False,False,False,True,False,1108
1.6,2016,22315,True,False,False,False,False,False,False,False,False,False,True,False,False,False,False,False,False,False,False,False,30314
2.0,2020,20508,True,False,False,False,False,False,False,False,False,False,True,False,False,False,False,False,False,False,False,False,44695
1.4,1996,93745,True,False,False,False,False,False,False,False,False,False,True,False,False,False,False,False,False,False,False,False,4732
1.2,2003,88446,False,False,True,False,False,False,False,False,False,False,False,False,False,False,False,False,True,False,True,False,6683
1.0,2015,55429,False,False,True,False,False,False,False,False,False,False,False,False,False,True,False,False,False,False,True,False,22038
2.0,1992,228947,True,False,False,False,False,False,False,False,False,False,True,False,False,False,False,False,False,False,False,False,1416
1.8,2005,99768,False,False,False,True,False,False,False,False,False,False,False,True,False,False,False,False,False,False,False,False,9889
1.8,1996,217619,True,False,False,False,False,False,False,False,False,False,True,False,False,False,False,False,False,False,False,False,1943
1.4,2001,113885,False,False,False,True,False,False,False,False,False,False,False,False,True,False,False,False,False,False,False,False,4066
2.4,2009,136189,False,False,True,False,False,False,False,False,False,False,False,False,False,False,True,False,False,False,False,True,12528
2.0,2018,33283,False,False,True,False,False,False,False,False,False,False,False,False,False,False,True,False,False,False,True,False,51203
2.0,2018,27744,False,True,False,False,False,False,False,False,False,False,False,False,False,False,False,False,False,False,False,True,48185
1.2,1989,260718,True,False,False,False,False,False,True,False,False,False,False,False,False,False,False,False,False,False,False,True,444
1.8,2006,87802,False,False,False,True,False,False,False,False,False,False,False,True,False,False,False,False,False,False,False,False,11521
1.8,2002,137030,True,False,False,False,False,False,False,False,False,False,True,False,False,False,False,False,False,False,False,False,5763
1.8,2006,108565,False,False,False,True,False,False,False,False,False,False,False,True,False,False,False,False,False,False,False,False,9906
3.5,1995,144961,False,True,False,False,True,False,False,False,False,False,False,False,False,False,False,False,False,False,False,True,10698
1.4,1997,123351,False,False,True,False,False,False,False,False,False,False,False,False,False,False,False,False,True,False,False,True,3112
1.6,1999,103379,True,False,False,False,False,False,False,True,False,False,False,False,False,False,False,False,False,False,False,False,5814
2.4,1992,178985,False,False,True,False,False,False,False,False,False,False,False,False,False,False,True,False,False,False,True,False,3396
1.0,2017,25353,False,False,False,True,False,False,False,False,False,False,False,False,True,False,False,False,False,False,False,True,17134
1.4,2014,55662,True,False,False,False,False,False,False,False,False,False,True,False,False,False,False,False,False,False,False,False,20343
1.0,2002,12792,False,False,True,False,False,False,False,False,False,False,False,False,False,False,False,False,True,False,False,True,7617
4.0,2005,145901,False,False,False,False,False,False,False,False,False,True,False,False,False,False,False,False,False,False,False,True,18687
1.8,2002,151431,False,False,False,True,False,False,False,False,False,False,False,True,False,False,False,False,False,False,False,False,5419
1.0,2010,61392,False,False,False,True,False,False,False,False,False,False,False,False,True,False,False,False,False,False,False,True,8635
1.8,1997,247028,False,False,False,True,False,False,False,False,True,False,False,False,False,False,False,False,False,False,False,False,1347
1.8,2002,153314,False,False,True,False,False,False,False,False,False,False,False,False,False,True,False,False,False,False,True,False,6047
2.2,1997,189898,False,False,False,False,False,False,False,False,False,False,False,False,False,False,False,False,False,True,False,True,3113
1.0,2008,90081,False,False,True,False,False,False,False,False,False,False,False,False,False,False,False,False,True,False,False,True,7014
2.0,2001,129210,True,False,False,False,False,False,False,True,False,False,False,False,False,False,False,False,False,False,False,False,6101
2.0,2000,174027,False,False,False,True,False,False,False,False,False,False,False,True,False,False,False,False,False,False,False,False,4139
1.2,2003,48324,False,False,True,False,False,False,False,False,False,False,False,False,False,False,False,False,True,False,False,True,7270
1.8,2014,60184,True,False,False,False,False,False,False,False,False,False,True,False,False,False,False,False,False,False,False,False,22408
1.6,2006,84048,True,False,False,False,False,False,False,False,False,False,True,False,False,False,False,False,False,False,True,False,12064
2.0,1997,115000,False,False,False,True,False,False,False,False,False,False,False,False,True,False,False,False,False,False,False,True,3515
1.0,2015,46589,False,False,True,False,False,False,False,False,False,False,False,False,False,True,False,False,False,False,True,False,23290
2.0,2009,80546,False,True,False,False,False,False,False,False,False,False,False,False,False,False,False,False,False,False,False,True,18947
1.4,1987,249462,False,False,True,False,False,False,False,False,False,False,False,False,False,False,False,False,True,False,False,True,540
1.4,2001,138621,False,False,False,True,False,False,False,False,False,False,False,False,True,False,False,False,False,False,False,True,3193
1.8,2001,155687,True,False,False,False,False,False,False,True,False,False,False,False,False,False,False,False,False,False,False,True,4453
4.4,2008,19001,False,False,False,False,False,False,False,False,False,True,False,False,False,False,False,False,False,False,False,True,57449
1.6,2020,20796,True,False,False,False,False,False,False,False,False,False,True,False,False,False,False,False,False,False,False,False,39913
2.0,2014,31204,False,False,False,True,False,False,False,False,True,False,False,False,False,False,False,False,False,False,False,False,23910
1.6,2001,124337,True,False,False,False,False,False,False,False,False,False,True,False,False,False,False,False,False,False,False,False,5616
1.8,2008,60696,True,False,False,False,False,False,False,False,False,False,True,False,False,False,False,False,False,False,False,False,14971
1.4,2009,98518,True,False,False,False,False,False,False,False,False,False,True,False,False,False,False,False,False,False,True,False,12431
1.8,2007,98906,False,False,True,False,False,False,False,False,False,False,False,False,False,True,False,False,False,False,True,False,12887
1.4,2000,204312,False,False,False,True,False,False,False,False,True,False,False,False,False,False,False,False,False,False,False,False,2135
1.8,2002,125474,True,False,False,False,False,False,False,True,False,False,False,False,False,False,False,False,False,False,False,True,6067
1.8,1996,134744,False,False,False,True,False,False,False,False,True,False,False,False,False,False,False,False,False,False,False,True,3176
1.4,2002,104567,True,False,False,False,False,False,True,False,False,False,False,False,False,False,False,False,False,False,True,False,5190
5.0,1994,200671,False,False,False,False,False,False,False,False,False,True,False,False,False,False,False,False,False,False,False,True,6304
1.2,2010,75044,False,False,False,True,False,False,False,False,True,False,False,False,False,False,False,False,False,False,False,True,10252
1.4,2011,85682,True,False,False,False,False,False,False,True,False,False,False,False,False,False,False,False,False,False,False,False,13749
3.0,2016,30938,False,False,False,False,False,False,False,False,False,False,False,False,False,False,False,False,False,True,False,True,41935
1.0,1992,206502,False,False,True,False,False,False,False,False,False,False,False,False,False,False,False,False,True,False,True,False,1128
1.0,2018,28322,True,False,False,False,False,False,True,False,False,False,False,False,False,False,False,False,False,False,False,True,17548
2.0,2006,86930,False,False,False,True,False,False,False,False,False,False,False,False,True,False,False,False,False,False,False,True,7868
1.6,1994,278872,False,False,False,True,False,False,False,False,False,False,False,True,False,False,False,False,False,False,False,False,963
1.6,2002,186800,False,False,False,True,False,False,False,False,False,False,False,True,False,False,False,False,False,False,False,False,3790
2.4,2018,33955,False,False,True,False,False,False,False,False,False,False,False,False,False,False,True,False,False,False,False,True,46559
1.0,2008,80278,False,False,True,False,False,False,False,False,False,False,False,False,False,True,False,False,False,False,True,False,11720
4.4,2002,190714,False,False,False,False,False,False,False,False,False,True,False,False,False,False,False,False,False,False,False,True,11000
1.2,2010,86665,True,False,False,False,False,False,True,False,False,False,False,False,False,False,False,False,False,False,False,False,8156
2.0,2004,102990,False,False,False,True,False,False,False,False,True,False,False,False,False,False,False,False,False,False,False,False,7642
1.2,1987,205791,True,False,False,False,False,False,True,False,False,False,False,False,False,False,False,False,False,False,False,True,641
3.0,1990,277582,False,False,False,False,False,False,False,False,False,False,False,False,False,False,False,True,False,False,False,True,1077
1.8,2007,84621,False,False,True,False,False,False,False,False,False,False,False,False,False,False,True,False,False,False,True,False,16775
1.0,2000,248279,True,False,False,False,False,False,True,False,False,False,False,False,False,False,False,False,False,False,False,True,948
2.0,1988,152497,True,False,False,False,False,False,False,False,False,False,True,False,False,False,False,False,False,False,False,False,2107
1.2,1989,305950,True,False,False,False,False,False,True,False,False,False,False,False,False,False,False,False,False,False,False,True,290
5.0,1989,152949,False,False,False,False,False,False,False,False,False,True,False,False,False,False,False,False,False,False,False,True,6788
2.2,1993,217909,False,False,True,False,False,False,False,False,False,False,False,False,False,False,True,False,False,False,True,False,2469
3.5,1997,234928,False,True,False,False,False,True,False,False,False,False,False,False,False,False,False,False,False,False,False,True,3761
2.0,2005,119688,False,True,False,False,False,False,False,False,False,False,False,False,False,False,False,False,False,False,False,True,10902
2.0,2019,18002,False,False,False,True,False,False,False,False,False,False,False,True,False,False,False,False,False,False,False,True,42653
1.6,2006,103775,False,False,False,True,False,False,False,False,True,False,False,False,False,False,False,False,False,False,False,True,7395
1.4,2004,52003,False,False,False,True,False,False,False,False,True,False,False,False,False,False,False,False,False,False,False,False,9061
1.6,1997,197620,True,False,False,False,False,False,False,False,False,False,True,False,False,False,False,False,False,False,False,False,2339
2.0,1986,265330,True,False,False,False,False,False,False,True,False,False,False,False,False,False,False,False,False,False,False,True,652
1.8,2014,63336,False,False,False,True,False,False,False,False,True,False,False,False,False,False,False,False,False,False,False,True,17724
1.0,2005,65718,True,False,False,False,False,False,True,False,False,False,False,False,False,False,False,False,False,False,False,True,5860
2.4,1994,161014,False,False,True,False,False,False,False,False,False,False,False,False,False,False,True,False,False,False,True,False,4517
1.6,2021,12081,False,False,False,True,False,False,False,False,False,False,False,False,True,False,False,False,False,False,False,True,30426
1.4,1996,205167,False,False,False,True,False,False,False,False,True,False,False,False,False,False,False,False,False,False,False,True,1546
1.6,2018,23472,True,False,False,False,False,False,False,False,False,False,True,False,False,False,False,False,False,False,False,False,34416
1.2,2016,68648,False,False,False,True,False,False,False,False,True,False,False,False,False,False,False,False,False,False,False,True,15967
2.0,2018,28420,True,False,False,False,False,False,False,True,False,False,False,False,False,False,False,False,False,False,False,False,37763
2.2,2003,68946,False,False,False,False,False,False,False,False,False,False,False,False,False,False,False,False,False,True,False,True,11917
1.0,1992,154734,False,False,False,True,False,False,False,False,False,False,False,False,True,False,False,False,False,False,False,True,1299
1.4,2002,191844,False,False,False,True,False,False,False,False,True,False,False,False,False,False,False,False,False,False,False,True,2593
1.8,2020,6068,False,False,True,False,False,False,False,False,False,False,False,False,False,False,True,False,False,False,True,False,64448
1.6,2001,124184,True,False,False,False,False,False,False,True,False,False,False,False,False,False,False,False,False,False,False,False,5675
2.0,2016,40956,False,True,False,False,False,False,False,False,False,False,False,False,False,False,False,False,False,False,False,True,39034
1.6,2018,22653,False,False,False,True,False,False,False,False,True,False,False,False,False,False,False,False,False,False,False,True,27912
1.4,1997,169912,False,False,False,True,False,False,False,False,False,False,False,True,False,False,False,False,False,False,False,False,2936
5.0,1997,144212,False,False,False,False,False,False,False,False,False,True,False,False,False,False,False,False,False,False,False,True,12426
1.4,2008,85432,False,False,True,False,False,False,False,False,False,False,False,False,False,False,False,False,True,False,False,True,8576
1.2,2003,118806,False,False,False,True,False,False,False,False,True,False,False,False,False,False,False,False,False,False,False,False,4917
1.4,2010,60399,True,False,False,False,False,False,True,False,False,False,False,False,False,False,False,False,False,False,False,True,10019
1.8,1997,162543,True,False,False,False,False,False,False,False,False,False,True,False,False,False,False,False,False,False,False,False,3352
1.6,1988,199569,True,False,False,False,False,False,False,False,False,False,True,False,False,False,False,False,False,False,False,False,1262
1.0,1993,197434,False,False,True,False,False,False,False,False,False,False,False,False,False,False,False,False,True,False,False,True,1089
1.0,2010,93570,False,False,True,False,False,False,False,False,False,False,False,False,False,True,False,False,False,False,True,False,12194
1.2,2001,169486,True,False,False,False,False,False,True,False,False,False,False,False,False,False,False,False,False,False,False,True,2234
1.4,2002,160047,True,False,False,False,False,False,False,True,False,False,False,False,False,False,False,False,False,False,False,True,4049
1.2,1990,193258,True,False,False,False,False,False,True,False,False,False,False,False,False,False,False,False,False,False,True,False,1049
1.6,2011,30879,False,False,False,True,False,False,False,False,False,False,False,False,True,False,False,False,False,False,False,True,14078
4.4,2013,80694,False,False,False,False,False,False,False,False,False,True,False,False,False,False,False,False,False,False,False,True,54652
1.4,2012,46055,False,False,True,False,False,False,False,False,False,False,False,False,False,True,False,False,False,False,True,False,22635
1.6,2015,50040,False,False,False,True,False,False,False,False,True,False,False,False,False,False,False,False,False,False,False,False,20416
1.6,2020,11676,True,False,False,False,False,False,False,False,False,False,True,False,False,False,False,False,False,False,False,False,41930
2.0,2003,145639,False,False,False,True,False,False,False,False,False,False,False,False,True,False,False,False,False,False,False,False,4328
1.8,2005,130161,False,False,False,True,False,False,False,False,False,False,False,True,False,False,False,False,False,False,False,False,7852
2.0,2005,125096,False,False,False,True,False,False,False,False,True,False,False,False,False,False,False,False,False,False,False,True,6580
1.8,1990,281856,False,False,True,False,False,False,False,False,False,False,False,False,False,False,True,False,False,False,True,False,1013
1.8,2004,31305,False,False,False,True,False,False,False,False,False,False,False,True,False,False,False,False,False,False,False,True,13815
3.5,2020,16016,False,True,False,False,True,False,False,False,False,False,False,False,False,False,False,False,False,False,False,True,137107
1.2,2000,138607,False,False,False,True,False,False,False,False,False,False,False,False,True,False,False,False,False,False,False,True,2766
3.0,1986,134854,False,False,False,False,False,False,False,False,False,False,False,False,False,False,False,False,False,True,False,True,2763
1.4,2009,87620,False,False,False,True,False,False,False,False,True,False,False,False,False,False,False,False,False,False,False,True,9495
2.4,1997,128970,False,False,False,False,False,False,False,False,False,False,False,False,False,False,False,True,False,False,False,False,5943
2.0,2009,75305,False,True,False,False,False,False,False,False,False,False,False,False,False,False,False,False,False,False,False,True,19640
1.6,2002,85894,False,False,False,True,False,False,False,False,False,False,False,True,False,False,False,False,False,False,False,False,8432
1.8,1988,172891,True,False,False,False,False,False,False,True,False,False,False,False,False,False,False,False,False,False,False,True,1620
2.2,1996,115772,False,False,True,False,False,False,False,False,False,False,False,False,False,False,True,False,False,False,False,True,5911
1.4,2010,57352,False,False,False,True,False,False,False,False,False,False,False,True,False,False,False,False,False,False,False,False,16285
1.4,2006,107457,False,False,True,False,False,False,False,False,False,False,False,False,False,True,False,False,False,False,True,False,9983
1.4,2008,120357,True,False,False,False,False,False,True,False,False,False,False,False,False,False,False,False,False,False,False,True,5727
1.6,2007,76984,False,False,False,True,False,False,False,False,False,False,False,False,True,False,False,False,False,False,False,True,8060
2.0,1992,157948,True,False,False,False,False,False,False,False,False,False,True,False,False,False,False,False,False,False,False,False,2630
1.4,2010,122053,False,False,False,True,False,False,False,False,False,False,False,True,False,False,False,False,False,False,False,False,10295
1.8,2001,80340,True,False,False,False,False,False,False,False,False,False,True,False,False,False,False,False,False,False,False,False,8231
1.6,2002,203671,False,False,False,True,False,False,False,False,True,False,False,False,False,False,False,False,False,False,True,False,2998
1.4,2020,16368,False,False,True,False,False,False,False,False,False,False,False,False,False,False,False,False,True,False,True,False,35229
1.6,1989,156623,False,False,False,True,False,False,False,False,True,False,False,False,False,False,False,False,False,False,False,False,1651
1.8,1997,334190,False,False,False,True,False,False,False,False,False,False,False,True,False,False,False,False,False,False,False,False,735
3.0,1992,174736,False,True,False,False,True,False,False,False,False,False,False,False,False,False,False,False,False,False,False,True,6331
1.8,2010,71503,True,False,False,False,False,False,False,True,False,False,False,False,False,False,False,False,False,False,False,True,15311
1.0,2007,44852,True,False,False,False,False,False,False,True,False,False,False,False,False,False,False,False,False,False,False,True,11085
1.8,1984,278075,False,False,True,False,False,False,False,False,False,False,False,False,False,True,False,False,False,False,True,False,598
2.0,1994,218545,False,False,False,False,False,False,False,False,False,False,False,False,False,False,False,False,False,True,False,True,1886
4.0,2009,93153,False,False,False,False,False,False,False,False,False,True,False,False,False,False,False,False,False,False,False,True,36558
1.8,1991,257711,False,False,True,False,False,False,False,False,False,False,False,False,False,True,False,False,False,False,True,False,1155
1.8,2006,148002,False,False,True,False,False,False,False,False,False,False,False,False,False,False,True,False,False,False,True,False,9692
1.2,1989,204503,False,False,False,True,False,False,False,False,True,False,False,False,False,False,False,False,False,False,False,True,903
2.0,2003,163280,False,False,False,False,False,False,False,False,False,False,False,False,False,False,False,False,False,True,False,True,5557
1.0,2015,18432,False,False,True,False,False,False,False,False,False,False,False,False,False,False,False,False,True,False,False,True,17580
1.8,2012,10429,False,False,False,True,False,False,False,False,True,False,False,False,False,False,False,False,False,False,False,True,21202
1.8,2006,58474,False,False,True,False,False,False,False,False,False,False,False,False,False,True,False,False,False,False,True,False,15914
1.4,2013,71950,False,False,True,False,False,False,False,False,False,False,False,False,False,False,False,False,True,False,False,True,13130
1.4,2014,46052,False,False,True,False,False,False,False,False,False,False,False,False,False,True,False,False,False,False,True,False,25864
3.0,2018,29951,False,False,False,False,False,False,False,False,False,False,False,False,False,False,False,False,False,True,False,True,48189
1.2,1994,201968,False,False,True,False,False,False,False,False,False,False,False,False,False,False,False,False,True,False,True,False,1470
1.6,1985,192186,False,False,False,True,False,False,False,False,False,False,False,True,False,False,False,False,False,False,False,True,1109
1.6,2008,105403,True,False,False,False,False,False,False,True,False,False,False,False,False,False,False,False,False,False,False,True,9940
1.8,2018,30075,False,False,False,True,False,False,False,False,True,False,False,False,False,False,False,False,False,False,False,True,28389
1.4,2000,188129,True,False,False,False,False,False,False,False,False,False,True,False,False,False,False,False,False,False,False,False,2903
1.6,2001,182739,True,False,False,False,False,False,False,False,False,False,True,False,False,False,False,False,False,False,False,False,3476
1.2,2005,38333,False,False,True,False,False,False,False,False,False,False,False,False,False,False,False,False,True,False,False,True,8826
2.0,1990,231488,False,False,False,False,False,False,False,False,False,False,False,False,False,False,False,True,False,False,False,False,1416
1.4,2005,99711,False,False,False,True,False,False,False,False,False,False,False,True,False,False,False,False,False,False,False,False,8725
1.4,2017,57164,False,False,True,False,False,False,False,False,False,False,False,False,False,False,False,False,True,False,False,True,18889
4.0,1991,315780,False,True,False,False,False,True,False,False,False,False,False,False,False,False,False,False,False,False,False,True,1261
1.0,1995,105133,False,False,True,False,False,False,False,False,False,False,False,False,False,True,False,False,False,False,True,False,4123
1.8,2013,8397,False,False,False,True,False,False,False,False,False,False,False,True,False,False,False,False,False,False,False,True,28548
1.6,2003,98757,False,False,False,True,False,False,False,False,False,False,False,False,True,False,False,False,False,False,False,True,5293
1.4,2004,125149,True,False,False,False,False,False,False,True,False,False,False,False,False,False,False,False,False,False,False,True,6129
2.0,2006,85185,False,False,False,True,False,False,False,False,False,False,False,False,True,False,False,False,False,False,False,True,7965
2.0,1986,309630,False,False,False,True,False,False,False,False,True,False,False,False,False,False,False,False,False,False,False,True,360
1.4,2017,45386,True,False,False,False,False,False,True,False,False,False,False,False,False,False,False,False,False,False,False,True,17560
1.8,2014,37709,True,False,False,False,False,False,False,False,False,False,True,False,False,False,False,False,False,False,False,True,24531
1.8,2019,23840,False,False,True,False,False,False,False,False,False,False,False,False,False,True,False,False,False,False,True,False,46624
1.4,1994,247519,False,False,False,True,False,False,False,False,False,False,False,False,True,False,False,False,False,False,False,False,816
1.6,2007,139406,True,False,False,False,False,False,False,True,False,False,False,False,False,False,False,False,False,False,True,False,8581
1.2,2012,90389,False,False,False,True,False,False,False,False,True,False,False,False,False,False,False,False,False,False,False,True,10529
2.6,2015,30739,False,True,False,False,True,False,False,False,False,False,False,False,False,False,False,False,False,False,False,True,77993
1.8,2000,132672,False,False,True,False,False,False,False,False,False,False,False,False,False,False,True,False,False,False,False,True,6123
1.0,2012,95137,True,False,False,False,False,False,False,True,False,False,False,False,False,False,False,False,False,False,False,True,11060
1.4,2006,99805,True,False,False,False,False,False,True,False,False,False,False,False,False,False,False,False,False,False,False,True,5848
1.4,2017,27570,False,False,False,True,False,False,False,False,False,False,False,True,False,False,False,False,False,False,False,False,31092
3.5,1995,84606,False,True,False,False,False,True,False,False,False,False,False,False,False,False,False,False,False,False,False,True,11345
1.6,2007,116310,False,False,False,True,False,False,False,False,False,False,False,False,True,False,False,False,False,False,False,True,6063
1.4,2013,65729,False,False,True,False,False,False,False,False,False,False,False,False,False,False,False,False,True,False,True,False,16423
1.6,2007,97662,True,False,False,False,False,False,False,False,False,False,True,False,False,False,False,False,False,False,False,False,10240
2.2,2017,38587,False,False,True,False,False,False,False,False,False,False,False,False,False,False,True,False,False,False,True,False,48694
1.0,2004,121022,False,False,False,True,False,False,False,False,False,False,False,False,True,False,False,False,False,False,False,True,3785
1.6,2020,19569,False,False,False,True,False,False,False,False,False,False,False,False,True,False,False,False,False,False,False,True,27337
2.0,2008,115281,False,False,False,True,False,False,False,False,False,False,False,False,True,False,False,False,False,False,False,True,7303
1.2,1992,210126,True,False,False,False,False,False,True,False,False,False,False,False,False,False,False,False,False,False,False,True,861
1.0,2000,157475,False,False,True,False,False,False,False,False,False,False,False,False,False,True,False,False,False,False,True,False,3811
1.8,2010,61747,False,False,True,False,False,False,False,False,False,False,False,False,False,False,True,False,False,False,True,False,23911
3.0,1994,176591,False,False,False,False,False,False,False,False,False,False,False,False,False,False,False,True,False,False,False,False,3680
1.2,1998,202857,False,False,True,False,False,False,False,False,False,False,False,False,False,False,False,False,True,False,False,True,1587
2.0,2012,55662,False,False,False,False,False,False,False,False,False,False,False,False,False,False,False,False,False,True,False,True,22573
1.4,2003,107430,True,False,False,False,False,False,False,True,False,False,False,False,False,False,False,False,False,False,False,True,6562
1.4,1998,142890,True,False,False,False,False,False,False,True,False,False,False,False,False,False,False,False,False,False,False,True,3569
1.0,2018,41266,True,False,False,False,False,False,True,False,False,False,False,False,False,False,False,False,False,False,False,True,16266
1.6,1999,244282,False,False,False,True,False,False,False,False,False,False,False,True,False,False,False,False,False,False,False,False,1855
1.8,1995,222412,False,False,True,False,False,False,False,False,False,False,False,False,False,True,False,False,False,False,True,False,2084
2.0,2007,102232,True,False,False,False,False,False,False,False,False,False,True,False,False,False,False,False,False,False,False,False,11073
1.0,2012,71461,False,False,True,False,False,False,False,False,False,False,False,False,False,False,False,False,True,False,True,False,12499
1.0,1999,123113,True,False,False,False,False,False,True,False,False,False,False,False,False,False,False,False,False,False,False,True,2600
1.2,2016,51896,True,False,False,False,False,False,True,False,False,False,False,False,False,False,False,False,False,False,False,True,14608
2.0,1997,93406,True,False,False,False,False,False,False,True,False,False,False,False,False,False,False,False,False,False,False,False,6117
1.6,2006,162612,True,False,False,False,False,False,False,False,False,False,True,False,False,False,False,False,False,False,False,False,5755
1.0,2004,115338,False,False,False,True,False,False,False,False,False,False,False,False,True,False,False,False,False,False,False,True,3953
1.4,2012,81053,False,False,False,True,False,False,False,False,True,False,False,False,False,False,False,False,False,False,False,True,12143
1.4,1999,75318,False,False,False,True,False,False,False,False,False,False,False,True,False,False,False,False,False,False,False,False,6947
1.6,2001,208457,False,False,False,True,False,False,False,False,False,False,False,True,False,False,False,False,False,False,False,True,2792
1.4,2021,17149,True,False,False,False,False,False,False,False,False,False,True,False,False,False,False,False,False,False,False,True,38775
1.4,2001,53935,False,False,True,False,False,False,False,False,False,False,False,False,False,False,False,False,True,False,True,False,7962
2.4,2010,66516,False,False,True,False,False,False,False,False,False,False,False,False,False,False,True,False,False,False,True,False,26761
2.0,2017,51921,False,False,False,True,False,False,False,False,False,False,False,True,False,False,False,False,False,False,False,False,32126
2.0,2004,104140,False,False,False,False,False,False,False,False,False,False,False,False,False,False,False,False,False,True,False,True,9482
2.0,2001,63312,False,False,True,False,False,False,False,False,False,False,False,False,False,False,True,False,False,False,True,False,13692
1.0,2002,78468,True,False,False,False,False,False,True,False,False,False,False,False,False,False,False,False,False,False,False,True,4403
1.2,2006,50426,False,False,False,True,False,False,False,False,True,False,False,False,False,False,False,False,False,False,False,True,9219
2.0,1992,229375,False,False,False,False,False,False,False,False,False,False,False,False,False,False,False,True,False,False,False,False,1650
1.8,2020,18751,True,False,False,False,False,False,False,False,False,False,True,False,False,False,False,False,False,False,False,False,42812
1.0,2007,125866,True,False,False,False,False,False,True,False,False,False,False,False,False,False,False,False,False,False,False,True,4339
4.4,2002,123248,False,False,False,False,False,False,False,False,False,True,False,False,False,False,False,False,False,False,False,True,19206
2.0,2009,129638,False,False,False,False,False,False,False,False,False,False,False,False,False,False,False,False,False,True,False,True,10895
1.4,2017,48111,False,False,True,False,False,False,False,False,False,False,False,False,False,True,False,False,False,False,True,False,31193
1.0,2001,141024,False,False,True,False,False,False,False,False,False,False,False,False,False,True,False,False,False,False,True,False,4660
1.4,1998,184888,False,False,True,False,False,False,False,False,False,False,False,False,False,True,False,False,False,False,True,False,3129
1.8,1987,152670,False,False,False,True,False,False,False,False,True,False,False,False,False,False,False,False,False,False,False,False,1583
1.4,2011,65305,False,False,True,False,False,False,False,False,False,False,False,False,False,True,False,False,False,False,True,False,18737
1.6,2006,99791,True,False,False,False,False,False,False,False,False,False,True,False,False,False,False,False,False,False,False,False,9432
3.5,1996,128271,False,True,False,False,True,False,False,False,False,False,False,False,False,False,False,False,False,False,False,True,13062
2.6,1994,150311,False,True,False,False,False,True,False,False,False,False,False,False,False,False,False,False,False,False,False,True,5543
1.0,2018,21151,False,False,False,True,False,False,False,False,False,False,False,False,True,False,False,False,False,False,False,True,18750
1.4,1996,165877,False,False,True,False,False,False,False,False,False,False,False,False,False,False,False,False,True,False,True,False,2477
1.4,2005,37635,False,False,False,True,False,False,False,False,True,False,False,False,False,False,False,False,False,False,False,True,10069
1.4,2006,121729,False,False,False,True,False,False,False,False,False,False,False,False,True,False,False,False,False,False,False,True,5090
1.6,2010,46571,True,False,False,False,False,False,False,False,False,False,True,False,False,False,False,False,False,False,True,False,20150
1.2,2012,77246,False,False,False,True,False,False,False,False,False,False,False,False,True,False,False,False,False,False,False,True,9724
1.8,1995,151004,False,False,False,True,False,False,False,False,True,False,False,False,False,False,False,False,False,False,False,True,2606
3.0,2019,33221,False,False,False,False,False,False,False,False,False,False,False,False,False,False,False,True,False,False,False,False,55727
1.8,2005,133849,True,False,False,False,False,False,False,False,False,False,True,False,False,False,False,False,False,False,False,False,7219
2.4,2010,62073,False,False,True,False,False,False,False,False,False,False,False,False,False,False,True,False,False,False,True,False,27551
2.0,1998,148819,True,False,False,False,False,False,False,False,False,False,True,False,False,False,False,False,False,False,False,False,4230
1.8,1998,138623,True,False,False,False,False,False,False,False,False,False,True,False,False,False,False,False,False,False,False,False,4358
1.8,2015,46504,False,False,False,True,False,False,False,False,True,False,False,False,False,False,False,False,False,False,False,True,21080
1.0,2000,44390,True,False,False,False,False,False,True,False,False,False,False,False,False,False,False,False,False,False,False,True,4807
1.4,2019,24797,False,False,True,False,False,False,False,False,False,False,False,False,False,True,False,False,False,False,True,False,40899
1.2,1997,103860,True,False,False,False,False,False,True,False,False,False,False,False,False,False,False,False,False,False,False,True,2884
2.0,1999,116033,True,False,False,False,False,False,False,False,False,False,True,False,False,False,False,False,False,False,True,False,6695
1.4,1989,73834,True,False,False,False,False,False,False,True,False,False,False,False,False,False,False,False,False,False,False,True,3277
1.4,2008,97851,True,False,False,False,False,False,True,False,False,False,False,False,False,False,False,False,False,False,False,True,6778
1.4,1993,162314,False,False,True,False,False,False,False,False,False,False,False,False,False,False,False,False,True,False,True,False,2089
1.4,2008,82676,False,False,False,True,False,False,False,False,False,False,False,True,False,False,False,False,False,False,False,False,12034
1.6,1988,344865,True,False,False,False,False,False,False,False,False,False,True,False,False,False,False,False,False,False,False,False,324
1.6,1993,67775,False,False,False,True,False,False,False,False,True,False,False,False,False,False,False,False,False,False,False,True,4002
1.4,2019,18601,True,False,False,False,False,False,True,False,False,False,False,False,False,False,False,False,False,False,False,True,23433
2.0,2011,62159,True,False,False,False,False,False,False,True,False,False,False,False,False,False,False,False,False,False,False,True,18351
2.0,1993,273792,False,False,False,True,False,False,False,False,True,False,False,False,False,False,False,False,False,False,True,False,968
1.4,2009,98209,False,False,False,True,False,False,False,False,True,False,False,False,False,False,False,False,False,False,False,False,9241
4.4,1984,302861,False,False,False,False,False,False,False,False,False,True,False,False,False,False,False,False,False,False,False,True,1182
4.4,2004,60282,False,False,False,False,False,False,False,False,False,True,False,False,False,False,False,False,False,False,False,True,34383
1.0,2000,167439,False,False,True,False,False,False,False,False,False,False,False,False,False,True,False,False,False,False,True,False,3507
4.0,2012,76540,False,True,False,False,False,False,False,False,False,False,False,False,False,False,False,False,False,False,False,True,33640
1.0,1997,214136,False,False,True,False,False,False,False,False,False,False,False,False,False,True,False,False,False,False,True,False,1912
1.6,2015,43640,True,False,False,False,False,False,False,True,False,False,False,False,False,False,False,False,False,False,False,True,24078
1.8,2015,43038,False,False,True,False,False,False,False,False,False,False,False,False,False,False,True,False,False,False,True,False,37531
1.6,2018,36838,False,False,False,True,False,False,False,False,True,False,False,False,False,False,False,False,False,False,True,False,30877
2.0,2011,63496,False,False,False,False,False,False,False,False,False,False,False,False,False,False,False,True,False,False,False,False,22135
1.0,2011,73727,False,False,False,True,False,False,False,False,False,False,False,False,True,False,False,False,False,False,False,True,8506
4.4,2002,77377,False,False,False,False,False,False,False,False,False,True,False,False,False,False,False,False,False,False,False,True,26855
1.6,1992,115149,False,False,False,True,False,False,False,False,True,False,False,False,False,False,False,False,False,False,False,False,2804
1.4,2014,104143,False,False,True,False,False,False,False,False,False,False,False,False,False,True,False,False,False,False,True,False,17441
1.2,2022,6545,False,False,True,False,False,False,False,False,False,False,False,False,False,False,False,False,True,False,True,False,39254
2.0,2022,5046,False,False,False,False,False,False,False,False,False,False,False,False,False,False,False,False,False,True,False,True,58818
1.2,2007,115654,True,False,False,False,False,False,True,False,False,False,False,False,False,False,False,False,False,False,False,True,5142
1.6,2006,44190,False,False,False,True,False,False,False,False,True,False,False,False,False,False,False,False,False,False,False,False,11615
1.8,2008,44917,False,False,False,True,False,False,False,False,False,False,False,True,False,False,False,False,False,False,False,False,17467
2.0,2000,198900,False,False,False,False,False,False,False,False,False,False,False,False,False,False,False,False,False,True,False,True,3350
1.2,2016,75454,True,False,False,False,False,False,True,False,False,False,False,False,False,False,False,False,False,False,False,True,12523
1.0,2003,143595,False,False,False,True,False,False,False,False,False,False,False,False,True,False,False,False,False,False,False,True,2963
2.0,1998,147935,False,False,False,True,False,False,False,False,False,False,False,False,True,False,False,False,False,False,False,True,2899
1.6,2007,29259,False,False,False,True,False,False,False,False,True,False,False,False,False,False,False,False,False,False,False,True,12915
2.0,2016,49468,True,False,False,False,False,False,False,True,False,False,False,False,False,False,False,False,False,False,False,True,27764
1.6,1998,262634,False,False,False,True,False,False,False,False,False,False,False,True,False,False,False,False,False,False,False,False,1464
1.6,2013,54031,False,False,False,True,False,False,False,False,False,False,False,False,True,False,False,False,False,False,False,True,13985
1.4,2016,41826,True,False,False,False,False,False,True,False,False,False,False,False,False,False,False,False,False,False,False,True,16787
1.4,2014,72559,False,False,True,False,False,False,False,False,False,False,False,False,False,True,False,False,False,False,True,False,21806
1.6,2005,116040,False,False,False,True,False,False,False,False,True,False,False,False,False,False,False,False,False,False,True,False,7572
1.0,2013,50140,True,False,False,False,False,False,True,False,False,False,False,False,False,False,False,False,False,False,False,True,11039
2.4,1986,202796,False,False,True,False,False,False,False,False,False,False,False,False,False,False,True,False,False,False,True,False,1850
1.8,2000,118799,False,False,True,False,False,False,False,False,False,False,False,False,False,False,True,False,False,False,True,False,8185
3.0,2014,26616,False,True,False,False,False,True,False,False,False,False,False,False,False,False,False,False,False,False,False,True,53863
1.6,2006,130382,False,False,False,True,False,False,False,False,False,False,False,False,True,False,False,False,False,False,False,True,5086
1.6,1986,253067,True,False,False,False,False,False,False,False,False,False,True,False,False,False,False,False,False,False,False,True,648
4.0,1987,300094,False,False,False,False,False,False,False,False,False,True,False,False,False,False,False,False,False,False,False,True,1414
1.4,2003,153198,True,False,False,False,False,False,False,False,False,False,True,False,False,False,False,False,False,False,False,True,4539
3.0,2012,73386,False,False,False,False,False,False,False,False,False,False,False,False,False,False,False,True,False,False,False,False,27135
1.2,2005,92173,False,False,False,True,False,False,False,False,False,False,False,False,True,False,False,False,False,False,False,True,5493
1.4,2018,16200,False,False,True,False,False,False,False,False,False,False,False,False,False,False,False,False,True,False,False,True,25716
1.8,2000,204328,True,False,False,False,False,False,False,True,False,False,False,False,False,False,False,False,False,False,False,True,2745
1.8,2005,154306,False,False,True,False,False,False,False,False,False,False,False,False,False,True,False,False,False,False,True,False,7326
1.8,2006,54455,False,False,True,False,False,False,False,False,False,False,False,False,False,False,True,False,False,False,True,False,19191
2.0,2004,90419,True,False,False,False,False,False,False,False,False,False,True,False,False,False,False,False,False,False,False,False,9874
1.2,1996,205747,False,False,True,False,False,False,False,False,False,False,False,False,False,False,False,False,True,False,False,True,1354
1.4,2017,25793,False,False,True,False,False,False,False,False,False,False,False,False,False,True,False,False,False,False,True,False,35593
3.0,2015,40234,False,False,False,False,False,False,False,False,False,False,False,False,False,False,False,True,False,False,False,False,40950
1.4,1994,115967,False,False,True,False,False,False,False,False,False,False,False,False,False,True,False,False,False,False,True,False,4207
2.0,1995,312991,False,False,False,False,False,False,False,False,False,False,False,False,False,False,False,False,False,True,False,True,835
1.2,2018,26728,False,False,False,True,False,False,False,False,False,False,False,False,True,False,False,False,False,False,False,True,19908
3.0,1998,193391,False,False,False,False,False,False,False,False,False,False,False,False,False,False,False,True,False,False,False,False,4155
1.4,1998,101773,False,False,True,False,False,False,False,False,False,False,False,False,False,False,False,False,True,False,False,True,3915
2.0,2010,84390,True,False,False,False,False,False,False,True,False,False,False,False,False,False,False,False,False,False,False,True,14774
1.6,2014,55690,False,False,False,True,False,False,False,False,False,False,False,True,False,False,False,False,False,False,False,False,22973
1.4,2018,26227,False,False,False,True,False,False,False,False,False,False,False,False,True,False,False,False,False,False,False,False,22643
1.8,2002,167854,False,False,True,False,False,False,False,False,False,False,False,False,False,True,False,False,False,False,True,False,5357
1.4,2013,52422,False,False,True,False,False,False,False,False,False,False,False,False,False,True,False,False,False,False,True,False,23258
1.4,2008,74758,True,False,False,False,False,False,True,False,False,False,False,False,False,False,False,False,False,False,False,True,7972
1.2,2006,54785,True,False,False,False,False,False,True,False,False,False,False,False,False,False,False,False,False,False,False,True,7365
2.6,2022,5071,False,True,False,False,True,False,False,False,False,False,False,False,False,False,False,False,False,False,False,True,143033
1.0,2005,177518,False,False,True,False,False,False,False,False,False,False,False,False,False,True,False,False,False,False,True,False,4493
1.6,2000,50618,False,False,False,True,False,False,False,False,False,False,False,True,False,False,False,False,False,False,False,False,9327
1.8,2014,40343,False,False,True,False,False,False,False,False,False,False,False,False,False,True,False,False,False,False,True,False,30361
1.6,1994,124952,True,False,False,False,False,False,False,False,False,False,True,False,False,False,False,False,False,False,False,False,3505
1.8,2009,98005,True,False,False,False,False,False,False,False,False,False,True,False,False,False,False,False,False,False,False,False,12379
1.0,2009,95700,False,False,True,False,False,False,False,False,False,False,False,False,False,True,False,False,False,False,True,False,11234
1.2,2010,46532,True,False,False,False,False,False,True,False,False,False,False,False,False,False,False,False,False,False,False,True,10124
1.2,2006,65509,False,False,True,False,False,False,False,False,False,False,False,False,False,False,False,False,True,False,False,True,7957
2.0,1996,148420,False,False,True,False,False,False,False,False,False,False,False,False,False,False,True,False,False,False,True,False,5227
2.0,1989,113001,False,False,True,False,False,False,False,False,False,False,False,False,False,False,True,False,False,False,False,True,3609
2.0,2014,16333,False,False,True,False,False,False,False,False,False,False,False,False,False,False,True,False,False,False,True,False,43135
1.6,2018,25336,True,False,False,False,False,False,False,False,False,False,True,False,False,False,False,False,False,False,True,False,38923
2.0,1989,229426,False,False,False,True,False,False,False,False,True,False,False,False,False,False,False,False,False,False,False,False,978
1.2,2020,16261,False,False,False,True,False,False,False,False,False,False,False,False,True,False,False,False,False,False,False,True,24105
1.8,1997,149420,False,False,True,False,False,False,False,False,False,False,False,False,False,True,False,False,False,False,True,False,4473
2.4,1984,236049,False,False,False,False,False,False,False,False,False,False,False,False,False,False,False,True,False,False,False,True,950
1.4,1994,99908,False,False,True,False,False,False,False,False,False,False,False,False,False,True,False,False,False,False,True,False,4742
2.0,1999,141312,False,False,False,False,False,False,False,False,False,False,False,False,False,False,False,True,False,False,False,False,5620
2.0,2022,7987,False,False,True,False,False,False,False,False,False,False,False,False,False,False,True,False,False,False,True,False,76857
1.4,1998,141743,True,False,False,False,False,False,False,False,False,False,True,False,False,False,False,False,False,False,False,False,3748
1.0,1999,92775,False,False,True,False,False,False,False,False,False,False,False,False,False,True,False,False,False,False,True,False,5890
1.0,2004,101470,True,False,False,False,False,False,False,True,False,False,False,False,False,False,False,False,False,False,False,True,6196
1.6,2002,105711,False,False,False,True,False,False,False,False,False,False,False,False,True,False,False,False,False,False,False,True,4705
1.6,1988,217783,False,False,False,True,False,False,False,False,True,False,False,False,False,False,False,False,False,False,False,True,866
1.2,1988,200002,False,False,False,True,False,False,False,False,False,False,False,False,True,False,False,False,False,False,False,True,740
1.4,2020,19959,True,False,False,False,False,False,False,False,False,False,True,False,False,False,False,False,False,False,False,False,37508
1.4,2011,19862,False,False,False,True,False,False,False,False,True,False,False,False,False,False,False,False,False,False,False,True,16627
1.2,1996,260847,False,False,True,False,False,False,False,False,False,False,False,False,False,False,False,False,True,False,True,False,983
1.8,2007,106524,True,False,False,False,False,False,False,True,False,False,False,False,False,False,False,False,False,False,False,True,9781
1.8,2013,83424,True,False,False,False,False,False,False,True,False,False,False,False,False,False,False,False,False,False,False,True,17235
3.0,2009,58435,False,True,False,False,False,True,False,False,False,False,False,False,False,False,False,False,False,False,False,False,33433
1.4,2005,73586,True,False,False,False,False,False,False,False,False,False,True,False,False,False,False,False,False,False,True,False,11344
1.6,1991,254497,False,False,False,True,False,False,False,False,False,False,False,False,True,False,False,False,False,False,False,True,637
1.2,2005,64561,True,False,False,False,False,False,True,False,False,False,False,False,False,False,False,False,False,False,False,True,6469
1.0,2020,27476,True,False,False,False,False,False,True,False,False,False,False,False,False,False,False,False,False,False,False,True,20148
2.0,2009,150915,False,False,False,False,False,False,False,False,False,False,False,False,False,False,False,False,False,True,False,True,9185
1.4,2020,16348,False,False,True,False,False,False,False,False,False,False,False,False,False,True,False,False,False,False,True,False,45803
2.2,2002,140806,False,False,True,False,False,False,False,False,False,False,False,False,False,False,True,False,False,False,True,False,8699
1.8,1995,248297,True,False,False,False,False,False,False,False,False,False,True,False,False,False,False,False,False,False,False,False,1374
4.4,2010,41211,False,False,False,False,False,False,False,False,False,True,False,False,False,False,False,False,False,False,False,True,57778
5.0,2018,49770,False,False,False,False,False,False,False,False,False,True,False,False,False,False,False,False,False,False,False,True,99633
1.4,1996,170542,False,False,True,False,False,False,False,False,False,False,False,False,False,False,False,False,True,False,True,False,2381
1.0,1992,300279,True,False,False,False,False,False,True,False,False,False,False,False,False,False,False,False,False,False,False,True,341
1.0,2021,13497,True,False,False,False,False,False,False,True,False,False,False,False,False,False,False,False,False,False,False,True,33729
1.6,2018,36899,False,False,False,True,False,False,False,False,True,False,False,False,False,False,False,False,False,False,False,False,27007
2.0,1989,190579,False,False,False,True,False,False,False,False,False,False,False,True,False,False,False,False,False,False,False,False,1724
2.0,2003,128039,True,False,False,False,False,False,False,False,False,False,True,False,False,False,False,False,False,False,False,False,6971
1.2,2017,12095,False,False,False,True,False,False,False,False,True,False,False,False,False,False,False,False,False,False,False,True,23949
1.2,2009,62195,True,False,False,False,False,False,True,False,False,False,False,False,False,False,False,False,False,False,False,True,8577
1.4,1997,229330,True,False,False,False,False,False,False,False,False,False,True,False,False,False,False,False,False,False,False,False,1648
1.2,1999,201590,False,False,True,False,False,False,False,False,False,False,False,False,False,False,False,False,True,False,True,False,2058
1.0,1995,104346,True,False,False,False,False,False,False,True,False,False,False,False,False,False,False,False,False,False,False,True,3329
2.0,1989,246379,False,False,False,True,False,False,False,False,True,False,False,False,False,False,False,False,False,False,False,False,838
2.2,2002,118679,False,False,False,False,False,False,False,False,False,False,False,False,False,False,False,False,False,True,False,True,7801
1.0,2014,66022,True,False,False,False,False,False,True,False,False,False,False,False,False,False,False,False,False,False,False,True,10657
1.8,1994,209556,False,False,False,True,False,False,False,False,False,False,False,True,False,False,False,False,False,False,False,False,1931
1.6,1992,151956,False,False,False,True,False,False,False,False,False,False,False,True,False,False,False,False,False,False,False,True,2487
1.8,2017,38408,True,False,False,False,False,False,False,False,False,False,True,False,False,False,False,False,False,False,False,False,31331
1.6,1995,232243,True,False,False,False,False,False,False,False,False,False,True,False,False,False,False,False,False,False,True,False,1716
1.8,1993,133506,False,False,False,True,False,False,False,False,False,False,False,True,False,False,False,False,False,False,False,False,3436
1.0,2002,148741,True,False,False,False,False,False,True,False,False,False,False,False,False,False,False,False,False,False,False,True,2590
1.8,2004,108767,True,False,False,False,False,False,False,True,False,False,False,False,False,False,False,False,False,False,False,True,7875
1.2,2016,61226,True,False,False,False,False,False,True,False,False,False,False,False,False,False,False,False,False,False,False,True,13764
4.4,1991,131870,False,False,False,False,False,False,False,False,False,True,False,False,False,False,False,False,False,False,False,True,8623
1.0,1998,188757,True,False,False,False,False,False,True,False,False,False,False,False,False,False,False,False,False,False,False,True,1415
1.4,2006,111393,False,False,True,False,False,False,False,False,False,False,False,False,False,True,False,False,False,False,True,False,9693
1.8,2002,114828,False,False,True,False,False,False,False,False,False,False,False,False,False,False,True,False,False,False,True,False,9641
1.4,2013,120648,False,False,True,False,False,False,False,False,False,False,False,False,False,True,False,False,False,False,True,False,14405
1.0,2013,33674,False,False,True,False,False,False,False,False,False,False,False,False,False,False,False,False,True,False,False,True,14116
1.8,2004,34145,False,False,True,False,False,False,False,False,False,False,False,False,False,False,True,False,False,False,False,True,15838
1.6,2008,78582,True,False,False,False,False,False,False,True,False,False,False,False,False,False,False,False,False,False,False,True,12040
1.8,2017,19030,False,False,True,False,False,False,False,False,False,False,False,False,False,False,True,False,False,False,False,True,41045
1.8,1996,39298,True,False,False,False,False,False,False,False,False,False,True,False,False,False,False,False,False,False,False,False,7685
1.8,1991,120445,False,False,False,True,False,False,False,False,True,False,False,False,False,False,False,False,False,False,False,True,2544
1.8,2001,188499,True,False,False,False,False,False,False,True,False,False,False,False,False,False,False,False,False,False,False,False,3540
1.4,1992,102046,True,False,False,False,False,False,False,False,False,False,True,False,False,False,False,False,False,False,False,False,3412
1.8,2009,101889,True,False,False,False,False,False,False,False,False,False,True,False,False,False,False,False,False,False,False,False,12033
1.2,2008,80250,True,False,False,False,False,False,True,False,False,False,False,False,False,False,False,False,False,False,False,True,7109
2.0,2002,147937,False,False,False,True,False,False,False,False,False,False,False,True,False,False,False,False,False,False,False,False,5877
1.4,1992,138339,True,False,False,False,False,False,False,False,False,False,True,False,False,False,False,False,False,False,False,False,2582
2.4,2011,58602,False,False,False,False,False,False,False,False,False,False,False,False,False,False,False,False,False,True,False,True,22702
1.6,2013,83163,False,False,False,True,False,False,False,False,False,False,False,True,False,False,False,False,False,False,False,False,17894
1.4,1989,165474,False,False,True,False,False,False,False,False,False,False,False,False,False,True,False,False,False,False,True,False,2026
1.4,1993,155787,True,False,False,False,False,False,False,False,False,False,True,False,False,False,False,False,False,False,False,False,2395
1.6,2007,10141,False,False,False,True,False,False,False,False,False,False,False,False,True,False,False,False,False,False,False,True,12088
1.8,1999,178179,False,False,False,True,False,False,False,False,False,False,False,True,False,False,False,False,False,False,False,False,3545
1.4,2011,54291,False,False,False,True,False,False,False,False,True,False,False,False,False,False,False,False,False,False,False,True,13564
1.6,2016,34844,False,False,False,True,False,False,False,False,True,False,False,False,False,False,False,False,False,False,False,False,23924
1.4,1995,229700,False,False,False,True,False,False,False,False,True,False,False,False,False,False,False,False,False,False,False,True,1160
2.4,2018,37033,False,False,False,False,False,False,False,False,False,False,False,False,False,False,False,True,False,False,False,False,45597
1.6,1992,335933,False,False,False,True,False,False,False,False,False,False,False,True,False,False,False,False,False,False,False,False,488
4.0,2009,91165,False,False,False,False,False,False,False,False,False,True,False,False,False,False,False,False,False,False,False,True,37081
1.8,1994,125683,False,False,True,False,False,False,False,False,False,False,False,False,False,True,False,False,False,False,True,False,4426
1.6,1986,95040,True,False,False,False,False,False,False,True,False,False,False,False,False,False,False,False,False,False,True,False,2968
1.4,2017,21263,False,False,False,True,False,False,False,False,False,False,False,False,True,False,False,False,False,False,False,True,20741
1.4,2010,41399,False,False,False,True,False,False,False,False,False,False,False,True,False,False,False,False,False,False,False,False,17981
1.4,2015,82551,True,False,False,False,False,False,False,True,False,False,False,False,False,False,False,False,False,False,False,True,17474
1.8,2012,15644,False,False,True,False,False,False,False,False,False,False,False,False,False,False,True,False,False,False,True,False,35947
2.4,2009,97742,False,True,False,False,False,False,False,False,False,False,False,False,False,False,False,False,False,False,False,True,18372
1.4,2017,43866,False,False,False,True,False,False,False,False,True,False,False,False,False,False,False,False,False,False,False,False,22667
1.8,2002,70532,False,False,True,False,False,False,False,False,False,False,False,False,False,True,False,False,False,False,True,False,11262
1.6,2018,26777,True,False,False,False,False,False,False,False,False,False,True,False,False,False,False,False,False,False,False,False,33782
1.4,2007,42351,False,False,True,False,False,False,False,False,False,False,False,False,False,False,False,False,True,False,False,True,10634
2.4,2003,40817,False,True,False,False,False,False,False,False,False,False,False,False,False,False,False,False,False,False,False,True,17989
1.6,1990,188185,False,False,False,True,False,False,False,False,True,False,False,False,False,False,False,False,False,False,False,False,1350
1.4,1990,284705,False,False,True,False,False,False,False,False,False,False,False,False,False,False,False,False,True,False,True,False,569
1.2,2021,11541,True,False,False,False,False,False,True,False,False,False,False,False,False,False,False,False,False,False,False,True,25748
1.0,1994,135155,False,False,False,True,False,False,False,False,False,False,False,False,True,False,False,False,False,False,False,True,1740
1.2,2007,157482,False,False,True,False,False,False,False,False,False,False,False,False,False,False,False,False,True,False,False,True,4268
4.0,1992,20670,False,False,False,False,False,False,False,False,False,True,False,False,False,False,False,False,False,False,False,True,18679
1.4,1993,161383,False,False,False,True,False,False,False,False,False,False,False,False,True,False,False,False,False,False,False,True,1555
2.4,1987,184234,False,False,False,False,False,False,False,False,False,False,False,False,False,False,False,False,False,True,False,True,1753
1.4,1991,140870,False,False,False,True,False,False,False,False,False,False,False,False,True,False,False,False,False,False,False,True,1610
1.8,1991,135246,False,False,False,True,False,False,False,False,False,False,False,True,False,False,False,False,False,False,False,False,2966
1.8,1998,173144,True,False,False,False,False,False,False,False,False,False,True,False,False,False,False,False,False,False,False,False,3277
1.2,1996,198793,False,False,False,True,False,False,False,False,False,False,False,False,True,False,False,False,False,False,False,True,1276
1.8,1993,119392,True,False,False,False,False,False,False,True,False,False,False,False,False,False,False,False,False,False,False,False,3664
1.6,2008,90199,False,False,False,True,False,False,False,False,False,False,False,False,True,False,False,False,False,False,False,True,7857
1.2,1989,122306,False,False,False,True,False,False,False,False,False,False,False,False,True,False,False,False,False,False,False,False,1586
1.0,2010,37981,True,False,False,False,False,False,True,False,False,False,False,False,False,False,False,False,False,False,False,True,9731
2.0,1991,270612,True,False,False,False,False,False,False,False,False,False,True,False,False,False,False,False,False,False,False,False,901
1.8,1999,113809,False,False,True,False,False,False,False,False,False,False,False,False,False,False,True,False,False,False,True,False,7954
1.4,2022,2164,True,False,False,False,False,False,False,False,False,False,True,False,False,False,False,False,False,False,False,False,47076
2.2,2011,106516,False,False,False,False,False,False,False,False,False,False,False,False,False,False,False,False,False,True,False,True,15582
2.0,2004,106361,False,False,False,True,False,False,False,False,False,False,False,True,False,False,False,False,False,False,False,False,9290
1.4,1992,258542,True,False,False,False,False,False,True,False,False,False,False,False,False,False,False,False,False,False,False,True,598
2.0,2001,195599,True,False,False,False,False,False,False,False,False,False,True,False,False,False,False,False,False,False,True,False,3972
1.4,1988,229357,False,False,True,False,False,False,False,False,False,False,False,False,False,False,False,False,True,False,True,False,832
1.4,2006,85522,False,False,True,False,False,False,False,False,False,False,False,False,False,True,False,False,False,False,True,False,11701
2.0,2015,58451,False,False,False,False,False,False,False,False,False,False,False,False,False,False,False,True,False,False,False,False,29860
2.0,1998,169937,False,False,False,False,False,False,False,False,False,False,False,False,False,False,False,False,False,True,False,True,3765
2.4,2005,136891,False,False,False,False,False,False,False,False,False,False,False,False,False,False,False,True,False,False,False,False,9516
2.2,2017,34171,False,False,True,False,False,False,False,False,False,False,False,False,False,False,True,False,False,False,True,False,49980
1.6,2020,29780,False,False,False,True,False,False,False,False,True,False,False,False,False,False,False,False,False,False,False,True,30634
2.4,2009,102024,False,True,False,False,False,False,False,False,False,False,False,False,False,False,False,False,False,False,False,True,17806
1.2,1992,168805,False,False,True,False,False,False,False,False,False,False,False,False,False,False,False,False,True,False,True,False,1713
1.6,2016,59106,False,False,False,True,False,False,False,False,False,False,False,False,True,False,False,False,False,False,False,True,16537
1.0,2007,132671,True,False,False,False,False,False,True,False,False,False,False,False,False,False,False,False,False,False,False,True,4113
4.0,2002,143420,False,True,False,False,False,False,False,False,False,False,False,False,False,False,False,False,False,False,False,True,10469
1.2,1999,239258,True,False,False,False,False,False,True,False,False,False,False,False,False,False,False,False,False,False,False,True,1055
1.6,2014,27302,False,False,False,True,False,False,False,False,False,False,False,True,False,False,False,False,False,False,False,False,27255
1.0,2007,66621,True,False,False,False,False,False,True,False,False,False,False,False,False,False,False,False,False,False,False,True,6656
1.6,1999,98986,True,False,False,False,False,False,False,False,False,False,True,False,False,False,False,False,False,False,False,False,5949
5.0,2007,78470,False,False,False,False,False,False,False,False,False,True,False,False,False,False,False,False,False,False,False,True,39655
2.2,1990,175333,False,False,True,False,False,False,False,False,False,False,False,False,False,False,True,False,False,False,True,False,2936
2.0,1990,143865,True,False,False,False,False,False,False,False,False,False,True,False,False,False,False,False,False,False,False,False,2583
4.0,1991,88701,False,False,False,False,False,False,False,False,False,True,False,False,False,False,False,False,False,False,False,True,11366
2.0,2016,21917,False,False,False,True,False,False,False,False,False,False,False,False,True,False,False,False,False,False,False,True,23108
1.0,1995,205148,True,False,False,False,False,False,False,True,False,False,False,False,False,False,False,False,False,False,False,True,1455
1.4,2006,116901,False,False,False,True,False,False,False,False,False,False,False,True,False,False,False,False,False,False,False,True,7812
2.0,2005,133491,True,False,False,False,False,False,False,False,False,False,True,False,False,False,False,False,False,False,False,False,7631
1.4,2000,149597,True,False,False,False,False,False,False,True,False,False,False,False,False,False,False,False,False,False,False,False,4055
1.0,1996,275870,True,False,False,False,False,False,False,True,False,False,False,False,False,False,False,False,False,False,False,True,814
1.2,2011,70494,False,False,False,True,False,False,False,False,True,False,False,False,False,False,False,False,False,False,False,False,11866
2.0,1996,127923,False,False,False,True,False,False,False,False,False,False,False,True,False,False,False,False,False,False,False,False,4623
1.2,2010,69984,False,False,True,False,False,False,False,False,False,False,False,False,False,False,False,False,True,False,True,False,12102
1.6,1995,149511,False,False,False,True,False,False,False,False,True,False,False,False,False,False,False,False,False,False,True,False,2984
2.0,1993,46537,True,False,False,False,False,False,False,False,False,False,True,False,False,False,False,False,False,False,False,False,6348
2.0,1991,185596,True,False,False,False,False,False,False,True,False,False,False,False,False,False,False,False,False,False,True,False,2245
2.0,2001,95183,True,False,False,False,False,False,False,False,False,False,True,False,False,False,False,False,False,False,False,False,7813
1.2,2017,30156,False,False,False,True,False,False,False,False,False,False,False,False,True,False,False,False,False,False,False,True,18264
1.4,2004,68593,False,False,True,False,False,False,False,False,False,False,False,False,False,False,False,False,True,False,False,True,7369
1.6,1991,293339,True,False,False,False,False,False,False,True,False,False,False,False,False,False,False,False,False,False,False,True,625
2.0,2011,39273,False,False,True,False,False,False,False,False,False,False,False,False,False,False,True,False,False,False,True,False,30995
1.8,2009,56367,False,False,False,True,False,False,False,False,True,False,False,False,False,False,False,False,False,False,False,False,13948
2.4,1997,95335,False,False,True,False,False,False,False,False,False,False,False,False,False,False,True,False,False,False,True,False,9216
1.4,2007,67009,False,False,False,True,False,False,False,False,True,False,False,False,False,False,False,False,False,False,True,False,11482
1.4,2007,62327,True,False,False,False,False,False,False,False,False,False,True,False,False,False,False,False,False,False,False,False,12221
1.0,2002,124592,True,False,False,False,False,False,True,False,False,False,False,False,False,False,False,False,False,False,False,True,3140
1.0,1987,193576,True,False,False,False,False,False,True,False,False,False,False,False,False,False,False,False,False,False,True,False,782
1.4,2015,67415,True,False,False,False,False,False,False,True,False,False,False,False,False,False,False,False,False,False,False,True,19366
1.4,2000,121447,False,False,False,True,False,False,False,False,False,False,False,True,False,False,False,False,False,False,False,True,5057
1.4,2015,57649,True,False,False,False,False,False,False,False,False,False,True,False,False,False,False,False,False,False,False,False,21472
1.6,1999,133576,True,False,False,False,False,False,False,True,False,False,False,False,False,False,False,False,False,False,False,True,4394
4.0,1999,164944,False,True,False,False,False,True,False,False,False,False,False,False,False,False,False,False,False,False,False,True,8500
1.4,2006,83062,False,False,True,False,False,False,False,False,False,False,False,False,False,False,False,False,True,False,True,False,9157
1.0,1991,193568,False,False,False,True,False,False,False,False,False,False,False,False,True,False,False,False,False,False,False,True,873
1.4,2017,20791,True,False,False,False,False,False,True,False,False,False,False,False,False,False,False,False,False,False,True,False,24315
1.2,1998,99559,False,False,True,False,False,False,False,False,False,False,False,False,False,False,False,False,True,False,True,False,4421
2.4,2010,76998,False,False,False,False,False,False,False,False,False,False,False,False,False,False,False,True,False,False,False,False,20726
3.0,2006,90361,False,True,False,False,False,True,False,False,False,False,False,False,False,False,False,False,False,False,False,True,20998
3.0,2001,96340,False,True,False,False,True,False,False,False,False,False,False,False,False,False,False,False,False,False,False,True,21473
2.2,2001,127880,False,False,True,False,False,False,False,False,False,False,False,False,False,False,True,False,False,False,True,False,9016
2.2,2014,66277,False,False,False,False,False,False,False,False,False,False,False,False,False,False,False,False,False,True,False,True,25254
1.8,2007,115970,True,False,False,False,False,False,False,False,False,False,True,False,False,False,False,False,False,False,False,True,9026
1.6,2010,53684,False,False,False,True,False,False,False,False,True,False,False,False,False,False,False,False,False,False,False,True,13618
1.6,1990,302024,False,False,False,True,False,False,False,False,False,False,False,True,False,False,False,False,False,False,False,False,592
1.4,2009,30260,False,False,False,True,False,False,False,False,False,False,False,False,True,False,False,False,False,False,False,True,11566
1.0,2015,33182,False,False,True,False,False,False,False,False,False,False,False,False,False,True,False,False,False,False,True,False,25235
1.8,1995,228748,False,False,True,False,False,False,False,False,False,False,False,False,False,False,True,False,False,False,True,False,2313
1.8,2009,108749,True,False,False,False,False,False,False,True,False,False,False,False,False,False,False,False,False,False,False,True,10992
1.0,2021,14849,False,False,True,False,False,False,False,False,False,False,False,False,False,True,False,False,False,False,True,False,41715
1.0,2011,60407,False,False,True,False,False,False,False,False,False,False,False,False,False,True,False,False,False,False,True,False,16349
1.4,1995,207999,True,False,False,False,False,False,False,True,False,False,False,False,False,False,False,False,False,False,False,True,1679
1.8,2015,31851,False,False,True,False,False,False,False,False,False,False,False,False,False,False,True,False,False,False,True,False,40103
2.0,2005,110717,False,True,False,False,False,False,False,False,False,False,False,False,False,False,False,False,False,False,False,True,11671
1.6,2014,33219,True,False,False,False,False,False,False,True,False,False,False,False,False,False,False,False,False,False,False,False,25164
2.2,1999,145258,False,False,False,False,False,False,False,False,False,False,False,False,False,False,False,False,False,True,False,True,5179
2.2,1999,186593,False,False,True,False,False,False,False,False,False,False,False,False,False,False,True,False,False,False,True,False,4856
2.4,1987,64363,False,False,False,False,False,False,False,False,False,False,False,False,False,False,False,True,False,False,False,True,4636
1.8,2000,152700,True,False,False,False,False,False,False,False,False,False,True,False,False,False,False,False,False,False,True,False,5077
2.0,2007,93930,False,False,True,False,False,False,False,False,False,False,False,False,False,False,True,False,False,False,True,False,16553
1.4,2014,63372,True,False,False,False,False,False,False,False,False,False,True,False,False,False,False,False,False,False,False,False,19357
1.6,1998,143844,False,False,False,True,False,False,False,False,False,False,False,False,True,False,False,False,False,False,False,True,2680
1.0,1986,184102,False,False,True,False,False,False,False,False,False,False,False,False,False,True,False,False,False,False,True,False,1196
2.0,2009,104527,False,False,False,False,False,False,False,False,False,False,False,False,False,False,False,True,False,False,False,False,14548
2.4,2013,54808,False,False,True,False,False,False,False,False,False,False,False,False,False,False,True,False,False,False,True,False,35258
1.4,2011,78921,False,False,False,True,False,False,False,False,False,False,False,False,True,False,False,False,False,False,False,True,9714
1.0,2018,7799,False,False,False,True,False,False,False,False,False,False,False,False,True,False,False,False,False,False,False,True,20141
2.6,2016,36980,False,True,False,False,True,False,False,False,False,False,False,False,False,False,False,False,False,False,False,True,80387
2.0,2006,73586,False,False,False,True,False,False,False,False,False,False,False,False,True,False,False,False,False,False,False,True,8627
2.0,2017,37354,False,False,False,True,False,False,False,False,True,False,False,False,False,False,False,False,False,False,False,False,28172
5.0,2011,51409,False,False,False,False,False,False,False,False,False,True,False,False,False,False,False,False,False,False,False,True,61843
4.0,2020,23696,False,False,False,False,False,False,False,False,False,True,False,False,False,False,False,False,False,False,False,True,118780
1.4,1998,155427,False,False,True,False,False,False,False,False,False,False,False,False,False,True,False,False,False,False,True,False,4014
1.4,2008,77183,False,False,True,False,False,False,False,False,False,False,False,False,False,False,False,False,True,False,False,True,9080
1.0,2009,37668,True,False,False,False,False,False,False,True,False,False,False,False,False,False,False,False,False,False,False,False,13886
1.4,2011,102212,True,False,False,False,False,False,False,False,False,False,True,False,False,False,False,False,False,False,False,False,12097
1.8,2006,73873,True,False,False,False,False,False,False,True,False,False,False,False,False,False,False,False,False,False,False,True,11541
1.8,2018,34619,False,False,True,False,False,False,False,False,False,False,False,False,False,False,True,False,False,False,True,False,48198
2.0,1993,79051,False,False,False,True,False,False,False,False,False,False,False,True,False,False,False,False,False,False,False,True,5167
2.2,2013,34972,False,False,True,False,False,False,False,False,False,False,False,False,False,False,True,False,False,False,False,True,31751
1.0,2013,51954,False,False,True,False,False,False,False,False,False,False,False,False,False,True,False,False,False,False,True,False,19715
1.2,2016,64774,False,False,False,True,False,False,False,False,False,False,False,False,True,False,False,False,False,False,False,True,13803
1.4,2006,151107,True,False,False,False,False,False,False,False,False,False,True,False,False,False,False,False,False,False,False,False,5921
1.0,1993,179395,True,False,False,False,False,False,True,False,False,False,False,False,False,False,False,False,False,False,False,True,1099
1.4,1992,124315,False,False,False,True,False,False,False,False,False,False,False,False,True,False,False,False,False,False,False,True,1962
2.4,1999,165244,False,True,False,False,False,False,False,False,False,False,False,False,False,False,False,False,False,False,False,True,5547
1.6,2011,71606,False,False,False,True,False,False,False,False,False,False,False,False,True,False,False,False,False,False,False,True,10914
1.8,2008,61252,True,False,False,False,False,False,False,False,False,False,True,False,False,False,False,False,False,False,False,False,14917
1.0,1992,100693,False,False,True,False,False,False,False,False,False,False,False,False,False,True,False,False,False,False,True,False,3488
2.0,1994,198931,False,False,False,True,False,False,False,False,True,False,False,False,False,False,False,False,False,False,False,False,1794
1.4,2012,67071,False,False,True,False,False,False,False,False,False,False,False,False,False,True,False,False,False,False,True,False,19797
2.0,1999,271320,False,False,False,True,False,False,False,False,True,False,False,False,False,False,False,False,False,False,True,False,1479
1.8,2004,156820,False,False,True,False,False,False,False,False,False,False,False,False,False,True,False,False,False,False,True,False,6713
1.6,2011,108039,True,False,False,False,False,False,False,False,False,False,True,False,False,False,False,False,False,False,False,False,12386
1.4,1994,109081,True,False,False,False,False,False,False,True,False,False,False,False,False,False,False,False,False,False,False,True,3557
1.6,2009,74875,False,False,False,True,False,False,False,False,False,False,False,True,False,False,False,False,False,False,False,False,14510
2.0,2015,52088,False,False,False,True,False,False,False,False,False,False,False,True,False,False,False,False,False,False,False,True,26749
2.0,2009,49786,False,True,False,False,False,False,False,False,False,False,False,False,False,False,False,False,False,False,False,True,23191
2.6,2001,120357,False,True,False,False,True,False,False,False,False,False,False,False,False,False,False,False,False,False,False,True,16707
1.6,2006,117158,True,False,False,False,False,False,False,False,False,False,True,False,False,False,False,False,False,False,False,False,8284
1.4,2009,91692,True,False,False,False,False,False,True,False,False,False,False,False,False,False,False,False,False,False,False,True,7574
1.2,2001,133337,False,False,True,False,False,False,False,False,False,False,False,False,False,False,False,False,True,False,False,True,3479
1.4,2000,77195,True,False,False,False,False,False,True,False,False,False,False,False,False,False,False,False,False,False,False,True,4600
1.2,1995,212113,True,False,False,False,False,False,True,False,False,False,False,False,False,False,False,False,False,False,False,True,1033
2.0,2019,14969,True,False,False,False,False,False,False,True,False,False,False,False,False,False,False,False,False,False,False,False,43489
3.5,2020,25615,False,True,False,False,True,False,False,False,False,False,False,False,False,False,False,False,False,False,False,True,130033
1.2,1985,290376,True,False,False,False,False,False,True,False,False,False,False,False,False,False,False,False,False,False,False,True,257
1.0,1992,237910,False,False,True,False,False,False,False,False,False,False,False,False,False,True,False,False,False,False,True,False,1105
1.4,2007,95667,True,False,False,False,False,False,False,True,False,False,False,False,False,False,False,False,False,False,False,True,9341
4.0,2007,67288,False,True,False,False,False,False,False,False,False,False,False,False,False,False,False,False,False,False,False,True,25651
1.8,2003,72721,False,False,False,True,False,False,False,False,True,False,False,False,False,False,False,False,False,False,False,True,7999
1.0,1997,158588,False,False,True,False,False,False,False,False,False,False,False,False,False,False,False,False,True,False,False,True,1982
1.4,2019,17934,True,False,False,False,False,False,False,False,False,False,True,False,False,False,False,False,False,False,False,True,33790
1.2,2003,159705,True,False,False,False,False,False,True,False,False,False,False,False,False,False,False,False,False,False,False,True,2771
1.0,2016,41740,True,False,False,False,False,False,False,True,False,False,False,False,False,False,False,False,False,False,False,True,20583
1.8,2019,23855,True,False,False,False,False,False,False,False,False,False,True,False,False,False,False,False,False,False,False,False,38936
1.2,1994,127964,False,False,False,True,False,False,False,False,False,False,False,False,True,False,False,False,False,False,False,False,2118
1.8,2010,47792,True,False,False,False,False,False,False,False,False,False,True,False,False,False,False,False,False,False,False,False,18561
2.0,1996,145277,True,False,False,False,False,False,False,False,False,False,True,False,False,False,False,False,False,False,False,False,3810
1.6,1988,219433,False,False,False,True,False,False,False,False,False,False,False,False,True,False,False,False,False,False,False,True,719
1.0,2010,97159,False,False,True,False,False,False,False,False,False,False,False,False,False,False,False,False,True,False,True,False,9140
2.0,2012,60192,False,False,False,True,False,False,False,False,False,False,False,False,True,False,False,False,False,False,False,True,14062
1.4,2015,52505,False,False,False,True,False,False,False,False,False,False,False,False,True,False,False,False,False,False,False,True,15092
2.0,1989,74909,True,False,False,False,False,False,False,True,False,False,False,False,False,False,False,False,False,False,False,True,3889
1.4,2000,143716,True,False,False,False,False,False,False,False,False,False,True,False,False,False,False,False,False,False,False,False,4215
1.8,2006,134560,False,False,True,False,False,False,False,False,False,False,False,False,False,True,False,False,False,False,True,False,9187
1.2,1992,138809,True,False,False,False,False,False,True,False,False,False,False,False,False,False,False,False,False,False,False,True,1578
4.0,2017,30277,False,False,False,False,False,False,False,False,False,True,False,False,False,False,False,False,False,False,False,True,93686
1.4,2021,10723,True,False,False,False,False,False,True,False,False,False,False,False,False,False,False,False,False,False,False,True,27931
1.4,2016,53375,False,False,True,False,False,False,False,False,False,False,False,False,False,False,False,False,True,False,True,False,21722
1.4,2021,15358,True,False,False,False,False,False,False,True,False,False,False,False,False,False,False,False,False,False,False,True,39513
4.0,2010,73374,False,False,False,False,False,False,False,False,False,True,False,False,False,False,False,False,False,False,False,True,44852
1.6,2007,159865,False,False,False,True,False,False,False,False,False,False,False,True,False,False,False,False,False,False,False,True,6334
2.2,1987,366648,False,True,False,False,True,False,False,False,False,False,False,False,False,False,False,False,False,False,False,True,652
1.6,1999,67194,False,False,False,True,False,False,False,False,True,False,False,False,False,False,False,False,False,False,False,False,6293
2.0,2008,99161,False,False,False,True,False,False,False,False,True,False,False,False,False,False,False,False,False,False,False,False,10262
1.2,2001,74338,True,False,False,False,False,False,True,False,False,False,False,False,False,False,False,False,False,False,False,True,4642
1.0,2010,77265,True,False,False,False,False,False,True,False,False,False,False,False,False,False,False,False,False,False,False,True,7569
1.8,1993,185895,True,False,False,False,False,False,False,True,False,False,False,False,False,False,False,False,False,False,False,True,2023
1.4,1998,174198,True,False,False,False,False,False,True,False,False,False,False,False,False,False,False,False,False,False,False,True,1898
1.4,2006,92795,False,False,True,False,False,False,False,False,False,False,False,False,False,False,False,False,True,False,True,False,8548
2.0,2019,28243,True,False,False,False,False,False,False,False,False,False,True,False,False,False,False,False,False,False,True,False,45758
2.0,1999,188922,False,False,False,True,False,False,False,False,False,False,False,False,True,False,False,False,False,False,False,False,2303
1.0,1991,311798,False,False,False,True,False,False,False,False,False,False,False,False,True,False,False,False,False,False,False,True,293
1.2,1985,149258,True,False,False,False,False,False,True,False,False,False,False,False,False,False,False,False,False,False,True,False,1091
1.0,1993,134333,False,False,False,True,False,False,False,False,False,False,False,False,True,False,False,False,False,False,False,False,1720
1.0,2005,112157,False,False,True,False,False,False,False,False,False,False,False,False,False,True,False,False,False,False,True,False,7620
1.8,1994,357576,True,False,False,False,False,False,False,False,False,False,True,False,False,False,False,False,False,False,False,False,454
1.8,2012,24006,True,False,False,False,False,False,False,False,False,False,True,False,False,False,False,False,False,False,False,True,23234
1.6,1997,13000,False,False,False,True,False,False,False,False,True,False,False,False,False,False,False,False,False,False,False,True,7254
1.4,2003,69083,False,False,True,False,False,False,False,False,False,False,False,False,False,True,False,False,False,False,True,False,10720
2.0,1997,125292,False,False,True,False,False,False,False,False,False,False,False,False,False,False,True,False,False,False,True,False,6719
1.4,1989,275414,True,False,False,False,False,False,True,False,False,False,False,False,False,False,False,False,False,False,False,True,418
2.0,2010,27118,False,False,False,True,False,False,False,False,True,False,False,False,False,False,False,False,False,False,True,False,21424
2.0,1995,160516,False,False,True,False,False,False,False,False,False,False,False,False,False,False,True,False,False,False,True,False,4426
4.4,1994,252941,False,False,False,False,False,False,False,False,False,True,False,False,False,False,False,False,False,False,False,True,3684
2.6,2017,45782,False,True,False,False,False,True,False,False,False,False,False,False,False,False,False,False,False,False,False,False,57438
1.0,2011,37743,True,False,False,False,False,False,True,False,False,False,False,False,False,False,False,False,False,False,False,True,10417
1.6,2008,59315,False,False,False,True,False,False,False,False,True,False,False,False,False,False,False,False,False,False,False,True,11497
4.0,2007,80642,False,True,False,False,False,True,False,False,False,False,False,False,False,False,False,False,False,False,False,False,29135
1.8,2020,10330,True,False,False,False,False,False,False,False,False,False,True,False,False,False,False,False,False,False,False,False,44790
1.4,2003,110159,False,False,True,False,False,False,False,False,False,False,False,False,False,True,False,False,False,False,True,False,8010
3.0,1998,127972,False,False,False,False,False,False,False,False,False,False,False,False,False,False,False,False,False,True,False,True,6493
1.2,1993,274706,False,False,True,False,False,False,False,False,False,False,False,False,False,False,False,False,True,False,True,False,707
2.0,2000,133822,False,False,True,False,False,False,False,False,False,False,False,False,False,False,True,False,False,False,False,True,6396
2.6,1996,249291,False,True,False,False,True,False,False,False,False,False,False,False,False,False,False,False,False,False,False,True,3959
1.4,1996,123958,False,False,True,False,False,False,False,False,False,False,False,False,False,True,False,False,False,False,True,False,4521
1.8,1998,143694,False,False,False,True,False,False,False,False,False,False,False,True,False,False,False,False,False,False,False,False,4420
2.4,2007,84982,False,True,False,False,False,False,False,False,False,False,False,False,False,False,False,False,False,False,False,True,17612
2.0,1995,182372,False,True,False,False,False,False,False,False,False,False,False,False,False,False,False,False,False,False,False,True,3352
1.8,2015,47430,False,False,True,False,False,False,False,False,False,False,False,False,False,False,True,False,False,False,True,False,36536
1.2,1993,122626,False,False,True,False,False,False,False,False,False,False,False,False,False,False,False,False,True,False,True,False,2663
3.0,2017,12739,False,False,False,False,False,False,False,False,False,False,False,False,False,False,False,False,False,True,False,True,49584
1.0,1994,147300,False,False,True,False,False,False,False,False,False,False,False,False,False,False,False,False,True,False,False,True,1780
1.0,2009,102977,False,False,True,False,False,False,False,False,False,False,False,False,False,True,False,False,False,False,True,False,10653
2.2,2001,155456,False,True,False,False,True,False,False,False,False,False,False,False,False,False,False,False,False,False,False,True,11613
1.6,2004,133924,True,False,False,False,False,False,False,False,False,False,True,False,False,False,False,False,False,False,False,False,6363
3.0,2018,18677,False,False,False,False,False,False,False,False,False,False,False,False,False,False,False,False,False,True,False,True,51332
2.0,2009,83534,False,True,False,False,False,False,False,False,False,False,False,False,False,False,False,False,False,False,False,True,18558
4.0,2016,35712,False,False,False,False,False,False,False,False,False,True,False,False,False,False,False,False,False,False,False,True,84916
1.0,1996,97127,True,False,False,False,False,False,True,False,False,False,False,False,False,False,False,False,False,False,False,True,2587
1.6,1995,56143,False,False,False,True,False,False,False,False,False,False,False,False,True,False,False,False,False,False,False,True,4156
2.4,2004,71356,False,False,False,False,False,False,False,False,False,False,False,False,False,False,False,False,False,True,False,True,13092
1.2,2010,83144,True,False,False,False,False,False,True,False,False,False,False,False,False,False,False,False,False,False,False,True,7961
1.0,1989,67549,False,False,True,False,False,False,False,False,False,False,False,False,False,True,False,False,False,False,True,False,3599
2.0,2018,29084,False,False,False,True,False,False,False,False,False,False,False,False,True,False,False,False,False,False,False,True,25359
1.6,1990,274282,False,False,False,True,False,False,False,False,False,False,False,False,True,False,False,False,False,False,False,True,495
2.0,2017,17944,False,True,False,False,False,False,False,False,False,False,False,False,False,False,False,False,False,False,False,True,47606
2.0,1993,176355,True,False,False,False,False,False,False,True,False,False,False,False,False,False,False,False,False,False,False,True,2314
1.8,1997,214573,False,False,True,False,False,False,False,False,False,False,False,False,False,False,True,False,False,False,True,False,3004
2.0,1996,192345,False,False,False,False,False,False,False,False,False,False,False,False,False,False,False,True,False,False,False,False,2996
1.4,2018,24879,False,False,False,True,False,False,False,False,False,False,False,True,False,False,False,False,False,False,False,False,33745
1.8,1994,111420,False,False,True,False,False,False,False,False,False,False,False,False,False,True,False,False,False,False,True,False,4937
1.8,2002,107090,False,False,True,False,False,False,False,False,False,False,False,False,False,True,False,False,False,False,True,False,8694
1.4,2016,38867,False,False,True,False,False,False,False,False,False,False,False,False,False,False,False,False,True,False,True,False,23743
1.0,2005,143995,True,False,False,False,False,False,True,False,False,False,False,False,False,False,False,False,False,False,False,True,3288
1.4,2002,92475,True,False,False,False,False,False,False,True,False,False,False,False,False,False,False,False,False,False,False,True,6848
1.4,2004,125953,False,False,True,False,False,False,False,False,False,False,False,False,False,False,False,False,True,False,False,True,4864
5.0,1995,234128,False,False,False,False,False,False,False,False,False,True,False,False,False,False,False,False,False,False,False,True,4991
1.8,2011,51067,False,False,True,False,False,False,False,False,False,False,False,False,False,False,True,False,False,False,True,False,27360
1.2,1985,199231,False,False,True,False,False,False,False,False,False,False,False,False,False,False,False,False,True,False,True,False,826
2.0,2008,98891,False,False,False,True,False,False,False,False,False,False,False,True,False,False,False,False,False,False,False,True,12204
1.4,2002,113397,True,False,False,False,False,False,False,True,False,False,False,False,False,False,False,False,False,False,False,True,5870
2.2,2002,131707,False,False,True,False,False,False,False,False,False,False,False,False,False,False,True,False,False,False,True,False,9353
1.2,2008,112062,False,False,False,True,False,False,False,False,True,False,False,False,False,False,False,False,False,False,False,False,7223
1.6,1997,73240,False,False,False,True,False,False,False,False,True,False,False,False,False,False,False,False,False,False,False,False,5289
1.0,1993,110737,False,False,True,False,False,False,False,False,False,False,False,False,False,True,False,False,False,False,True,False,3460
2.0,2002,121334,False,True,False,False,False,False,False,False,False,False,False,False,False,False,False,False,False,False,False,True,8813
1.4,2011,60005,False,False,True,False,False,False,False,False,False,False,False,False,False,False,False,False,True,False,True,False,14919
2.0,1995,178186,False,False,False,False,False,False,False,False,False,False,False,False,False,False,False,True,False,False,False,False,3168
2.0,1994,189596,False,True,False,False,False,False,False,False,False,False,False,False,False,False,False,False,False,False,False,True,2946
1.8,1992,258529,False,False,True,False,False,False,False,False,False,False,False,False,False,False,True,False,False,False,True,False,1440
1.2,2010,90989,False,False,False,True,False,False,False,False,False,False,False,False,True,False,False,False,False,False,False,True,7731
1.4,2009,88742,True,False,False,False,False,False,False,False,False,False,True,False,False,False,False,False,False,False,False,False,11668
3.0,2010,78030,False,False,False,False,False,False,False,False,False,False,False,False,False,False,False,False,False,True,False,True,20870
2.0,1992,177155,True,False,False,False,False,False,False,False,False,False,True,False,False,False,False,False,False,False,False,False,2237
1.4,2009,100426,False,False,True,False,False,False,False,False,False,False,False,False,False,True,False,False,False,False,True,False,12843
1.0,2002,132942,False,False,True,False,False,False,False,False,False,False,False,False,False,True,False,False,False,False,True,False,5312
1.8,1996,149828,False,False,False,True,False,False,False,False,True,False,False,False,False,False,False,False,False,False,False,False,2953
1.4,2019,35120,True,False,False,False,False,False,False,True,False,False,False,False,False,False,False,False,False,False,False,True,30941
1.8,2005,119587,False,False,True,False,False,False,False,False,False,False,False,False,False,False,True,False,False,False,False,True,9462
1.2,1996,203459,False,False,False,True,False,False,False,False,True,False,False,False,False,False,False,False,False,False,False,True,1453
2.2,2011,86841,False,False,True,False,False,False,False,False,False,False,False,False,False,False,True,False,False,False,False,True,19866
2.0,2017,23013,False,False,False,True,False,False,False,False,True,False,False,False,False,False,False,False,False,False,False,True,29136
1.4,1994,200563,False,False,True,False,False,False,False,False,False,False,False,False,False,False,False,False,True,False,True,False,1607
1.2,2011,86109,True,False,False,False,False,False,True,False,False,False,False,False,False,False,False,False,False,False,False,True,8335
1.4,2008,94275,True,False,False,False,False,False,False,False,False,False,True,False,False,False,False,False,False,False,False,False,10493
1.8,1991,267533,False,False,True,False,False,False,False,False,False,False,False,False,False,True,False,False,False,False,True,False,1054
4.4,2015,28583,False,False,False,False,False,False,False,False,False,True,False,False,False,False,False,False,False,False,False,True,86833
1.4,2015,33606,False,False,False,True,False,False,False,False,True,False,False,False,False,False,False,False,False,False,False,False,21087
1.4,2006,87776,True,False,False,False,False,False,False,False,False,False,True,False,False,False,False,False,False,False,False,True,9160
1.8,2003,125764,True,False,False,False,False,False,False,False,False,False,True,False,False,False,False,False,False,False,False,True,6411
1.4,1999,147213,False,False,False,True,False,False,False,False,False,False,False,True,False,False,False,False,False,False,False,False,4050
2.2,1995,172966,False,False,True,False,False,False,False,False,False,False,False,False,False,False,True,False,False,False,False,True,3484
1.8,1998,71138,False,False,False,True,False,False,False,False,True,False,False,False,False,False,False,False,False,False,False,True,5793
1.2,2019,30223,False,False,False,True,False,False,False,False,True,False,False,False,False,False,False,False,False,False,False,False,25994
2.0,1997,100934,False,False,False,True,False,False,False,False,True,False,False,False,False,False,False,False,False,False,False,False,4865
1.6,2017,34434,False,False,False,True,False,False,False,False,False,False,False,False,True,False,False,False,False,False,False,True,20572
1.4,1991,240845,False,False,True,False,False,False,False,False,False,False,False,False,False,True,False,False,False,False,True,False,1190
1.8,1994,205353,False,False,False,True,False,False,False,False,False,False,False,True,False,False,False,False,False,False,False,False,2004
1.2,2009,39553,True,False,False,False,False,False,True,False,False,False,False,False,False,False,False,False,False,False,False,True,9880
5.0,2011,82071,False,False,False,False,False,False,False,False,False,True,False,False,False,False,False,False,False,False,False,True,50503
1.6,1984,256568,False,False,False,True,False,False,False,False,False,False,False,True,False,False,False,False,False,False,False,False,609
1.4,2018,38275,False,False,False,True,False,False,False,False,True,False,False,False,False,False,False,False,False,False,False,False,25058
4.4,2007,121512,False,False,False,False,False,False,False,False,False,True,False,False,False,False,False,False,False,False,False,True,27166
1.8,2017,38766,True,False,False,False,False,False,False,True,False,False,False,False,False,False,False,False,False,False,False,False,31552
1.8,1997,176449,False,False,False,True,False,False,False,False,True,False,False,False,False,False,False,False,False,False,False,True,2406
1.6,2008,99701,False,False,False,True,False,False,False,False,False,False,False,False,True,False,False,False,False,False,False,True,7337
1.6,1987,299002,False,False,False,True,False,False,False,False,False,False,False,False,True,False,False,False,False,False,False,True,321
1.4,2016,74594,False,False,True,False,False,False,False,False,False,False,False,False,False,False,False,False,True,False,True,False,18905
1.2,2006,120449,True,False,False,False,False,False,True,False,False,False,False,False,False,False,False,False,False,False,False,True,4637
1.6,2000,194667,False,False,False,True,False,False,False,False,False,False,False,False,True,False,False,False,False,False,False,True,1994
1.6,1992,151243,False,False,False,True,False,False,False,False,True,False,False,False,False,False,False,False,False,False,False,True,2007
2.0,2012,43749,False,False,False,True,False,False,False,False,False,False,False,False,True,False,False,False,False,False,False,True,15590
1.0,1990,136309,False,False,True,False,False,False,False,False,False,False,False,False,False,True,False,False,False,False,True,False,2324
1.8,2001,229004,True,False,False,False,False,False,False,False,False,False,True,False,False,False,False,False,False,False,False,False,2447
2.0,2019,19048,False,False,False,False,False,False,False,False,False,False,False,False,False,False,False,False,False,True,False,True,44711
1.2,2008,103754,False,False,False,True,False,False,False,False,False,False,False,False,True,False,False,False,False,False,False,True,6167
1.2,2016,44260,True,False,False,False,False,False,True,False,False,False,False,False,False,False,False,False,False,False,False,True,15314
1.4,2013,52011,False,False,False,True,False,False,False,False,True,False,False,False,False,False,False,False,False,False,False,True,15723
2.4,2005,154461,False,False,True,False,False,False,False,False,False,False,False,False,False,False,True,False,False,False,True,False,9930
2.0,2012,99109,False,True,False,False,False,False,False,False,False,False,False,False,False,False,False,False,False,False,False,True,20282
2.4,2008,119157,False,True,False,False,False,False,False,False,False,False,False,False,False,False,False,False,False,False,False,True,14646
1.4,2012,52989,False,False,True,False,False,False,False,False,False,False,False,False,False,True,False,False,False,False,True,False,21681
4.0,2003,141690,False,False,False,False,False,False,False,False,False,True,False,False,False,False,False,False,False,False,False,True,16921
1.4,2001,43458,False,False,False,True,False,False,False,False,False,False,False,True,False,False,False,False,False,False,False,False,9746
1.0,1993,193695,False,False,False,True,False,False,False,False,False,False,False,False,True,False,False,False,False,False,False,True,997
1.8,1997,189974,False,False,True,False,False,False,False,False,False,False,False,False,False,False,True,False,False,False,True,False,3733
1.4,2021,14043,False,False,False,True,False,False,False,False,False,False,False,False,True,False,False,False,False,False,False,True,28165
3.0,1994,118639,False,False,False,False,False,False,False,False,False,False,False,False,False,False,False,False,False,True,False,True,5346
1.8,2015,22808,False,False,True,False,False,False,False,False,False,False,False,False,False,True,False,False,False,False,True,False,35917
2.0,2015,21524,False,False,False,True,False,False,False,False,False,False,False,False,True,False,False,False,False,False,False,True,21665
2.4,2003,127312,False,False,False,False,False,False,False,False,False,False,False,False,False,False,False,True,False,False,False,False,8982
1.4,1995,109380,False,False,False,True,False,False,False,False,False,False,False,False,True,False,False,False,False,False,False,True,2685
1.0,2017,24552,False,False,False,True,False,False,False,False,False,False,False,False,True,False,False,False,False,False,False,True,17211
1.0,2013,52934,False,False,True,False,False,False,False,False,False,False,False,False,False,True,False,False,False,False,True,False,19594
3.0,2004,9500,False,False,False,False,False,False,False,False,False,False,False,False,False,False,False,False,False,True,False,True,21202
2.0,2010,61298,True,False,False,False,False,False,False,False,False,False,True,False,False,False,False,False,False,False,False,True,17106
2.0,1992,214651,False,True,False,False,False,False,False,False,False,False,False,False,False,False,False,False,False,False,False,True,2067
1.6,2007,69432,True,False,False,False,False,False,False,False,False,False,True,False,False,False,False,False,False,False,False,False,12468
2.2,2015,65200,False,True,False,False,True,False,False,False,False,False,False,False,False,False,False,False,False,False,False,True,57993
1.4,2002,190899,False,False,False,True,False,False,False,False,True,False,False,False,False,False,False,False,False,False,False,True,2614
1.0,2018,34229,False,False,False,True,False,False,False,False,False,False,False,False,True,False,False,False,False,False,False,True,17406
1.2,2014,47545,False,False,False,True,False,False,False,False,True,False,False,False,False,False,False,False,False,False,False,True,15998
1.4,2020,19725,True,False,False,False,False,False,True,False,False,False,False,False,False,False,False,False,False,False,False,True,24894
2.0,1995,120849,False,False,False,True,False,False,False,False,True,False,False,False,False,False,False,False,False,False,False,True,3491
2.0,2003,126454,False,False,False,True,False,False,False,False,False,False,False,True,False,False,False,False,False,False,False,True,7102
4.0,2009,57977,False,True,False,False,False,True,False,False,False,False,False,False,False,False,False,False,False,False,False,True,36875
1.4,2007,125812,False,False,True,False,False,False,False,False,False,False,False,False,False,True,False,False,False,False,True,False,9278
2.0,2014,41215,False,False,False,True,False,False,False,False,False,False,False,True,False,False,False,False,False,False,False,False,28091
1.2,2012,46338,False,False,True,False,False,False,False,False,False,False,False,False,False,False,False,False,True,False,False,True,13410
2.0,2006,79624,True,False,False,False,False,False,False,True,False,False,False,False,False,False,False,False,False,False,False,False,12282
1.4,1992,221636,False,False,False,True,False,False,False,False,True,False,False,False,False,False,False,False,False,False,False,True,1022
1.6,1998,96536,True,False,False,False,False,False,False,False,False,False,True,False,False,False,False,False,False,False,False,False,5666
1.2,2009,104086,False,False,True,False,False,False,False,False,False,False,False,False,False,False,False,False,True,False,True,False,8904
2.4,1998,96191,False,False,True,False,False,False,False,False,False,False,False,False,False,False,True,False,False,False,True,False,9790
2.4,2007,90842,False,False,False,False,False,False,False,False,False,False,False,False,False,False,False,False,False,True,False,True,13973
1.0,2002,89062,True,False,False,False,False,False,True,False,False,False,False,False,False,False,False,False,False,False,False,True,4090
1.4,2020,12899,False,False,False,True,False,False,False,False,False,False,False,True,False,False,False,False,False,False,False,False,41170
1.0,1995,171941,False,False,True,False,False,False,False,False,False,False,False,False,False,False,False,False,True,False,False,True,1550
2.4,2016,26544,False,False,True,False,False,False,False,False,False,False,False,False,False,False,True,False,False,False,True,False,51026
1.4,2022,4674,False,False,True,False,False,False,False,False,False,False,False,False,False,True,False,False,False,False,True,False,55652
2.0,1996,190008,True,False,False,False,False,False,False,True,False,False,False,False,False,False,False,False,False,False,False,True,2513
1.6,1987,124215,False,False,False,True,False,False,False,False,False,False,False,False,True,False,False,False,False,False,False,True,1504
2.0,1999,160583,False,False,False,True,False,False,False,False,False,False,False,False,True,False,False,False,False,False,False,True,2792
2.0,2014,32794,False,False,False,True,False,False,False,False,True,False,False,False,False,False,False,False,False,False,False,False,23690
1.8,2007,70409,False,False,False,True,False,False,False,False,False,False,False,True,False,False,False,False,False,False,False,True,13219
3.5,2005,123589,False,True,False,False,False,True,False,False,False,False,False,False,False,False,False,False,False,False,False,True,16570
1.4,2008,89346,True,False,False,False,False,False,True,False,False,False,False,False,False,False,False,False,False,False,False,True,7205
2.2,2003,116646,False,False,True,False,False,False,False,False,False,False,False,False,False,False,True,False,False,False,True,False,11236
1.0,1988,216488,True,False,False,False,False,False,True,False,False,False,False,False,False,False,False,False,False,False,False,True,569
2.0,1997,245011,False,False,False,True,False,False,False,False,False,False,False,True,False,False,False,False,False,False,False,False,1803
1.8,2012,63636,False,False,True,False,False,False,False,False,False,False,False,False,False,False,True,False,False,False,False,True,22489
1.4,2014,34112,True,False,False,False,False,False,True,False,False,False,False,False,False,False,False,False,False,False,False,True,15380
1.4,2002,99962,False,False,False,True,False,False,False,False,False,False,False,True,False,False,False,False,False,False,False,False,7130
1.2,2013,25706,False,False,False,True,False,False,False,False,False,False,False,False,True,False,False,False,False,False,False,True,14347
1.4,2013,59295,False,False,True,False,False,False,False,False,False,False,False,False,False,False,False,False,True,False,False,True,14271
1.8,1989,309010,True,False,False,False,False,False,False,True,False,False,False,False,False,False,False,False,False,False,False,False,525
1.2,2004,155142,True,False,False,False,False,False,True,False,False,False,False,False,False,False,False,False,False,False,False,True,3076
1.8,2001,90140,True,False,False,False,False,False,False,False,False,False,True,False,False,False,False,False,False,False,False,True,7319
1.4,1992,122101,False,False,False,True,False,False,False,False,False,False,False,True,False,False,False,False,False,False,False,False,3099
1.0,1988,277988,False,False,False,True,False,False,False,False,False,False,False,False,True,False,False,False,False,False,False,True,331
2.0,1985,247639,False,False,False,False,False,False,False,False,False,False,False,False,False,False,False,False,False,True,False,True,794
2.4,2005,117122,False,True,False,False,False,False,False,False,False,False,False,False,False,False,False,False,False,False,False,True,12179
1.4,1996,142978,False,False,False,True,False,False,False,False,True,False,False,False,False,False,False,False,False,False,False,True,2622
1.0,2017,43992,True,False,False,False,False,False,True,False,False,False,False,False,False,False,False,False,False,False,False,True,14968
1.6,1994,40180,True,False,False,False,False,False,False,False,False,False,True,False,False,False,False,False,False,False,False,False,6307
1.4,2012,67769,False,False,True,False,False,False,False,False,False,False,False,False,False,False,False,False,True,False,True,False,15158
1.8,2011,13065,False,False,True,False,False,False,False,False,False,False,False,False,False,False,True,False,False,False,True,False,34097
2.0,2000,167908,True,False,False,False,False,False,False,False,False,False,True,False,False,False,False,False,False,False,True,False,4715
1.0,1996,228005,True,False,False,False,False,False,False,True,False,False,False,False,False,False,False,False,False,False,False,False,1331
2.0,2016,28203,False,False,False,True,False,False,False,False,False,False,False,False,True,False,False,False,False,False,False,True,22306
2.0,1994,191287,False,False,False,True,False,False,False,False,False,False,False,False,True,False,False,False,False,False,False,True,1539
2.0,2015,37479,True,False,False,False,False,False,False,True,False,False,False,False,False,False,False,False,False,False,False,False,29331
2.0,1993,234066,False,False,True,False,False,False,False,False,False,False,False,False,False,False,True,False,False,False,True,False,2033
1.8,2012,93986,True,False,False,False,False,False,False,False,False,False,True,False,False,False,False,False,False,False,False,False,15566
1.0,2004,86320,False,False,True,False,False,False,False,False,False,False,False,False,False,False,False,False,True,False,False,True,5517
1.6,1997,87309,True,False,False,False,False,False,False,True,False,False,False,False,False,False,False,False,False,False,False,True,5442
5.0,1995,154248,False,False,False,False,False,False,False,False,False,True,False,False,False,False,False,False,False,False,False,True,10019
2.0,2003,134376,False,False,True,False,False,False,False,False,False,False,False,False,False,False,True,False,False,False,False,True,7777
1.8,2002,133563,True,False,False,False,False,False,False,True,False,False,False,False,False,False,False,False,False,False,False,True,5693
1.4,2010,110843,True,False,False,False,False,False,True,False,False,False,False,False,False,False,False,False,False,False,False,True,7035
2.0,2022,7854,False,False,False,True,False,False,False,False,False,False,False,False,True,False,False,False,False,False,False,True,37179
2.2,1988,274969,False,False,False,False,False,False,False,False,False,False,False,False,False,False,False,False,False,True,False,True,788
1.0,2007,87016,True,False,False,False,False,False,True,False,False,False,False,False,False,False,False,False,False,False,False,True,5791
1.0,2005,184975,False,False,True,False,False,False,False,False,False,False,False,False,False,False,False,False,True,False,True,False,3241
2.0,1992,234299,False,False,False,True,False,False,False,False,True,False,False,False,False,False,False,False,False,False,True,False,1307
1.8,2008,73187,False,False,False,True,False,False,False,False,False,False,False,True,False,False,False,False,False,False,False,True,13869
1.6,1990,116877,False,False,False,True,False,False,False,False,False,False,False,True,False,False,False,False,False,False,False,False,3018
1.4,1991,202049,True,False,False,False,False,False,True,False,False,False,False,False,False,False,False,False,False,False,False,True,935
1.4,2013,97829,True,False,False,False,False,False,False,True,False,False,False,False,False,False,False,False,False,False,False,False,14404
1.2,1988,233343,False,False,False,True,False,False,False,False,False,False,False,False,True,False,False,False,False,False,False,True,549
1.6,2001,170573,True,False,False,False,False,False,False,False,False,False,True,False,False,False,False,False,False,False,True,False,4408
1.2,1995,298578,True,False,False,False,False,False,True,False,False,False,False,False,False,False,False,False,False,False,False,True,464
1.2,2000,144229,False,False,True,False,False,False,False,False,False,False,False,False,False,False,False,False,True,False,True,False,3579
1.6,2007,88392,False,False,False,True,False,False,False,False,False,False,False,True,False,False,False,False,False,False,False,True,11012
1.0,1994,212205,False,False,False,True,False,False,False,False,False,False,False,False,True,False,False,False,False,False,False,True,905
1.0,2007,121131,True,False,False,False,False,False,True,False,False,False,False,False,False,False,False,False,False,False,False,True,4501
1.6,2013,50770,False,False,False,True,False,False,False,False,False,False,False,False,True,False,False,False,False,False,False,True,14274
1.2,1989,171325,False,False,False,True,False,False,False,False,False,False,False,False,True,False,False,False,False,False,False,True,1014
3.0,2014,43077,False,False,False,False,False,False,False,False,False,False,False,False,False,False,False,True,False,False,False,False,37659
2.2,2019,17621,False,False,True,False,False,False,False,False,False,False,False,False,False,False,True,False,False,False,True,False,62699
2.0,2003,95647,False,False,True,False,False,False,False,False,False,False,False,False,False,False,True,False,False,False,True,False,12522
5.0,2019,24814,False,False,False,False,False,False,False,False,False,True,False,False,False,False,False,False,False,False,False,True,123459
1.0,2011,54672,False,False,True,False,False,False,False,False,False,False,False,False,False,True,False,False,False,False,True,False,16961
1.6,2001,192430,False,False,False,True,False,False,False,False,False,False,False,True,False,False,False,False,False,False,False,True,3216
1.4,1986,261605,False,False,True,False,False,False,False,False,False,False,False,False,False,True,False,False,False,False,True,False,704
1.8,2006,76364,False,False,False,True,False,False,False,False,False,False,False,True,False,False,False,False,False,False,False,True,11879
1.8,1994,194220,False,False,False,True,False,False,False,False,True,False,False,False,False,False,False,False,False,False,False,True,1689
1.4,2001,144815,True,False,False,False,False,False,False,False,False,False,True,False,False,False,False,False,False,False,True,False,5104
1.6,2015,53946,True,False,False,False,False,False,False,False,False,False,True,False,False,False,False,False,False,False,False,False,23501
2.0,1998,163996,False,False,True,False,False,False,False,False,False,False,False,False,False,False,True,False,False,False,True,False,5251
3.0,2010,73016,False,False,False,False,False,False,False,False,False,False,False,False,False,False,False,False,False,True,False,True,21594
1.0,2008,64045,False,False,True,False,False,False,False,False,False,False,False,False,False,False,False,False,True,False,True,False,10056
1.8,1999,162999,False,False,False,True,False,False,False,False,False,False,False,True,False,False,False,False,False,False,False,False,4031
2.4,2016,30962,False,False,False,False,False,False,False,False,False,False,False,False,False,False,False,False,False,True,False,True,37502
1.8,2005,121611,False,False,False,True,False,False,False,False,True,False,False,False,False,False,False,False,False,False,True,False,7696
1.4,1995,184038,True,False,False,False,False,False,False,False,False,False,True,False,False,False,False,False,False,False,True,False,2463
1.4,1991,40866,True,False,False,False,False,False,False,True,False,False,False,False,False,False,False,False,False,False,False,True,4624
2.0,2021,4229,False,False,False,True,False,False,False,False,True,False,False,False,False,False,False,False,False,False,False,True,42054
1.0,2008,104775,True,False,False,False,False,False,True,False,False,False,False,False,False,False,False,False,False,False,False,True,5444
1.6,2000,236466,True,False,False,False,False,False,False,True,False,False,False,False,False,False,False,False,False,False,False,False,2035
3.0,1997,119385,False,False,False,False,False,False,False,False,False,False,False,False,False,False,False,True,False,False,False,True,6817
1.8,2015,49421,False,False,False,True,False,False,False,False,True,False,False,False,False,False,False,False,False,False,False,True,20703
2.4,2006,140170,False,True,False,False,False,False,False,False,False,False,False,False,False,False,False,False,False,False,False,True,10868
2.0,1990,234644,False,False,False,True,False,False,False,False,False,False,False,True,False,False,False,False,False,False,False,False,1243
2.0,1985,296893,True,False,False,False,False,False,False,False,False,False,True,False,False,False,False,False,False,False,False,False,471
1.2,2001,129459,False,False,False,True,False,False,False,False,True,False,False,False,False,False,False,False,False,False,False,False,3962
1.8,1998,169902,True,False,False,False,False,False,False,False,False,False,True,False,False,False,False,False,False,False,False,False,3368
1.4,2006,140646,True,False,False,False,False,False,False,False,False,False,True,False,False,False,False,False,False,False,True,False,7367
1.6,2013,43542,True,False,False,False,False,False,False,True,False,False,False,False,False,False,False,False,False,False,False,True,21085
2.0,2000,151702,False,False,True,False,False,False,False,False,False,False,False,False,False,False,True,False,False,False,True,False,6644
1.4,1995,215451,False,False,False,True,False,False,False,False,False,False,False,False,True,False,False,False,False,False,False,True,1112
2.0,2018,26914,False,False,False,True,False,False,False,False,False,False,False,False,True,False,False,False,False,False,False,True,25675
1.8,2018,30278,False,False,True,False,False,False,False,False,False,False,False,False,False,True,False,False,False,False,True,False,42053
1.0,2013,55314,False,False,True,False,False,False,False,False,False,False,False,False,False,True,False,False,False,False,True,False,19301
1.6,1995,186840,False,False,False,True,False,False,False,False,False,False,False,False,True,False,False,False,False,False,False,False,1606
1.6,1985,132222,False,False,False,True,False,False,False,False,True,False,False,False,False,False,False,False,False,False,False,False,1540
1.2,2001,200274,False,False,True,False,False,False,False,False,False,False,False,False,False,False,False,False,True,False,True,False,2380
1.6,1988,156817,True,False,False,False,False,False,False,False,False,False,True,False,False,False,False,False,False,False,False,False,1819
1.4,1998,174929,True,False,False,False,False,False,True,False,False,False,False,False,False,False,False,False,False,False,False,True,1887
2.0,2016,30451,False,False,True,False,False,False,False,False,False,False,False,False,False,False,True,False,False,False,False,True,37961
1.4,1999,75142,True,False,False,False,False,False,False,True,False,False,False,False,False,False,False,False,False,False,False,True,6328
1.2,2013,52010,False,False,True,False,False,False,False,False,False,False,False,False,False,False,False,False,True,False,True,False,16607
1.0,2000,70212,False,False,True,False,False,False,False,False,False,False,False,False,False,False,False,False,True,False,False,True,4719
1.6,2011,55902,True,False,False,False,False,False,False,False,False,False,True,False,False,False,False,False,False,False,False,False,17778
1.8,2000,148970,False,False,True,False,False,False,False,False,False,False,False,False,False,False,True,False,False,False,True,False,6446
1.6,2007,88544,False,False,False,True,False,False,False,False,False,False,False,True,False,False,False,False,False,False,False,False,11550
1.6,2003,89159,False,False,False,True,False,False,False,False,True,False,False,False,False,False,False,False,False,False,False,True,6730
1.0,2007,98462,False,False,True,False,False,False,False,False,False,False,False,False,False,False,False,False,True,False,False,True,6177
1.4,2012,58413,False,False,True,False,False,False,False,False,False,False,False,False,False,True,False,False,False,False,True,False,20946
1.2,1998,227917,False,False,True,False,False,False,False,False,False,False,False,False,False,False,False,False,True,False,False,True,1268
5.0,2013,49117,False,False,False,False,False,False,False,False,False,True,False,False,False,False,False,False,False,False,False,True,71680
1.0,2007,105030,False,False,True,False,False,False,False,False,False,False,False,False,False,False,False,False,True,False,True,False,7064
1.0,2005,118330,False,False,True,False,False,False,False,False,False,False,False,False,False,False,False,False,True,False,True,False,5592
1.4,2014,70417,False,False,True,False,False,False,False,False,False,False,False,False,False,True,False,False,False,False,True,False,22122
2.4,2003,112079,False,False,False,False,False,False,False,False,False,False,False,False,False,False,False,False,False,True,False,True,9158
1.4,1998,164015,True,False,False,False,False,False,False,False,False,False,True,False,False,False,False,False,False,False,False,False,3121
1.4,1993,237343,False,False,False,True,False,False,False,False,False,False,False,False,True,False,False,False,False,False,False,True,798
2.4,1997,107570,False,False,False,False,False,False,False,False,False,False,False,False,False,False,False,False,False,True,False,True,6350
2.0,2013,79848,False,False,False,False,False,False,False,False,False,False,False,False,False,False,False,True,False,False,False,False,22661
2.0,2015,39734,True,False,False,False,False,False,False,False,False,False,True,False,False,False,False,False,False,False,False,False,28675
1.2,1998,98473,True,False,False,False,False,False,True,False,False,False,False,False,False,False,False,False,False,False,False,True,3207
2.6,1998,214105,False,True,False,False,True,False,False,False,False,False,False,False,False,False,False,False,False,False,False,True,6232
2.4,2004,179135,False,False,False,False,False,False,False,False,False,False,False,False,False,False,False,False,False,True,False,True,5690
2.0,2016,40447,False,False,True,False,False,False,False,False,False,False,False,False,False,False,True,False,False,False,False,True,35795
1.2,2013,85901,False,False,False,True,False,False,False,False,False,False,False,False,True,False,False,False,False,False,False,True,9789
1.2,2018,31556,False,False,True,False,False,False,False,False,False,False,False,False,False,False,False,False,True,False,True,False,26218
1.2,2016,46332,False,False,True,False,False,False,False,False,False,False,False,False,False,False,False,False,True,False,True,False,21011
1.0,1987,295799,False,False,True,False,False,False,False,False,False,False,False,False,False,True,False,False,False,False,True,False,461
2.0,1990,61467,False,False,True,False,False,False,False,False,False,False,False,False,False,False,True,False,False,False,False,True,5546
1.6,1991,201721,True,False,False,False,False,False,False,False,False,False,True,False,False,False,False,False,False,False,False,False,1512
1.4,2010,82394,False,False,True,False,False,False,False,False,False,False,False,False,False,False,False,False,True,False,True,False,12011
2.2,2016,48900,False,False,True,False,False,False,False,False,False,False,False,False,False,False,True,False,False,False,True,False,42787
2.0,1989,198406,False,False,False,True,False,False,False,False,False,False,False,False,True,False,False,False,False,False,False,True,1036
1.4,1995,264673,False,False,True,False,False,False,False,False,False,False,False,False,False,True,False,False,False,False,True,False,1246
2.4,2004,101946,False,False,False,False,False,False,False,False,False,False,False,False,False,False,False,True,False,False,False,False,11639
1.2,2017,28528,True,False,False,False,False,False,True,False,False,False,False,False,False,False,False,False,False,False,False,True,17962
2.4,1992,263768,False,True,False,False,False,False,False,False,False,False,False,False,False,False,False,False,False,False,False,True,1444
1.8,2002,136942,False,False,False,True,False,False,False,False,False,False,False,True,False,False,False,False,False,False,False,False,6092
1.6,2012,95478,True,False,False,False,False,False,False,True,False,False,False,False,False,False,False,False,False,False,False,True,13955
1.0,2014,25731,True,False,False,False,False,False,False,True,False,False,False,False,False,False,False,False,False,False,False,True,19777
1.2,2010,87390,False,False,False,True,False,False,False,False,True,False,False,False,False,False,False,False,False,False,True,False,11295
1.6,2019,26314,False,False,False,True,False,False,False,False,True,False,False,False,False,False,False,False,False,False,False,True,29230
1.0,2022,8247,True,False,False,False,False,False,False,True,False,False,False,False,False,False,False,False,False,False,False,False,38919
4.0,2012,52286,False,True,False,False,False,False,False,False,False,False,False,False,False,False,False,False,False,False,False,True,39437
1.4,2019,32145,True,False,False,False,False,False,True,False,False,False,False,False,False,False,False,False,False,False,False,True,21712
1.4,2008,68031,True,False,False,False,False,False,False,False,False,False,True,False,False,False,False,False,False,False,False,False,12583
2.0,1988,149613,False,False,False,True,False,False,False,False,True,False,False,False,False,False,False,False,False,False,False,True,1742
1.8,2004,109619,True,False,False,False,False,False,False,False,False,False,True,False,False,False,False,False,False,False,False,True,7753
2.2,2018,22673,False,False,True,False,False,False,False,False,False,False,False,False,False,False,True,False,False,False,True,False,57048
1.2,2002,132072,False,False,True,False,False,False,False,False,False,False,False,False,False,False,False,False,True,False,False,True,3756
1.0,1997,128826,False,False,True,False,False,False,False,False,False,False,False,False,False,True,False,False,False,False,True,False,3932
1.0,2011,73232,True,False,False,False,False,False,False,True,False,False,False,False,False,False,False,False,False,False,False,False,12660
1.6,2006,116513,False,False,False,True,False,False,False,False,True,False,False,False,False,False,False,False,False,False,False,True,6721
2.0,2015,54677,True,False,False,False,False,False,False,True,False,False,False,False,False,False,False,False,False,False,False,True,25138
3.0,2010,109342,False,False,False,False,False,False,False,False,False,False,False,False,False,False,False,False,False,True,False,True,16667
1.4,2017,40170,True,False,False,False,False,False,True,False,False,False,False,False,False,False,False,False,False,False,False,True,18124
1.6,1988,184189,False,False,False,True,False,False,False,False,False,False,False,True,False,False,False,False,False,False,False,False,1524
1.8,1985,192455,False,False,False,True,False,False,False,False,True,False,False,False,False,False,False,False,False,False,False,False,988
1.2,1987,196325,False,False,False,True,False,False,False,False,True,False,False,False,False,False,False,False,False,False,True,False,1019
1.4,2019,8884,False,False,False,True,False,False,False,False,False,False,False,True,False,False,False,False,False,False,False,True,37465
1.8,1996,110804,True,False,False,False,False,False,False,False,False,False,True,False,False,False,False,False,False,False,True,False,5410
1.0,2015,31595,False,False,True,False,False,False,False,False,False,False,False,False,False,True,False,False,False,False,True,False,25468
2.6,2011,63163,False,True,False,False,True,False,False,False,False,False,False,False,False,False,False,False,False,False,False,True,48937
1.4,2000,179066,False,False,False,True,False,False,False,False,True,False,False,False,False,False,False,False,False,False,False,True,2534
2.0,2004,128287,False,False,False,True,False,False,False,False,True,False,False,False,False,False,False,False,False,False,False,True,6004
1.2,1999,164863,False,False,False,True,False,False,False,False,True,False,False,False,False,False,False,False,False,False,False,True,2476
1.0,2000,164580,True,False,False,False,False,False,True,False,False,False,False,False,False,False,False,False,False,False,False,True,1988
2.2,1988,128633,False,False,True,False,False,False,False,False,False,False,False,False,False,False,True,False,False,False,True,False,3767
3.0,2001,127489,False,False,False,False,False,False,False,False,False,False,False,False,False,False,False,True,False,False,False,True,8359
1.8,1995,218176,False,False,True,False,False,False,False,False,False,False,False,False,False,False,True,False,False,False,False,True,2121
5.0,2020,13591,False,False,False,False,False,False,False,False,False,True,False,False,False,False,False,False,False,False,False,True,140340
1.2,1987,174366,False,False,False,True,False,False,False,False,False,False,False,False,True,False,False,False,False,False,False,True,865
1.0,2016,46034,True,False,False,False,False,False,False,True,False,False,False,False,False,False,False,False,False,False,False,False,21055
1.8,2009,65079,False,False,False,True,False,False,False,False,True,False,False,False,False,False,False,False,False,False,False,True,12556
2.0,2000,160457,True,False,False,False,False,False,False,True,False,False,False,False,False,False,False,False,False,False,True,False,5065
1.4,1994,59135,True,False,False,False,False,False,False,False,False,False,True,False,False,False,False,False,False,False,False,False,5244
1.0,2010,62922,False,False,True,False,False,False,False,False,False,False,False,False,False,False,False,False,True,False,False,True,9645
2.4,1989,165700,False,False,True,False,False,False,False,False,False,False,False,False,False,False,True,False,False,False,True,False,3112
1.8,2001,122489,False,False,False,True,False,False,False,False,True,False,False,False,False,False,False,False,False,False,False,True,4879
1.0,2009,152135,True,False,False,False,False,False,True,False,False,False,False,False,False,False,False,False,False,False,False,True,4018
1.6,2019,11371,False,False,False,True,False,False,False,False,True,False,False,False,False,False,False,False,False,False,False,True,31720
1.0,1996,206447,False,False,True,False,False,False,False,False,False,False,False,False,False,True,False,False,False,False,True,False,1916
1.4,1987,196455,False,False,True,False,False,False,False,False,False,False,False,False,False,False,False,False,True,False,False,True,871
1.4,2002,238330,False,False,True,False,False,False,False,False,False,False,False,False,False,False,False,False,True,False,True,False,1951
2.0,2000,195906,False,False,False,True,False,False,False,False,True,False,False,False,False,False,False,False,False,False,False,True,2618
1.4,1991,136143,False,False,True,False,False,False,False,False,False,False,False,False,False,False,False,False,True,False,False,True,1886
1.2,2021,18111,False,False,False,True,False,False,False,False,False,False,False,False,True,False,False,False,False,False,False,True,25509
3.5,1987,106439,False,True,False,False,True,False,False,False,False,False,False,False,False,False,False,False,False,False,False,True,8469
1.4,2022,1757,False,False,False,True,False,False,False,False,False,False,False,True,False,False,False,False,False,False,False,False,49838
1.6,2006,118638,False,False,False,True,False,False,False,False,True,False,False,False,False,False,False,False,False,False,False,True,6613
1.4,2001,86307,True,False,False,False,False,False,False,True,False,False,False,False,False,False,False,False,False,False,False,True,6693
2.2,1985,49418,False,False,True,False,False,False,False,False,False,False,False,False,False,False,True,False,False,False,True,False,5399
1.4,2007,87488,False,False,True,False,False,False,False,False,False,False,False,False,False,False,False,False,True,False,False,True,7907
2.2,1991,197665,False,True,False,False,True,False,False,False,False,False,False,False,False,False,False,False,False,False,False,True,4159
1.8,2003,82270,False,False,True,False,False,False,False,False,False,False,False,False,False,False,True,False,False,False,True,False,13061
1.0,2014,78294,True,False,False,False,False,False,True,False,False,False,False,False,False,False,False,False,False,False,False,True,9812
1.6,2006,127627,False,False,False,True,False,False,False,False,True,False,False,False,False,False,False,False,False,False,False,False,6477
2.2,2018,47760,False,False,True,False,False,False,False,False,False,False,False,False,False,False,True,False,False,False,True,False,49236
2.0,2009,51939,False,False,True,False,False,False,False,False,False,False,False,False,False,False,True,False,False,False,True,False,25102
1.4,1996,183071,False,False,False,True,False,False,False,False,False,False,False,True,False,False,False,False,False,False,False,True,2337
2.0,2009,125042,False,False,False,True,False,False,False,False,False,False,False,True,False,False,False,False,False,False,False,False,11247
1.6,1989,136406,True,False,False,False,False,False,False,False,False,False,True,False,False,False,False,False,False,False,False,False,2295
2.4,2012,79790,False,False,True,False,False,False,False,False,False,False,False,False,False,False,True,False,False,False,True,False,27957
1.8,2007,106894,False,False,True,False,False,False,False,False,False,False,False,False,False,False,True,False,False,False,True,False,14282
1.8,1998,12500,True,False,False,False,False,False,False,True,False,False,False,False,False,False,False,False,False,False,False,False,10309
1.6,1996,176319,True,False,False,False,False,False,False,True,False,False,False,False,False,False,False,False,False,False,False,False,2656
2.0,1990,230122,False,False,False,True,False,False,False,False,False,False,False,True,False,False,False,False,False,False,False,False,1295
1.0,1990,169747,False,False,True,False,False,False,False,False,False,False,False,False,False,True,False,False,False,False,True,False,1765
5.0,2011,44805,False,False,False,False,False,False,False,False,False,True,False,False,False,False,False,False,False,False,False,True,64419
1.8,2018,10769,True,False,False,False,False,False,False,False,False,False,True,False,False,False,False,False,False,False,False,False,39108
1.0,2011,82739,True,False,False,False,False,False,True,False,False,False,False,False,False,False,False,False,False,False,False,True,7791
2.4,1994,131248,False,False,False,False,False,False,False,False,False,False,False,False,False,False,False,True,False,False,False,False,4779
1.4,2005,107185,False,False,False,True,False,False,False,False,False,False,False,True,False,False,False,False,False,False,False,False,8257
1.4,2015,50016,True,False,False,False,False,False,False,False,False,False,True,False,False,False,False,False,False,False,False,False,22532
2.2,2017,52430,False,False,True,False,False,False,False,False,False,False,False,False,False,False,True,False,False,False,True,False,44740
1.2,2001,92067,True,False,False,False,False,False,True,False,False,False,False,False,False,False,False,False,False,False,False,True,4102
1.0,2007,29886,True,False,False,False,False,False,False,True,False,False,False,False,False,False,False,False,False,False,False,True,12112
1.4,2004,142454,True,False,False,False,False,False,False,False,False,False,True,False,False,False,False,False,False,False,False,True,5295
2.0,2014,57842,False,False,False,True,False,False,False,False,False,False,False,False,True,False,False,False,False,False,False,True,16313
4.0,1993,179523,False,False,False,False,False,False,False,False,False,True,False,False,False,False,False,False,False,False,False,True,6340
1.8,2001,178452,False,False,True,False,False,False,False,False,False,False,False,False,False,False,True,False,False,False,True,False,5384
4.0,2004,119662,False,True,False,False,False,False,False,False,False,False,False,False,False,False,False,False,False,False,False,True,14426
1.0,2004,42803,False,False,True,False,False,False,False,False,False,False,False,False,False,True,False,False,False,False,True,False,11447
1.0,1988,187561,True,False,False,False,False,False,True,False,False,False,False,False,False,False,False,False,False,False,False,True,734
1.8,2010,26103,False,False,True,False,False,False,False,False,False,False,False,False,False,False,True,False,False,False,True,False,29695
2.0,2013,23748,True,False,False,False,False,False,False,True,False,False,False,False,False,False,False,False,False,False,False,True,26459
1.4,2004,131412,True,False,False,False,False,False,True,False,False,False,False,False,False,False,False,False,False,False,False,True,4024
2.0,1995,125479,False,False,False,True,False,False,False,False,False,False,False,False,True,False,False,False,False,False,False,True,2838
1.4,2006,107004,True,False,False,False,False,False,True,False,False,False,False,False,False,False,False,False,False,False,False,True,5545
1.0,1995,144671,False,False,False,True,False,False,False,False,False,False,False,False,True,False,False,False,False,False,False,True,1723
2.4,2008,56295,False,False,True,False,False,False,False,False,False,False,False,False,False,False,True,False,False,False,True,False,25026
1.2,1995,34599,False,False,True,False,False,False,False,False,False,False,False,False,False,False,False,False,True,False,True,False,5559
1.4,2011,72813,True,False,False,False,False,False,True,False,False,False,False,False,False,False,False,False,False,False,False,True,9867
1.4,2011,41748,True,False,False,False,False,False,True,False,False,False,False,False,False,False,False,False,False,False,False,True,12034
1.6,2020,11252,False,False,False,True,False,False,False,False,False,False,False,False,True,False,False,False,False,False,False,True,28589
3.5,2000,157266,False,True,False,False,True,False,False,False,False,False,False,False,False,False,False,False,False,False,False,True,13499
2.2,1998,137395,False,False,True,False,False,False,False,False,False,False,False,False,False,False,True,False,False,False,False,True,5706
4.0,2010,53146,False,True,False,False,False,True,False,False,False,False,False,False,False,False,False,False,False,False,False,True,40646
1.8,2013,59401,True,False,False,False,False,False,False,True,False,False,False,False,False,False,False,False,False,False,False,True,20251
4.4,1997,115910,False,False,False,False,False,False,False,False,False,True,False,False,False,False,False,False,False,False,False,True,14559
1.0,2002,205959,False,False,True,False,False,False,False,False,False,False,False,False,False,True,False,False,False,False,True,False,2871
2.0,1992,194081,True,False,False,False,False,False,False,True,False,False,False,False,False,False,False,False,False,False,False,True,1858
2.0,1990,228566,False,False,False,False,False,False,False,False,False,False,False,False,False,False,False,True,False,False,False,False,1454
1.4,2003,168499,False,False,True,False,False,False,False,False,False,False,False,False,False,False,False,False,True,False,False,True,3220
1.6,2008,57659,True,False,False,False,False,False,False,True,False,False,False,False,False,False,False,False,False,False,True,False,16601
1.8,2000,86237,True,False,False,False,False,False,False,False,False,False,True,False,False,False,False,False,False,False,False,False,7390
1.8,1998,145457,False,False,False,True,False,False,False,False,False,False,False,True,False,False,False,False,False,False,False,False,4357
1.8,2018,45088,False,False,True,False,False,False,False,False,False,False,False,False,False,True,False,False,False,False,True,False,38517
3.0,2006,8500,False,True,False,False,False,True,False,False,False,False,False,False,False,False,False,False,False,False,False,False,36613
2.2,2000,120332,False,False,False,False,False,False,False,False,False,False,False,False,False,False,False,False,False,True,False,True,6741
2.0,2009,95536,True,False,False,False,False,False,False,False,False,False,True,False,False,False,False,False,False,False,False,False,13285
2.0,2000,154668,False,False,True,False,False,False,False,False,False,False,False,False,False,False,True,False,False,False,True,False,6484
1.0,2007,126362,True,False,False,False,False,False,False,True,False,False,False,False,False,False,False,False,False,False,False,True,6267
2.0,1997,117678,True,False,False,False,False,False,False,False,False,False,True,False,False,False,False,False,False,False,False,False,5063
2.4,2000,145425,False,False,True,False,False,False,False,False,False,False,False,False,False,False,True,False,False,False,False,True,6384
1.0,1994,248230,False,False,True,False,False,False,False,False,False,False,False,False,False,False,False,False,True,False,True,False,883
1.0,1990,183403,False,False,True,False,False,False,False,False,False,False,False,False,False,True,False,False,False,False,True,False,1571
1.8,2000,161531,False,False,False,True,False,False,False,False,True,False,False,False,False,False,False,False,False,False,False,True,3333
1.4,2011,102953,False,False,True,False,False,False,False,False,False,False,False,False,False,False,False,False,True,False,False,True,9234
2.2,2009,107551,False,True,False,False,True,False,False,False,False,False,False,False,False,False,False,False,False,False,False,True,28866
1.2,2016,43872,False,False,False,True,False,False,False,False,False,False,False,False,True,False,False,False,False,False,False,True,15754
1.4,1997,181901,True,False,False,False,False,False,False,True,False,False,False,False,False,False,False,False,False,False,False,False,2531
5.0,2002,117615,False,False,False,False,False,False,False,False,False,True,False,False,False,False,False,False,False,False,False,True,21380
1.8,1997,123895,False,False,True,False,False,False,False,False,False,False,False,False,False,True,False,False,False,False,True,False,5482
1.8,2007,123234,False,False,True,False,False,False,False,False,False,False,False,False,False,False,True,False,False,False,True,False,12615
2.0,1988,155924,False,False,False,True,False,False,False,False,True,False,False,False,False,False,False,False,False,False,False,False,1736
1.0,2021,16765,False,False,True,False,False,False,False,False,False,False,False,False,False,False,False,False,True,False,True,False,31758
2.0,2003,133711,False,False,False,True,False,False,False,False,False,False,False,True,False,False,False,False,False,False,False,False,7043
2.0,1994,250866,False,False,False,False,False,False,False,False,False,False,False,False,False,False,False,True,False,False,False,False,1548
1.0,2013,7837,True,False,False,False,False,False,True,False,False,False,False,False,False,False,False,False,False,False,False,True,14059
2.2,1987,213115,False,False,False,False,False,False,False,False,False,False,False,False,False,False,False,False,False,True,False,True,1302
1.8,2021,16431,False,False,True,False,False,False,False,False,False,False,False,False,False,True,False,False,False,False,True,False,55491
1.4,1996,158693,False,False,False,True,False,False,False,False,True,False,False,False,False,False,False,False,False,False,False,False,2421
1.2,1985,245418,False,False,False,True,False,False,False,False,False,False,False,False,True,False,False,False,False,False,False,False,422
2.0,1994,246013,False,False,False,True,False,False,False,False,False,False,False,False,True,False,False,False,False,False,False,True,941
1.0,1999,118288,False,False,True,False,False,False,False,False,False,False,False,False,False,True,False,False,False,False,True,False,4875
2.4,1995,124554,False,False,True,False,False,False,False,False,False,False,False,False,False,False,True,False,False,False,True,False,6478
2.4,2001,123132,False,False,True,False,False,False,False,False,False,False,False,False,False,False,True,False,False,False,True,False,9772
1.4,1991,198390,False,False,False,True,False,False,False,False,True,False,False,False,False,False,False,False,False,False,False,True,1176
1.6,2017,20246,True,False,False,False,False,False,False,False,False,False,True,False,False,False,False,False,False,False,False,False,32777
1.0,1991,287300,True,False,False,False,False,False,True,False,False,False,False,False,False,False,False,False,False,False,True,False,433
1.4,2004,179340,True,False,False,False,False,False,True,False,False,False,False,False,False,False,False,False,False,False,False,True,2710
2.0,2013,30757,False,False,False,False,False,False,False,False,False,False,False,False,False,False,False,False,False,True,False,True,28062
1.0,2016,43996,True,False,False,False,False,False,True,False,False,False,False,False,False,False,False,False,False,False,False,True,14002
1.2,1998,185125,True,False,False,False,False,False,True,False,False,False,False,False,False,False,False,False,False,False,True,False,1920
1.0,2009,97557,True,False,False,False,False,False,False,True,False,False,False,False,False,False,False,False,False,False,False,True,8897
2.4,1992,254327,False,False,True,False,False,False,False,False,False,False,False,False,False,False,True,False,False,False,True,False,1729
1.2,2003,138063,False,False,False,True,False,False,False,False,False,False,False,False,True,False,False,False,False,False,False,True,3393
1.8,1999,76584,False,False,True,False,False,False,False,False,False,False,False,False,False,True,False,False,False,False,True,False,8851
1.2,2002,87921,True,False,False,False,False,False,True,False,False,False,False,False,False,False,False,False,False,False,False,True,4516
1.0,2009,63339,True,False,False,False,False,False,True,False,False,False,False,False,False,False,False,False,False,False,False,True,7772
1.2,2013,46358,False,False,True,False,False,False,False,False,False,False,False,False,False,False,False,False,True,False,True,False,17199
1.0,2013,80248,True,False,False,False,False,False,True,False,False,False,False,False,False,False,False,False,False,False,False,False,9510
2.2,1987,144342,False,True,False,False,True,False,False,False,False,False,False,False,False,False,False,False,False,False,False,True,5001
3.0,2000,236569,False,False,False,False,False,False,False,False,False,False,False,False,False,False,False,True,False,False,False,False,3226
2.2,1996,146883,False,False,True,False,False,False,False,False,False,False,False,False,False,False,True,False,False,False,True,False,5551
1.4,1997,196721,False,False,True,False,False,False,False,False,False,False,False,False,False,False,False,False,True,False,False,True,1692
2.2,2009,103107,False,False,True,False,False,False,False,False,False,False,False,False,False,False,True,False,False,False,False,True,15462
3.5,2015,24372,False,True,False,False,False,True,False,False,False,False,False,False,False,False,False,False,False,False,False,False,66130
4.4,2006,135326,False,False,False,False,False,False,False,False,False,True,False,False,False,False,False,False,False,False,False,True,22808
4.0,2021,10312,False,True,False,False,False,True,False,False,False,False,False,False,False,False,False,False,False,False,False,True,108416
1.8,1992,211681,True,False,False,False,False,False,False,True,False,False,False,False,False,False,False,False,False,False,False,False,1584
1.4,2015,47274,True,False,False,False,False,False,True,False,False,False,False,False,False,False,False,False,False,False,False,True,15191
2.4,2019,33033,False,False,True,False,False,False,False,False,False,False,False,False,False,False,True,False,False,False,True,False,60045
1.4,2005,97990,False,False,True,False,False,False,False,False,False,False,False,False,False,True,False,False,False,False,True,False,10013
3.0,2015,77844,False,False,False,False,False,False,False,False,False,False,False,False,False,False,False,False,False,True,False,True,29164
2.0,2010,81158,False,False,False,True,False,False,False,False,False,False,False,True,False,False,False,False,False,False,False,False,16609
1.6,1985,262003,True,False,False,False,False,False,False,True,False,False,False,False,False,False,False,False,False,False,False,True,563
2.4,1997,191390,False,False,False,False,False,False,False,False,False,False,False,False,False,False,False,True,False,False,False,False,3538
1.4,2015,59836,False,False,False,True,False,False,False,False,False,False,False,True,False,False,False,False,False,False,False,True,21303
2.2,2018,14258,False,False,True,False,False,False,False,False,False,False,False,False,False,False,True,False,False,False,True,False,59730
1.4,1991,154757,True,False,False,False,False,False,False,False,False,False,True,False,False,False,False,False,False,False,False,False,2114
1.6,1999,135889,False,False,False,True,False,False,False,False,False,False,False,True,False,False,False,False,False,False,False,False,4742
1.0,2009,63768,False,False,True,False,False,False,False,False,False,False,False,False,False,False,False,False,True,False,True,False,10768
1.2,2013,62026,True,False,False,False,False,False,True,False,False,False,False,False,False,False,False,False,False,False,False,True,11211
2.0,1995,152620,False,False,True,False,False,False,False,False,False,False,False,False,False,False,True,False,False,False,True,False,4725
1.6,2015,31036,True,False,False,False,False,False,False,True,False,False,False,False,False,False,False,False,False,False,False,True,25944
1.6,1995,183450,True,False,False,False,False,False,False,False,False,False,True,False,False,False,False,False,False,False,False,True,2205
3.0,2012,67864,False,False,False,False,False,False,False,False,False,False,False,False,False,False,False,True,False,False,False,False,28157
2.0,2016,33801,True,False,False,False,False,False,False,True,False,False,False,False,False,False,False,False,False,False,False,True,30513
1.2,1992,193384,True,False,False,False,False,False,True,False,False,False,False,False,False,False,False,False,False,False,False,True,998
1.8,2016,41135,False,False,True,False,False,False,False,False,False,False,False,False,False,False,True,False,False,False,True,False,40581
4.0,2020,18392,False,True,False,False,False,False,False,False,False,False,False,False,False,False,False,False,False,False,False,True,82031
1.2,1991,133485,False,False,False,True,False,False,False,False,False,False,False,False,True,False,False,False,False,False,False,True,1581
3.0,2016,38708,False,False,False,False,False,False,False,False,False,False,False,False,False,False,False,True,False,False,False,False,44174
1.4,1995,152741,False,False,False,True,False,False,False,False,False,False,False,False,True,False,False,False,False,False,False,True,1909
2.4,2015,66889,False,False,False,False,False,False,False,False,False,False,False,False,False,False,False,True,False,False,False,False,30960
2.0,2008,112327,True,False,False,False,False,False,False,False,False,False,True,False,False,False,False,False,False,False,False,False,10978
2.0,2014,43810,False,False,False,True,False,False,False,False,False,False,False,False,True,False,False,False,False,False,False,True,17807
1.6,1996,124522,False,False,False,True,False,False,False,False,True,False,False,False,False,False,False,False,False,False,False,False,3406
1.4,1987,18000,True,False,False,False,False,False,False,True,False,False,False,False,False,False,False,False,False,False,False,True,4037
2.0,1990,151923,True,False,False,False,False,False,False,True,False,False,False,False,False,False,False,False,False,False,False,True,2325
1.8,2009,68423,False,False,True,False,False,False,False,False,False,False,False,False,False,False,True,False,False,False,True,False,21408
1.0,1990,126855,True,False,False,False,False,False,False,True,False,False,False,False,False,False,False,False,False,False,False,True,2010
1.4,2002,142068,True,False,False,False,False,False,True,False,False,False,False,False,False,False,False,False,False,False,False,False,3397
1.4,2010,132597,False,False,True,False,False,False,False,False,False,False,False,False,False,True,False,False,False,False,True,False,10744
1.4,1985,315674,True,False,False,False,False,False,False,True,False,False,False,False,False,False,False,False,False,False,False,True,316
3.0,2000,131670,False,False,False,False,False,False,False,False,False,False,False,False,False,False,False,False,False,True,False,True,7207
1.6,2007,93326,False,False,False,True,False,False,False,False,True,False,False,False,False,False,False,False,False,False,False,True,8530
1.0,2007,141924,False,False,False,True,False,False,False,False,False,False,False,False,True,False,False,False,False,False,False,True,3921
3.0,1986,285750,False,False,False,False,False,False,False,False,False,False,False,False,False,False,False,False,False,True,False,True,728
1.6,1995,140073,True,False,False,False,False,False,False,True,False,False,False,False,False,False,False,False,False,False,False,True,3196
2.4,2014,50331,False,False,True,False,False,False,False,False,False,False,False,False,False,False,True,False,False,False,True,False,38765
1.8,1999,182836,False,False,False,True,False,False,False,False,False,False,False,True,False,False,False,False,False,False,False,False,3406
2.0,2017,3000,False,False,False,True,False,False,False,False,True,False,False,False,False,False,False,False,False,False,False,True,32412
1.0,2018,39860,True,False,False,False,False,False,False,True,False,False,False,False,False,False,False,False,False,False,False,False,24975
1.2,2002,101151,False,False,False,True,False,False,False,False,True,False,False,False,False,False,False,False,False,False,False,False,5251
2.4,2006,121870,False,False,True,False,False,False,False,False,False,False,False,False,False,False,True,False,False,False,True,False,13772
2.0,2009,96745,False,False,False,False,False,False,False,False,False,False,False,False,False,False,False,True,False,False,False,False,15401
1.4,2002,66000,False,False,False,True,False,False,False,False,False,False,False,True,False,False,False,False,False,False,False,True,8602
1.4,2014,67556,True,False,False,False,False,False,True,False,False,False,False,False,False,False,False,False,False,False,False,True,12482
1.8,2005,86945,True,False,False,False,False,False,False,False,False,False,True,False,False,False,False,False,False,False,False,True,9774
1.4,2018,37467,False,False,True,False,False,False,False,False,False,False,False,False,False,False,False,False,True,False,True,False,27356
3.5,2021,3484,False,True,False,False,False,True,False,False,False,False,False,False,False,False,False,False,False,False,False,True,105060
2.2,1998,191989,False,False,False,False,False,False,False,False,False,False,False,False,False,False,False,False,False,True,False,True,3267
2.4,2008,74313,False,False,True,False,False,False,False,False,False,False,False,False,False,False,True,False,False,False,True,False,22230
5.0,1994,161690,False,False,False,False,False,False,False,False,False,True,False,False,False,False,False,False,False,False,False,True,8812
1.4,2015,28952,True,False,False,False,False,False,False,True,False,False,False,False,False,False,False,False,False,False,False,True,24561
2.0,2011,99891,True,False,False,False,False,False,False,True,False,False,False,False,False,False,False,False,False,False,False,False,14842
1.2,2008,30626,False,False,False,True,False,False,False,False,False,False,False,False,True,False,False,False,False,False,False,True,9996
1.6,2000,72319,True,False,False,False,False,False,False,False,False,False,True,False,False,False,False,False,False,False,True,False,8764
2.0,1985,292571,False,False,False,False,False,False,False,False,False,False,False,False,False,False,False,True,False,False,False,False,574
1.2,2012,28142,True,False,False,False,False,False,True,False,False,False,False,False,False,False,False,False,False,False,False,True,12899
1.8,2008,98167,True,False,False,False,False,False,False,False,False,False,True,False,False,False,False,False,False,False,False,False,11567
2.0,1994,130974,True,False,False,False,False,False,False,False,False,False,True,False,False,False,False,False,False,False,False,False,3738
1.2,2012,84859,False,False,True,False,False,False,False,False,False,False,False,False,False,False,False,False,True,False,False,True,10408
2.2,1995,311342,False,False,True,False,False,False,False,False,False,False,False,False,False,False,True,False,False,False,True,False,1181
1.6,2003,86662,True,False,False,False,False,False,False,False,False,False,True,False,False,False,False,False,False,False,False,False,8485
1.8,2013,50243,False,False,True,False,False,False,False,False,False,False,False,False,False,False,True,False,False,False,True,False,31423
1.4,1998,171338,True,False,False,False,False,False,False,True,False,False,False,False,False,False,False,False,False,False,False,True,2820
2.4,2015,31247,False,False,False,False,False,False,False,False,False,False,False,False,False,False,False,False,False,True,False,True,35026
1.8,2018,43839,True,False,False,False,False,False,False,True,False,False,False,False,False,False,False,False,False,False,False,True,31155
1.2,2002,80490,False,False,False,True,False,False,False,False,True,False,False,False,False,False,False,False,False,False,False,False,6084
1.8,2000,121795,False,False,False,True,False,False,False,False,False,False,False,True,False,False,False,False,False,False,False,False,6005
2.2,2022,7455,False,False,True,False,False,False,False,False,False,False,False,False,False,False,True,False,False,False,True,False,80831
1.8,1997,186047,False,False,True,False,False,False,False,False,False,False,False,False,False,False,True,False,False,False,True,False,3862
1.6,2013,85279,False,False,False,True,False,False,False,False,False,False,False,True,False,False,False,False,False,False,False,False,17631
1.6,2012,59580,False,False,False,True,False,False,False,False,False,False,False,True,False,False,False,False,False,False,False,False,19610
1.0,1993,146691,False,False,False,True,False,False,False,False,False,False,False,False,True,False,False,False,False,False,False,True,1483
1.8,2003,84770,False,False,False,True,False,False,False,False,True,False,False,False,False,False,False,False,False,False,False,False,7731
1.8,2000,110892,False,False,True,False,False,False,False,False,False,False,False,False,False,False,True,False,False,False,True,False,8692
1.6,2013,60586,False,False,False,True,False,False,False,False,False,False,False,True,False,False,False,False,False,False,False,False,20827
1.6,2012,83752,False,False,False,True,False,False,False,False,False,False,False,True,False,False,False,False,False,False,False,False,16671
2.2,2019,7694,False,False,True,False,False,False,False,False,False,False,False,False,False,False,True,False,False,False,True,False,66097
2.0,2018,26830,True,False,False,False,False,False,False,False,False,False,True,False,False,False,False,False,False,False,False,False,37758
2.0,1993,185640,False,False,True,False,False,False,False,False,False,False,False,False,False,False,True,False,False,False,True,False,3129
1.4,2008,114763,True,False,False,False,False,False,False,True,False,False,False,False,False,False,False,False,False,False,False,False,9100
1.6,2006,107117,True,False,False,False,False,False,False,True,False,False,False,False,False,False,False,False,False,False,False,True,8589
2.0,1992,225889,False,False,True,False,False,False,False,False,False,False,False,False,False,False,True,False,False,False,True,False,2049
1.4,2002,63382,False,False,True,False,False,False,False,False,False,False,False,False,False,False,False,False,True,False,True,False,8010
1.8,1992,230915,False,False,True,False,False,False,False,False,False,False,False,False,False,False,True,False,False,False,True,False,1857
2.0,2013,64941,False,True,False,False,False,False,False,False,False,False,False,False,False,False,False,False,False,False,False,True,27481
1.4,1993,136701,True,False,False,False,False,False,True,False,False,False,False,False,False,False,False,False,False,False,False,True,1853
1.8,1996,121208,True,False,False,False,False,False,False,True,False,False,False,False,False,False,False,False,False,False,False,False,4413
1.4,2005,55851,True,False,False,False,False,False,False,False,False,False,True,False,False,False,False,False,False,False,False,False,11151
1.4,1995,101472,False,False,True,False,False,False,False,False,False,False,False,False,False,False,False,False,True,False,True,False,3855
2.0,2007,66238,True,False,False,False,False,False,False,False,False,False,True,False,False,False,False,False,False,False,False,False,14238
1.4,1998,161330,True,False,False,False,False,False,False,True,False,False,False,False,False,False,False,False,False,False,False,True,3068
1.8,2014,63409,False,False,False,True,False,False,False,False,True,False,False,False,False,False,False,False,False,False,False,True,17716
2.0,2003,100186,False,False,False,True,False,False,False,False,False,False,False,True,False,False,False,False,False,False,False,False,9095
4.0,2015,67214,False,True,False,False,False,True,False,False,False,False,False,False,False,False,False,False,False,False,False,False,54388
2.2,1989,135774,False,False,False,False,False,False,False,False,False,False,False,False,False,False,False,False,False,True,False,True,2869
4.0,2007,129513,False,True,False,False,False,False,False,False,False,False,False,False,False,False,False,False,False,False,False,True,16323
1.0,1994,142666,False,False,False,True,False,False,False,False,False,False,False,False,True,False,False,False,False,False,False,True,1638
2.0,1998,225361,True,False,False,False,False,False,False,True,False,False,False,False,False,False,False,False,False,False,False,True,2098
1.2,2020,14875,True,False,False,False,False,False,True,False,False,False,False,False,False,False,False,False,False,False,False,True,23663
1.6,2012,86912,False,False,False,True,False,False,False,False,False,False,False,False,True,False,False,False,False,False,False,True,10500
1.2,1989,17000,False,False,True,False,False,False,False,False,False,False,False,False,False,False,False,False,True,False,True,False,4115
2.4,1984,322971,False,True,False,False,False,False,False,False,False,False,False,False,False,False,False,False,False,False,False,True,483
4.0,2013,31299,False,False,False,False,False,False,False,False,False,True,False,False,False,False,False,False,False,False,False,True,71336
1.4,2003,92172,False,False,False,True,False,False,False,False,True,False,False,False,False,False,False,False,False,False,False,True,6162
4.0,1999,188262,False,False,False,False,False,False,False,False,False,True,False,False,False,False,False,False,False,False,False,True,8772
2.0,2016,45400,False,False,False,False,False,False,False,False,False,False,False,False,False,False,False,False,False,True,False,True,31420
3.0,2001,180752,False,True,False,False,False,True,False,False,False,False,False,False,False,False,False,False,False,False,False,True,7355
1.4,2011,46797,True,False,False,False,False,False,True,False,False,False,False,False,False,False,False,False,False,False,False,True,11670
1.0,1995,174926,True,False,False,False,False,False,False,True,False,False,False,False,False,False,False,False,False,False,False,True,1893
1.4,2013,43710,True,False,False,False,False,False,True,False,False,False,False,False,False,False,False,False,False,False,False,True,13588
1.6,2012,69915,True,False,False,False,False,False,False,True,False,False,False,False,False,False,False,False,False,False,False,True,16670
1.4,2019,26346,False,False,False,True,False,False,False,False,False,False,False,False,True,False,False,False,False,False,False,True,23036
2.0,1995,101168,False,False,True,False,False,False,False,False,False,False,False,False,False,False,True,False,False,False,False,True,5880
1.4,1998,72678,False,False,True,False,False,False,False,False,False,False,False,False,False,False,False,False,True,False,False,True,4806
2.0,1993,199883,True,False,False,False,False,False,False,False,False,False,True,False,False,False,False,False,False,False,False,False,1963
2.0,1993,94331,False,False,False,True,False,False,False,False,True,False,False,False,False,False,False,False,False,False,False,False,3909
2.0,2001,157250,True,False,False,False,False,False,False,True,False,False,False,False,False,False,False,False,False,False,True,False,5560
1.8,2002,117669,False,False,False,True,False,False,False,False,False,False,False,True,False,False,False,False,False,False,False,False,7082
2.4,1988,136512,False,False,False,False,False,False,False,False,False,False,False,False,False,False,False,True,False,False,False,False,3073
4.0,1991,201704,False,True,False,False,False,False,False,False,False,False,False,False,False,False,False,False,False,False,False,True,3068
1.4,2001,152378,False,False,True,False,False,False,False,False,False,False,False,False,False,False,False,False,True,False,False,True,3223
2.0,1988,338791,False,False,False,True,False,False,False,False,False,False,False,False,True,False,False,False,False,False,False,True,262
2.2,2022,2587,False,False,True,False,False,False,False,False,False,False,False,False,False,False,True,False,False,False,True,False,82873
1.2,1995,186799,True,False,False,False,False,False,True,False,False,False,False,False,False,False,False,False,False,False,False,True,1291
1.2,2018,29741,False,False,True,False,False,False,False,False,False,False,False,False,False,False,False,False,True,False,True,False,26494
4.0,2006,84406,False,True,False,False,False,False,False,False,False,False,False,False,False,False,False,False,False,False,False,True,21357
2.4,2012,77919,False,False,True,False,False,False,False,False,False,False,False,False,False,False,True,False,False,False,True,False,28319
1.2,2019,29951,False,False,True,False,False,False,False,False,False,False,False,False,False,False,False,False,True,False,False,True,23572
1.6,1999,187803,True,False,False,False,False,False,False,False,False,False,True,False,False,False,False,False,False,False,False,True,2773
1.4,1998,119620,True,False,False,False,False,False,False,False,False,False,True,False,False,False,False,False,False,False,False,False,4461
1.4,2007,21830,True,False,False,False,False,False,False,True,False,False,False,False,False,False,False,False,False,False,False,False,15748
1.8,2011,32227,False,False,False,True,False,False,False,False,False,False,False,True,False,False,False,False,False,False,False,False,23008
1.4,1994,140841,False,False,True,False,False,False,False,False,False,False,False,False,False,True,False,False,False,False,True,False,3462
4.0,2020,22013,False,False,False,False,False,False,False,False,False,True,False,False,False,False,False,False,False,False,False,True,119898
1.0,2014,46400,False,False,True,False,False,False,False,False,False,False,False,False,False,True,False,False,False,False,True,False,21813
1.4,2016,37317,False,False,False,True,False,False,False,False,False,False,False,True,False,False,False,False,False,False,False,False,27487
2.0,2012,75930,True,False,False,False,False,False,False,False,False,False,True,False,False,False,False,False,False,False,False,False,18620
2.0,1999,202037,False,False,False,False,False,False,False,False,False,False,False,False,False,False,False,True,False,False,False,True,3201
4.0,1989,127393,False,False,False,False,False,False,False,False,False,True,False,False,False,False,False,False,False,False,False,True,7453
1.6,2008,74305,False,False,False,True,False,False,False,False,False,False,False,False,True,False,False,False,False,False,False,True,8774
1.0,1995,153513,True,False,False,False,False,False,False,True,False,False,False,False,False,False,False,False,False,False,False,True,2265
1.6,2018,45304,False,False,False,True,False,False,False,False,False,False,False,False,True,False,False,False,False,False,False,True,20606
2.0,1994,209429,True,False,False,False,False,False,False,True,False,False,False,False,False,False,False,False,False,False,False,True,1854
1.8,2016,40074,False,False,True,False,False,False,False,False,False,False,False,False,False,True,False,False,False,False,True,False,34747
1.6,2018,25526,False,False,False,True,False,False,False,False,True,False,False,False,False,False,False,False,False,False,False,True,27467
3.0,2007,128692,False,True,False,False,False,True,False,False,False,False,False,False,False,False,False,False,False,False,False,True,16845
1.4,1999,98006,True,False,False,False,False,False,True,False,False,False,False,False,False,False,False,False,False,False,True,False,4458
2.4,2006,85221,False,False,False,False,False,False,False,False,False,False,False,False,False,False,False,True,False,False,False,False,14996
1.0,2001,133561,True,False,False,False,False,False,True,False,False,False,False,False,False,False,False,False,False,False,False,True,2738
2.0,2007,48480,False,False,False,False,False,False,False,False,False,False,False,False,False,False,False,False,False,True,False,True,16920
2.0,1990,301244,False,False,False,False,False,False,False,False,False,False,False,False,False,False,False,False,False,True,False,True,669
1.4,2014,61220,True,False,False,False,False,False,False,True,False,False,False,False,False,False,False,False,False,False,False,True,18868
2.2,1989,332382,False,False,True,False,False,False,False,False,False,False,False,False,False,False,True,False,False,False,True,False,646
2.0,2001,195517,False,False,False,True,False,False,False,False,True,False,False,False,False,False,False,False,False,False,False,False,2948
5.0,2015,34862,False,False,False,False,False,False,False,False,False,True,False,False,False,False,False,False,False,False,False,True,89261
1.4,2009,49831,False,False,False,True,False,False,False,False,True,False,False,False,False,False,False,False,False,False,False,False,12818
2.2,1993,185139,False,False,True,False,False,False,False,False,False,False,False,False,False,False,True,False,False,False,True,False,3296
4.0,1995,122888,False,False,False,False,False,False,False,False,False,True,False,False,False,False,False,False,False,False,False,True,11515
1.8,2021,8872,False,False,False,True,False,False,False,False,False,False,False,True,False,False,False,False,False,False,False,False,50971
1.6,1987,258897,True,False,False,False,False,False,False,False,False,False,True,False,False,False,False,False,False,False,False,False,689
1.6,1993,298203,False,False,False,True,False,False,False,False,True,False,False,False,False,False,False,False,False,False,False,True,573
1.2,2004,178408,False,False,False,True,False,False,False,False,False,False,False,False,True,False,False,False,False,False,False,True,2596
1.6,2016,53147,True,False,False,False,False,False,False,True,False,False,False,False,False,False,False,False,False,False,False,True,24268
1.6,1998,205511,False,False,False,True,False,False,False,False,False,False,False,True,False,False,False,False,False,False,False,False,2464
4.0,1994,239106,False,True,False,False,False,False,False,False,False,False,False,False,False,False,False,False,False,False,False,True,2676
2.4,1986,184904,False,False,False,False,False,False,False,False,False,False,False,False,False,False,False,True,False,False,False,False,1798
1.4,1997,151355,False,False,False,True,False,False,False,False,False,False,False,True,False,False,False,False,False,False,False,False,3426
4.0,2013,52083,False,True,False,False,False,False,False,False,False,False,False,False,False,False,False,False,False,False,False,True,42210
1.4,2000,191013,False,False,False,True,False,False,False,False,False,False,False,False,True,False,False,False,False,False,False,True,1926
1.4,2001,139896,False,False,False,True,False,False,False,False,False,False,False,True,False,False,False,False,False,False,False,False,4909
1.8,1994,111331,False,False,False,True,False,False,False,False,True,False,False,False,False,False,False,False,False,False,False,False,3498
2.0,2019,26572,True,False,False,False,False,False,False,True,False,False,False,False,False,False,False,False,False,False,False,True,38850
1.4,2011,82462,True,False,False,False,False,False,False,False,False,False,True,False,False,False,False,False,False,False,False,False,13933
1.6,2009,86678,True,False,False,False,False,False,False,False,False,False,True,False,False,False,False,False,False,False,False,False,12657
1.6,2011,107756,False,False,False,True,False,False,False,False,False,False,False,True,False,False,False,False,False,False,False,True,12489
2.0,1999,106551,False,False,False,False,False,False,False,False,False,False,False,False,False,False,False,True,False,False,False,True,7007
1.0,2015,60872,True,False,False,False,False,False,True,False,False,False,False,False,False,False,False,False,False,False,False,True,11782
1.8,2007,126661,True,False,False,False,False,False,False,True,False,False,False,False,False,False,False,False,False,False,False,False,8808
2.0,2014,60188,False,False,True,False,False,False,False,False,False,False,False,False,False,False,True,False,False,False,True,False,33241
1.4,1998,215520,True,False,False,False,False,False,False,False,False,False,True,False,False,False,False,False,False,False,False,False,1995
5.0,2012,50182,False,False,False,False,False,False,False,False,False,True,False,False,False,False,False,False,False,False,False,True,66615
1.0,2021,12616,True,False,False,False,False,False,False,True,False,False,False,False,False,False,False,False,False,False,False,False,35582
1.8,2012,76792,False,False,False,True,False,False,False,False,True,False,False,False,False,False,False,False,False,False,False,False,14887
1.0,2010,61917,True,False,False,False,False,False,True,False,False,False,False,False,False,False,False,False,False,False,False,True,8385
1.6,2000,120811,True,False,False,False,False,False,False,True,False,False,False,False,False,False,False,False,False,False,False,True,5190
2.0,2005,81952,False,False,False,True,False,False,False,False,False,False,False,True,False,False,False,False,False,False,False,True,11272
2.0,2004,138869,False,False,False,True,False,False,False,False,False,False,False,True,False,False,False,False,False,False,False,False,7226
2.6,2014,64867,False,True,False,False,True,False,False,False,False,False,False,False,False,False,False,False,False,False,False,True,59109
2.0,2009,74235,False,False,False,True,False,False,False,False,False,False,False,True,False,False,False,False,False,False,False,True,15517
1.8,2020,20074,False,False,True,False,False,False,False,False,False,False,False,False,False,True,False,False,False,False,True,False,50891
1.6,1995,234975,True,False,False,False,False,False,False,True,False,False,False,False,False,False,False,False,False,False,False,True,1407
2.0,2020,23238,True,False,False,False,False,False,False,False,False,False,True,False,False,False,False,False,False,False,True,False,50313
2.6,2018,35700,False,True,False,False,True,False,False,False,False,False,False,False,False,False,False,False,False,False,False,True,92549
2.0,2001,159990,True,False,False,False,False,False,False,False,False,False,True,False,False,False,False,False,False,False,False,False,4712
1.0,2000,129951,False,False,False,True,False,False,False,False,False,False,False,False,True,False,False,False,False,False,False,False,2840
1.2,1988,127426,False,False,False,True,False,False,False,False,True,False,False,False,False,False,False,False,False,False,False,True,1611
1.2,2017,22383,True,False,False,False,False,False,True,False,False,False,False,False,False,False,False,False,False,False,False,True,18595
1.0,2020,28024,False,False,True,False,False,False,False,False,False,False,False,False,False,False,False,False,True,False,True,False,27908
3.0,2014,30613,False,False,False,False,False,False,False,False,False,False,False,False,False,False,False,True,False,False,False,True,38607
1.0,2014,48101,True,False,False,False,False,False,True,False,False,False,False,False,False,False,False,False,False,False,False,True,11950
1.2,2005,116906,False,False,False,True,False,False,False,False,True,False,False,False,False,False,False,False,False,False,False,False,5700
1.6,1999,185525,True,False,False,False,False,False,False,True,False,False,False,False,False,False,False,False,False,False,False,True,2854
3.5,2003,208259,False,True,False,False,True,False,False,False,False,False,False,False,False,False,False,False,False,False,False,True,10631
2.4,1987,248752,False,False,True,False,False,False,False,False,False,False,False,False,False,False,True,False,False,False,True,False,1305
3.0,1996,49584,False,False,False,False,False,False,False,False,False,False,False,False,False,False,False,True,False,False,False,False,10898
1.4,1990,204381,False,False,False,True,False,False,False,False,True,False,False,False,False,False,False,False,False,False,False,True,1043
2.0,2010,64180,True,False,False,False,False,False,False,True,False,False,False,False,False,False,False,False,False,False,False,False,17789
1.2,2000,184014,False,False,True,False,False,False,False,False,False,False,False,False,False,False,False,False,True,False,True,False,2565
1.8,2008,120909,True,False,False,False,False,False,False,False,False,False,True,False,False,False,False,False,False,False,False,False,9755
1.0,2006,97817,True,False,False,False,False,False,True,False,False,False,False,False,False,False,False,False,False,False,False,True,5014
1.4,2003,171038,False,False,False,True,False,False,False,False,False,False,False,True,False,False,False,False,False,False,False,False,4338
1.2,2013,56994,True,False,False,False,False,False,True,False,False,False,False,False,False,False,False,False,False,False,False,True,11580
1.4,2017,18157,True,False,False,False,False,False,False,False,False,False,True,False,False,False,False,False,False,False,False,False,31013
2.4,2004,75012,False,False,False,False,False,False,False,False,False,False,False,False,False,False,False,False,False,True,False,True,12773
1.2,2007,39177,False,False,False,True,False,False,False,False,True,False,False,False,False,False,False,False,False,False,False,True,10555
1.0,2000,71356,False,False,True,False,False,False,False,False,False,False,False,False,False,False,False,False,True,False,True,False,5620
1.4,2009,44859,False,False,False,True,False,False,False,False,False,False,False,False,True,False,False,False,False,False,False,True,10607
1.2,2022,8323,False,False,False,True,False,False,False,False,False,False,False,False,True,False,False,False,False,False,False,True,28728
2.2,2009,91452,False,False,False,False,False,False,False,False,False,False,False,False,False,False,False,False,False,True,False,True,15220
1.4,1997,202891,True,False,False,False,False,False,True,False,False,False,False,False,False,False,False,False,False,False,False,True,1384
1.2,2019,28507,False,False,False,True,False,False,False,False,False,False,False,False,True,False,False,False,False,False,False,True,21067
1.8,2006,117916,False,False,True,False,False,False,False,False,False,False,False,False,False,True,False,False,False,False,True,False,10460
1.6,1997,142484,True,False,False,False,False,False,False,False,False,False,True,False,False,False,False,False,False,False,False,False,3726
1.4,1998,148898,False,False,True,False,False,False,False,False,False,False,False,False,False,False,False,False,True,False,True,False,3258
1.8,1995,155411,True,False,False,False,False,False,False,False,False,False,True,False,False,False,False,False,False,False,True,False,3557
1.0,2004,166171,True,False,False,False,False,False,False,True,False,False,False,False,False,False,False,False,False,False,False,False,3900
1.0,1998,168223,False,False,False,True,False,False,False,False,False,False,False,False,True,False,False,False,False,False,False,True,1732
1.8,1993,143865,False,False,True,False,False,False,False,False,False,False,False,False,False,True,False,False,False,False,True,False,3584
1.2,2001,100034,True,False,False,False,False,False,True,False,False,False,False,False,False,False,False,False,False,False,False,True,3873
1.2,1997,151666,False,False,True,False,False,False,False,False,False,False,False,False,False,False,False,False,True,False,False,True,2298
3.5,1991,258729,False,True,False,False,True,False,False,False,False,False,False,False,False,False,False,False,False,False,False,True,3016
1.2,2015,54215,False,False,False,True,False,False,False,False,False,False,False,False,True,False,False,False,False,False,False,True,13822
1.8,1993,222344,False,False,True,False,False,False,False,False,False,False,False,False,False,False,True,False,False,False,False,True,1788
2.4,2000,133087,False,False,False,False,False,False,False,False,False,False,False,False,False,False,False,True,False,False,False,False,7027
2.0,1990,229192,False,False,False,True,False,False,False,False,False,False,False,True,False,False,False,False,False,False,False,True,1244
1.4,1998,194092,True,False,False,False,False,False,False,False,False,False,True,False,False,False,False,False,False,False,False,False,2412
1.8,2001,149555,False,False,False,True,False,False,False,False,False,False,False,True,False,False,False,False,False,False,False,False,5148
2.0,1997,108555,False,False,True,False,False,False,False,False,False,False,False,False,False,False,True,False,False,False,True,False,7634
2.2,2012,39840,False,False,False,False,False,False,False,False,False,False,False,False,False,False,False,False,False,True,False,True,26103
1.2,1985,58798,True,False,False,False,False,False,True,False,False,False,False,False,False,False,False,False,False,False,False,True,1770
1.8,2017,13479,True,False,False,False,False,False,False,False,False,False,True,False,False,False,False,False,False,False,False,False,36064
1.2,2007,114429,False,False,False,True,False,False,False,False,False,False,False,False,True,False,False,False,False,False,False,True,5326
1.4,1997,204469,False,False,True,False,False,False,False,False,False,False,False,False,False,True,False,False,False,False,True,False,2466
1.8,1989,114982,True,False,False,False,False,False,False,False,False,False,True,False,False,False,False,False,False,False,False,True,2739
1.4,2017,46928,False,False,False,True,False,False,False,False,True,False,False,False,False,False,False,False,False,False,False,True,21187
1.0,2016,27839,False,False,True,False,False,False,False,False,False,False,False,False,False,True,False,False,False,False,True,False,27817
1.2,2022,5417,False,False,True,False,False,False,False,False,False,False,False,False,False,False,False,False,True,False,False,True,32902
2.0,2001,151393,False,False,True,False,False,False,False,False,False,False,False,False,False,False,True,False,False,False,True,False,7120
1.4,1995,163264,False,False,True,False,False,False,False,False,False,False,False,False,False,False,False,False,True,False,True,False,2368
1.4,1991,221680,False,False,True,False,False,False,False,False,False,False,False,False,False,True,False,False,False,False,True,False,1417
1.4,1990,119871,False,False,False,True,False,False,False,False,False,False,False,False,True,False,False,False,False,False,False,True,1777
1.8,2002,146392,False,False,True,False,False,False,False,False,False,False,False,False,False,False,True,False,False,False,True,False,7521
2.0,2009,70986,False,False,False,False,False,False,False,False,False,False,False,False,False,False,False,False,False,True,False,True,16721
1.2,1992,290456,False,False,True,False,False,False,False,False,False,False,False,False,False,False,False,False,True,False,False,True,475
1.2,2004,101673,False,False,True,False,False,False,False,False,False,False,False,False,False,False,False,False,True,False,False,True,5412
1.6,1990,213289,True,False,False,False,False,False,False,True,False,False,False,False,False,False,False,False,False,False,False,False,1288
2.0,2003,133739,False,False,True,False,False,False,False,False,False,False,False,False,False,False,True,False,False,False,True,False,9380
2.4,1992,301708,False,False,False,False,False,False,False,False,False,False,False,False,False,False,False,True,False,False,False,False,920
2.4,1995,264670,False,False,False,False,False,False,False,False,False,False,False,False,False,False,False,False,False,True,False,True,1446
2.4,2017,58142,False,False,False,False,False,False,False,False,False,False,False,False,False,False,False,False,False,True,False,True,33968
1.8,1990,298113,False,False,False,True,False,False,False,False,False,False,False,True,False,False,False,False,False,False,False,True,621
1.4,2001,183107,False,False,True,False,False,False,False,False,False,False,False,False,False,False,False,False,True,False,True,False,2985
2.0,1992,150186,True,False,False,False,False,False,False,True,False,False,False,False,False,False,False,False,False,False,True,False,3234
1.2,1993,172576,False,False,False,True,False,False,False,False,True,False,False,False,False,False,False,False,False,False,False,True,1555
1.4,1990,193772,False,False,True,False,False,False,False,False,False,False,False,False,False,False,False,False,True,False,True,False,1307
3.0,2012,102066,False,False,False,False,False,False,False,False,False,False,False,False,False,False,False,True,False,False,False,True,21106
2.0,2004,141499,False,False,False,True,False,False,False,False,True,False,False,False,False,False,False,False,False,False,False,True,5406
1.4,2005,77093,False,False,False,True,False,False,False,False,False,False,False,False,True,False,False,False,False,False,False,True,6593
1.6,1999,270574,True,False,False,False,False,False,False,False,False,False,True,False,False,False,False,False,False,False,False,False,1375
1.6,2009,71293,True,False,False,False,False,False,False,False,False,False,True,False,False,False,False,False,False,False,False,False,14070
1.6,2009,40464,False,False,False,True,False,False,False,False,False,False,False,True,False,False,False,False,False,False,False,False,18084
1.0,1990,220840,True,False,False,False,False,False,True,False,False,False,False,False,False,False,False,False,False,False,False,True,625
1.6,1996,135655,False,False,False,True,False,False,False,False,True,False,False,False,False,False,False,False,False,False,False,True,2972
1.2,2000,140745,False,False,True,False,False,False,False,False,False,False,False,False,False,False,False,False,True,False,True,False,3681
1.2,2014,39668,False,False,False,True,False,False,False,False,True,False,False,False,False,False,False,False,False,False,False,True,16782
1.2,2010,59473,True,False,False,False,False,False,True,False,False,False,False,False,False,False,False,False,False,False,False,False,9798
1.2,1991,186048,False,False,False,True,False,False,False,False,False,False,False,False,True,False,False,False,False,False,False,True,1021
2.0,1991,230386,True,False,False,False,False,False,False,True,False,False,False,False,False,False,False,False,False,False,False,True,1257
1.0,2012,20651,False,False,False,True,False,False,False,False,False,False,False,False,True,False,False,False,False,False,False,True,12603
4.4,2000,191763,False,False,False,False,False,False,False,False,False,True,False,False,False,False,False,False,False,False,False,True,9539
2.0,1988,311184,False,False,False,True,False,False,False,False,True,False,False,False,False,False,False,False,False,False,False,False,426
1.8,2006,143719,False,False,True,False,False,False,False,False,False,False,False,False,False,False,True,False,False,False,False,True,8362
2.0,2008,60623,False,False,False,True,False,False,False,False,False,False,False,False,True,False,False,False,False,False,False,True,10741
1.4,1997,164942,False,False,True,False,False,False,False,False,False,False,False,False,False,False,False,False,True,False,True,False,2668
1.4,2012,102450,False,False,True,False,False,False,False,False,False,False,False,False,False,False,False,False,True,False,False,True,9907
1.2,2004,159228,False,False,False,True,False,False,False,False,False,False,False,False,True,False,False,False,False,False,False,True,3052
4.0,2008,93810,False,False,False,False,False,False,False,False,False,True,False,False,False,False,False,False,False,False,False,True,34039
1.0,2007,60660,True,False,False,False,False,False,True,False,False,False,False,False,False,False,False,False,False,False,False,True,6921
1.6,1992,260557,False,False,False,True,False,False,False,False,True,False,False,False,False,False,False,False,False,False,True,False,917
2.0,1995,206258,False,False,False,False,False,False,False,False,False,False,False,False,False,False,False,False,False,True,False,True,2249
2.0,1990,170060,True,False,False,False,False,False,False,False,False,False,True,False,False,False,False,False,False,False,False,False,2080
1.6,1995,79437,True,False,False,False,False,False,False,True,False,False,False,False,False,False,False,False,False,False,False,True,5031
1.0,1995,201962,False,False,False,True,False,False,False,False,False,False,False,False,True,False,False,False,False,False,False,True,1059
1.0,2000,215335,False,False,True,False,False,False,False,False,False,False,False,False,False,True,False,False,False,False,True,False,2311
1.6,2010,58375,False,False,False,True,False,False,False,False,False,False,False,False,True,False,False,False,False,False,False,True,11137
2.0,1999,166866,False,False,False,True,False,False,False,False,False,False,False,True,False,False,False,False,False,False,False,True,3918
1.8,1993,196582,False,False,True,False,False,False,False,False,False,False,False,False,False,True,False,False,False,False,True,False,2296
1.6,1991,165322,False,False,False,True,False,False,False,False,False,False,False,True,False,False,False,False,False,False,False,False,2186
2.2,2000,12245,False,False,True,False,False,False,False,False,False,False,False,False,False,False,True,False,False,False,True,False,18184
1.2,2021,13737,False,False,True,False,False,False,False,False,False,False,False,False,False,False,False,False,True,False,True,False,35361
2.0,2019,25388,False,False,False,True,False,False,False,False,False,False,False,False,True,False,False,False,False,False,False,True,27682
1.8,1994,94438,False,False,False,True,False,False,False,False,True,False,False,False,False,False,False,False,False,False,False,False,3961
1.6,1996,170763,True,False,False,False,False,False,False,True,False,False,False,False,False,False,False,False,False,False,False,True,2652
2.0,2012,97393,False,True,False,False,False,False,False,False,False,False,False,False,False,False,False,False,False,False,False,True,20537
1.4,2018,29265,False,False,True,False,False,False,False,False,False,False,False,False,False,False,False,False,True,False,False,True,23912
1.4,2001,216561,False,False,False,True,False,False,False,False,False,False,False,False,True,False,False,False,False,False,False,True,1642
1.2,2011,70457,False,False,True,False,False,False,False,False,False,False,False,False,False,False,False,False,True,False,False,True,10746
3.5,1991,66112,False,True,False,False,True,False,False,False,False,False,False,False,False,False,False,False,False,False,False,True,14679
1.0,2016,26137,False,False,True,False,False,False,False,False,False,False,False,False,False,False,False,False,True,False,False,True,18004
1.8,2017,42690,True,False,False,False,False,False,False,True,False,False,False,False,False,False,False,False,False,False,False,False,30817
2.4,2022,5639,False,False,False,False,False,False,False,False,False,False,False,False,False,False,False,False,False,True,False,True,64236
1.4,1990,180636,False,False,True,False,False,False,False,False,False,False,False,False,False,False,False,False,True,False,True,False,1464
1.8,1999,206392,False,False,True,False,False,False,False,False,False,False,False,False,False,True,False,False,False,False,True,False,3141
1.6,2019,24200,True,False,False,False,False,False,False,True,False,False,False,False,False,False,False,False,False,False,False,False,36976
5.0,1991,221986,False,False,False,False,False,False,False,False,False,True,False,False,False,False,False,False,False,False,False,True,4268
1.8,1991,47087,False,False,True,False,False,False,False,False,False,False,False,False,False,True,False,False,False,False,True,False,6289
1.0,2012,46135,True,False,False,False,False,False,True,False,False,False,False,False,False,False,False,False,False,False,False,True,10585
1.4,1992,127561,False,False,False,True,False,False,False,False,True,False,False,False,False,False,False,False,False,False,False,False,2383
1.6,1997,181847,False,False,False,True,False,False,False,False,False,False,False,True,False,False,False,False,False,False,False,False,2834
3.0,2018,49834,False,False,False,False,False,False,False,False,False,False,False,False,False,False,False,True,False,False,False,False,47169
1.2,2010,82499,True,False,False,False,False,False,True,False,False,False,False,False,False,False,False,False,False,False,False,True,7997
1.4,1991,172937,False,False,True,False,False,False,False,False,False,False,False,False,False,False,False,False,True,False,True,False,1672
1.2,2016,60954,False,False,True,False,False,False,False,False,False,False,False,False,False,False,False,False,True,False,True,False,19159
2.0,2004,124471,False,False,True,False,False,False,False,False,False,False,False,False,False,False,True,False,False,False,True,False,10783
2.0,1997,249994,False,False,False,False,False,False,False,False,False,False,False,False,False,False,False,True,False,False,False,False,1906
2.0,1987,286299,True,False,False,False,False,False,False,False,False,False,True,False,False,False,False,False,False,False,False,False,595
1.4,2001,129253,True,False,False,False,False,False,False,True,False,False,False,False,False,False,False,False,False,False,False,False,5103
2.4,1991,114686,False,False,True,False,False,False,False,False,False,False,False,False,False,False,True,False,False,False,True,False,5352
1.8,2003,56093,True,False,False,False,False,False,False,True,False,False,False,False,False,False,False,False,False,False,False,True,10619
2.0,2011,6000,False,False,False,True,False,False,False,False,True,False,False,False,False,False,False,False,False,False,False,True,21396
5.0,1992,323983,False,False,False,False,False,False,False,False,False,True,False,False,False,False,False,False,False,False,False,True,1755
1.0,1990,203469,True,False,False,False,False,False,False,True,False,False,False,False,False,False,False,False,False,False,False,False,1111
1.6,1998,192108,False,False,False,True,False,False,False,False,False,False,False,True,False,False,False,False,False,False,False,False,2772
1.0,2019,25780,False,False,True,False,False,False,False,False,False,False,False,False,False,True,False,False,False,False,True,False,34375
1.6,1992,204786,False,False,False,True,False,False,False,False,False,False,False,False,True,False,False,False,False,False,False,True,1070
1.4,2009,31268,False,False,True,False,False,False,False,False,False,False,False,False,False,True,False,False,False,False,True,False,20238
1.0,2009,84578,False,False,False,True,False,False,False,False,False,False,False,False,True,False,False,False,False,False,False,True,6908
1.8,2019,26951,False,False,True,False,False,False,False,False,False,False,False,False,False,True,False,False,False,False,True,False,45815
1.8,2014,49042,False,False,True,False,False,False,False,False,False,False,False,False,False,True,False,False,False,False,True,False,28792
1.4,2007,104098,False,False,True,False,False,False,False,False,False,False,False,False,False,True,False,False,False,False,True,False,10941
1.4,1996,77408,False,False,True,False,False,False,False,False,False,False,False,False,False,True,False,False,False,False,True,False,6355
1.8,2009,109944,False,False,False,True,False,False,False,False,True,False,False,False,False,False,False,False,False,False,False,True,9151
1.8,2012,73234,False,False,False,True,False,False,False,False,True,False,False,False,False,False,False,False,False,False,False,True,14525
2.0,2011,38395,True,False,False,False,False,False,False,False,False,False,True,False,False,False,False,False,False,False,False,False,22139
1.8,2003,90320,False,False,True,False,False,False,False,False,False,False,False,False,False,True,False,False,False,False,True,False,10501
1.2,2017,53409,False,False,False,True,False,False,False,False,False,False,False,False,True,False,False,False,False,False,False,True,15875
1.4,2005,137724,False,False,True,False,False,False,False,False,False,False,False,False,False,True,False,False,False,False,True,False,7391
2.0,2021,8087,False,False,False,True,False,False,False,False,True,False,False,False,False,False,False,False,False,False,False,False,43287
2.2,1993,184766,False,False,True,False,False,False,False,False,False,False,False,False,False,False,True,False,False,False,False,True,2756
1.8,2018,29621,False,False,False,True,False,False,False,False,False,False,False,True,False,False,False,False,False,False,False,False,37247
1.6,2009,72582,False,False,False,True,False,False,False,False,True,False,False,False,False,False,False,False,False,False,False,True,11261
1.4,2019,18890,False,False,False,True,False,False,False,False,False,False,False,True,False,False,False,False,False,False,False,True,35513
2.2,1995,208487,False,False,True,False,False,False,False,False,False,False,False,False,False,False,True,False,False,False,False,True,2557
2.0,1998,123353,True,False,False,False,False,False,False,True,False,False,False,False,False,False,False,False,False,False,False,False,5228
1.4,1991,156207,True,False,False,False,False,False,True,False,False,False,False,False,False,False,False,False,False,False,False,True,1384
1.0,1994,112795,False,False,True,False,False,False,False,False,False,False,False,False,False,True,False,False,False,False,True,False,3642
1.8,1992,39615,False,False,False,True,False,False,False,False,False,False,False,True,False,False,False,False,False,False,False,False,6207
1.8,1997,139267,False,False,True,False,False,False,False,False,False,False,False,False,False,True,False,False,False,False,True,False,4856
1.6,2016,61006,True,False,False,False,False,False,False,True,False,False,False,False,False,False,False,False,False,False,False,False,24233
1.4,2008,113304,False,False,False,True,False,False,False,False,False,False,False,True,False,False,False,False,False,False,False,False,9633
1.4,1991,145901,False,False,False,True,False,False,False,False,False,False,False,False,True,False,False,False,False,False,False,False,1623
1.4,2005,58982,False,False,True,False,False,False,False,False,False,False,False,False,False,False,False,False,True,False,True,False,10067
1.8,2000,174376,False,False,True,False,False,False,False,False,False,False,False,False,False,True,False,False,False,False,True,False,4437
2.0,2016,51059,True,False,False,False,False,False,False,False,False,False,True,False,False,False,False,False,False,False,False,False,28601
1.4,2005,111198,False,False,True,False,False,False,False,False,False,False,False,False,False,False,False,False,True,False,False,True,5821
1.8,1997,140421,False,False,False,True,False,False,False,False,False,False,False,True,False,False,False,False,False,False,False,False,4245
1.4,2002,131404,True,False,False,False,False,False,True,False,False,False,False,False,False,False,False,False,False,False,False,True,3522
2.0,2018,30228,False,False,False,True,False,False,False,False,False,False,False,False,True,False,False,False,False,False,False,True,25193
1.6,1992,157812,True,False,False,False,False,False,False,True,False,False,False,False,False,False,False,False,False,False,False,True,2264
1.4,2016,32938,False,False,True,False,False,False,False,False,False,False,False,False,False,True,False,False,False,False,True,False,31962
1.2,1991,103450,False,False,True,False,False,False,False,False,False,False,False,False,False,False,False,False,True,False,False,True,2245
1.8,2019,10117,True,False,False,False,False,False,False,False,False,False,True,False,False,False,False,False,False,False,False,False,41948
1.4,2011,99624,False,False,True,False,False,False,False,False,False,False,False,False,False,False,False,False,True,False,False,True,9462
1.0,2014,35503,True,False,False,False,False,False,False,True,False,False,False,False,False,False,False,False,False,False,False,True,18695
2.0,1993,236635,True,False,False,False,False,False,False,True,False,False,False,False,False,False,False,False,False,False,False,True,1356
1.8,1996,202468,True,False,False,False,False,False,False,False,False,False,True,False,False,False,False,False,False,False,False,False,2224
1.0,2007,48869,True,False,False,False,False,False,True,False,False,False,False,False,False,False,False,False,False,False,False,True,7458
1.8,2005,74439,True,False,False,False,False,False,False,True,False,False,False,False,False,False,False,False,False,False,False,True,10755
5.0,1987,256429,False,False,False,False,False,False,False,False,False,True,False,False,False,False,False,False,False,False,False,True,2384
2.0,2016,51527,False,False,False,True,False,False,False,False,False,False,False,True,False,False,False,False,False,False,False,False,30129
1.8,1997,161316,False,False,True,False,False,False,False,False,False,False,False,False,False,True,False,False,False,False,True,False,4055
2.0,2019,22375,False,False,False,True,False,False,False,False,False,False,False,False,True,False,False,False,False,False,False,True,28153
1.8,2009,72319,False,False,False,True,False,False,False,False,False,False,False,True,False,False,False,False,False,False,False,False,15658
1.6,2000,126330,False,False,False,True,False,False,False,False,True,False,False,False,False,False,False,False,False,False,False,False,4385
1.4,2015,67299,False,False,False,True,False,False,False,False,False,False,False,True,False,False,False,False,False,False,False,False,21303
2.0,2000,169048,False,False,True,False,False,False,False,False,False,False,False,False,False,False,True,False,False,False,True,False,5751
1.0,2006,129025,True,False,False,False,False,False,False,True,False,False,False,False,False,False,False,False,False,False,False,True,5742
1.4,2007,67643,True,False,False,False,False,False,True,False,False,False,False,False,False,False,False,False,False,False,False,True,7823
2.0,2014,37356,False,False,False,True,False,False,False,False,False,False,False,False,True,False,False,False,False,False,False,False,19435
2.0,1998,169042,False,False,False,True,False,False,False,False,False,False,False,True,False,False,False,False,False,False,False,False,3778
2.0,1991,194849,False,False,False,False,False,False,False,False,False,False,False,False,False,False,False,True,False,False,False,True,2000
1.2,1991,291741,True,False,False,False,False,False,True,False,False,False,False,False,False,False,False,False,False,False,False,True,379
1.4,1995,281418,False,False,False,True,False,False,False,False,True,False,False,False,False,False,False,False,False,False,False,True,718
1.4,1997,175584,True,False,False,False,False,False,True,False,False,False,False,False,False,False,False,False,False,False,False,True,1755
2.4,2013,34795,False,False,False,False,False,False,False,False,False,False,False,False,False,False,False,True,False,False,False,True,31529
1.4,1997,227371,True,False,False,False,False,False,True,False,False,False,False,False,False,False,False,False,False,False,False,True,1112
2.2,2001,78558,False,True,False,False,True,False,False,False,False,False,False,False,False,False,False,False,False,False,False,True,20846
2.4,2001,83481,False,True,False,False,False,False,False,False,False,False,False,False,False,False,False,False,False,False,False,True,11930
1.8,2019,15612,True,False,False,False,False,False,False,True,False,False,False,False,False,False,False,False,False,False,False,True,39157
2.0,1995,213339,True,False,False,False,False,False,False,False,False,False,True,False,False,False,False,False,False,False,False,False,1991
1.2,2000,142149,True,False,False,False,False,False,True,False,False,False,False,False,False,False,False,False,False,False,False,True,2620
1.8,2011,27009,False,False,False,True,False,False,False,False,True,False,False,False,False,False,False,False,False,False,False,True,18116
2.0,2016,66107,False,False,False,True,False,False,False,False,False,False,False,True,False,False,False,False,False,False,False,False,27433
1.4,2006,107081,False,False,True,False,False,False,False,False,False,False,False,False,False,False,False,False,True,False,True,False,7701
1.6,2006,121686,False,False,False,True,False,False,False,False,False,False,False,True,False,False,False,False,False,False,False,False,8453
1.8,2018,42780,False,False,True,False,False,False,False,False,False,False,False,False,False,False,True,False,False,False,True,False,45912
1.6,1996,197053,True,False,False,False,False,False,False,False,False,False,True,False,False,False,False,False,False,False,True,False,2513
1.2,2004,127007,False,False,True,False,False,False,False,False,False,False,False,False,False,False,False,False,True,False,False,True,4466
2.0,2011,36346,False,False,False,True,False,False,False,False,False,False,False,False,True,False,False,False,False,False,False,True,15245
2.0,2000,141343,True,False,False,False,False,False,False,False,False,False,True,False,False,False,False,False,False,False,False,False,5135
1.0,2016,30889,False,False,True,False,False,False,False,False,False,False,False,False,False,False,False,False,True,False,False,True,17523
1.2,1988,180368,False,False,True,False,False,False,False,False,False,False,False,False,False,False,False,False,True,False,False,True,991
1.2,2000,106802,True,False,False,False,False,False,True,False,False,False,False,False,False,False,False,False,False,False,False,True,3446
1.6,2004,145825,False,False,False,True,False,False,False,False,False,False,False,True,False,False,False,False,False,False,False,False,6111
1.0,2016,39944,False,False,True,False,False,False,False,False,False,False,False,False,False,True,False,False,False,False,True,False,25919
1.8,1999,100110,False,False,False,True,False,False,False,False,False,False,False,True,False,False,False,False,False,False,False,False,6612
1.4,2003,148210,False,False,False,True,False,False,False,False,False,False,False,False,True,False,False,False,False,False,False,True,3377
1.0,2007,114509,False,False,True,False,False,False,False,False,False,False,False,False,False,True,False,False,False,False,True,False,8553
2.0,2001,84809,False,False,True,False,False,False,False,False,False,False,False,False,False,False,True,False,False,False,True,False,11837
1.0,2000,187437,False,False,True,False,False,False,False,False,False,False,False,False,False,True,False,False,False,False,True,False,2956
1.0,2000,121904,False,False,True,False,False,False,False,False,False,False,False,False,False,True,False,False,False,False,True,False,5068
2.4,1999,105587,False,False,True,False,False,False,False,False,False,False,False,False,False,False,True,False,False,False,True,False,9769
1.0,1996,168251,True,False,False,False,False,False,True,False,False,False,False,False,False,False,False,False,False,False,False,False,1550
1.6,2001,136293,False,False,False,True,False,False,False,False,True,False,False,False,False,False,False,False,False,False,False,True,4127
2.4,1991,243074,False,False,False,False,False,False,False,False,False,False,False,False,False,False,False,False,False,True,False,True,1353
3.0,1996,201184,False,True,False,False,True,False,False,False,False,False,False,False,False,False,False,False,False,False,False,True,6571
4.0,2004,101847,False,True,False,False,False,False,False,False,False,False,False,False,False,False,False,False,False,False,False,True,16493
1.6,1997,192299,False,False,False,True,False,False,False,False,True,False,False,False,False,False,False,False,False,False,False,False,2077
1.0,2001,114687,True,False,False,False,False,False,True,False,False,False,False,False,False,False,False,False,False,False,False,True,3169
2.4,2003,109859,False,False,True,False,False,False,False,False,False,False,False,False,False,False,True,False,False,False,True,False,12354
4.4,2003,118159,False,False,False,False,False,False,False,False,False,True,False,False,False,False,False,False,False,False,False,True,21350
3.0,2013,70086,False,False,False,False,False,False,False,False,False,False,False,False,False,False,False,True,False,False,False,False,29656
1.6,2009,94574,True,False,False,False,False,False,False,True,False,False,False,False,False,False,False,False,False,False,False,False,12075
1.4,2002,91399,False,False,True,False,False,False,False,False,False,False,False,False,False,False,False,False,True,False,False,True,5511
2.4,1988,293430,False,False,True,False,False,False,False,False,False,False,False,False,False,False,True,False,False,False,True,False,917
1.4,2004,135762,False,False,False,True,False,False,False,False,True,False,False,False,False,False,False,False,False,False,False,True,4736
1.2,2000,150704,False,False,True,False,False,False,False,False,False,False,False,False,False,False,False,False,True,False,False,True,2830
1.4,2016,23489,True,False,False,False,False,False,True,False,False,False,False,False,False,False,False,False,False,False,False,True,18674
1.8,1995,153174,False,False,False,True,False,False,False,False,True,False,False,False,False,False,False,False,False,False,False,True,2560
2.0,2009,90092,False,False,False,True,False,False,False,False,False,False,False,False,True,False,False,False,False,False,False,True,9397
1.8,1995,140770,False,False,True,False,False,False,False,False,False,False,False,False,False,True,False,False,False,False,True,False,4199
2.0,2009,64033,False,False,False,True,False,False,False,False,True,False,False,False,False,False,False,False,False,False,False,False,13992
1.4,2006,148166,False,False,True,False,False,False,False,False,False,False,False,False,False,False,False,False,True,False,False,True,4655
2.2,2000,170734,False,False,True,False,False,False,False,False,False,False,False,False,False,False,True,False,False,False,False,True,4955
1.4,1994,233219,False,False,True,False,False,False,False,False,False,False,False,False,False,True,False,False,False,False,True,False,1559
1.2,2019,14052,False,False,True,False,False,False,False,False,False,False,False,False,False,False,False,False,True,False,False,True,25745
1.8,2018,39417,True,False,False,False,False,False,False,False,False,False,True,False,False,False,False,False,False,False,False,False,33290
2.0,2017,20568,False,False,False,False,False,False,False,False,False,False,False,False,False,False,False,False,False,True,False,True,38804
1.2,1987,168547,True,False,False,False,False,False,True,False,False,False,False,False,False,False,False,False,False,False,False,True,885
1.6,2021,13480,True,False,False,False,False,False,False,True,False,False,False,False,False,False,False,False,False,False,False,True,42668
2.0,2011,57161,False,False,False,False,False,False,False,False,False,False,False,False,False,False,False,True,False,False,False,True,21962
1.0,2019,23809,False,False,False,True,False,False,False,False,False,False,False,False,True,False,False,False,False,False,False,True,19748
2.0,1997,257710,False,False,True,False,False,False,False,False,False,False,False,False,False,False,True,False,False,False,True,False,2135
1.4,2004,67853,True,False,False,False,False,False,False,True,False,False,False,False,False,False,False,False,False,False,False,True,9274
1.6,1994,105741,True,False,False,False,False,False,False,False,False,False,True,False,False,False,False,False,False,False,False,False,4056
2.0,1996,182754,True,False,False,False,False,False,False,False,False,False,True,False,False,False,False,False,False,False,False,False,2784
1.8,2005,36535,True,False,False,False,False,False,False,True,False,False,False,False,False,False,False,False,False,False,False,True,13682
3.0,2011,75816,False,False,False,False,False,False,False,False,False,False,False,False,False,False,False,False,False,True,False,True,22649
1.8,1991,96407,True,False,False,False,False,False,False,True,False,False,False,False,False,False,False,False,False,False,False,False,3807
4.0,2010,71237,False,True,False,False,False,False,False,False,False,False,False,False,False,False,False,False,False,False,False,True,30517
1.2,2021,7274,True,False,False,False,False,False,True,False,False,False,False,False,False,False,False,False,False,False,False,True,26329
1.4,2006,55162,True,False,False,False,False,False,True,False,False,False,False,False,False,False,False,False,False,False,False,True,7936
1.8,1993,270405,True,False,False,False,False,False,False,True,False,False,False,False,False,False,False,False,False,False,True,False,1129
1.6,2012,83208,False,False,False,True,False,False,False,False,False,False,False,True,False,False,False,False,False,False,False,True,15938
1.4,2005,64052,True,False,False,False,False,False,True,False,False,False,False,False,False,False,False,False,False,False,False,True,7010
1.6,2015,18894,False,False,False,True,False,False,False,False,True,False,False,False,False,False,False,False,False,False,False,True,23332
1.4,2014,75133,True,False,False,False,False,False,True,False,False,False,False,False,False,False,False,False,False,False,False,True,11864
1.4,1997,170248,False,False,False,True,False,False,False,False,False,False,False,True,False,False,False,False,False,False,False,True,2788
1.6,1994,57517,True,False,False,False,False,False,False,False,False,False,True,False,False,False,False,False,False,False,False,False,5665
5.0,2016,18097,False,False,False,False,False,False,False,False,False,True,False,False,False,False,False,False,False,False,False,True,104908
2.0,2009,74117,False,True,False,False,False,False,False,False,False,False,False,False,False,False,False,False,False,False,False,True,19799
1.6,1993,189701,False,False,False,True,False,False,False,False,False,False,False,True,False,False,False,False,False,False,False,False,2028
3.0,2017,34953,False,False,False,False,False,False,False,False,False,False,False,False,False,False,False,False,False,True,False,True,43791
1.6,1993,181151,False,False,False,True,False,False,False,False,False,False,False,False,True,False,False,False,False,False,False,True,1406
1.2,2000,235017,False,False,False,True,False,False,False,False,False,False,False,False,True,False,False,False,False,False,False,True,1203
2.0,2009,96610,False,False,False,False,False,False,False,False,False,False,False,False,False,False,False,False,False,True,False,True,13983
4.0,2004,107223,False,True,False,False,False,True,False,False,False,False,False,False,False,False,False,False,False,False,False,True,18767
1.0,1994,108395,True,False,False,False,False,False,True,False,False,False,False,False,False,False,False,False,False,False,False,True,2084
3.0,2011,83806,False,False,False,False,False,False,False,False,False,False,False,False,False,False,False,True,False,False,False,False,23632
2.4,2000,81813,False,True,False,False,False,False,False,False,False,False,False,False,False,False,False,False,False,False,False,True,11291
1.8,1994,160405,False,False,False,True,False,False,False,False,True,False,False,False,False,False,False,False,False,False,False,False,2368
1.6,1999,93083,True,False,False,False,False,False,False,False,False,False,True,False,False,False,False,False,False,False,False,False,6209
1.2,2000,114202,False,False,False,True,False,False,False,False,True,False,False,False,False,False,False,False,False,False,False,True,3971
1.0,2022,5361,False,False,True,False,False,False,False,False,False,False,False,False,False,True,False,False,False,False,True,False,46869
1.6,2001,141640,False,False,False,True,False,False,False,False,False,False,False,False,True,False,False,False,False,False,False,True,3332
2.0,2000,128078,True,False,False,False,False,False,False,True,False,False,False,False,False,False,False,False,False,False,False,True,5484
1.6,2016,75707,True,False,False,False,False,False,False,False,False,False,True,False,False,False,False,False,False,False,False,False,21777
1.6,1992,293143,False,False,False,True,False,False,False,False,True,False,False,False,False,False,False,False,False,False,False,False,590
4.0,2012,50971,False,True,False,False,False,True,False,False,False,False,False,False,False,False,False,False,False,False,False,True,47081
1.0,1997,124306,False,False,True,False,False,False,False,False,False,False,False,False,False,True,False,False,False,False,True,False,4073
1.2,2001,20328,True,False,False,False,False,False,True,False,False,False,False,False,False,False,False,False,False,False,False,True,6472
2.2,2014,34448,False,False,True,False,False,False,False,False,False,False,False,False,False,False,True,False,False,False,True,False,40853
1.4,2016,67486,False,False,True,False,False,False,False,False,False,False,False,False,False,False,False,False,True,False,True,False,19827
2.4,2009,98599,False,True,False,False,False,False,False,False,False,False,False,False,False,False,False,False,False,False,False,True,18258
1.4,2009,80220,False,False,False,True,False,False,False,False,True,False,False,False,False,False,False,False,False,False,False,False,10499
1.0,1984,302522,False,False,True,False,False,False,False,False,False,False,False,False,False,True,False,False,False,False,True,False,354
1.6,1989,254613,True,False,False,False,False,False,False,False,False,False,True,False,False,False,False,False,False,False,False,False,819
2.4,2004,104616,False,False,True,False,False,False,False,False,False,False,False,False,False,False,True,False,False,False,True,False,13732
1.4,1998,192820,False,False,False,True,False,False,False,False,False,False,False,True,False,False,False,False,False,False,False,False,2577
1.0,2009,74884,False,False,True,False,False,False,False,False,False,False,False,False,False,False,False,False,True,False,False,True,8333
1.8,2018,16258,False,False,True,False,False,False,False,False,False,False,False,False,False,False,True,False,False,False,True,False,53449
1.6,2001,107952,False,False,False,True,False,False,False,False,False,False,False,False,True,False,False,False,False,False,False,True,4329
2.0,1995,124215,False,False,False,True,False,False,False,False,True,False,False,False,False,False,False,False,False,False,False,True,3401
1.6,1997,191158,False,False,False,True,False,False,False,False,False,False,False,False,True,False,False,False,False,False,False,True,1684
1.8,2000,206390,False,False,True,False,False,False,False,False,False,False,False,False,False,False,True,False,False,False,True,False,3947
